1: 5
2: 5
3: 4
4: 3 5
5: 1 2 4

1: 10
2: 10
3: 10
4: 10
5: 10
6: 10
7: 10
8: 10
9: 10
10: 1 2 3 4 5 6 7 8 9

1: 11
2: 12
3: 12
4: 12
5: 12
6: 12
7: 11
8: 11
9: 11
10: 11
11: 1 7 8 9 10 12
12: 2 3 4 5 6 11

1: 13
2: 13
3: 13
4: 13
5: 13
6: 13
7: 12
8: 12
9: 12
10: 12
11: 12
12: 7 8 9 10 11 13
13: 1 2 3 4 5 6 12

1: 5
2: 8
3: 6
4: 7
5: 1 6 7
6: 3 5 8
7: 4 5 8
8: 2 6 7

1: 8
2: 9
3: 10
4: 11
5: 13
6: 13
7: 12
8: 1 9
9: 2 8 10
10: 3 9 11
11: 4 10 12
12: 7 11 13
13: 5 6 12

1: 11
2: 11
3: 11
4: 11
5: 11
6: 11
7: 11
8: 11
9: 11
10: 11
11: 1 2 3 4 5 6 7 8 9 10

1: 12
2: 13
3: 13
4: 13
5: 13
6: 13
7: 12
8: 12
9: 12
10: 12
11: 12 13
12: 1 7 8 9 10 11
13: 2 3 4 5 6 11

1: 2 3 4
2: 1 5 6
3: 1 5 6
4: 1 5 6
5: 2 3 4
6: 2 3 4

1: 12
2: 12
3: 12
4: 12
5: 12
6: 12
7: 12
8: 12
9: 12
10: 12
11: 12
12: 1 2 3 4 5 6 7 8 9 10 11

1: 13
2: 13
3: 13
4: 13
5: 13
6: 13
7: 13
8: 13
9: 13
10: 13
11: 13
12: 13
13: 1 2 3 4 5 6 7 8 9 10 11 12

1: 14
2: 14
3: 14
4: 14
5: 14
6: 14
7: 14
8: 14
9: 14
10: 14
11: 14
12: 14
13: 14
14: 1 2 3 4 5 6 7 8 9 10 11 12 13

1: 10
2: 6
3: 7
4: 8
5: 9
6: 2 10
7: 3 10
8: 4 10
9: 5 10
10: 1 6 7 8 9

1: 15
2: 15
3: 15
4: 15
5: 15
6: 15
7: 15
8: 15
9: 15
10: 15
11: 15
12: 15
13: 15
14: 15
15: 1 2 3 4 5 6 7 8 9 10 11 12 13 14

1: 13
2: 12
3: 11
4: 7
5: 6
6: 5 13
7: 4 12
8: 10 13
9: 10 11
10: 8 9
11: 3 9 12
12: 2 7 11
13: 1 6 8

1: 8
2: 10
3: 9
4: 6
5: 7
6: 4 9
7: 5 10
8: 1 9 10
9: 3 6 8
10: 2 7 8

1: 10
2: 9
3: 8
4: 6 10
5: 7 10
6: 4 8
7: 5 9
8: 3 6
9: 2 7
10: 1 4 5

1: 9
2: 10
3: 10
4: 10
5: 10
6: 9
7: 9
8: 9
9: 1 6 7 8 10
10: 2 3 4 5 9

1: 9
2: 7 9
3: 8 9
4: 5 6
5: 4 7
6: 4 8
7: 2 5
8: 3 6
9: 1 2 3

1: 7
2: 8
3: 9
4: 6 8
5: 6 9
6: 4 5
7: 1 8 9
8: 2 4 7
9: 3 5 7

1: 13
2: 13
3: 12
4: 5 13
5: 4 6
6: 5 7
7: 6 8
8: 7 9
9: 8 10
10: 9 11
11: 10 12
12: 3 11
13: 1 2 4

1: 11
2: 11
3: 11
4: 11
5: 11
6: 11
7: 9
8: 10 11
9: 7 10
10: 8 9
11: 1 2 3 4 5 6 8

1: 11
2: 10
3: 10
4: 9
5: 9
6: 10 11
7: 8 11
8: 7 9
9: 4 5 8
10: 2 3 6
11: 1 6 7

1: 13
2: 14
3: 14
4: 14
5: 14
6: 14
7: 14
8: 13
9: 13
10: 13
11: 13
12: 13
13: 1 8 9 10 11 12 14
14: 2 3 4 5 6 7 13

1: 15
2: 15
3: 15
4: 15
5: 15
6: 15
7: 15
8: 14
9: 14
10: 14
11: 14
12: 14
13: 14
14: 8 9 10 11 12 13 15
15: 1 2 3 4 5 6 7 14

1: 11
2: 11
3: 11
4: 10
5: 6 11
6: 5 7
7: 6 8
8: 7 9
9: 8 10
10: 4 9
11: 1 2 3 5

1: 13
2: 13
3: 13
4: 14
5: 15
6: 15
7: 15
8: 15
9: 14
10: 14
11: 14
12: 13 14 15
13: 1 2 3 12
14: 4 9 10 11 12
15: 5 6 7 8 12

1: 13
2: 12
3: 4 5
4: 3 6
5: 3 7
6: 4 8
7: 5 9
8: 6 11
9: 7 10
10: 9 13
11: 8 12
12: 2 11
13: 1 10

1: 14
2: 15
3: 15
4: 15
5: 15
6: 15
7: 15
8: 14
9: 14
10: 14
11: 14
12: 14
13: 14 15
14: 1 8 9 10 11 12 13
15: 2 3 4 5 6 7 13

1: 5
2: 4 5
3: 4 5
4: 2 3
5: 1 2 3

1: 6
2: 6
3: 6
4: 5
5: 4 6
6: 1 2 3 5

1: 13
2: 13
3: 13
4: 13
5: 13
6: 13
7: 13
8: 13
9: 11
10: 12 13
11: 9 12
12: 10 11
13: 1 2 3 4 5 6 7 8 10

1: 7
2: 5
3: 6 7
4: 6 7
5: 2 6
6: 3 4 5
7: 1 3 4

1: 10
2: 11
3: 11
4: 10
5: 8
6: 8
7: 8 9
8: 5 6 7
9: 7 10 11
10: 1 4 9
11: 2 3 9

1: 11
2: 11
3: 7
4: 8
5: 9
6: 10
7: 3 11
8: 4 11
9: 5 11
10: 6 11
11: 1 2 7 8 9 10

1: 15
2: 15
3: 15
4: 15
5: 15
6: 15
7: 15
8: 15
9: 15
10: 15
11: 13
12: 14 15
13: 11 14
14: 12 13
15: 1 2 3 4 5 6 7 8 9 10 12

1: 9
2: 9
3: 12
4: 12
5: 10
6: 11
7: 11
8: 10
9: 1 2 13
10: 5 8 14
11: 6 7 14
12: 3 4 13
13: 9 12 14
14: 10 11 13

1: 11
2: 11
3: 10
4: 9
5: 7 11
6: 8 11
7: 5 9
8: 6 10
9: 4 7
10: 3 8
11: 1 2 5 6

1: 8
2: 7
3: 4 5
4: 3 6
5: 3 7
6: 4 8
7: 2 5
8: 1 6

1: 9
2: 9
3: 9
4: 9
5: 7
6: 8 9
7: 5 8
8: 6 7
9: 1 2 3 4 6

1: 4 5
2: 4 5
3: 4 5
4: 1 2 3
5: 1 2 3

1: 7
2: 7
3: 7
4: 7
5: 6
6: 5 7
7: 1 2 3 4 6

1: 10
2: 11
3: 9
4: 8
5: 6 7
6: 5 10
7: 5 11
8: 4 10
9: 3 11
10: 1 6 8
11: 2 7 9

1: 7
2: 5 7
3: 6 7
4: 5 6
5: 2 4
6: 3 4
7: 1 2 3

1: 7
2: 7
3: 8
4: 8
5: 6 7
6: 5 8
7: 1 2 5
8: 3 4 6

1: 4
2: 5
3: 4 5
4: 1 3
5: 2 3

1: 6
2: 6
3: 5
4: 5 6
5: 3 4
6: 1 2 4

1: 11
2: 11
3: 10
4: 5 11
5: 4 6
6: 5 7
7: 6 8
8: 7 9
9: 8 10
10: 3 9
11: 1 2 4

1: 11
2: 11
3: 11
4: 11
5: 11
6: 11
7: 11
8: 11
9: 10
10: 9 11
11: 1 2 3 4 5 6 7 8 10

1: 9
2: 9
3: 6
4: 7
5: 8
6: 3 9
7: 4 9
8: 5 9
9: 1 2 6 7 8

1: 12
2: 12
3: 12
4: 12
5: 12
6: 12
7: 12
8: 12
9: 12
10: 11
11: 10 12
12: 1 2 3 4 5 6 7 8 9 11

1: 13
2: 13
3: 13
4: 13
5: 13
6: 13
7: 13
8: 13
9: 13
10: 13
11: 12
12: 11 13
13: 1 2 3 4 5 6 7 8 9 10 12

1: 14
2: 14
3: 14
4: 14
5: 14
6: 14
7: 14
8: 14
9: 14
10: 14
11: 14
12: 13
13: 12 14
14: 1 2 3 4 5 6 7 8 9 10 11 13

1: 15
2: 15
3: 15
4: 15
5: 15
6: 15
7: 15
8: 15
9: 15
10: 15
11: 15
12: 15
13: 14
14: 13 15
15: 1 2 3 4 5 6 7 8 9 10 11 12 14

1: 8
2: 8
3: 8
4: 8
5: 8
6: 7
7: 6 8
8: 1 2 3 4 5 7

1: 5
2: 6
3: 6
4: 5
5: 1 4 6
6: 2 3 5

1: 11
2: 10
3: 4 5
4: 3 6
5: 3 7
6: 4 8
7: 5 9
8: 6 11
9: 7 10
10: 2 9
11: 1 8

1: 11
2: 13
3: 13
4: 13
5: 14
6: 15
7: 15
8: 15
9: 14
10: 14
11: 1 12
12: 11 13 14 15
13: 2 3 4 12
14: 5 9 10 12
15: 6 7 8 12

1: 6
2: 6
3: 5 6
4: 5 6
5: 3 4
6: 1 2 3 4

1: 10
2: 10
3: 11
4: 11
5: 9
6: 10 12
7: 11 12
8: 9 12
9: 5 8
10: 1 2 6
11: 3 4 7
12: 6 7 8

1: 9
2: 9
3: 10
4: 10
5: 11
6: 11
7: 10 12
8: 11 12
9: 1 2 12
10: 3 4 7
11: 5 6 8
12: 7 8 9

1: 14
2: 14
3: 14
4: 13
5: 6 14
6: 5 7
7: 6 8
8: 7 9
9: 8 10
10: 9 11
11: 10 12
12: 11 13
13: 4 12
14: 1 2 3 5

1: 9
2: 9
3: 9
4: 9
5: 9
6: 9
7: 8
8: 7 9
9: 1 2 3 4 5 6 8

1: 14
2: 13
3: 12
4: 11
5: 6 14
6: 5 7
7: 6 13
8: 9 10
9: 8 13
10: 8 12
11: 4 14
12: 3 10
13: 2 7 9
14: 1 5 11

1: 12
2: 12
3: 12
4: 11
5: 10
6: 8 12
7: 9 12
8: 6 10
9: 7 11
10: 5 8
11: 4 9
12: 1 2 3 6 7

1: 14
2: 14
3: 13
4: 5 14
5: 4 6
6: 5 7
7: 6 8
8: 7 9
9: 8 10
10: 9 11
11: 10 12
12: 11 13
13: 3 12
14: 1 2 4

1: 14
2: 8
3: 9
4: 10
5: 11
6: 12
7: 13
8: 2 14
9: 3 14
10: 4 14
11: 5 14
12: 6 14
13: 7 14
14: 1 8 9 10 11 12 13

1: 9
2: 8
3: 4 5
4: 3 6
5: 3 7
6: 4 8
7: 5 9
8: 2 6
9: 1 7

1: 10
2: 9
3: 4 5
4: 3 6
5: 3 7
6: 4 8
7: 5 10
8: 6 9
9: 2 8
10: 1 7

1: 5
2: 6
3: 5 6
4: 5 6
5: 1 3 4
6: 2 3 4

1: 11
2: 11
3: 11
4: 11
5: 12
6: 12
7: 12
8: 12
9: 10 11
10: 9 12
11: 1 2 3 4 9
12: 5 6 7 8 10

1: 15
2: 14
3: 13
4: 13
5: 12
6: 12
7: 14 15
8: 13 14
9: 11 15
10: 11 12
11: 9 10
12: 5 6 10
13: 3 4 8
14: 2 7 8
15: 1 7 9

1: 14
2: 11
3: 13
4: 12
5: 8 14
6: 9 14
7: 10 14
8: 5 11
9: 6 12
10: 7 13
11: 2 8
12: 4 9
13: 3 10
14: 1 5 6 7

1: 13
2: 14
3: 12
4: 11
5: 10
6: 9
7: 8
8: 7 13
9: 6 14
10: 5 12 13
11: 4 12 14
12: 3 10 11
13: 1 8 10
14: 2 9 11

1: 10
2: 10
3: 10
4: 10
5: 10
6: 10
7: 10
8: 9
9: 8 10
10: 1 2 3 4 5 6 7 9

1: 14
2: 13
3: 4 5
4: 3 6
5: 3 7
6: 4 8
7: 5 10
8: 6 9
9: 8 12
10: 7 11
11: 10 14
12: 9 13
13: 2 12
14: 1 11

1: 10
2: 10
3: 9
4: 5 10
5: 4 6
6: 5 7
7: 6 8
8: 7 9
9: 3 8
10: 1 2 4

1: 7
2: 7
3: 7
4: 6
5: 6
6: 4 5 7
7: 1 2 3 6

1: 10
2: 8
3: 9 10
4: 9 10
5: 6 8
6: 5 7
7: 6 9
8: 2 5
9: 3 4 7
10: 1 3 4

1: 9
2: 7
3: 8 9
4: 8 9
5: 6 7
6: 5 8
7: 2 5
8: 3 4 6
9: 1 3 4

1: 7
2: 7
3: 7
4: 6 7
5: 6 7
6: 4 5
7: 1 2 3 4 5

1: 5 6 7
2: 5 6 7
3: 5 6 7
4: 5 6 7
5: 1 2 3 4
6: 1 2 3 4
7: 1 2 3 4

1: 14
2: 14
3: 14
4: 12
5: 13
6: 13
7: 13
8: 12
9: 12
10: 11 14
11: 10 12 13
12: 4 8 9 11
13: 5 6 7 11
14: 1 2 3 10

1: 2 3
2: 1 7
3: 1 8
4: 5 6
5: 4 7
6: 4 8
7: 2 5
8: 3 6

1: 6
2: 7
3: 4 5
4: 3 6
5: 3 7
6: 1 4
7: 2 5

1: 8
2: 8
3: 7
4: 5 8
5: 4 6
6: 5 7
7: 3 6
8: 1 2 4

1: 13
2: 13
3: 13
4: 13
5: 13
6: 14
7: 14
8: 14
9: 14
10: 14
11: 12 13
12: 11 14
13: 1 2 3 4 5 11
14: 6 7 8 9 10 12

1: 8
2: 8
3: 6 8
4: 7 8
5: 6 7
6: 3 5
7: 4 5
8: 1 2 3 4

1: 7
2: 7
3: 8
4: 9
5: 9
6: 8
7: 1 2 10
8: 3 6 10
9: 4 5 10
10: 7 8 9

1: 13
2: 12
3: 11
4: 11
5: 10
6: 10
7: 12 13
8: 10 12
9: 11 13
10: 5 6 8
11: 3 4 9
12: 2 7 8
13: 1 7 9

1: 6
2: 4
3: 5
4: 2 6
5: 3 6
6: 1 4 5

1: 6
2: 7
3: 7
4: 6
5: 6 7
6: 1 4 5
7: 2 3 5

1: 4
2: 4
3: 4
4: 1 2 3

1: 8
2: 6
3: 7
4: 7
5: 6
6: 2 5 8
7: 3 4 8
8: 1 6 7

1: 13
2: 13
3: 13
4: 13
5: 12
6: 11
7: 9 13
8: 10 13
9: 7 11
10: 8 12
11: 6 9
12: 5 10
13: 1 2 3 4 7 8

1: 9
2: 8
3: 5
4: 7 9
5: 3 9
6: 7 8
7: 4 6
8: 2 6
9: 1 4 5

1: 8
2: 10
3: 11
4: 11
5: 11
6: 10
7: 10
8: 1 9
9: 8 10 11
10: 2 6 7 9
11: 3 4 5 9

1: 6
2: 8
3: 9
4: 9
5: 8
6: 1 7
7: 6 8 9
8: 2 5 7
9: 3 4 7

1: 10
2: 10
3: 11
4: 8
5: 9
6: 9
7: 8
8: 4 7 12
9: 5 6 12
10: 1 2 11
11: 3 10 12
12: 8 9 11

1: 8
2: 8
3: 8
4: 8
5: 7 8
6: 7 8
7: 5 6
8: 1 2 3 4 5 6

1: 12
2: 12
3: 11
4: 5 12
5: 4 6
6: 5 7
7: 6 8
8: 7 9
9: 8 10
10: 9 11
11: 3 10
12: 1 2 4

1: 12
2: 11
3: 10
4: 9 12
5: 8 12
6: 8 10
7: 9 11
8: 5 6
9: 4 7
10: 3 6
11: 2 7
12: 1 4 5

1: 12
2: 7
3: 8
4: 9
5: 10
6: 11
7: 2 12
8: 3 12
9: 4 12
10: 5 12
11: 6 12
12: 1 7 8 9 10 11

1: 15
2: 15
3: 15
4: 15
5: 14
6: 7 15
7: 6 8
8: 7 9
9: 8 10
10: 9 11
11: 10 12
12: 11 13
13: 12 14
14: 5 13
15: 1 2 3 4 6

1: 11
2: 12
3: 10
4: 9
5: 8
6: 7
7: 6 11
8: 5 12
9: 4 10 11
10: 3 9 12
11: 1 7 9
12: 2 8 10

1: 5
2: 5
3: 5
4: 5
5: 1 2 3 4

1: 8
2: 6
3: 7 8
4: 7 8
5: 6 7
6: 2 5
7: 3 4 5
8: 1 3 4

1: 9
2: 9
3: 9
4: 9
5: 9
6: 8 9
7: 8 9
8: 6 7
9: 1 2 3 4 5 6 7

1: 14
2: 14
3: 12
4: 12
5: 11
6: 8
7: 9
8: 6 15
9: 7 15
10: 13 14
11: 5 12 13
12: 3 4 11
13: 10 11 15
14: 1 2 10
15: 8 9 13

1: 12
2: 11
3: 4 5
4: 3 6
5: 3 7
6: 4 8
7: 5 10
8: 6 9
9: 8 12
10: 7 11
11: 2 10
12: 1 9

1: 5
2: 6
3: 4 5
4: 3 6
5: 1 3
6: 2 4

1: 9
2: 9
3: 9
4: 10
5: 10
6: 10
7: 8 9
8: 7 10
9: 1 2 3 7
10: 4 5 6 8

1: 14
2: 11
3: 11
4: 11
5: 12
6: 13
7: 13
8: 13
9: 12
10: 12
11: 2 3 4 14
12: 5 9 10 14
13: 6 7 8 14
14: 1 11 12 13

1: 7
2: 8
3: 8
4: 8
5: 7
6: 7
7: 1 5 6 8
8: 2 3 4 7

1: 15
2: 15
3: 9
4: 10
5: 11
6: 12
7: 13
8: 14
9: 3 15
10: 4 15
11: 5 15
12: 6 15
13: 7 15
14: 8 15
15: 1 2 9 10 11 12 13 14

1: 3
2: 4
3: 1 4
4: 2 3

1: 6
2: 6
3: 6
4: 6
5: 6
6: 1 2 3 4 5

1: 15
2: 15
3: 12
4: 14
5: 13
6: 9 15
7: 10 15
8: 11 15
9: 6 12
10: 7 13
11: 8 14
12: 3 9
13: 5 10
14: 4 11
15: 1 2 6 7 8

1: 10
2: 10
3: 10
4: 10
5: 10
6: 10
7: 9 10
8: 9 10
9: 7 8
10: 1 2 3 4 5 6 7 8

1: 11
2: 12
3: 12
4: 12
5: 11
6: 11
7: 10
8: 10
9: 10 11 12
10: 7 8 9
11: 1 5 6 9
12: 2 3 4 9

1: 15
2: 14
3: 12
4: 11
5: 13
6: 10
7: 9
8: 14 15
9: 7 15
10: 6 13
11: 4 12 14
12: 3 11 13
13: 5 10 12
14: 2 8 11
15: 1 8 9

1: 7
2: 7
3: 5
4: 6
5: 3 7
6: 4 7
7: 1 2 5 6

1: 7
2: 7
3: 7
4: 7
5: 7
6: 7
7: 1 2 3 4 5 6

1: 15
2: 14
3: 13
4: 12
5: 9
6: 7
7: 6 14
8: 11 15
9: 5 10
10: 9 11
11: 8 10
12: 4 13 15
13: 3 12 14
14: 2 7 13
15: 1 8 12

1: 15
2: 15
3: 14
4: 5 15
5: 4 6
6: 5 7
7: 6 8
8: 7 9
9: 8 10
10: 9 11
11: 10 12
12: 11 13
13: 12 14
14: 3 13
15: 1 2 4

1: 15
2: 14
3: 13
4: 12 15
5: 11 15
6: 7 8
7: 6 13
8: 6 10
9: 12 14
10: 8 11
11: 5 10
12: 4 9
13: 3 7
14: 2 9
15: 1 4 5

1: 7
2: 7
3: 5
4: 6 7
5: 3 6
6: 4 5
7: 1 2 4

1: 9
2: 9
3: 9
4: 9
5: 8
6: 8
7: 8
8: 5 6 7 9
9: 1 2 3 4 8

1: 13
2: 13
3: 13
4: 14
5: 14
6: 14
7: 15
8: 15
9: 15
10: 12 14
11: 12 15
12: 10 11 13
13: 1 2 3 12
14: 4 5 6 10
15: 7 8 9 11

1: 15
2: 14
3: 4 5
4: 3 6
5: 3 7
6: 4 8
7: 5 9
8: 6 11
9: 7 10
10: 9 13
11: 8 12
12: 11 15
13: 10 14
14: 2 13
15: 1 12

1: 2 3
2: 1 10
3: 1 9
4: 5 6
5: 4 7
6: 4 8
7: 5 9
8: 6 10
9: 3 7
10: 2 8

1: 8
2: 8
3: 8
4: 8
5: 8
6: 8
7: 8
8: 1 2 3 4 5 6 7

1: 11
2: 11
3: 11
4: 11
5: 11
6: 10
7: 10
8: 10
9: 10
10: 6 7 8 9 11
11: 1 2 3 4 5 10

1: 11
2: 11
3: 11
4: 12
5: 13
6: 13
7: 13
8: 12
9: 12
10: 11 12 13
11: 1 2 3 10
12: 4 8 9 10
13: 5 6 7 10

1: 2 3
2: 1 5
3: 1 6
4: 5 6
5: 2 4
6: 3 4

1: 8
2: 9
3: 9
4: 9
5: 8
6: 8
7: 8 9
8: 1 5 6 7
9: 2 3 4 7

1: 2 3
2: 1 4
3: 1 4
4: 2 3

1: 8
2: 12
3: 13
4: 13
5: 12
6: 11
7: 11
8: 1 9
9: 8 10 11
10: 9 12 13
11: 6 7 9
12: 2 5 10
13: 3 4 10

1: 9
2: 9
3: 9
4: 9
5: 9
6: 9
7: 9
8: 9
9: 1 2 3 4 5 6 7 8

1: 10
2: 11
3: 11
4: 11
5: 11
6: 10
7: 10
8: 10
9: 10 11
10: 1 6 7 8 9
11: 2 3 4 5 9

1: 13
2: 13
3: 8
4: 9
5: 10
6: 11
7: 12
8: 3 13
9: 4 13
10: 5 13
11: 6 13
12: 7 13
13: 1 2 8 9 10 11 12

1: 8
2: 5
3: 6
4: 7
5: 2 8
6: 3 8
7: 4 8
8: 1 5 6 7

1: 8
2: 7
3: 5
4: 6
5: 3 7
6: 4 8
7: 2 5 8
8: 1 6 7

1: 13
2: 13
3: 8
4: 12
5: 11
6: 9 13
7: 10 13
8: 3 13
9: 6 11
10: 7 12
11: 5 9
12: 4 10
13: 1 2 6 7 8

1: 13
2: 14
3: 14
4: 14
5: 14
6: 13
7: 13
8: 13
9: 12
10: 12
11: 12 13 14
12: 9 10 11
13: 1 6 7 8 11
14: 2 3 4 5 11

1: 5
2: 7
3: 7
4: 6
5: 1 6
6: 4 5 7
7: 2 3 6

1: 5
2: 6 7
3: 6 7
4: 5 7
5: 1 4
6: 2 3
7: 2 3 4

1: 7
2: 7
3: 5 6
4: 5 6
5: 3 4
6: 3 4 7
7: 1 2 6

1: 6
2: 7
3: 4 5
4: 3 6 7
5: 3 6 7
6: 1 4 5
7: 2 4 5

1: 2 3
2: 1 6
3: 1 7
4: 6 7
5: 6 7
6: 2 4 5
7: 3 4 5

1: 6
2: 5 6
3: 5 6
4: 5 6
5: 2 3 4
6: 1 2 3 4

1: 7
2: 7
3: 7
4: 6
5: 6 7
6: 4 5
7: 1 2 3 5

1: 7
2: 5 6 7
3: 5 6 7
4: 5 6 7
5: 2 3 4
6: 2 3 4
7: 1 2 3 4

1: 6 7
2: 3 4 5
3: 2 6 7
4: 2 6 7
5: 2 6 7
6: 1 3 4 5
7: 1 3 4 5

1: 5 6
2: 5 6
3: 5 6
4: 5 6
5: 1 2 3 4
6: 1 2 3 4

1: 4
2: 5
3: 6
4: 1 7
5: 2 7
6: 3 7
7: 4 5 6

1: 6
2: 7
3: 6 7
4: 6 7
5: 6 7
6: 1 3 4 5
7: 2 3 4 5

1: 2
2: 1 5
3: 6 7
4: 6 7
5: 2 6 7
6: 3 4 5
7: 3 4 5

1: 5
2: 3 4
3: 2 6 7
4: 2 6 7
5: 1 6 7
6: 3 4 5
7: 3 4 5

1: 6 7
2: 6 7
3: 6 7
4: 6 7
5: 6 7
6: 1 2 3 4 5
7: 1 2 3 4 5

1: 4
2: 5 6
3: 5 6
4: 1 6
5: 2 3
6: 2 3 4

1: 4
2: 5 6
3: 5 6
4: 1 5 6
5: 2 3 4
6: 2 3 4

1: 7
2: 6
3: 5
4: 6 7
5: 3 7
6: 2 4
7: 1 4 5

1: 3 4
2: 5 6
3: 1 5 6
4: 1 5 6
5: 2 3 4
6: 2 3 4

1: 5
2: 6
3: 4 5
4: 3 6
5: 1 3 6
6: 2 4 5

1: 11
2: 11
3: 11
4: 12
5: 12
6: 12
7: 14
8: 14
9: 13
10: 13
11: 1 2 3 13
12: 4 5 6 14
13: 9 10 11 14
14: 7 8 12 13

1: 2 3 4
2: 1 9 10
3: 1 11 12
4: 1 13 14
5: 9 10 11
6: 9 10 12
7: 11 13 14
8: 12 13 14
9: 2 5 6
10: 2 5 6
11: 3 5 7
12: 3 6 8
13: 4 7 8
14: 4 7 8

1: 2 3 4
2: 1 6 7
3: 1 6 8
4: 1 7 8
5: 6 7 8
6: 2 3 5
7: 2 4 5
8: 3 4 5

1: 26
2: 26
3: 25
4: 25
5: 27
6: 27
7: 28
8: 28
9: 30
10: 30
11: 29
12: 29
13: 32
14: 32
15: 31
16: 31
17: 24
18: 24
19: 24
20: 23
21: 23
22: 23
23: 20 21 22 32
24: 17 18 19 31
25: 3 4 26 27
26: 1 2 25 28
27: 5 6 25 29
28: 7 8 26 30
29: 11 12 27 32
30: 9 10 28 31
31: 15 16 24 30
32: 13 14 23 29

1: 2 5
2: 1 6
3: 4 6
4: 3 5
5: 1 4 6
6: 2 3 5

1: 19
2: 19
3: 21
4: 21
5: 20
6: 20
7: 22
8: 22
9: 23
10: 23
11: 18
12: 18
13: 18
14: 17
15: 17
16: 17
17: 14 15 16 22
18: 11 12 13 23
19: 1 2 20 21
20: 5 6 19 22
21: 3 4 19 23
22: 7 8 17 20
23: 9 10 18 21

1: 3 6 7
2: 4 5 8
3: 1 9 10
4: 2 9 11
5: 2 10 11
6: 1 9 11
7: 1 10 11
8: 2 9 10
9: 3 4 6 8
10: 3 5 7 8
11: 4 5 6 7

1: 18
2: 18
3: 17
4: 17
5: 19
6: 19
7: 20
8: 20
9: 16
10: 16
11: 16
12: 15
13: 15
14: 15
15: 12 13 14 19
16: 9 10 11 20
17: 3 4 18 19
18: 1 2 17 20
19: 5 6 15 17
20: 7 8 16 18

1: 23
2: 23
3: 25
4: 25
5: 24
6: 24
7: 26
8: 26
9: 27
10: 27
11: 29
12: 29
13: 28
14: 28
15: 22
16: 22
17: 22
18: 21
19: 21
20: 21
21: 18 19 20 29
22: 15 16 17 28
23: 1 2 24 25
24: 5 6 23 26
25: 3 4 23 27
26: 7 8 24 28
27: 9 10 25 29
28: 13 14 22 26
29: 11 12 21 27

1: 22
2: 22
3: 21
4: 21
5: 23
6: 23
7: 24
8: 24
9: 26
10: 26
11: 25
12: 25
13: 20
14: 20
15: 20
16: 19
17: 19
18: 19
19: 16 17 18 26
20: 13 14 15 25
21: 3 4 22 23
22: 1 2 21 24
23: 5 6 21 25
24: 7 8 22 26
25: 11 12 20 23
26: 9 10 19 24

1: 7 8
2: 7 9
3: 8 10
4: 7 10
5: 8 9
6: 9 10
7: 1 2 4
8: 1 3 5
9: 2 5 6
10: 3 4 6

1: 15
2: 15
3: 17
4: 17
5: 16
6: 16
7: 13
8: 13
9: 13
10: 14
11: 14
12: 14
13: 7 8 9 16
14: 10 11 12 17
15: 1 2 16 17
16: 5 6 13 15
17: 3 4 14 15

1: 11
2: 11
3: 9
4: 10
5: 10
6: 10
7: 9
8: 9
9: 3 7 8 11
10: 4 5 6 11
11: 1 2 9 10

1:

1: 2 3 4
2: 1 19 20
3: 1 19 20
4: 1 17 18
5: 6 19 20
6: 5 7 8
7: 6 9 12
8: 6 10 11
9: 7 13 14
10: 8 15 16
11: 8 15 16
12: 7 13 14
13: 9 12 17
14: 9 12 17
15: 10 11 18
16: 10 11 18
17: 4 13 14
18: 4 15 16
19: 2 3 5
20: 2 3 5

1: 2
2: 1

1: 10 11
2: 8 11
3: 8 11
4: 9 11
5: 9 11
6: 8 10
7: 9 10
8: 2 3 6
9: 4 5 7
10: 1 6 7
11: 1 2 3 4 5

1: 22
2: 22
3: 24
4: 23
5: 21
6: 21
7: 19
8: 19
9: 20
10: 17
11: 17
12: 18
13: 18
14: 15 16
15: 14 24 25
16: 14 22 23
17: 10 11 25
18: 12 13 24
19: 7 8 23
20: 9 21 25
21: 5 6 20
22: 1 2 16
23: 4 16 19
24: 3 15 18
25: 15 17 20

1: 15
2: 15
3: 16
4: 16
5: 14
6: 14
7: 11
8: 10
9: 16 18
10: 8 19
11: 7 17
12: 13 19
13: 12 18
14: 5 6 19
15: 1 2 17
16: 3 4 9
17: 11 15 18
18: 9 13 17
19: 10 12 14

1: 3 5
2: 4 6
3: 1 9
4: 2 10
5: 1 12
6: 2 11
7: 9 12
8: 10 11
9: 3 7 10
10: 4 8 9
11: 6 8 12
12: 5 7 11

1: 32
2: 31
3: 29
4: 30
5: 26
6: 25
7: 28
8: 27
9: 18
10: 17
11: 20
12: 19
13: 22
14: 21
15: 24
16: 23
17: 10 32
18: 9 31
19: 12 29
20: 11 30
21: 14 26
22: 13 25
23: 16 28
24: 15 27
25: 6 22 32
26: 5 21 31
27: 8 24 29
28: 7 23 30
29: 3 19 27 31
30: 4 20 28 32
31: 2 18 26 29 32
32: 1 17 25 30 31

1: 14
2: 16
3: 15
4: 11 14
5: 12 14
6: 13 16
7: 13 15
8: 11 16
9: 12 15
10: 11 12 13
11: 4 8 10
12: 5 9 10
13: 6 7 10
14: 1 4 5
15: 3 7 9
16: 2 6 8

1: 7 8
2: 9 10
3: 5 13
4: 6 13
5: 3 11
6: 4 12
7: 1 12
8: 1 12
9: 2 11
10: 2 11
11: 5 9 10 13
12: 6 7 8 13
13: 3 4 11 12

1: 9
2: 9
3: 8
4: 8
5: 7
6: 7 8
7: 5 6 9
8: 3 4 6
9: 1 2 7

1: 10
2: 10
3: 8
4: 7
5: 9
6: 7 10
7: 4 6
8: 3 9
9: 5 8 10
10: 1 2 6 9

1: 11
2: 11
3: 11
4: 8
5: 9
6: 8 10
7: 9 10
8: 4 6
9: 5 7
10: 6 7 11
11: 1 2 3 10

1: 10
2: 10
3: 10
4: 10
5: 8
6: 9
7: 8 9
8: 5 7
9: 6 7 10
10: 1 2 3 4 9

1: 5 6
2: 7 8
3: 10 12
4: 9 11
5: 1 13 14
6: 1 13 15
7: 2 14 16
8: 2 15 16
9: 4 14 16
10: 3 15 16
11: 4 13 14
12: 3 13 15
13: 5 6 11 12
14: 5 7 9 11
15: 6 8 10 12
16: 7 8 9 10

1: 10
2: 9
3: 5 11
4: 6 12
5: 3 14
6: 4 13
7: 11 16
8: 12 15
9: 2 16
10: 1 15
11: 3 7 13
12: 4 8 14
13: 6 11 16
14: 5 12 15
15: 8 10 14
16: 7 9 13

1: 9 10
2: 11 12
3: 13 14
4: 15 16
5: 8 20
6: 7 19
7: 6 24
8: 5 25
9: 1 22
10: 1 22
11: 2 21
12: 2 21
13: 3 20
14: 3 20
15: 4 19
16: 4 19
17: 23 24
18: 23 25
19: 6 15 16 24
20: 5 13 14 25
21: 11 12 23 24
22: 9 10 23 25
23: 17 18 21 22
24: 7 17 19 21
25: 8 18 20 22

1: 54
2: 53
3: 31 32
4: 33 34
5: 35 36
6: 37 38
7: 39 40
8: 41 42
9: 13 90
10: 13 90
11: 14 89
12: 14 89
13: 9 10
14: 11 12
15: 18 68
16: 17 67
17: 16 74
18: 15 73
19: 22 70
20: 21 69
21: 20 72
22: 19 71
23: 29 58
24: 30 58
25: 27 57
26: 28 57
27: 25 56
28: 26 56
29: 23 55
30: 24 55
31: 3 64
32: 3 64
33: 4 63
34: 4 63
35: 5 66
36: 5 66
37: 6 65
38: 6 65
39: 7 62
40: 7 62
41: 8 61
42: 8 61
43: 80 82
44: 79 81
45: 59 78
46: 60 77
47: 59 76
48: 60 75
49: 52 90
50: 51 89
51: 50 54
52: 49 53
53: 2 52
54: 1 51
55: 29 30 58 90
56: 27 28 57 89
57: 25 26 56 59
58: 23 24 55 60
59: 45 47 57 87
60: 46 48 58 88
61: 41 42 74 82
62: 39 40 73 81
63: 33 34 66 78
64: 31 32 65 77
65: 37 38 64 72
66: 35 36 63 71
67: 16 74 76 84
68: 15 73 75 83
69: 20 72 80 88
70: 19 71 79 87
71: 22 66 70 78
72: 21 65 69 77
73: 18 62 68 86
74: 17 61 67 85
75: 48 68 80 88
76: 47 67 79 87
77: 46 64 72 88
78: 45 63 71 87
79: 44 70 76 84
80: 43 69 75 83
81: 44 62 84 86
82: 43 61 83 85
83: 68 80 82 86
84: 67 79 81 85
85: 74 82 84 86
86: 73 81 83 85
87: 59 70 76 78
88: 60 69 75 77
89: 11 12 50 56
90: 9 10 49 55

1: 18
2: 17
3: 5 6
4: 7 8
5: 3 21
6: 3 21
7: 4 22
8: 4 22
9: 11 20
10: 12 20
11: 9 19
12: 10 19
13: 16 21
14: 15 22
15: 14 18
16: 13 17
17: 2 16
18: 1 15
19: 11 12 20 21
20: 9 10 19 22
21: 5 6 13 19
22: 7 8 14 20

1: 8
2: 7
3: 7
4: 6
5: 6 8
6: 4 5
7: 2 3 8
8: 1 5 7

1: 9
2: 9
3: 7
4: 8
5: 8
6: 7 9
7: 3 6
8: 4 5 9
9: 1 2 6 8

1: 8
2: 8
3: 9
4: 9
5: 7 8
6: 7 9
7: 5 6
8: 1 2 5
9: 3 4 6

1: 10
2: 8
3: 8
4: 9
5: 9
6: 8 10
7: 9 10
8: 2 3 6
9: 4 5 7
10: 1 6 7

1: 6
2: 9
3: 7
4: 8
5: 10 11
6: 1 10
7: 3 11
8: 4 11
9: 2 10
10: 5 6 9
11: 5 7 8

1: 11 12
2: 13 14
3: 15 16
4: 17 18
5: 19 20
6: 21 22
7: 10 42
8: 9 41
9: 8 34
10: 7 33
11: 1 38
12: 1 38
13: 2 37
14: 2 37
15: 3 34
16: 3 34
17: 4 33
18: 4 33
19: 5 32
20: 5 32
21: 6 31
22: 6 31
23: 39 46
24: 40 45
25: 39 42
26: 40 41
27: 35 44
28: 36 43
29: 32 36
30: 31 35
31: 21 22 30 46
32: 19 20 29 45
33: 10 17 18 42
34: 9 15 16 41
35: 27 30 46 47
36: 28 29 45 47
37: 13 14 39 42
38: 11 12 40 41
39: 23 25 37 43
40: 24 26 38 44
41: 8 26 34 38
42: 7 25 33 37
43: 28 39 46 47
44: 27 40 45 47
45: 24 32 36 44
46: 23 31 35 43
47: 35 36 43 44

1: 8 9
2: 6 9
3: 6 9
4: 5 8
5: 4 7
6: 2 3
7: 5 8 9
8: 1 4 7
9: 1 2 3 7

1: 7
2: 8
3: 10 11
4: 10 11
5: 7 9
6: 8 9
7: 1 5 10
8: 2 6 11
9: 5 6 10 11
10: 3 4 7 9
11: 3 4 8 9

1: 11
2: 10
3: 13
4: 12
5: 14 15
6: 8 14
7: 9 15
8: 6 13
9: 7 12
10: 2 15
11: 1 14
12: 4 9
13: 3 8
14: 5 6 11
15: 5 7 10

1: 21
2: 21
3: 21
4: 22
5: 22
6: 22
7: 24
8: 24
9: 24
10: 23
11: 23
12: 23
13: 17 25
14: 18 25
15: 19 25
16: 20 25
17: 13 21
18: 14 22
19: 15 23
20: 16 24
21: 1 2 3 17
22: 4 5 6 18
23: 10 11 12 19
24: 7 8 9 20
25: 13 14 15 16

1: 5 6
2: 9 12
3: 10 11
4: 7 8
5: 1 17
6: 1 17
7: 4 18
8: 4 18
9: 2 19
10: 3 20
11: 3 20
12: 2 19
13: 17 21
14: 18 24
15: 20 23
16: 19 22
17: 5 6 13
18: 7 8 14
19: 9 12 16
20: 10 11 15
21: 13 22 23
22: 16 21 24
23: 15 21 24
24: 14 22 23

1: 10
2: 10
3: 11
4: 11
5: 12
6: 12
7: 10 13
8: 11 13
9: 12 13
10: 1 2 7
11: 3 4 8
12: 5 6 9
13: 7 8 9

1: 34
2: 35
3: 36
4: 28
5: 28
6: 29
7: 29
8: 30
9: 30
10: 31
11: 31
12: 32
13: 32
14: 33
15: 33
16: 34 37
17: 35 37
18: 36 37
19: 34 38
20: 35 40
21: 36 39
22: 32 38
23: 33 38
24: 28 40
25: 29 40
26: 30 39
27: 31 39
28: 4 5 24
29: 6 7 25
30: 8 9 26
31: 10 11 27
32: 12 13 22
33: 14 15 23
34: 1 16 19
35: 2 17 20
36: 3 18 21
37: 16 17 18
38: 19 22 23
39: 21 26 27
40: 20 24 25

1: 42
2: 44
3: 44
4: 43
5: 43
6: 46
7: 46
8: 45
9: 45
10: 37
11: 36
12: 35 42
13: 34 42
14: 20 43
15: 21 44
16: 22 45
17: 23 46
18: 25 40
19: 24 41
20: 14 27
21: 15 26
22: 16 29
23: 17 28
24: 19 31
25: 18 30
26: 21 39
27: 20 39
28: 23 38
29: 22 38
30: 25 39
31: 24 38
32: 35 40
33: 34 41
34: 13 33
35: 12 32
36: 11 40
37: 10 41
38: 28 29 31
39: 26 27 30
40: 18 32 36
41: 19 33 37
42: 1 12 13
43: 4 5 14
44: 2 3 15
45: 8 9 16
46: 6 7 17

1: 8
2: 6
3: 7 8
4: 7 8
5: 6 8
6: 2 5
7: 3 4
8: 1 3 4 5

1: 11
2: 10
3: 4 14
4: 3 12
5: 8 13
6: 8 13
7: 12 13
8: 5 6
9: 11 12
10: 2 14
11: 1 9
12: 4 7 9 14
13: 5 6 7 14
14: 3 10 12 13

1: 24
2: 15
3: 23 24
4: 22 24
5: 15 17
6: 17 23
7: 14 17
8: 12 18
9: 21 22
10: 13 21
11: 13 21
12: 8 20
13: 10 11
14: 7 19
15: 2 5
16: 18 22 23 24
17: 5 6 7 19
18: 8 16 19 20
19: 14 17 18 23
20: 12 18 21 22
21: 9 10 11 20
22: 4 9 16 20
23: 3 6 16 19
24: 1 3 4 16

1: 8
2: 5 6
3: 5 7
4: 6 7
5: 2 3 8
6: 2 4 8
7: 3 4 8
8: 1 5 6 7

1: 5 6
2: 5 7
3: 6 7
4: 5 6 7
5: 1 2 4
6: 1 3 4
7: 2 3 4

1: 14
2: 5 9
3: 6 10
4: 7 8
5: 2 11
6: 3 11
7: 4 13
8: 4 12
9: 2 13
10: 3 12
11: 5 6 14
12: 8 10 14
13: 7 9 14
14: 1 11 12 13

1: 4 8
2: 5 9
3: 6 7
4: 1 10
5: 2 10
6: 3 12
7: 3 11
8: 1 12
9: 2 11
10: 4 5 13
11: 7 9 13
12: 6 8 13
13: 10 11 12

1: 17
2: 8
3: 9
4: 10
5: 13
6: 11
7: 12
8: 2 14
9: 3 14
10: 4 15
11: 6 16
12: 7 16
13: 5 15
14: 8 9 17
15: 10 13 17
16: 11 12 17
17: 1 14 15 16

1: 16
2: 15
3: 14
4: 13
5: 7 15
6: 8 16
7: 5 10
8: 6 9
9: 8 12
10: 7 11
11: 10 14
12: 9 13
13: 4 12
14: 3 11
15: 2 5 16
16: 1 6 15

1: 32
2: 31
3: 29
4: 30
5: 24
6: 23
7: 26
8: 25
9: 12 29
10: 11 30
11: 10 14
12: 9 13
13: 12 28
14: 11 27
15: 18 32
16: 17 31
17: 16 20
18: 15 19
19: 18 22
20: 17 21
21: 20 26
22: 19 25
23: 6 28
24: 5 27
25: 8 22
26: 7 21
27: 14 24 28
28: 13 23 27
29: 3 9 31
30: 4 10 32
31: 2 16 29
32: 1 15 30

1: 64
2: 63
3: 62
4: 61
5: 58
6: 57
7: 60
8: 59
9: 44
10: 43
11: 46
12: 45
13: 50
14: 49
15: 48
16: 47
17: 22 58
18: 21 57
19: 24 60
20: 23 59
21: 18 26
22: 17 25
23: 20 28
24: 19 27
25: 22 53
26: 21 54
27: 24 56
28: 23 55
29: 34 64
30: 33 63
31: 36 52
32: 35 51
33: 30 38
34: 29 37
35: 32 40
36: 31 39
37: 34 42
38: 33 41
39: 36 48
40: 35 47
41: 38 50
42: 37 49
43: 10 53
44: 9 54
45: 12 56
46: 11 55
47: 16 40
48: 15 39
49: 14 42
50: 13 41
51: 32 52 62
52: 31 51 61
53: 25 43 55
54: 26 44 56
55: 28 46 53
56: 27 45 54
57: 6 18 64
58: 5 17 63
59: 8 20 62
60: 7 19 61
61: 4 52 60
62: 3 51 59
63: 2 30 58
64: 1 29 57

1: 9
2: 7
3: 4 9
4: 3 5
5: 4 6
6: 5 8
7: 2 8
8: 6 7 9
9: 1 3 8

1: 9
2: 5
3: 6
4: 7
5: 2 10
6: 3 10
7: 4 8
8: 7 9
9: 1 8 10
10: 5 6 9

1: 10
2: 10
3: 12
4: 12
5: 12
6: 8
7: 9
8: 6 11
9: 7 11
10: 1 2 11
11: 8 9 10 12
12: 3 4 5 11

1: 16
2: 16
3: 16
4: 16
5: 16
6: 16
7: 16
8: 16
9: 16
10: 15
11: 15
12: 15
13: 15
14: 15
15: 10 11 12 13 14 16
16: 1 2 3 4 5 6 7 8 9 15

1: 2 3 4
2: 1 15 16
3: 1 15 16
4: 1 13 14
5: 6 7 15
6: 5 8 9
7: 5 8 9
8: 6 7 10
9: 6 7 10
10: 8 9 12
11: 13 14 16
12: 10 13 14
13: 4 11 12
14: 4 11 12
15: 2 3 5
16: 2 3 11

1: 2 3 4
2: 1 23 24
3: 1 23 24
4: 1 21 22
5: 6 7 18
6: 5 14 15
7: 5 16 17
8: 10 11 23
9: 12 13 24
10: 8 14 15
11: 8 14 15
12: 9 16 17
13: 9 16 17
14: 6 10 11
15: 6 10 11
16: 7 12 13
17: 7 12 13
18: 5 19 20
19: 18 21 22
20: 18 21 22
21: 4 19 20
22: 4 19 20
23: 2 3 8
24: 2 3 9

1: 2 3 4
2: 1 27 28
3: 1 27 28
4: 1 25 26
5: 6 7 27
6: 5 20 21
7: 5 20 21
8: 9 10 19
9: 8 17 18
10: 8 17 18
11: 12 13 16
12: 11 14 15
13: 11 14 15
14: 12 13 22
15: 12 13 22
16: 11 17 18
17: 9 10 16
18: 9 10 16
19: 8 20 21
20: 6 7 19
21: 6 7 19
22: 14 15 24
23: 25 26 28
24: 22 25 26
25: 4 23 24
26: 4 23 24
27: 2 3 5
28: 2 3 23

1: 2 3 4
2: 1 23 24
3: 1 25 26
4: 1 27 28
5: 6 7 10
6: 5 8 9
7: 5 8 9
8: 6 7 15
9: 6 7 16
10: 5 11 12
11: 10 13 14
12: 10 13 14
13: 11 12 21
14: 11 12 22
15: 8 17 18
16: 9 19 20
17: 15 23 24
18: 15 23 24
19: 16 25 26
20: 16 25 26
21: 13 27 28
22: 14 27 28
23: 2 17 18
24: 2 17 18
25: 3 19 20
26: 3 19 20
27: 4 21 22
28: 4 21 22

1: 2 3 4
2: 1 27 28
3: 1 27 28
4: 1 25 26
5: 6 7 22
6: 5 20 21
7: 5 20 21
8: 11 12 13
9: 10 27 28
10: 9 14 15
11: 8 14 15
12: 8 16 17
13: 8 16 17
14: 10 11 18
15: 10 11 18
16: 12 13 19
17: 12 13 19
18: 14 15 21
19: 16 17 20
20: 6 7 19
21: 6 7 18
22: 5 23 24
23: 22 25 26
24: 22 25 26
25: 4 23 24
26: 4 23 24
27: 2 3 9
28: 2 3 9

1: 113
2: 113
3: 114
4: 114
5: 115
6: 115
7: 116
8: 116
9: 117
10: 117
11: 118
12: 118
13: 120
14: 120
15: 119
16: 119
17: 101
18: 101
19: 101
20: 103
21: 103
22: 103
23: 102
24: 102
25: 102
26: 104
27: 104
28: 104
29: 106
30: 106
31: 106
32: 105
33: 105
34: 105
35: 107
36: 107
37: 107
38: 109
39: 109
40: 109
41: 108
42: 108
43: 108
44: 110
45: 110
46: 110
47: 112
48: 112
49: 112
50: 111
51: 111
52: 111
53: 69 121
54: 70 121
55: 72 121
56: 71 121
57: 73 122
58: 74 123
59: 76 125
60: 75 124
61: 65 113
62: 66 114
63: 68 115
64: 67 116
65: 61 117
66: 62 118
67: 64 120
68: 63 119
69: 53 113
70: 54 114
71: 56 115
72: 55 116
73: 57 117
74: 58 118
75: 60 120
76: 59 119
77: 98 122
78: 99 122
79: 100 122
80: 95 123
81: 96 123
82: 97 123
83: 89 125
84: 90 125
85: 91 125
86: 92 124
87: 93 124
88: 94 124
89: 83 101
90: 84 102
91: 85 103
92: 86 104
93: 87 105
94: 88 106
95: 80 107
96: 81 108
97: 82 109
98: 77 110
99: 78 111
100: 79 112
101: 17 18 19 89
102: 23 24 25 90
103: 20 21 22 91
104: 26 27 28 92
105: 32 33 34 93
106: 29 30 31 94
107: 35 36 37 95
108: 41 42 43 96
109: 38 39 40 97
110: 44 45 46 98
111: 50 51 52 99
112: 47 48 49 100
113: 1 2 61 69
114: 3 4 62 70
115: 5 6 63 71
116: 7 8 64 72
117: 9 10 65 73
118: 11 12 66 74
119: 15 16 68 76
120: 13 14 67 75
121: 53 54 55 56
122: 57 77 78 79
123: 58 80 81 82
124: 60 86 87 88
125: 59 83 84 85

1: 29 32
2: 30 31
3: 33 36
4: 34 35
5: 37 40
6: 38 39
7: 41 44
8: 42 43
9: 49 50
10: 51 52
11: 47 48
12: 45 46
13: 21 89
14: 22 90
15: 24 91
16: 23 92
17: 25 93
18: 26 94
19: 28 96
20: 27 95
21: 13 97
22: 14 98
23: 16 100
24: 15 99
25: 17 101
26: 18 102
27: 20 104
28: 19 103
29: 1 77
30: 2 78
31: 2 78
32: 1 77
33: 3 79
34: 4 80
35: 4 80
36: 3 79
37: 5 83
38: 6 84
39: 6 84
40: 5 83
41: 7 81
42: 8 82
43: 8 82
44: 7 81
45: 12 85
46: 12 85
47: 11 86
48: 11 86
49: 9 88
50: 9 88
51: 10 87
52: 10 87
53: 89 106
54: 90 105
55: 91 108
56: 92 107
57: 93 109
58: 94 112
59: 96 111
60: 95 110
61: 97 101
62: 98 102
63: 100 104
64: 99 103
65: 78 122
66: 77 121
67: 80 124
68: 79 123
69: 84 120
70: 83 119
71: 82 118
72: 81 117
73: 85 116
74: 86 115
75: 88 114
76: 87 113
77: 29 32 66
78: 30 31 65
79: 33 36 68
80: 34 35 67
81: 41 44 72
82: 42 43 71
83: 37 40 70
84: 38 39 69
85: 45 46 73
86: 47 48 74
87: 51 52 76
88: 49 50 75
89: 13 53 97
90: 14 54 98
91: 15 55 99
92: 16 56 100
93: 17 57 101
94: 18 58 102
95: 20 60 104
96: 19 59 103
97: 21 61 89
98: 22 62 90
99: 24 64 91
100: 23 63 92
101: 25 61 93
102: 26 62 94
103: 28 64 96
104: 27 63 95
105: 54 117 118
106: 53 119 120
107: 56 123 124
108: 55 121 122
109: 57 110 111
110: 60 109 112
111: 59 109 112
112: 58 110 111
113: 76 121 122
114: 75 123 124
115: 74 119 120
116: 73 117 118
117: 72 105 116
118: 71 105 116
119: 70 106 115
120: 69 106 115
121: 66 108 113
122: 65 108 113
123: 68 107 114
124: 67 107 114

1: 10
2: 11
3: 12
4: 13
5: 14
6: 15
7: 16
8: 17
9: 18 19
10: 1 18
11: 2 19
12: 3 19
13: 4 19
14: 5 19
15: 6 18
16: 7 18
17: 8 18
18: 9 10 15 16 17
19: 9 11 12 13 14

1: 10
2: 11
3: 12
4: 13
5: 14
6: 15
7: 16
8: 17
9: 18 19
10: 1 19
11: 2 19
12: 3 19
13: 4 19
14: 5 19
15: 6 18
16: 7 18
17: 8 18
18: 9 15 16 17
19: 9 10 11 12 13 14

1: 8
2: 8
3: 8
4: 8
5: 7
6: 7 8
7: 5 6
8: 1 2 3 4 6

1: 12
2: 12
3: 12
4: 12
5: 12
6: 8
7: 9 12
8: 6 10
9: 7 11
10: 8 11
11: 9 10
12: 1 2 3 4 5 7

1: 6
2: 7
3: 8
4: 9
5: 10
6: 1 11
7: 2 11
8: 3 11
9: 4 11
10: 5 11
11: 6 7 8 9 10

1: 16
2: 15
3: 13
4: 14
5: 10
6: 9
7: 12
8: 11
9: 6 16
10: 5 15
11: 8 13
12: 7 14
13: 3 11 15
14: 4 12 16
15: 2 10 13 16
16: 1 9 14 15

1: 8
2: 6
3: 7
4: 6 8
5: 7 8
6: 2 4
7: 3 5
8: 1 4 5

1: 7
2: 5
3: 6
4: 7 8
5: 2 8
6: 3 8
7: 1 4
8: 4 5 6

1: 6
2: 7
3: 8
4: 7 9
5: 8 9
6: 1 9
7: 2 4
8: 3 5
9: 4 5 6

1: 13
2: 14
3: 8
4: 7
5: 10
6: 9
7: 4 16
8: 3 15
9: 6 13
10: 5 14
11: 12 16
12: 11 15
13: 1 9 15
14: 2 10 16
15: 8 12 13
16: 7 11 14

1: 14
2: 15
3: 16
4: 17
5: 18
6: 19
7: 20
8: 21
9: 22
10: 23
11: 24
12: 25
13: 26 27
14: 1 26
15: 2 27
16: 3 27
17: 4 27
18: 5 27
19: 6 27
20: 7 27
21: 8 26
22: 9 26
23: 10 26
24: 11 26
25: 12 26
26: 13 14 21 22 23 24 25
27: 13 15 16 17 18 19 20

1: 11
2: 8
3: 9
4: 10
5: 8 11
6: 9 11
7: 10 11
8: 2 5
9: 3 6
10: 4 7
11: 1 5 6 7

1: 11
2: 10
3: 9
4: 8
5: 10 11
6: 8 10
7: 9 11
8: 4 6
9: 3 7
10: 2 5 6
11: 1 5 7

1: 15
2: 16
3: 17
4: 18
5: 14
6: 13
7: 19
8: 20
9: 11 25
10: 12 26
11: 9 24
12: 10 23
13: 6 26
14: 5 25
15: 1 24
16: 2 24
17: 3 23
18: 4 23
19: 7 22
20: 8 22
21: 22 25 26
22: 19 20 21
23: 12 17 18
24: 11 15 16
25: 9 14 21
26: 10 13 21

1: 63
2: 65
3: 64
4: 67
5: 66
6: 69
7: 68
8: 71
9: 70
10: 73
11: 72
12: 75
13: 74
14: 77
15: 76
16: 79
17: 78
18: 80
19: 81
20: 82
21: 83
22: 84
23: 85
24: 86
25: 87
26: 88
27: 89
28: 90
29: 91
30: 92
31: 93
32: 94
33: 95
34: 121 126
35: 123 126
36: 122 126
37: 40 125
38: 39 124
39: 38 118
40: 37 117
41: 49 111
42: 50 112
43: 51 113
44: 52 114
45: 53 109
46: 54 110
47: 56 116
48: 55 115
49: 41 102
50: 42 101
51: 43 104
52: 44 103
53: 45 106
54: 46 105
55: 48 108
56: 47 107
57: 62 125
58: 61 124
59: 62 120
60: 61 119
61: 58 60
62: 57 59
63: 1 121
64: 3 125
65: 2 124
66: 5 123
67: 4 122
68: 7 120
69: 6 119
70: 9 118
71: 8 117
72: 11 112
73: 10 111
74: 13 114
75: 12 113
76: 15 110
77: 14 109
78: 17 116
79: 16 115
80: 18 102
81: 19 102
82: 20 101
83: 21 101
84: 22 104
85: 23 104
86: 24 103
87: 25 103
88: 26 106
89: 27 106
90: 28 105
91: 29 105
92: 30 108
93: 31 108
94: 32 107
95: 33 107
96: 115 117 122
97: 116 118 123
98: 109 110 121
99: 113 114 120
100: 111 112 119
101: 50 82 83
102: 49 80 81
103: 52 86 87
104: 51 84 85
105: 54 90 91
106: 53 88 89
107: 56 94 95
108: 55 92 93
109: 45 77 98
110: 46 76 98
111: 41 73 100
112: 42 72 100
113: 43 75 99
114: 44 74 99
115: 48 79 96
116: 47 78 97
117: 40 71 96
118: 39 70 97
119: 60 69 100
120: 59 68 99
121: 34 63 98
122: 36 67 96
123: 35 66 97
124: 38 58 65
125: 37 57 64
126: 34 35 36

1: 21
2: 21
3: 21
4: 21
5: 21
6: 17
7: 17
8: 20
9: 20
10: 19
11: 13
12: 16 21
13: 11 18
14: 16 20
15: 16 19
16: 12 14 15
17: 6 7 18
18: 13 17 19
19: 10 15 18
20: 8 9 14
21: 1 2 3 4 5 12

1: 20 23
2: 22 23
3: 21 22
4: 19 20
5: 18 19
6: 17 21
7: 16 18
8: 16 17
9: 14 15
10: 14 16 17
11: 15 20 23
12: 15 21 22
13: 14 18 19
14: 9 10 13
15: 9 11 12
16: 7 8 10
17: 6 8 10
18: 5 7 13
19: 4 5 13
20: 1 4 11
21: 3 6 12
22: 2 3 12
23: 1 2 11

1: 9
2: 7
3: 10
4: 11
5: 10 11
6: 10 11
7: 2 8 9
8: 7 10 11
9: 1 7 10 11
10: 3 5 6 8 9
11: 4 5 6 8 9

1: 17
2: 17
3: 18
4: 18
5: 20
6: 20
7: 19
8: 19
9: 13
10: 14
11: 15
12: 16
13: 9 17 21
14: 10 18 21
15: 11 19 21
16: 12 20 21
17: 1 2 13
18: 3 4 14
19: 7 8 15
20: 5 6 16
21: 13 14 15 16

1: 19
2: 19
3: 18
4: 18
5: 20
6: 21
7: 21
8: 20
9: 22
10: 22
11: 24
12: 24
13: 23
14: 23
15: 25
16: 26
17: 27
18: 3 4 31
19: 1 2 30
20: 5 8 28
21: 6 7 28
22: 9 10 25
23: 13 14 26
24: 11 12 27
25: 15 22 32
26: 16 23 30
27: 17 24 31
28: 20 21 32
29: 30 31 32
30: 19 26 29
31: 18 27 29
32: 25 28 29

1: 3 6
2: 4 5
3: 1 8
4: 2 9
5: 2 9
6: 1 8
7: 8 9
8: 3 6 7
9: 4 5 7

1: 10
2: 12
3: 11
4: 13
5: 15
6: 14
7: 13 17
8: 14 18
9: 15 19
10: 1 17
11: 3 19
12: 2 18
13: 4 7
14: 6 8
15: 5 9
16: 17 18 19
17: 7 10 16
18: 8 12 16
19: 9 11 16

1: 11
2: 13
3: 12
4: 10
5: 9
6: 11 14
7: 12 15
8: 13 16
9: 5 16
10: 4 15
11: 1 6
12: 3 7
13: 2 8
14: 6 15 16
15: 7 10 14
16: 8 9 14

1: 21
2: 22
3: 23
4: 24
5: 25
6: 26
7: 27
8: 18
9: 19
10: 20
11: 14
12: 15
13: 16
14: 11 29
15: 12 29
16: 13 29
17: 29 32
18: 8 32
19: 9 32
20: 10 32
21: 1 30
22: 2 30
23: 3 30
24: 4 30
25: 5 31
26: 6 31
27: 7 31
28: 30 31
29: 14 15 16 17
30: 21 22 23 24 28
31: 25 26 27 28 32
32: 17 18 19 20 31

1: 17
2: 18
3: 19
4: 20
5: 21
6: 22
7: 23
8: 24
9: 25
10: 26
11: 27
12: 28
13: 29
14: 30
15: 31 33
16: 32 34
17: 1 32
18: 2 32
19: 3 32
20: 4 32
21: 5 31
22: 6 31
23: 7 31
24: 8 31
25: 9 34
26: 10 34
27: 11 34
28: 12 33
29: 13 33
30: 14 33
31: 15 21 22 23 24
32: 16 17 18 19 20
33: 15 28 29 30 34
34: 16 25 26 27 33

1: 17
2: 18
3: 19
4: 20
5: 21
6: 22
7: 23
8: 24
9: 25
10: 26
11: 27
12: 28
13: 29
14: 30
15: 31 33
16: 32 34
17: 1 34
18: 2 34
19: 3 34
20: 4 34
21: 5 33
22: 6 33
23: 7 33
24: 8 33
25: 9 32
26: 10 32
27: 11 32
28: 12 31
29: 13 31
30: 14 31
31: 15 28 29 30
32: 16 25 26 27
33: 15 21 22 23 24 34
34: 16 17 18 19 20 33

1: 8
2: 8
3: 8
4: 7
5: 7
6: 7 8
7: 4 5 6
8: 1 2 3 6

1: 174
2: 175
3: 177
4: 176
5: 179
6: 178
7: 173
8: 164
9: 165
10: 166
11: 167
12: 168
13: 170
14: 172
15: 169
16: 171
17: 158
18: 159
19: 161
20: 160
21: 163
22: 162
23: 130
24: 130
25: 131
26: 131
27: 132
28: 132
29: 133
30: 133
31: 134
32: 134
33: 135
34: 135
35: 136
36: 136
37: 138
38: 138
39: 137
40: 137
41: 140
42: 140
43: 139
44: 139
45: 142
46: 142
47: 141
48: 141
49: 143
50: 143
51: 145
52: 145
53: 144
54: 144
55: 146
56: 146
57: 147
58: 147
59: 148
60: 148
61: 149
62: 149
63: 150
64: 150
65: 151
66: 151
67: 152
68: 152
69: 153
70: 153
71: 154
72: 154
73: 155
74: 155
75: 156
76: 156
77: 157
78: 157
79: 167 181
80: 168 181
81: 164 180
82: 165 180
83: 166 180
84: 164 175
85: 165 177
86: 166 176
87: 167 179
88: 168 178
89: 172 181
90: 171 181
91: 170 180
92: 169 174
93: 170 173
94: 171 173
95: 169 172
96: 158 174
97: 159 175
98: 161 177
99: 160 176
100: 163 179
101: 162 178
102: 131 174
103: 143 175
104: 145 177
105: 144 176
106: 142 179
107: 141 178
108: 130 173
109: 136 164
110: 138 165
111: 137 166
112: 140 167
113: 139 168
114: 133 170
115: 134 172
116: 135 169
117: 132 171
118: 156 158
119: 157 158
120: 150 159
121: 151 159
122: 146 161
123: 147 161
124: 148 160
125: 149 160
126: 152 163
127: 153 163
128: 154 162
129: 155 162
130: 23 24 108
131: 25 26 102
132: 27 28 117
133: 29 30 114
134: 31 32 115
135: 33 34 116
136: 35 36 109
137: 39 40 111
138: 37 38 110
139: 43 44 113
140: 41 42 112
141: 47 48 107
142: 45 46 106
143: 49 50 103
144: 53 54 105
145: 51 52 104
146: 55 56 122
147: 57 58 123
148: 59 60 124
149: 61 62 125
150: 63 64 120
151: 65 66 121
152: 67 68 126
153: 69 70 127
154: 71 72 128
155: 73 74 129
156: 75 76 118
157: 77 78 119
158: 17 96 118 119
159: 18 97 120 121
160: 20 99 124 125
161: 19 98 122 123
162: 22 101 128 129
163: 21 100 126 127
164: 8 81 84 109
165: 9 82 85 110
166: 10 83 86 111
167: 11 79 87 112
168: 12 80 88 113
169: 15 92 95 116
170: 13 91 93 114
171: 16 90 94 117
172: 14 89 95 115
173: 7 93 94 108
174: 1 92 96 102
175: 2 84 97 103
176: 4 86 99 105
177: 3 85 98 104
178: 6 88 101 107
179: 5 87 100 106
180: 81 82 83 91
181: 79 80 89 90

1: 32
2: 25
3: 25
4: 26
5: 26
6: 27
7: 27
8: 28
9: 28
10: 29
11: 29
12: 30
13: 30
14: 31
15: 31
16: 32 34
17: 33 34
18: 30 34
19: 31 34
20: 28 32
21: 29 32
22: 25 33
23: 26 33
24: 27 33
25: 2 3 22
26: 4 5 23
27: 6 7 24
28: 8 9 20
29: 10 11 21
30: 12 13 18
31: 14 15 19
32: 1 16 20 21
33: 17 22 23 24
34: 16 17 18 19

1: 32
2: 25
3: 25
4: 26
5: 26
6: 27
7: 27
8: 28
9: 28
10: 29
11: 29
12: 30
13: 30
14: 31
15: 31
16: 32 34
17: 32 33
18: 25 32
19: 26 33
20: 27 34
21: 28 34
22: 29 34
23: 30 33
24: 31 33
25: 2 3 18
26: 4 5 19
27: 6 7 20
28: 8 9 21
29: 10 11 22
30: 12 13 23
31: 14 15 24
32: 1 16 17 18
33: 17 19 23 24
34: 16 20 21 22

1: 10
2: 9
3: 8
4: 7
5: 7 9
6: 8 10
7: 4 5
8: 3 6
9: 2 5 10
10: 1 6 9

1: 9
2: 9
3: 7
4: 5
5: 4 10
6: 8 10
7: 3 8
8: 6 7
9: 1 2 10
10: 5 6 9

1: 32
2: 31
3: 30
4: 29
5: 20
6: 19
7: 22
8: 21
9: 24
10: 23
11: 12 16
12: 11 15
13: 18 28
14: 17 27
15: 12 25
16: 11 26
17: 14 25
18: 13 26
19: 6 32
20: 5 31
21: 8 30
22: 7 29
23: 10 28
24: 9 27
25: 15 17 31
26: 16 18 32
27: 14 24 30
28: 13 23 29
29: 4 22 28
30: 3 21 27
31: 2 20 25
32: 1 19 26

1: 10
2: 10
3: 9
4: 7
5: 8
6: 11 12
7: 4 12
8: 5 12
9: 3 11
10: 1 2 11
11: 6 9 10
12: 6 7 8

1: 9
2: 8
3: 7
4: 5
5: 4 8
6: 7 9
7: 3 6
8: 2 5 9
9: 1 6 8

1: 9
2: 8
3: 7
4: 8 9
5: 6 9
6: 5 7
7: 3 6
8: 2 4
9: 1 4 5

1: 8
2: 7
3: 5
4: 6 8
5: 3 8
6: 4 7
7: 2 6
8: 1 4 5

1: 20
2: 11
3: 19
4: 19
5: 18
6: 18
7: 16
8: 13
9: 10 20
10: 9 11
11: 2 10
12: 17 19
13: 8 15
14: 15 16
15: 13 14
16: 7 14 20
17: 12 18 20
18: 5 6 17
19: 3 4 12
20: 1 9 16 17

1: 9
2: 9
3: 9
4: 9
5: 8
6: 8
7: 8 9
8: 5 6 7
9: 1 2 3 4 7

1: 3
2: 3
3: 1 2

1: 4 12
2: 3 11
3: 2 7
4: 1 8
5: 7 10
6: 8 9
7: 3 5 11
8: 4 6 12
9: 6 10 12
10: 5 9 11
11: 2 7 10 12
12: 1 8 9 11

1: 11
2: 10
3: 9
4: 8
5: 6 7
6: 5 10
7: 5 9
8: 4 11
9: 3 7
10: 2 6 11
11: 1 8 10

1: 42
2: 39
3: 31
4: 38
5: 34
6: 36
7: 35
8: 21
9: 26
10: 22
11: 23
12: 24
13: 29
14: 19
15: 20
16: 17 42
17: 16 18
18: 17 33
19: 14 32
20: 15 32
21: 8 39
22: 10 38
23: 11 40
24: 12 40
25: 26 33
26: 9 25
27: 30 41
28: 29 41
29: 13 28
30: 27 37
31: 3 36 42
32: 19 20 42
33: 18 25 37
34: 5 37 38
35: 7 36 39
36: 6 31 35
37: 30 33 34
38: 4 22 34
39: 2 21 35
40: 23 24 41
41: 27 28 40
42: 1 16 31 32

1: 175
2: 170
3: 152
4: 143
5: 144
6: 145
7: 151
8: 167
9: 168
10: 169
11: 174
12: 150
13: 149
14: 148
15: 147
16: 146
17: 123
18: 124
19: 125
20: 126
21: 127
22: 129
23: 128
24: 131
25: 130
26: 132
27: 135
28: 134
29: 133
30: 137
31: 136
32: 70
33: 72
34: 73
35: 74
36: 75
37: 76
38: 77
39: 85
40: 88
41: 86
42: 87
43: 82
44: 83
45: 80
46: 81
47: 89
48: 90
49: 91
50: 94
51: 92
52: 93
53: 78
54: 79
55: 96
56: 95
57: 97
58: 98
59: 99
60: 105
61: 115
62: 116
63: 117
64: 119
65: 118
66: 68
67: 69
68: 66 176
69: 67 176
70: 32 175
71: 161 164
72: 33 163
73: 34 152
74: 35 143
75: 36 144
76: 37 145
77: 38 151
78: 53 153
79: 54 153
80: 45 157
81: 46 157
82: 43 158
83: 44 158
84: 162 174
85: 39 159
86: 41 160
87: 42 160
88: 40 159
89: 47 154
90: 48 154
91: 49 155
92: 51 156
93: 52 156
94: 50 155
95: 56 150
96: 55 149
97: 57 148
98: 58 146
99: 59 147
100: 122 165
101: 120 165
102: 122 171
103: 121 164
104: 121 142
105: 60 120
106: 115 173
107: 108 139
108: 107 162
109: 110 161
110: 109 172
111: 116 163
112: 117 138
113: 119 141
114: 118 140
115: 61 106
116: 62 111
117: 63 112
118: 65 114
119: 64 113
120: 101 105
121: 103 104
122: 100 102
123: 17 161 168
124: 18 125 170
125: 19 124 167
126: 20 127 142
127: 21 126 169
128: 23 131 162
129: 22 130 169
130: 25 129 150
131: 24 128 149
132: 26 136 170
133: 29 137 152
134: 28 137 171
135: 27 136 151
136: 31 132 135
137: 30 133 134
138: 112 158 165
139: 107 142 163
140: 114 160 172
141: 113 159 172
142: 104 126 139
143: 4 74 173
144: 5 75 175
145: 6 76 170
146: 16 98 168
147: 15 99 168
148: 14 97 169
149: 13 96 131
150: 12 95 130
151: 7 77 135
152: 3 73 133
153: 78 79 176
154: 89 90 166
155: 91 94 166
156: 92 93 166
157: 80 81 173
158: 82 83 138
159: 85 88 141
160: 86 87 140
161: 71 109 123
162: 84 108 128
163: 72 111 139
164: 71 103 171
165: 100 101 138
166: 154 155 156 172
167: 8 125 174 175
168: 9 123 146 147
169: 10 127 129 148
170: 2 124 132 145
171: 102 134 164 176
172: 110 140 141 166
173: 106 143 157 174
174: 11 84 167 173
175: 1 70 144 167
176: 68 69 153 171

1: 9
2: 9
3: 7
4: 8
5: 8
6: 7
7: 3 6 9
8: 4 5 9
9: 1 2 7 8

1: 10
2: 10
3: 9
4: 9
5: 8
6: 8
7: 9 10
8: 5 6 10
9: 3 4 7
10: 1 2 7 8

1: 10
2: 10
3: 9
4: 9
5: 7
6: 8
7: 5 10
8: 6 10
9: 3 4 10
10: 1 2 7 8 9

1: 8
2: 8
3: 6
4: 7
5: 7
6: 3 8
7: 4 5 8
8: 1 2 6 7

1: 12
2: 11
3: 6
4: 9
5: 10
6: 3 12
7: 13 14
8: 13 14
9: 4 15
10: 5 15
11: 2 12 13
12: 1 6 11
13: 7 8 11
14: 7 8 15
15: 9 10 14

1: 29
2: 16
3: 25
4: 28
5: 18
6: 26
7: 27
8: 17
9: 19
10: 20
11: 12 30
12: 11 22
13: 14 21
14: 13 15
15: 14 16
16: 2 15
17: 8 28
18: 5 27
19: 9 24
20: 10 24
21: 13 23
22: 12 25 30
23: 21 29 30
24: 19 20 30
25: 3 22 27
26: 6 28 29
27: 7 18 25
28: 4 17 26
29: 1 23 26
30: 11 22 23 24

1: 229
2: 162
3: 163
4: 164
5: 165
6: 166
7: 223
8: 203
9: 191
10: 192
11: 193
12: 221
13: 200
14: 201
15: 202
16: 218
17: 219
18: 220
19: 222
20: 196
21: 199
22: 198
23: 197
24: 195
25: 194
26: 167
27: 179
28: 170
29: 177
30: 178
31: 173
32: 174
33: 176
34: 175
35: 172
36: 171
37: 169
38: 168
39: 87
40: 88
41: 92
42: 95
43: 96
44: 97
45: 98
46: 99
47: 100
48: 106
49: 109
50: 107
51: 108
52: 103
53: 104
54: 105
55: 110
56: 113
57: 111
58: 112
59: 114
60: 115
61: 116
62: 119
63: 117
64: 118
65: 120
66: 121
67: 122
68: 123
69: 101
70: 102
71: 124
72: 125
73: 126
74: 127
75: 128
76: 129
77: 90
78: 91
79: 137
80: 136
81: 147
82: 146
83: 149
84: 148
85: 151
86: 150
87: 39 229
88: 40 183
89: 180 216
90: 77 231
91: 78 231
92: 41 203
93: 181 205
94: 182 205
95: 42 191
96: 43 192
97: 44 193
98: 45 200
99: 46 201
100: 47 202
101: 69 204
102: 70 204
103: 52 215
104: 53 230
105: 54 230
106: 48 213
107: 50 214
108: 51 214
109: 49 213
110: 55 211
111: 57 212
112: 58 212
113: 56 211
114: 59 206
115: 60 206
116: 61 207
117: 63 208
118: 64 208
119: 62 207
120: 65 210
121: 66 210
122: 67 209
123: 68 209
124: 71 196
125: 72 199
126: 73 197
127: 74 198
128: 75 194
129: 76 195
130: 160 228
131: 160 190
132: 158 225
133: 159 226
134: 157 227
135: 156 189
136: 80 155
137: 79 159
138: 139 216
139: 138 184
140: 147 215
141: 146 224
142: 149 188
143: 148 187
144: 151 186
145: 150 185
146: 82 141
147: 81 140
148: 84 143
149: 83 142
150: 86 145
151: 85 144
152: 154 158
153: 154 155
154: 152 153
155: 136 153
156: 135 157
157: 134 156
158: 132 152
159: 133 137
160: 130 131
161: 180 181 182
162: 2 164 216
163: 3 165 227
164: 4 162 192
165: 5 163 166
166: 6 165 219
167: 26 200 226
168: 38 179 223
169: 37 177 223
170: 28 179 201
171: 36 178 203
172: 35 178 225
173: 31 174 190
174: 32 173 222
175: 34 176 202
176: 33 175 219
177: 29 169 218
178: 30 171 172
179: 27 168 170
180: 89 161 225
181: 93 161 227
182: 94 161 226
183: 88 189 215
184: 139 187 188
185: 145 214 228
186: 144 213 228
187: 143 184 212
188: 142 184 211
189: 135 183 190
190: 131 173 189
191: 9 95 229
192: 10 96 164
193: 11 97 223
194: 25 128 221
195: 24 129 221
196: 20 124 219
197: 23 126 222
198: 22 127 222
199: 21 125 224
200: 13 98 167
201: 14 99 170
202: 15 100 175
203: 8 92 171
204: 101 102 231
205: 93 94 220
206: 114 115 217
207: 116 119 217
208: 117 118 217
209: 122 123 224
210: 120 121 230
211: 110 113 188
212: 111 112 187
213: 106 109 186
214: 107 108 185
215: 103 140 183
216: 89 138 162
217: 206 207 208 228
218: 16 177 220 229
219: 17 166 176 196
220: 18 205 218 221
221: 12 194 195 220
222: 19 174 197 198
223: 7 168 169 193
224: 141 199 209 226
225: 132 172 180 231
226: 133 167 182 224
227: 134 163 181 230
228: 130 185 186 217
229: 1 87 191 218
230: 104 105 210 227
231: 90 91 204 225

1: 8 9
2: 8 10
3: 9 10
4: 8 9 10
5: 8 9 10
6: 8 9 10
7: 8 9 10
8: 1 2 4 5 6 7
9: 1 3 4 5 6 7
10: 2 3 4 5 6 7

1: 9 10
2: 9 10
3: 9 10
4: 9 10
5: 9 10
6: 9 10
7: 9 10
8: 9 10
9: 1 2 3 4 5 6 7 8
10: 1 2 3 4 5 6 7 8

1: 2 3 4
2: 1 7 10
3: 1 8 10
4: 1 9 10
5: 7 8 9
6: 7 8 9
7: 2 5 6
8: 3 5 6
9: 4 5 6
10: 2 3 4

1: 9 10
2: 9 10
3: 7 8
4: 7 8
5: 7 9 10
6: 8 9 10
7: 3 4 5
8: 3 4 6
9: 1 2 5 6
10: 1 2 5 6

1: 7 8
2: 7 8
3: 7 8
4: 9 10
5: 9 10
6: 9 10
7: 1 2 3 9
8: 1 2 3 10
9: 4 5 6 7
10: 4 5 6 8

1: 2 9
2: 1 10
3: 6 10
4: 7 10
5: 8 10
6: 3 9
7: 4 9
8: 5 9
9: 1 6 7 8 10
10: 2 3 4 5 9

1: 5
2: 6
3: 7
4: 8
5: 1 9 10
6: 2 9 10
7: 3 9 10
8: 4 9 10
9: 5 6 7 8
10: 5 6 7 8

1: 7
2: 10
3: 8
4: 9
5: 7 10
6: 8 9
7: 1 5 8 9
8: 3 6 7 10
9: 4 6 7 10
10: 2 5 8 9

1: 8 9
2: 8 9
3: 7 10 11
4: 7 10 11
5: 7 10 11
6: 7 10 11
7: 3 4 5 6
8: 1 2 10 11
9: 1 2 10 11
10: 3 4 5 6 8 9
11: 3 4 5 6 8 9

1: 9
2: 10
3: 11
4: 9 10 11
5: 9 10 11
6: 9 10 11
7: 9 10 11
8: 9 10 11
9: 1 4 5 6 7 8
10: 2 4 5 6 7 8
11: 3 4 5 6 7 8

1: 6 7
2: 8 9
3: 8 9
4: 6 10
5: 7 10
6: 1 4 11
7: 1 5 11
8: 2 3 11
9: 2 3 11
10: 4 5 11
11: 6 7 8 9 10

1: 9
2: 10
3: 8 11
4: 8 11
5: 8 11
6: 9 10
7: 9 10
8: 3 4 5
9: 1 6 7 11
10: 2 6 7 11
11: 3 4 5 9 10

1: 11
2: 11
3: 11
4: 8 11
5: 6 7
6: 5 9 10
7: 5 9 10
8: 4 9 10
9: 6 7 8
10: 6 7 8 11
11: 1 2 3 4 10

1: 7
2: 8
3: 9 10
4: 9 10
5: 9 10
6: 7 8
7: 1 6 11
8: 2 6 11
9: 3 4 5 11
10: 3 4 5 11
11: 7 8 9 10

1: 10
2: 10
3: 10
4: 10
5: 9 11
6: 9 11
7: 9 11
8: 9 11
9: 5 6 7 8
10: 1 2 3 4 11
11: 5 6 7 8 10

1: 2 9
2: 1 10
3: 8 9
4: 6 12
5: 7 12
6: 4 11
7: 5 11
8: 3 10
9: 1 3 10 11
10: 2 8 9 12
11: 6 7 9 12
12: 4 5 10 11

1: 6
2: 7
3: 8
4: 9 10
5: 9 10
6: 1 11 12
7: 2 11 12
8: 3 11 12
9: 4 5 12
10: 4 5 12
11: 6 7 8
12: 6 7 8 9 10

1: 9 10
2: 9 10
3: 9 10
4: 9 10
5: 11 12
6: 11 12
7: 11 12
8: 11 12
9: 1 2 3 4 11 12
10: 1 2 3 4 11 12
11: 5 6 7 8 9 10
12: 5 6 7 8 9 10

1: 12
2: 12
3: 10
4: 11 12
5: 11 12
6: 7 9
7: 6 8
8: 7 9 11
9: 6 8 10
10: 3 9 11 12
11: 4 5 8 10
12: 1 2 4 5 10

1: 11
2: 11
3: 11
4: 12
5: 12
6: 12
7: 9 10 11
8: 9 10 11
9: 7 8 12
10: 7 8 12
11: 1 2 3 7 8
12: 4 5 6 9 10

1: 12
2: 11
3: 11
4: 11 12
5: 9 10
6: 9 10
7: 8 10
8: 7 11 12
9: 5 6 12
10: 5 6 7 12
11: 2 3 4 8
12: 1 4 8 9 10

1: 12
2: 12
3: 10
4: 9
5: 8 11 12
6: 8 10 11
7: 8 10 11
8: 5 6 7
9: 4 11 12
10: 3 6 7
11: 5 6 7 9
12: 1 2 5 9

1: 9 11
2: 10 12
3: 10 12
4: 9 11
5: 7 8 12
6: 7 8 12
7: 5 6 11
8: 5 6 11
9: 1 4 10
10: 2 3 9
11: 1 4 7 8
12: 2 3 5 6

1: 7
2: 8
3: 7 8
4: 7 8
5: 7 8
6: 7 8
7: 1 3 4 5 6
8: 2 3 4 5 6

1: 128
2: 127
3: 126
4: 125
5: 124
6: 123
7: 122
8: 121
9: 120
10: 119
11: 118
12: 117
13: 114
14: 113
15: 116
16: 115
17: 86
18: 85
19: 88
20: 87
21: 90
22: 89
23: 84
24: 83
25: 96
26: 95
27: 98
28: 97
29: 92
30: 91
31: 94
32: 93
33: 40 114
34: 39 113
35: 42 116
36: 41 115
37: 44 118
38: 43 117
39: 34 46
40: 33 45
41: 36 48
42: 35 47
43: 38 50
44: 37 49
45: 40 108
46: 39 107
47: 42 110
48: 41 109
49: 44 106
50: 43 105
51: 54 112
52: 53 111
53: 52 100
54: 51 99
55: 64 128
56: 63 127
57: 66 126
58: 65 125
59: 68 101
60: 67 102
61: 70 104
62: 69 103
63: 56 72
64: 55 71
65: 58 74
66: 57 73
67: 60 76
68: 59 75
69: 62 78
70: 61 77
71: 64 80
72: 63 79
73: 66 82
74: 65 81
75: 68 92
76: 67 91
77: 70 94
78: 69 93
79: 72 96
80: 71 95
81: 74 98
82: 73 97
83: 24 112
84: 23 111
85: 18 108
86: 17 107
87: 20 110
88: 19 109
89: 22 106
90: 21 105
91: 30 76
92: 29 75
93: 32 78
94: 31 77
95: 26 80
96: 25 79
97: 28 82
98: 27 81
99: 54 100 124
100: 53 99 123
101: 59 103 121
102: 60 104 122
103: 62 101 120
104: 61 102 119
105: 50 90 112
106: 49 89 111
107: 46 86 110
108: 45 85 109
109: 48 88 108
110: 47 87 107
111: 52 84 106
112: 51 83 105
113: 14 34 128
114: 13 33 127
115: 16 36 122
116: 15 35 121
117: 12 38 120
118: 11 37 119
119: 10 104 118
120: 9 103 117
121: 8 101 116
122: 7 102 115
123: 6 100 126
124: 5 99 125
125: 4 58 124
126: 3 57 123
127: 2 56 114
128: 1 55 113

1: 64
2: 63
3: 61
4: 62
5: 58
6: 57
7: 60
8: 59
9: 50
10: 49
11: 52
12: 51
13: 54
14: 53
15: 56
16: 55
17: 34
18: 33
19: 36
20: 35
21: 38
22: 37
23: 40
24: 39
25: 42
26: 41
27: 44
28: 43
29: 46
30: 45
31: 48
32: 47
33: 18 64
34: 17 63
35: 20 61
36: 19 62
37: 22 58
38: 21 57
39: 24 60
40: 23 59
41: 26 50
42: 25 49
43: 28 52
44: 27 51
45: 30 54
46: 29 53
47: 32 56
48: 31 55
49: 10 42 64
50: 9 41 63
51: 12 44 61
52: 11 43 62
53: 14 46 58
54: 13 45 57
55: 16 48 60
56: 15 47 59
57: 6 38 54 64
58: 5 37 53 63
59: 8 40 56 61
60: 7 39 55 62
61: 3 35 51 59 63
62: 4 36 52 60 64
63: 2 34 50 58 61 64
64: 1 33 49 57 62 63

1: 128
2: 127
3: 125
4: 126
5: 122
6: 121
7: 124
8: 123
9: 114
10: 113
11: 116
12: 115
13: 118
14: 117
15: 120
16: 119
17: 98
18: 97
19: 100
20: 99
21: 102
22: 101
23: 104
24: 103
25: 106
26: 105
27: 108
28: 107
29: 110
30: 109
31: 112
32: 111
33: 66
34: 65
35: 68
36: 67
37: 70
38: 69
39: 72
40: 71
41: 74
42: 73
43: 76
44: 75
45: 78
46: 77
47: 80
48: 79
49: 82
50: 81
51: 84
52: 83
53: 86
54: 85
55: 88
56: 87
57: 90
58: 89
59: 92
60: 91
61: 94
62: 93
63: 96
64: 95
65: 34 128
66: 33 127
67: 36 125
68: 35 126
69: 38 122
70: 37 121
71: 40 124
72: 39 123
73: 42 114
74: 41 113
75: 44 116
76: 43 115
77: 46 118
78: 45 117
79: 48 120
80: 47 119
81: 50 98
82: 49 97
83: 52 100
84: 51 99
85: 54 102
86: 53 101
87: 56 104
88: 55 103
89: 58 106
90: 57 105
91: 60 108
92: 59 107
93: 62 110
94: 61 109
95: 64 112
96: 63 111
97: 18 82 128
98: 17 81 127
99: 20 84 125
100: 19 83 126
101: 22 86 122
102: 21 85 121
103: 24 88 124
104: 23 87 123
105: 26 90 114
106: 25 89 113
107: 28 92 116
108: 27 91 115
109: 30 94 118
110: 29 93 117
111: 32 96 120
112: 31 95 119
113: 10 74 106 128
114: 9 73 105 127
115: 12 76 108 125
116: 11 75 107 126
117: 14 78 110 122
118: 13 77 109 121
119: 16 80 112 124
120: 15 79 111 123
121: 6 70 102 118 128
122: 5 69 101 117 127
123: 8 72 104 120 125
124: 7 71 103 119 126
125: 3 67 99 115 123 127
126: 4 68 100 116 124 128
127: 2 66 98 114 122 125 128
128: 1 65 97 113 121 126 127

1: 12
2: 10
3: 10
4: 11
5: 8
6: 11 12
7: 9 12
8: 5 9
9: 7 8
10: 2 3 11
11: 4 6 10
12: 1 6 7

1: 10
2: 12
3: 12
4: 11
5: 6
6: 5 7
7: 6 10
8: 9 12
9: 8 11
10: 1 7 11
11: 4 9 10
12: 2 3 8

1: 7
2: 8
3: 11
4: 9
5: 10
6: 7 12
7: 1 6
8: 2 13
9: 4 14
10: 5 14
11: 3 13
12: 6 13 14
13: 8 11 12
14: 9 10 12

1: 33
2: 30
3: 22
4: 25
5: 23
6: 24
7: 26
8: 29
9: 27
10: 28
11: 20
12: 21
13: 32
14: 31
15: 30 39
16: 31 41
17: 32 42
18: 19 33
19: 18 40
20: 11 34
21: 12 34
22: 3 35
23: 5 36
24: 6 36
25: 4 35
26: 7 37
27: 9 38
28: 10 38
29: 8 37
30: 2 15
31: 14 16
32: 13 17
33: 1 18
34: 20 21 39
35: 22 25 42
36: 23 24 42
37: 26 29 41
38: 27 28 41
39: 15 34 40
40: 19 39 41 42
41: 16 37 38 40
42: 17 35 36 40

1: 65
2: 68
3: 66
4: 67
5: 69
6: 72
7: 70
8: 71
9: 73
10: 76
11: 74
12: 75
13: 77
14: 80
15: 78
16: 79
17: 81
18: 84
19: 82
20: 83
21: 87
22: 88
23: 89
24: 90
25: 85
26: 86
27: 63
28: 64
29: 91
30: 92
31: 93
32: 94
33: 95
34: 96
35: 98
36: 97
37: 102
38: 101
39: 104
40: 103
41: 100
42: 99
43: 93 120
44: 94 125
45: 101 126
46: 102 127
47: 103 128
48: 104 129
49: 95 121
50: 100 122
51: 99 123
52: 62 130
53: 62 91
54: 58 119
55: 59 124
56: 61 132
57: 60 131
58: 54 92
59: 55 96
60: 57 98
61: 56 97
62: 52 53
63: 27 105
64: 28 105
65: 1 108
66: 3 109
67: 4 109
68: 2 108
69: 5 110
70: 7 111
71: 8 111
72: 6 110
73: 9 112
74: 11 113
75: 12 113
76: 10 112
77: 13 114
78: 15 115
79: 16 115
80: 14 114
81: 17 106
82: 19 107
83: 20 107
84: 18 106
85: 25 116
86: 26 116
87: 21 118
88: 22 118
89: 23 117
90: 24 117
91: 29 53
92: 30 58
93: 31 43
94: 32 44
95: 33 49
96: 34 59
97: 36 61
98: 35 60
99: 42 51
100: 41 50
101: 38 45
102: 37 46
103: 40 47
104: 39 48
105: 63 64 120
106: 81 84 125
107: 82 83 125
108: 65 68 127
109: 66 67 127
110: 69 72 126
111: 70 71 126
112: 73 76 129
113: 74 75 129
114: 77 80 128
115: 78 79 128
116: 85 86 121
117: 89 90 122
118: 87 88 123
119: 54 120 130
120: 43 105 119
121: 49 116 124
122: 50 117 131
123: 51 118 132
124: 55 121 125 130
125: 44 106 107 124
126: 45 110 111 132
127: 46 108 109 132
128: 47 114 115 131
129: 48 112 113 131
130: 52 119 124 131 132
131: 57 122 128 129 130
132: 56 123 126 127 130

1: 13
2: 14
3: 12
4: 11
5: 10
6: 9
7: 10 13
8: 9 14
9: 6 8
10: 5 7
11: 4 12 13
12: 3 11 14
13: 1 7 11
14: 2 8 12

1: 38
2: 41
3: 42
4: 40
5: 39
6: 37
7: 36
8: 33
9: 32
10: 35
11: 34
12: 19
13: 27
14: 26
15: 29
16: 28
17: 31
18: 30
19: 12 38
20: 27 41
21: 26 42
22: 29 40
23: 28 39
24: 31 37
25: 30 36
26: 14 21
27: 13 20
28: 16 23
29: 15 22
30: 18 25
31: 17 24
32: 9 35 41
33: 8 34 42
34: 11 33 37
35: 10 32 36
36: 7 25 35
37: 6 24 34
38: 1 19 39 40
39: 5 23 38 41
40: 4 22 38 42
41: 2 20 32 39
42: 3 21 33 40

1: 132
2: 98
3: 128
4: 111
5: 112
6: 118
7: 131
8: 126
9: 124
10: 123
11: 125
12: 127
13: 129
14: 130
15: 119
16: 122
17: 121
18: 120
19: 113
20: 114
21: 115
22: 117
23: 116
24: 99
25: 100
26: 101
27: 102
28: 103
29: 105
30: 104
31: 106
32: 107
33: 108
34: 110
35: 109
36: 80
37: 81
38: 82
39: 83
40: 84
41: 85
42: 86
43: 87
44: 88
45: 89
46: 90
47: 92
48: 91
49: 93
50: 94
51: 95
52: 97
53: 96
54: 58
55: 59
56: 61
57: 60
58: 54 132
59: 55 118
60: 57 126
61: 56 125
62: 81 128
63: 80 111
64: 82 112
65: 84 131
66: 85 124
67: 89 123
68: 90 127
69: 92 129
70: 91 130
71: 86 119
72: 87 122
73: 88 121
74: 83 120
75: 93 113
76: 94 114
77: 95 115
78: 97 117
79: 96 116
80: 36 63
81: 37 62
82: 38 64
83: 39 74
84: 40 65
85: 41 66
86: 42 71
87: 43 72
88: 44 73
89: 45 67
90: 46 68
91: 48 70
92: 47 69
93: 49 75
94: 50 76
95: 51 77
96: 53 79
97: 52 78
98: 2 118 132
99: 24 100 128
100: 25 99 112
101: 26 106 131
102: 27 107 124
103: 28 108 123
104: 30 110 129
105: 29 109 130
106: 31 101 113
107: 32 102 114
108: 33 103 115
109: 35 105 117
110: 34 104 116
111: 4 63 127
112: 5 64 100
113: 19 75 106
114: 20 76 107
115: 21 77 108
116: 23 79 110
117: 22 78 109
118: 6 59 98
119: 15 71 125 131
120: 18 74 124 126
121: 17 73 126 129
122: 16 72 123 125
123: 10 67 103 122
124: 9 66 102 120
125: 11 61 119 122
126: 8 60 120 121
127: 12 68 111 130 132
128: 3 62 99 129 132
129: 13 69 104 121 128
130: 14 70 105 127 131
131: 7 65 101 119 130
132: 1 58 98 127 128

1: 64
2: 63
3: 62
4: 61
5: 60
6: 59
7: 58
8: 57
9: 40
10: 39
11: 42
12: 41
13: 44
14: 43
15: 46
16: 45
17: 48
18: 47
19: 22 58
20: 21 57
21: 20 22
22: 19 21
23: 26 32
24: 25 31
25: 24 34
26: 23 33
27: 36 54
28: 35 53
29: 38 56
30: 37 55
31: 24 49
32: 23 50
33: 26 52
34: 25 51
35: 28 49
36: 27 50
37: 30 52
38: 29 51
39: 10 64
40: 9 63
41: 12 62
42: 11 61
43: 14 60
44: 13 59
45: 16 54
46: 15 53
47: 18 56
48: 17 55
49: 31 35 63
50: 32 36 64
51: 34 38 58
52: 33 37 57
53: 28 46 60
54: 27 45 59
55: 30 48 62
56: 29 47 61
57: 8 20 52
58: 7 19 51
59: 6 44 54
60: 5 43 53
61: 4 42 56
62: 3 41 55
63: 2 40 49
64: 1 39 50

1: 128
2: 127
3: 126
4: 125
5: 124
6: 123
7: 122
8: 121
9: 120
10: 119
11: 118
12: 117
13: 116
14: 115
15: 114
16: 113
17: 80
18: 79
19: 82
20: 81
21: 84
22: 83
23: 86
24: 85
25: 88
26: 87
27: 90
28: 89
29: 92
30: 91
31: 94
32: 93
33: 96
34: 95
35: 42 118
36: 41 117
37: 44 116
38: 43 115
39: 46 114
40: 45 113
41: 36 44
42: 35 43
43: 38 42
44: 37 41
45: 40 46
46: 39 45
47: 50 64
48: 49 63
49: 48 66
50: 47 65
51: 54 68
52: 53 67
53: 52 70
54: 51 69
55: 72 106
56: 71 105
57: 74 108
58: 73 107
59: 76 110
60: 75 109
61: 78 112
62: 77 111
63: 48 97
64: 47 98
65: 50 100
66: 49 99
67: 52 102
68: 51 101
69: 54 104
70: 53 103
71: 56 97
72: 55 98
73: 58 100
74: 57 99
75: 60 102
76: 59 101
77: 62 104
78: 61 103
79: 18 128
80: 17 127
81: 20 126
82: 19 125
83: 22 124
84: 21 123
85: 24 122
86: 23 121
87: 26 120
88: 25 119
89: 28 106
90: 27 105
91: 30 108
92: 29 107
93: 32 110
94: 31 109
95: 34 112
96: 33 111
97: 63 71 125
98: 64 72 126
99: 66 74 116
100: 65 73 115
101: 68 76 128
102: 67 75 127
103: 70 78 118
104: 69 77 117
105: 56 90 120
106: 55 89 119
107: 58 92 122
108: 57 91 121
109: 60 94 124
110: 59 93 123
111: 62 96 114
112: 61 95 113
113: 16 40 112
114: 15 39 111
115: 14 38 100
116: 13 37 99
117: 12 36 104
118: 11 35 103
119: 10 88 106
120: 9 87 105
121: 8 86 108
122: 7 85 107
123: 6 84 110
124: 5 83 109
125: 4 82 97
126: 3 81 98
127: 2 80 102
128: 1 79 101

1: 7
2: 5
3: 6 7
4: 6 7
5: 2 6 7
6: 3 4 5
7: 1 3 4 5

1: 12
2: 8
3: 10
4: 11 12
5: 10 12
6: 8 11 12
7: 10 11 12
8: 2 6 9
9: 8 10 11 12
10: 3 5 7 9
11: 4 6 7 9
12: 1 4 5 6 7 9

1: 7
2: 4 12
3: 5 13
4: 2 7 14
5: 3 7 14
6: 8 9 14
7: 1 4 5
8: 6 10 13
9: 6 10 12
10: 8 9 11
11: 10 12 13
12: 2 9 11 14
13: 3 8 11 14
14: 4 5 6 12 13

1: 14
2: 14
3: 14
4: 14
5: 14
6: 13
7: 11
8: 12
9: 12
10: 11
11: 7 10 13
12: 8 9 13
13: 6 11 12 14
14: 1 2 3 4 5 13

1: 42
2: 42
3: 42
4: 42
5: 42
6: 42
7: 42
8: 42
9: 38
10: 41
11: 39
12: 40
13: 40
14: 40
15: 40
16: 39
17: 39
18: 39
19: 37
20: 37
21: 37
22: 36
23: 36
24: 36
25: 31
26: 31
27: 35
28: 35
29: 34
30: 34
31: 25 26 41
32: 34 36 38
33: 35 37 38
34: 29 30 32
35: 27 28 33
36: 22 23 24 32
37: 19 20 21 33
38: 9 32 33 41
39: 11 16 17 18 41
40: 12 13 14 15 41
41: 10 31 38 39 40 42
42: 1 2 3 4 5 6 7 8 41

1: 132
2: 132
3: 132
4: 132
5: 132
6: 132
7: 132
8: 132
9: 132
10: 132
11: 132
12: 132
13: 132
14: 126
15: 111
16: 111
17: 111
18: 114
19: 131
20: 131
21: 130
22: 130
23: 130
24: 130
25: 130
26: 130
27: 129
28: 129
29: 129
30: 129
31: 129
32: 129
33: 127
34: 128
35: 128
36: 128
37: 128
38: 128
39: 128
40: 127
41: 127
42: 127
43: 127
44: 127
45: 125
46: 125
47: 125
48: 125
49: 125
50: 124
51: 124
52: 124
53: 124
54: 124
55: 123
56: 123
57: 123
58: 123
59: 122
60: 122
61: 122
62: 122
63: 119
64: 119
65: 119
66: 119
67: 120
68: 121
69: 121
70: 121
71: 121
72: 120
73: 120
74: 120
75: 117
76: 117
77: 118
78: 118
79: 113
80: 113
81: 113
82: 112
83: 112
84: 112
85: 104
86: 104
87: 108
88: 108
89: 107
90: 107
91: 99
92: 100
93: 100
94: 99
95: 101
96: 102
97: 102
98: 101
99: 91 94 116
100: 92 93 116
101: 95 98 115
102: 96 97 115
103: 104 111 126
104: 85 86 103
105: 109 114 116
106: 110 114 115
107: 89 90 109
108: 87 88 110
109: 105 107 112
110: 106 108 113
111: 15 16 17 103
112: 82 83 84 109
113: 79 80 81 110
114: 18 105 106 126
115: 101 102 106 125
116: 99 100 105 124
117: 75 76 122 126 129
118: 77 78 123 126 130
119: 63 64 65 66 131
120: 67 72 73 74 131
121: 68 69 70 71 131
122: 59 60 61 62 117
123: 55 56 57 58 118
124: 50 51 52 53 54 116
125: 45 46 47 48 49 115
126: 14 103 114 117 118 131
127: 33 40 41 42 43 44 131
128: 34 35 36 37 38 39 131
129: 27 28 29 30 31 32 117
130: 21 22 23 24 25 26 118
131: 19 20 119 120 121 126 127 128 132
132: 1 2 3 4 5 6 7 8 9 10 11 12 13 131

1: 10
2: 9
3: 6 13
4: 5 14
5: 4 12
6: 3 11
7: 10 13
8: 9 14
9: 2 8
10: 1 7
11: 6 12 13
12: 5 11 14
13: 3 7 11
14: 4 8 12

1: 17
2: 16
3: 32 33
4: 31 35
5: 30 34
6: 17 37
7: 16 36
8: 11 27
9: 10 26
10: 9 29
11: 8 28
12: 15 37
13: 14 36
14: 13 25
15: 12 24
16: 2 7
17: 1 6
18: 33 35 42
19: 32 34 41
20: 23 27 42
21: 22 26 41
22: 21 29 39
23: 20 28 40
24: 15 31 37
25: 14 30 36
26: 9 21 29
27: 8 20 28
28: 11 23 27
29: 10 22 26
30: 5 25 39
31: 4 24 40
32: 3 19 38
33: 3 18 38
34: 5 19 39
35: 4 18 40
36: 7 13 25
37: 6 12 24
38: 32 33 41 42
39: 22 30 34 41
40: 23 31 35 42
41: 19 21 38 39
42: 18 20 38 40

1: 14
2: 9
3: 8
4: 10 11
5: 6 13
6: 5 12
7: 9 12
8: 3 11
9: 2 7
10: 4 13 14
11: 4 8 14
12: 6 7 13
13: 5 10 12
14: 1 10 11

1: 34
2: 33
3: 15
4: 17
5: 16
6: 30 40
7: 22 24
8: 26 27
9: 25 28
10: 23 29
11: 12 42
12: 11 41
13: 14 32
14: 13 31
15: 3 21
16: 5 30
17: 4 29
18: 27 28 39
19: 20 32 39
20: 19 31 38
21: 15 22 33
22: 7 21 35
23: 10 26 34
24: 7 35 36
25: 9 36 37
26: 8 23 38
27: 8 18 38
28: 9 18 37
29: 10 17 34
30: 6 16 41
31: 14 20 32
32: 13 19 31
33: 2 21 35
34: 1 23 29
35: 22 24 33 42
36: 24 25 40 42
37: 25 28 39 40
38: 20 26 27 39
39: 18 19 37 38
40: 6 36 37 41
41: 12 30 40 42
42: 11 35 36 41

1: 11
2: 6
3: 7
4: 8
5: 9
6: 2 14
7: 3 14
8: 4 12
9: 5 13
10: 12 13 14
11: 1 12 13
12: 8 10 11
13: 9 10 11
14: 6 7 10

1: 26
2: 25
3: 28
4: 27
5: 15
6: 16
7: 17
8: 18
9: 20
10: 19
11: 22
12: 21
13: 24
14: 23
15: 5 34
16: 6 34
17: 7 33
18: 8 33
19: 10 32
20: 9 31
21: 12 30
22: 11 29
23: 14 41
24: 13 42
25: 2 30 40
26: 1 29 40
27: 4 32 41
28: 3 31 42
29: 22 26 36
30: 21 25 35
31: 20 28 39
32: 19 27 38
33: 17 18 39
34: 15 16 38
35: 30 37 40 41
36: 29 37 40 42
37: 35 36 38 39
38: 32 34 37 41
39: 31 33 37 42
40: 25 26 35 36
41: 23 27 35 38
42: 24 28 36 39

1: 4 5
2: 6 8
3: 7 9
4: 1 10 12
5: 1 11 12
6: 2 11 12
7: 3 11 12
8: 2 10 12
9: 3 10 12
10: 4 8 9
11: 5 6 7
12: 4 5 6 7 8 9

1: 15
2: 14
3: 13 16
4: 13 16
5: 12 16
6: 11 16
7: 8 11
8: 7 10
9: 12 15
10: 8 14
11: 6 7
12: 5 9
13: 3 4
14: 2 10
15: 1 9
16: 3 4 5 6

1: 25
2: 24
3: 12 29
4: 13 28
5: 7 28
6: 7 28
7: 5 6
8: 10 11
9: 27 29
10: 8 27
11: 8 27
12: 3 26
13: 4 26
14: 17 29
15: 16 28
16: 15 19
17: 14 18
18: 17 21
19: 16 20
20: 19 23
21: 18 22
22: 21 25
23: 20 24
24: 2 23
25: 1 22
26: 12 13 27 29
27: 9 10 11 26
28: 4 5 6 15
29: 3 9 14 26

1: 43
2: 42
3: 23 24
4: 20 21
5: 12 13
6: 10 11
7: 28 29
8: 18 54
9: 16 53
10: 6 54
11: 6 54
12: 5 53
13: 5 53
14: 15 52
15: 14 47
16: 9 47
17: 26 51
18: 8 51
19: 25 46
20: 4 46
21: 4 46
22: 27 49
23: 3 50
24: 3 50
25: 19 48
26: 17 44
27: 22 44
28: 7 45
29: 7 45
30: 48 49
31: 44 45
32: 35 54
33: 34 53
34: 33 37
35: 32 36
36: 35 39
37: 34 38
38: 37 41
39: 36 40
40: 39 43
41: 38 42
42: 2 41
43: 1 40
44: 26 27 31 51
45: 28 29 31 51
46: 19 20 21 48
47: 15 16 50 52
48: 25 30 46 52
49: 22 30 50 52
50: 23 24 47 49
51: 17 18 44 45
52: 14 47 48 49
53: 9 12 13 33
54: 8 10 11 32

1: 73
2: 72
3: 41 42
4: 43 44
5: 39 40
6: 38 101
7: 37 100
8: 49 50
9: 51 52
10: 47 48
11: 45 46
12: 35 36
13: 17 101
14: 17 101
15: 18 100
16: 18 100
17: 13 14
18: 15 16
19: 20 97
20: 19 93
21: 23 79
22: 34 88
23: 21 93
24: 33 92
25: 30 87
26: 29 91
27: 32 90
28: 31 89
29: 26 80
30: 25 81
31: 28 81
32: 27 80
33: 24 78
34: 22 77
35: 12 74
36: 12 74
37: 7 90
38: 6 89
39: 5 82
40: 5 82
41: 3 84
42: 3 84
43: 4 83
44: 4 83
45: 11 78
46: 11 78
47: 10 77
48: 10 77
49: 8 76
50: 8 76
51: 9 75
52: 9 75
53: 79 96
54: 79 86
55: 91 95
56: 74 86
57: 87 88
58: 85 92
59: 85 94
60: 76 81
61: 75 80
62: 65 101
63: 64 100
64: 63 67
65: 62 66
66: 65 69
67: 64 68
68: 67 71
69: 66 70
70: 69 73
71: 68 72
72: 2 71
73: 1 70
74: 35 36 56 95
75: 51 52 61 90
76: 49 50 60 89
77: 34 47 48 88
78: 33 45 46 92
79: 21 53 54 98
80: 29 32 61 90
81: 30 31 60 89
82: 39 40 85 92
83: 43 44 87 93
84: 41 42 91 94
85: 58 59 82 96
86: 54 56 95 98
87: 25 57 83 97
88: 22 57 77 97
89: 28 38 76 81
90: 27 37 75 80
91: 26 55 84 99
92: 24 58 78 82
93: 20 23 83 97
94: 59 84 96 99
95: 55 74 86 99
96: 53 85 94 98
97: 19 87 88 93
98: 79 86 96 99
99: 91 94 95 98
100: 7 15 16 63
101: 6 13 14 62

1: 4 15
2: 8 17
3: 8 17
4: 1 14
5: 7 14
6: 7 14
7: 5 6
8: 2 3
9: 11 16
10: 13 15
11: 9 12
12: 11 16 17
13: 10 16 17
14: 4 5 6 15
15: 1 10 14 16
16: 9 12 13 15
17: 2 3 12 13

1: 6 34
2: 6 34
3: 13 14
4: 10 11
5: 8 9
6: 1 2
7: 15 26
8: 5 26
9: 5 26
10: 4 28
11: 4 28
12: 24 30
13: 3 24
14: 3 24
15: 7 27
16: 25 27
17: 23 25
18: 22 31
19: 22 30
20: 21 29
21: 20 33 34
22: 18 19 32
23: 17 31 33 34
24: 12 13 14 29
25: 16 17 28 31
26: 7 8 9 27
27: 15 16 26 28
28: 10 11 25 27
29: 20 24 30 33
30: 12 19 29 32
31: 18 23 25 32
32: 22 30 31 33
33: 21 23 29 32
34: 1 2 21 23

1: 5 7
2: 6 7
3: 6 7
4: 5 7
5: 1 4
6: 2 3
7: 1 2 3 4

1: 25 26
2: 27 28
3: 29 30
4: 31 32
5: 21 22
6: 23 24
7: 33 34
8: 35 36
9: 12 82
10: 11 81
11: 10 80
12: 9 79
13: 18 68
14: 17 67
15: 20 66
16: 19 65
17: 14 54
18: 13 53
19: 16 56
20: 15 55
21: 5 58
22: 5 58
23: 6 57
24: 6 57
25: 1 54
26: 1 54
27: 2 53
28: 2 53
29: 3 56
30: 3 56
31: 4 55
32: 4 55
33: 7 52
34: 7 52
35: 8 51
36: 8 51
37: 66 70
38: 65 69
39: 64 72
40: 63 71
41: 62 78
42: 61 77
43: 62 68
44: 61 67
45: 59 76
46: 60 75
47: 59 74
48: 60 73
49: 52 64
50: 51 63
51: 35 36 50 78
52: 33 34 49 77
53: 18 27 28 68
54: 17 25 26 67
55: 20 31 32 66
56: 19 29 30 65
57: 23 24 62 68
58: 21 22 61 67
59: 45 47 86 88
60: 46 48 87 89
61: 42 44 58 76
62: 41 43 57 75
63: 40 50 78 89
64: 39 49 77 88
65: 16 38 56 82
66: 15 37 55 81
67: 14 44 54 58
68: 13 43 53 57
69: 38 71 82 84
70: 37 72 81 83
71: 40 69 87 89
72: 39 70 86 88
73: 48 80 85 87
74: 47 79 85 86
75: 46 62 78 89
76: 45 61 77 88
77: 42 52 64 76
78: 41 51 63 75
79: 12 74 82 84
80: 11 73 81 83
81: 10 66 70 80
82: 9 65 69 79
83: 70 80 85 86
84: 69 79 85 87
85: 73 74 83 84
86: 59 72 74 83
87: 60 71 73 84
88: 59 64 72 76
89: 60 63 71 75

1: 15
2: 12
3: 13
4: 14
5: 9
6: 11
7: 10
8: 14 16
9: 5 16
10: 7 15
11: 6 13
12: 2 14 15
13: 3 11 16
14: 4 8 12
15: 1 10 12
16: 8 9 13

1: 16
2: 15
3: 14
4: 13 16
5: 12 16
6: 8 14
7: 9 15
8: 6 11
9: 7 10
10: 9 13
11: 8 12
12: 5 11
13: 4 10
14: 3 6
15: 2 7
16: 1 4 5

1: 28
2: 29
3: 27
4: 26
5: 25 30
6: 25 30
7: 24 30
8: 23 30
9: 12 22
10: 11 21
11: 10 16
12: 9 15
13: 18 24
14: 17 23
15: 12 20
16: 11 19
17: 14 28
18: 13 29
19: 16 28
20: 15 29
21: 10 27
22: 9 26
23: 8 14
24: 7 13
25: 5 6
26: 4 22
27: 3 21
28: 1 17 19
29: 2 18 20
30: 5 6 7 8

1: 55
2: 54
3: 52
4: 53
5: 49
6: 48
7: 12 28
8: 11 27
9: 14 26
10: 13 25
11: 8 22
12: 7 21
13: 10 24
14: 9 23
15: 17 18
16: 19 20
17: 15 57
18: 15 57
19: 16 56
20: 16 56
21: 12 57
22: 11 56
23: 14 57
24: 13 56
25: 10 55
26: 9 54
27: 8 52
28: 7 53
29: 30 31
30: 29 32
31: 29 33
32: 30 36
33: 31 37
34: 50 52
35: 50 53
36: 32 51
37: 33 51
38: 41 55
39: 40 54
40: 39 43
41: 38 42
42: 41 45
43: 40 44
44: 43 47
45: 42 46
46: 45 49
47: 44 48
48: 6 47
49: 5 46
50: 34 35 51
51: 36 37 50
52: 3 27 34
53: 4 28 35
54: 2 26 39
55: 1 25 38
56: 19 20 22 24
57: 17 18 21 23

1: 106
2: 105
3: 102
4: 101
5: 104
6: 103
7: 94
8: 93
9: 71 111
10: 70 111
11: 16 44
12: 15 43
13: 18 42
14: 17 41
15: 12 38
16: 11 37
17: 14 40
18: 13 39
19: 33 34
20: 35 36
21: 24 46
22: 23 45
23: 22 32
24: 21 31
25: 27 28
26: 29 30
27: 25 110
28: 25 110
29: 26 109
30: 26 109
31: 24 110
32: 23 109
33: 19 108
34: 19 108
35: 20 107
36: 20 107
37: 16 108
38: 15 107
39: 18 108
40: 17 107
41: 14 106
42: 13 105
43: 12 104
44: 11 103
45: 22 102
46: 21 101
47: 48 49
48: 47 50
49: 47 51
50: 48 52
51: 49 53
52: 50 61
53: 51 60
54: 56 57
55: 58 59
56: 54 62
57: 54 63
58: 55 64
59: 55 65
60: 53 67
61: 52 66
62: 56 76
63: 57 77
64: 58 78
65: 59 79
66: 61 81
67: 60 80
68: 71 110
69: 70 109
70: 10 69
71: 9 68
72: 99 102
73: 100 101
74: 99 104
75: 100 103
76: 62 98
77: 63 98
78: 64 97
79: 65 97
80: 67 96
81: 66 95
82: 95 96
83: 86 106
84: 85 105
85: 84 88
86: 83 87
87: 86 90
88: 85 89
89: 88 92
90: 87 91
91: 90 94
92: 89 93
93: 8 92
94: 7 91
95: 81 82 111
96: 80 82 111
97: 78 79 99
98: 76 77 100
99: 72 74 97
100: 73 75 98
101: 4 46 73
102: 3 45 72
103: 6 44 75
104: 5 43 74
105: 2 42 84
106: 1 41 83
107: 35 36 38 40
108: 33 34 37 39
109: 29 30 32 69
110: 27 28 31 68
111: 9 10 95 96

1: 202
2: 201
3: 200
4: 199
5: 194
6: 193
7: 196
8: 195
9: 198
10: 197
11: 192
12: 191
13: 190
14: 173
15: 172
16: 21 89
17: 20 88
18: 21 91
19: 20 90
20: 17 19
21: 16 18
22: 31 83
23: 30 82
24: 33 81
25: 32 80
26: 35 85
27: 34 84
28: 37 87
29: 36 86
30: 23 73
31: 22 72
32: 25 75
33: 24 74
34: 27 65
35: 26 64
36: 29 67
37: 28 66
38: 56 57
39: 58 59
40: 60 61
41: 62 63
42: 68 69
43: 70 71
44: 49 77
45: 48 76
46: 51 79
47: 50 78
48: 45 214
49: 44 213
50: 47 214
51: 46 213
52: 55 212
53: 54 211
54: 53 209
55: 52 210
56: 38 204
57: 38 204
58: 39 203
59: 39 203
60: 40 206
61: 40 206
62: 41 205
63: 41 205
64: 35 204
65: 34 203
66: 37 206
67: 36 205
68: 42 208
69: 42 208
70: 43 207
71: 43 207
72: 31 208
73: 30 207
74: 33 208
75: 32 207
76: 45 204
77: 44 203
78: 47 206
79: 46 205
80: 25 202
81: 24 201
82: 23 198
83: 22 197
84: 27 194
85: 26 193
86: 29 196
87: 28 195
88: 17 192
89: 16 192
90: 19 191
91: 18 190
92: 191 209
93: 190 210
94: 96 97
95: 98 99
96: 94 100
97: 94 101
98: 95 102
99: 95 103
100: 96 106
101: 97 107
102: 98 108
103: 99 109
104: 121 209
105: 120 210
106: 100 117
107: 101 116
108: 102 119
109: 103 118
110: 112 113
111: 114 115
112: 110 130
113: 110 131
114: 111 132
115: 111 133
116: 107 125
117: 106 124
118: 109 127
119: 108 126
120: 105 129
121: 104 128
122: 159 209
123: 158 210
124: 117 149
125: 116 148
126: 119 151
127: 118 150
128: 121 157
129: 120 156
130: 112 152
131: 113 153
132: 114 154
133: 115 155
134: 179 212
135: 179 211
136: 180 212
137: 180 211
138: 181 200
139: 181 199
140: 183 196
141: 182 195
142: 183 198
143: 182 197
144: 185 200
145: 184 199
146: 185 194
147: 184 193
148: 125 175
149: 124 174
150: 127 177
151: 126 176
152: 130 189
153: 131 189
154: 132 188
155: 133 188
156: 129 187
157: 128 186
158: 123 187
159: 122 186
160: 174 175
161: 176 177
162: 165 202
163: 164 201
164: 163 167
165: 162 166
166: 165 169
167: 164 168
168: 167 171
169: 166 170
170: 169 173
171: 168 172
172: 15 171
173: 14 170
174: 149 160 214
175: 148 160 214
176: 151 161 213
177: 150 161 213
178: 179 211 212
179: 134 135 178
180: 136 137 181
181: 138 139 180
182: 141 143 189
183: 140 142 188
184: 145 147 187
185: 144 146 186
186: 157 159 185
187: 156 158 184
188: 154 155 183
189: 152 153 182
190: 13 91 93
191: 12 90 92
192: 11 88 89
193: 6 85 147
194: 5 84 146
195: 8 87 141
196: 7 86 140
197: 10 83 143
198: 9 82 142
199: 4 139 145
200: 3 138 144
201: 2 81 163
202: 1 80 162
203: 58 59 65 77
204: 56 57 64 76
205: 62 63 67 79
206: 60 61 66 78
207: 70 71 73 75
208: 68 69 72 74
209: 54 92 104 122
210: 55 93 105 123
211: 53 135 137 178
212: 52 134 136 178
213: 49 51 176 177
214: 48 50 174 175

1: 14
2: 14
3: 9
4: 13
5: 11
6: 11
7: 12
8: 10
9: 3 12
10: 8 13 14
11: 5 6 14
12: 7 9 13
13: 4 10 12
14: 1 2 10 11

1: 2 3 4
2: 1 39 40
3: 1 41 44
4: 1 42 43
5: 6 7 8
6: 5 12 13
7: 5 14 15
8: 5 16 17
9: 12 13 18
10: 14 15 19
11: 16 17 20
12: 6 9 21
13: 6 9 22
14: 7 10 23
15: 7 10 24
16: 8 11 25
17: 8 11 26
18: 9 21 22
19: 10 23 24
20: 11 25 26
21: 12 18 30
22: 13 18 31
23: 14 19 32
24: 15 19 33
25: 16 20 34
26: 17 20 35
27: 30 31 36
28: 32 33 37
29: 34 35 38
30: 21 27 39
31: 22 27 40
32: 23 28 41
33: 24 28 44
34: 25 29 43
35: 26 29 42
36: 27 39 40
37: 28 41 44
38: 29 42 43
39: 2 30 36
40: 2 31 36
41: 3 32 37
42: 4 35 38
43: 4 34 38
44: 3 33 37

1: 31
2: 28
3: 28
4: 28
5: 20
6: 21
7: 22
8: 23
9: 24
10: 25
11: 29
12: 30
13: 30
14: 30
15: 30
16: 29
17: 29
18: 29
19: 28 31
20: 5 26
21: 6 27
22: 7 27
23: 8 27
24: 9 26
25: 10 26
26: 20 24 25 31
27: 21 22 23 31
28: 2 3 4 19
29: 11 16 17 18 31
30: 12 13 14 15 31
31: 1 19 26 27 29 30

1: 11
2: 11
3: 9
4: 9
5: 10
6: 10
7: 9 11
8: 10 11
9: 3 4 7
10: 5 6 8
11: 1 2 7 8

1: 10
2: 10
3: 12
4: 12
5: 12
6: 11
7: 11
8: 10 11
9: 11 12
10: 1 2 8
11: 6 7 8 9
12: 3 4 5 9

1: 13
2: 13
3: 11
4: 11
5: 11
6: 12
7: 12
8: 12
9: 11 13
10: 12 13
11: 3 4 5 9
12: 6 7 8 10
13: 1 2 9 10

1: 14
2: 11
3: 11
4: 12
5: 12
6: 13
7: 13
8: 11 14
9: 12 14
10: 13 14
11: 2 3 8
12: 4 5 9
13: 6 7 10
14: 1 8 9 10

1: 15
2: 15
3: 14
4: 14
5: 13
6: 13
7: 12
8: 12
9: 14 15
10: 12 14
11: 13 15
12: 7 8 10
13: 5 6 11
14: 3 4 9 10
15: 1 2 9 11

1: 13
2: 13
3: 14
4: 14
5: 16
6: 16
7: 16
8: 15
9: 15
10: 13 14
11: 14 15
12: 15 16
13: 1 2 10
14: 3 4 10 11
15: 8 9 11 12
16: 5 6 7 12

1: 13
2: 13
3: 14
4: 14
5: 15
6: 15
7: 16
8: 16
9: 13 17
10: 14 17
11: 15 17
12: 16 17
13: 1 2 9
14: 3 4 10
15: 5 6 11
16: 7 8 12
17: 9 10 11 12

1: 18
2: 14
3: 14
4: 17
5: 17
6: 15
7: 15
8: 16
9: 16
10: 17 18
11: 15 18
12: 16 18
13: 14 17
14: 2 3 13
15: 6 7 11
16: 8 9 12
17: 4 5 10 13
18: 1 10 11 12

1: 17
2: 17
3: 18
4: 18
5: 19
6: 19
7: 16
8: 16
9: 15
10: 15
11: 17 18
12: 17 19
13: 16 18
14: 15 19
15: 9 10 14
16: 7 8 13
17: 1 2 11 12
18: 3 4 11 13
19: 5 6 12 14

1: 16
2: 16
3: 17
4: 17
5: 18
6: 18
7: 20
8: 20
9: 20
10: 19
11: 19
12: 16 17
13: 17 18
14: 18 19
15: 19 20
16: 1 2 12
17: 3 4 12 13
18: 5 6 13 14
19: 10 11 14 15
20: 7 8 9 15

1: 21
2: 20
3: 17
4: 17
5: 16
6: 16
7: 18
8: 18
9: 19
10: 19
11: 20 21
12: 16 20
13: 18 21
14: 19 21
15: 17 20
16: 5 6 12
17: 3 4 15
18: 7 8 13
19: 9 10 14
20: 2 11 12 15
21: 1 11 13 14

1: 22
2: 17
3: 17
4: 20
5: 20
6: 21
7: 21
8: 19
9: 19
10: 18
11: 18
12: 17 22
13: 20 22
14: 21 22
15: 19 20
16: 18 21
17: 2 3 12
18: 10 11 16
19: 8 9 15
20: 4 5 13 15
21: 6 7 14 16
22: 1 12 13 14

1: 22
2: 22
3: 23
4: 23
5: 21
6: 21
7: 20
8: 20
9: 19
10: 19
11: 18
12: 18
13: 21 22
14: 20 23
15: 20 21
16: 19 22
17: 18 23
18: 11 12 17
19: 9 10 16
20: 7 8 14 15
21: 5 6 13 15
22: 1 2 13 16
23: 3 4 14 17

1: 23
2: 21
3: 21
4: 22
5: 22
6: 18
7: 18
8: 19
9: 19
10: 20
11: 20
12: 23 24
13: 18 24
14: 19 24
15: 20 24
16: 21 23
17: 22 23
18: 6 7 13
19: 8 9 14
20: 10 11 15
21: 2 3 16
22: 4 5 17
23: 1 12 16 17
24: 12 13 14 15

1: 25
2: 23
3: 23
4: 24
5: 19
6: 19
7: 20
8: 20
9: 21
10: 21
11: 22
12: 22
13: 23 25
14: 24 25
15: 19 25
16: 20 23
17: 21 24
18: 22 24
19: 5 6 15
20: 7 8 16
21: 9 10 17
22: 11 12 18
23: 2 3 13 16
24: 4 14 17 18
25: 1 13 14 15

1: 26
2: 23
3: 23
4: 24
5: 24
6: 25
7: 25
8: 20
9: 20
10: 22
11: 22
12: 21
13: 21
14: 23 26
15: 24 26
16: 25 26
17: 20 23
18: 22 24
19: 21 25
20: 8 9 17
21: 12 13 19
22: 10 11 18
23: 2 3 14 17
24: 4 5 15 18
25: 6 7 16 19
26: 1 14 15 16

1: 20
2: 20
3: 21
4: 21
5: 22
6: 22
7: 23
8: 23
9: 24
10: 24
11: 25
12: 25
13: 26 27
14: 20 26
15: 21 27
16: 22 27
17: 23 27
18: 24 26
19: 25 26
20: 1 2 14
21: 3 4 15
22: 5 6 16
23: 7 8 17
24: 9 10 18
25: 11 12 19
26: 13 14 18 19
27: 13 15 16 17

1: 28
2: 26
3: 27
4: 21
5: 21
6: 22
7: 22
8: 23
9: 23
10: 24
11: 24
12: 25
13: 25
14: 26 28
15: 27 28
16: 21 28
17: 22 26
18: 23 26
19: 24 27
20: 25 27
21: 4 5 16
22: 6 7 17
23: 8 9 18
24: 10 11 19
25: 12 13 20
26: 2 14 17 18
27: 3 15 19 20
28: 1 14 15 16

1: 29
2: 28
3: 26
4: 26
5: 27
6: 27
7: 23
8: 23
9: 22
10: 22
11: 25
12: 25
13: 24
14: 24
15: 28 29
16: 26 29
17: 27 28
18: 23 29
19: 22 28
20: 25 26
21: 24 27
22: 9 10 19
23: 7 8 18
24: 13 14 21
25: 11 12 20
26: 3 4 16 20
27: 5 6 17 21
28: 2 15 17 19
29: 1 15 16 18

1: 30
2: 26
3: 26
4: 27
5: 27
6: 28
7: 28
8: 29
9: 29
10: 23
11: 23
12: 25
13: 25
14: 24
15: 24
16: 27 30
17: 28 30
18: 29 30
19: 26 27
20: 23 26
21: 25 28
22: 24 29
23: 10 11 20
24: 14 15 22
25: 12 13 21
26: 2 3 19 20
27: 4 5 16 19
28: 6 7 17 21
29: 8 9 18 22
30: 1 16 17 18

1: 29
2: 30
3: 25
4: 25
5: 26
6: 26
7: 27
8: 27
9: 28
10: 28
11: 23
12: 23
13: 24
14: 24
15: 29 31
16: 30 31
17: 23 31
18: 24 31
19: 25 29
20: 26 29
21: 27 30
22: 28 30
23: 11 12 17
24: 13 14 18
25: 3 4 19
26: 5 6 20
27: 7 8 21
28: 9 10 22
29: 1 15 19 20
30: 2 16 21 22
31: 15 16 17 18

1: 29
2: 29
3: 30
4: 32
5: 31
6: 24
7: 24
8: 25
9: 25
10: 26
11: 26
12: 28
13: 28
14: 27
15: 27
16: 29 31
17: 30 32
18: 31 32
19: 24 29
20: 25 30
21: 26 30
22: 28 32
23: 27 31
24: 6 7 19
25: 8 9 20
26: 10 11 21
27: 14 15 23
28: 12 13 22
29: 1 2 16 19
30: 3 17 20 21
31: 5 16 18 23
32: 4 17 18 22

1: 33
2: 32
3: 29
4: 29
5: 30
6: 30
7: 31
8: 31
9: 25
10: 25
11: 26
12: 26
13: 28
14: 28
15: 27
16: 27
17: 32 33
18: 29 33
19: 30 32
20: 31 32
21: 25 33
22: 26 29
23: 28 30
24: 27 31
25: 9 10 21
26: 11 12 22
27: 15 16 24
28: 13 14 23
29: 3 4 18 22
30: 5 6 19 23
31: 7 8 20 24
32: 2 17 19 20
33: 1 17 18 21

1: 2 3 4
2: 1 22 24
3: 1 23 24
4: 1 23 24
5: 18 21 22
6: 19 20 22
7: 8 9 23
8: 7 12 13
9: 7 14 15
10: 12 13 16
11: 14 15 17
12: 8 10 18
13: 8 10 21
14: 9 11 19
15: 9 11 20
16: 10 18 21
17: 11 19 20
18: 5 12 16
19: 6 14 17
20: 6 15 17
21: 5 13 16
22: 2 5 6
23: 3 4 7
24: 2 3 4

1: 2 3 4
2: 1 21 22
3: 1 23 26
4: 1 24 25
5: 6 7 8
6: 5 12 13
7: 5 14 15
8: 5 16 17
9: 12 13 18
10: 14 15 19
11: 16 17 20
12: 6 9 21
13: 6 9 22
14: 7 10 23
15: 7 10 26
16: 8 11 24
17: 8 11 25
18: 9 21 22
19: 10 23 26
20: 11 24 25
21: 2 12 18
22: 2 13 18
23: 3 14 19
24: 4 16 20
25: 4 17 20
26: 3 15 19

1: 9
2: 9
3: 7
4: 6
5: 8
6: 4 9
7: 3 8
8: 5 7 9
9: 1 2 6 8

1: 10
2: 8
3: 9
4: 6
5: 7
6: 4 10
7: 5 10
8: 2 9
9: 3 8 10
10: 1 6 7 9

1: 11
2: 8
3: 10
4: 10
5: 7
6: 9
7: 5 11
8: 2 9
9: 6 8 11
10: 3 4 11
11: 1 7 9 10

1: 12
2: 7
3: 11
4: 10
5: 8
6: 9
7: 2 12
8: 5 10
9: 6 11
10: 4 8 12
11: 3 9 12
12: 1 7 10 11

1: 11
2: 13
3: 13
4: 10
5: 8
6: 9
7: 12
8: 5 11
9: 6 13
10: 4 12
11: 1 8 12
12: 7 10 11 13
13: 2 3 9 12

1: 12
2: 14
3: 11
4: 8
5: 13
6: 9
7: 10
8: 4 12
9: 6 14
10: 7 14
11: 3 13
12: 1 8 13
13: 5 11 12 14
14: 2 9 10 13

1: 13
2: 15
3: 12
4: 12
5: 14
6: 11
7: 9
8: 10
9: 7 13
10: 8 15
11: 6 14
12: 3 4 15
13: 1 9 14
14: 5 11 13 15
15: 2 10 12 14

1: 12
2: 12
3: 15
4: 15
5: 13
6: 14
7: 14
8: 13
9: 10 11
10: 9 12 15
11: 9 13 14
12: 1 2 10
13: 5 8 11
14: 6 7 11
15: 3 4 10

1: 20
2: 20
3: 21
4: 21
5: 24
6: 24
7: 27
8: 27
9: 25
10: 26
11: 26
12: 25
13: 22
14: 23
15: 23
16: 22
17: 18 19
18: 17 28 31
19: 17 29 30
20: 1 2 28
21: 3 4 28
22: 13 16 31
23: 14 15 31
24: 5 6 29
25: 9 12 30
26: 10 11 30
27: 7 8 29
28: 18 20 21
29: 19 24 27
30: 19 25 26
31: 18 22 23

1: 36
2: 36
3: 37
4: 37
5: 40
6: 40
7: 41
8: 41
9: 44
10: 44
11: 47
12: 47
13: 45
14: 46
15: 46
16: 45
17: 42
18: 43
19: 43
20: 42
21: 48
22: 48
23: 51
24: 51
25: 49
26: 50
27: 50
28: 49
29: 38
30: 39
31: 39
32: 38
33: 34 35
34: 33 60 63
35: 33 61 62
36: 1 2 52
37: 3 4 52
38: 29 32 53
39: 30 31 53
40: 5 6 56
41: 7 8 56
42: 17 20 59
43: 18 19 59
44: 9 10 57
45: 13 16 58
46: 14 15 58
47: 11 12 57
48: 21 22 54
49: 25 28 55
50: 26 27 55
51: 23 24 54
52: 36 37 60
53: 38 39 60
54: 48 51 63
55: 49 50 63
56: 40 41 61
57: 44 47 62
58: 45 46 62
59: 42 43 61
60: 34 52 53
61: 35 56 59
62: 35 57 58
63: 34 54 55

1: 68
2: 68
3: 69
4: 69
5: 72
6: 72
7: 73
8: 73
9: 76
10: 76
11: 77
12: 77
13: 80
14: 80
15: 83
16: 83
17: 81
18: 82
19: 82
20: 81
21: 78
22: 79
23: 79
24: 78
25: 84
26: 84
27: 87
28: 87
29: 85
30: 86
31: 86
32: 85
33: 74
34: 75
35: 75
36: 74
37: 88
38: 88
39: 89
40: 89
41: 92
42: 92
43: 95
44: 95
45: 93
46: 94
47: 94
48: 93
49: 90
50: 91
51: 91
52: 90
53: 96
54: 96
55: 99
56: 99
57: 97
58: 98
59: 98
60: 97
61: 70
62: 71
63: 71
64: 70
65: 66 67
66: 65 124 127
67: 65 125 126
68: 1 2 108
69: 3 4 108
70: 61 64 109
71: 62 63 109
72: 5 6 112
73: 7 8 112
74: 33 36 113
75: 34 35 113
76: 9 10 116
77: 11 12 116
78: 21 24 119
79: 22 23 119
80: 13 14 117
81: 17 20 118
82: 18 19 118
83: 15 16 117
84: 25 26 114
85: 29 32 115
86: 30 31 115
87: 27 28 114
88: 37 38 120
89: 39 40 120
90: 49 52 123
91: 50 51 123
92: 41 42 121
93: 45 48 122
94: 46 47 122
95: 43 44 121
96: 53 54 110
97: 57 60 111
98: 58 59 111
99: 55 56 110
100: 108 109 124
101: 110 111 124
102: 120 123 127
103: 121 122 127
104: 112 113 125
105: 116 119 126
106: 117 118 126
107: 114 115 125
108: 68 69 100
109: 70 71 100
110: 96 99 101
111: 97 98 101
112: 72 73 104
113: 74 75 104
114: 84 87 107
115: 85 86 107
116: 76 77 105
117: 80 83 106
118: 81 82 106
119: 78 79 105
120: 88 89 102
121: 92 95 103
122: 93 94 103
123: 90 91 102
124: 66 100 101
125: 67 104 107
126: 67 105 106
127: 66 102 103

1: 32
2: 32
3: 32
4: 35
5: 35
6: 35
7: 36
8: 36
9: 36
10: 37
11: 38
12: 38
13: 38
14: 37
15: 37
16: 39
17: 40
18: 40
19: 40
20: 39
21: 39
22: 33
23: 34
24: 34
25: 34
26: 33
27: 33
28: 29 30 31
29: 28 32 33 34
30: 28 35 39 40
31: 28 36 37 38
32: 1 2 3 29
33: 22 26 27 29
34: 23 24 25 29
35: 4 5 6 30
36: 7 8 9 31
37: 10 14 15 31
38: 11 12 13 31
39: 16 20 21 30
40: 17 18 19 30

1: 86
2: 86
3: 86
4: 89
5: 89
6: 89
7: 92
8: 92
9: 92
10: 95
11: 95
12: 95
13: 96
14: 96
15: 96
16: 97
17: 98
18: 98
19: 98
20: 97
21: 97
22: 99
23: 100
24: 100
25: 100
26: 99
27: 99
28: 93
29: 94
30: 94
31: 94
32: 93
33: 93
34: 101
35: 101
36: 101
37: 102
38: 102
39: 102
40: 103
41: 104
42: 104
43: 104
44: 103
45: 103
46: 105
47: 106
48: 106
49: 106
50: 105
51: 105
52: 90
53: 91
54: 91
55: 91
56: 90
57: 90
58: 107
59: 107
60: 107
61: 108
62: 108
63: 108
64: 109
65: 110
66: 110
67: 110
68: 109
69: 109
70: 111
71: 112
72: 112
73: 112
74: 111
75: 111
76: 87
77: 88
78: 88
79: 88
80: 87
81: 87
82: 83 84 85
83: 82 113 114 115
84: 82 116 120 121
85: 82 117 118 119
86: 1 2 3 113
87: 76 80 81 113
88: 77 78 79 113
89: 4 5 6 116
90: 52 56 57 116
91: 53 54 55 116
92: 7 8 9 117
93: 28 32 33 117
94: 29 30 31 117
95: 10 11 12 118
96: 13 14 15 119
97: 16 20 21 119
98: 17 18 19 119
99: 22 26 27 118
100: 23 24 25 118
101: 34 35 36 120
102: 37 38 39 121
103: 40 44 45 121
104: 41 42 43 121
105: 46 50 51 120
106: 47 48 49 120
107: 58 59 60 114
108: 61 62 63 115
109: 64 68 69 115
110: 65 66 67 115
111: 70 74 75 114
112: 71 72 73 114
113: 83 86 87 88
114: 83 107 111 112
115: 83 108 109 110
116: 84 89 90 91
117: 85 92 93 94
118: 85 95 99 100
119: 85 96 97 98
120: 84 101 105 106
121: 84 102 103 104

1: 9 13
2: 9 13
3: 12 14
4: 12 14
5: 10 16
6: 10 16
7: 11 15
8: 11 15
9: 1 2 16
10: 5 6 13
11: 7 8 14
12: 3 4 15
13: 1 2 10 14
14: 3 4 11 13
15: 7 8 12 16
16: 5 6 9 15

1: 24 29
2: 24 29
3: 23 30
4: 23 30
5: 22 31
6: 22 31
7: 21 32
8: 21 32
9: 19 25
10: 19 25
11: 20 26
12: 20 26
13: 18 28
14: 18 28
15: 17 27
16: 17 27
17: 15 16 29
18: 13 14 30
19: 9 10 32
20: 11 12 31
21: 7 8 25
22: 5 6 26
23: 3 4 28
24: 1 2 27
25: 9 10 21 29
26: 11 12 22 30
27: 15 16 24 32
28: 13 14 23 31
29: 1 2 17 25 30
30: 3 4 18 26 29
31: 5 6 20 28 32
32: 7 8 19 27 31

1: 44 61
2: 44 61
3: 43 62
4: 43 62
5: 41 64
6: 41 64
7: 42 63
8: 42 63
9: 47 57
10: 47 57
11: 48 58
12: 48 58
13: 45 60
14: 45 60
15: 46 59
16: 46 59
17: 35 54
18: 35 54
19: 36 53
20: 36 53
21: 34 56
22: 34 56
23: 33 55
24: 33 55
25: 39 49
26: 39 49
27: 40 50
28: 40 50
29: 37 52
30: 37 52
31: 38 51
32: 38 51
33: 23 24 61
34: 21 22 62
35: 17 18 64
36: 19 20 63
37: 29 30 57
38: 31 32 58
39: 25 26 60
40: 27 28 59
41: 5 6 54
42: 7 8 53
43: 3 4 56
44: 1 2 55
45: 13 14 49
46: 15 16 50
47: 9 10 52
48: 11 12 51
49: 25 26 45 61
50: 27 28 46 62
51: 31 32 48 64
52: 29 30 47 63
53: 19 20 42 57
54: 17 18 41 58
55: 23 24 44 60
56: 21 22 43 59
57: 9 10 37 53 61
58: 11 12 38 54 62
59: 15 16 40 56 64
60: 13 14 39 55 63
61: 1 2 33 49 57 62
62: 3 4 34 50 58 61
63: 7 8 36 52 60 64
64: 5 6 35 51 59 63

1: 84 125
2: 84 125
3: 83 126
4: 83 126
5: 81 127
6: 81 127
7: 82 128
8: 82 128
9: 87 121
10: 87 121
11: 88 122
12: 88 122
13: 85 123
14: 85 123
15: 86 124
16: 86 124
17: 91 118
18: 91 118
19: 89 120
20: 89 120
21: 90 119
22: 90 119
23: 92 117
24: 92 117
25: 93 115
26: 93 115
27: 94 116
28: 94 116
29: 95 113
30: 95 113
31: 96 114
32: 96 114
33: 68 105
34: 68 105
35: 67 106
36: 67 106
37: 66 108
38: 66 108
39: 65 107
40: 65 107
41: 72 109
42: 72 109
43: 71 110
44: 71 110
45: 69 112
46: 69 112
47: 70 111
48: 70 111
49: 75 97
50: 75 97
51: 76 98
52: 76 98
53: 73 100
54: 73 100
55: 74 99
56: 74 99
57: 80 101
58: 80 101
59: 79 102
60: 79 102
61: 77 104
62: 77 104
63: 78 103
64: 78 103
65: 39 40 125
66: 37 38 126
67: 35 36 128
68: 33 34 127
69: 45 46 121
70: 47 48 122
71: 43 44 124
72: 41 42 123
73: 53 54 118
74: 55 56 117
75: 49 50 120
76: 51 52 119
77: 61 62 113
78: 63 64 114
79: 59 60 116
80: 57 58 115
81: 5 6 105
82: 7 8 106
83: 3 4 108
84: 1 2 107
85: 13 14 109
86: 15 16 110
87: 9 10 112
88: 11 12 111
89: 19 20 97
90: 21 22 98
91: 17 18 100
92: 23 24 99
93: 25 26 101
94: 27 28 102
95: 29 30 104
96: 31 32 103
97: 49 50 89 125
98: 51 52 90 126
99: 55 56 92 128
100: 53 54 91 127
101: 57 58 93 121
102: 59 60 94 122
103: 63 64 96 124
104: 61 62 95 123
105: 33 34 81 118
106: 35 36 82 117
107: 39 40 84 120
108: 37 38 83 119
109: 41 42 85 113
110: 43 44 86 114
111: 47 48 88 116
112: 45 46 87 115
113: 29 30 77 109 125
114: 31 32 78 110 126
115: 25 26 80 112 128
116: 27 28 79 111 127
117: 23 24 74 106 121
118: 17 18 73 105 122
119: 21 22 76 108 124
120: 19 20 75 107 123
121: 9 10 69 101 117 125
122: 11 12 70 102 118 126
123: 13 14 72 104 120 128
124: 15 16 71 103 119 127
125: 1 2 65 97 113 121 126
126: 3 4 66 98 114 122 125
127: 5 6 68 100 116 124 128
128: 7 8 67 99 115 123 127

1: 5 6
2: 5 6
3: 7 8
4: 7 8
5: 1 2 7
6: 1 2 8
7: 3 4 5
8: 3 4 6

1: 3 4
2: 5 6
3: 1 7 8
4: 1 7 8
5: 2 7 8
6: 2 7 8
7: 3 4 5 6
8: 3 4 5 6

1: 84
2: 83
3: 82
4: 87
5: 90
6: 90
7: 85
8: 86
9: 88
10: 88
11: 89
12: 89
13: 78
14: 79
15: 81
16: 80
17: 69
18: 70
19: 72
20: 71
21: 77 78
22: 73 77
23: 24 83
24: 23 61
25: 26 54
26: 25 27
27: 26 28
28: 27 29
29: 28 30
30: 29 55
31: 32 49
32: 31 33
33: 32 34
34: 33 35
35: 34 36
36: 35 37
37: 36 38
38: 37 39
39: 38 88
40: 41 44
41: 40 42
42: 41 43
43: 42 89
44: 40 48
45: 47 65
46: 62 90
47: 45 64
48: 44 63
49: 31 51
50: 53 67
51: 49 52
52: 51 60
53: 50 59
54: 25 78
55: 30 79
56: 79 85
57: 81 87
58: 68 80
59: 53 81
60: 52 80
61: 24 75
62: 46 76
63: 48 76
64: 47 76
65: 45 74
66: 75 86
67: 50 75
68: 58 74
69: 17 77
70: 18 87
71: 20 85
72: 19 86
73: 22 82 83
74: 65 68 84
75: 61 66 67
76: 62 63 64
77: 21 22 69
78: 13 21 54
79: 14 55 56
80: 16 58 60
81: 15 57 59
82: 3 73 84
83: 2 23 73
84: 1 74 82
85: 7 56 71
86: 8 66 72
87: 4 57 70
88: 9 10 39
89: 11 12 43
90: 5 6 46

1: 18
2: 18
3: 18
4: 18
5: 19
6: 19
7: 19
8: 19
9: 20
10: 21
11: 21
12: 21
13: 21
14: 20
15: 20
16: 20
17: 18 19 20 21
18: 1 2 3 4 17
19: 5 6 7 8 17
20: 9 14 15 16 17
21: 10 11 12 13 17

1: 70
2: 70
3: 70
4: 70
5: 74
6: 74
7: 74
8: 74
9: 78
10: 78
11: 78
12: 78
13: 79
14: 79
15: 79
16: 79
17: 80
18: 80
19: 80
20: 80
21: 81
22: 82
23: 82
24: 82
25: 82
26: 81
27: 81
28: 81
29: 83
30: 83
31: 83
32: 83
33: 84
34: 85
35: 85
36: 85
37: 85
38: 84
39: 84
40: 84
41: 75
42: 75
43: 75
44: 75
45: 76
46: 77
47: 77
48: 77
49: 77
50: 76
51: 76
52: 76
53: 71
54: 71
55: 71
56: 71
57: 72
58: 73
59: 73
60: 73
61: 73
62: 72
63: 72
64: 72
65: 66 67 68 69
66: 65 70 71 72 73
67: 65 74 75 76 77
68: 65 78 83 84 85
69: 65 79 80 81 82
70: 1 2 3 4 66
71: 53 54 55 56 66
72: 57 62 63 64 66
73: 58 59 60 61 66
74: 5 6 7 8 67
75: 41 42 43 44 67
76: 45 50 51 52 67
77: 46 47 48 49 67
78: 9 10 11 12 68
79: 13 14 15 16 69
80: 17 18 19 20 69
81: 21 26 27 28 69
82: 22 23 24 25 69
83: 29 30 31 32 68
84: 33 38 39 40 68
85: 34 35 36 37 68

1: 7
2: 4 7
3: 5 7
4: 2 6
5: 3 6
6: 4 5 7
7: 1 2 3 6

1: 8
2: 8
3: 6
4: 7
5: 6 7
6: 3 5 8
7: 4 5 8
8: 1 2 6 7

1: 6
2: 7
3: 8
4: 6 7 8
5: 6 7 8
6: 1 4 5
7: 2 4 5
8: 3 4 5

1: 2 7
2: 1 8
3: 5 8
4: 6 8
5: 3 7
6: 4 7
7: 1 5 6
8: 2 3 4

1: 7
2: 8
3: 7 8
4: 5 6
5: 4 7 8
6: 4 7 8
7: 1 3 5 6
8: 2 3 5 6

1: 11
2: 10
3: 18 19
4: 21 23
5: 20 22
6: 9 17
7: 8 16
8: 7 15
9: 6 14
10: 2 13
11: 1 12
12: 11 17 23
13: 10 16 22
14: 9 18 20
15: 8 19 21
16: 7 13 24
17: 6 12 25
18: 3 14 24
19: 3 15 25
20: 5 14 24
21: 4 15 25
22: 5 13 24
23: 4 12 25
24: 16 18 20 22
25: 17 19 21 23

1: 2 3 4
2: 1 11 12
3: 1 11 12
4: 1 9 10
5: 6 11 12
6: 5 7 8
7: 6 9 10
8: 6 9 10
9: 4 7 8
10: 4 7 8
11: 2 3 5
12: 2 3 5

1: 2 3 4
2: 1 15 16
3: 1 15 16
4: 1 13 14
5: 6 7 12
6: 5 15 16
7: 5 8 9
8: 7 10 11
9: 7 10 11
10: 8 9 13
11: 8 9 14
12: 5 13 14
13: 4 10 12
14: 4 11 12
15: 2 3 6
16: 2 3 6

1: 2 3 4
2: 1 17 18
3: 1 17 18
4: 1 15 16
5: 7 8 17
6: 9 10 18
7: 5 11 14
8: 5 12 13
9: 6 11 14
10: 6 12 13
11: 7 9 15
12: 8 10 16
13: 8 10 16
14: 7 9 15
15: 4 11 14
16: 4 12 13
17: 2 3 5
18: 2 3 6

1: 2 3 4
2: 1 13 16
3: 1 14 17
4: 1 15 18
5: 7 8 9
6: 7 8 9
7: 5 6 13
8: 5 6 15
9: 5 6 14
10: 13 14 15
11: 16 17 18
12: 16 17 18
13: 2 7 10
14: 3 9 10
15: 4 8 10
16: 2 11 12
17: 3 11 12
18: 4 11 12

1: 2 3 4
2: 1 19 20
3: 1 19 20
4: 1 17 18
5: 6 7 10
6: 5 8 9
7: 5 8 9
8: 6 7 19
9: 6 7 20
10: 5 11 12
11: 10 13 14
12: 10 13 14
13: 11 12 15
14: 11 12 16
15: 13 17 18
16: 14 17 18
17: 4 15 16
18: 4 15 16
19: 2 3 8
20: 2 3 9

1: 2 3 4
2: 1 19 20
3: 1 19 20
4: 1 17 18
5: 6 7 19
6: 5 11 13
7: 5 12 13
8: 9 10 14
9: 8 11 12
10: 8 11 12
11: 6 9 10
12: 7 9 10
13: 6 7 14
14: 8 13 16
15: 17 18 20
16: 14 17 18
17: 4 15 16
18: 4 15 16
19: 2 3 5
20: 2 3 15

1: 2 3 4
2: 1 17 18
3: 1 19 20
4: 1 15 16
5: 8 9 12
6: 8 10 11
7: 9 10 11
8: 5 6 17
9: 5 7 17
10: 6 7 18
11: 6 7 18
12: 5 15 16
13: 15 19 20
14: 16 19 20
15: 4 12 13
16: 4 12 14
17: 2 8 9
18: 2 10 11
19: 3 13 14
20: 3 13 14

1: 2 3 4
2: 1 19 20
3: 1 19 20
4: 1 17 18
5: 6 11 12
6: 5 7 8
7: 6 9 10
8: 6 9 10
9: 7 8 15
10: 7 8 16
11: 5 13 14
12: 5 15 16
13: 11 17 19
14: 11 17 20
15: 9 12 18
16: 10 12 18
17: 4 13 14
18: 4 15 16
19: 2 3 13
20: 2 3 14

1: 2 3 4
2: 1 19 20
3: 1 19 20
4: 1 17 18
5: 8 9 10
6: 8 9 10
7: 8 9 11
8: 5 6 7
9: 5 6 7
10: 5 6 16
11: 7 14 15
12: 13 14 15
13: 12 17 20
14: 11 12 18
15: 11 12 18
16: 10 17 19
17: 4 13 16
18: 4 14 15
19: 2 3 16
20: 2 3 13

1: 2 3 4
2: 1 19 20
3: 1 17 20
4: 1 18 20
5: 6 7 16
6: 5 10 11
7: 5 10 11
8: 12 14 15
9: 12 14 15
10: 6 7 13
11: 6 7 13
12: 8 9 19
13: 10 11 19
14: 8 9 17
15: 8 9 18
16: 5 17 18
17: 3 14 16
18: 4 15 16
19: 2 12 13
20: 2 3 4

1: 2 3 4
2: 1 19 20
3: 1 19 20
4: 1 17 18
5: 6 7 16
6: 5 19 20
7: 5 12 13
8: 10 11 14
9: 10 11 15
10: 8 9 13
11: 8 9 13
12: 7 14 15
13: 7 10 11
14: 8 12 17
15: 9 12 18
16: 5 17 18
17: 4 14 16
18: 4 15 16
19: 2 3 6
20: 2 3 6

1: 2 3 4
2: 1 21 22
3: 1 21 22
4: 1 19 20
5: 9 13 21
6: 10 14 22
7: 10 11 12
8: 9 11 12
9: 5 8 17
10: 6 7 17
11: 7 8 18
12: 7 8 18
13: 5 15 16
14: 6 15 16
15: 13 14 20
16: 13 14 20
17: 9 10 19
18: 11 12 19
19: 4 17 18
20: 4 15 16
21: 2 3 5
22: 2 3 6

1: 2 3 4
2: 1 17 18
3: 1 20 22
4: 1 19 21
5: 9 10 13
6: 9 10 16
7: 11 12 15
8: 11 12 14
9: 5 6 21
10: 5 6 21
11: 7 8 22
12: 7 8 22
13: 5 17 19
14: 8 18 20
15: 7 17 20
16: 6 18 19
17: 2 13 15
18: 2 14 16
19: 4 13 16
20: 3 14 15
21: 4 9 10
22: 3 11 12

1: 2 3 4
2: 1 23 24
3: 1 23 24
4: 1 21 22
5: 6 7 23
6: 5 14 15
7: 5 16 17
8: 10 11 18
9: 10 11 18
10: 8 9 16
11: 8 9 17
12: 14 15 16
13: 14 15 17
14: 6 12 13
15: 6 12 13
16: 7 10 12
17: 7 11 13
18: 8 9 20
19: 21 22 24
20: 18 21 22
21: 4 19 20
22: 4 19 20
23: 2 3 5
24: 2 3 19

1: 2 3 4
2: 1 23 24
3: 1 23 24
4: 1 21 22
5: 6 7 8
6: 5 9 10
7: 5 9 10
8: 5 11 12
9: 6 7 13
10: 6 7 14
11: 8 15 23
12: 8 16 24
13: 9 17 18
14: 10 17 18
15: 11 19 20
16: 12 19 20
17: 13 14 21
18: 13 14 21
19: 15 16 22
20: 15 16 22
21: 4 17 18
22: 4 19 20
23: 2 3 11
24: 2 3 12

1: 2 3 4
2: 1 22 24
3: 1 23 24
4: 1 20 21
5: 6 7 24
6: 5 18 19
7: 5 16 17
8: 12 20 21
9: 13 20 21
10: 12 14 15
11: 13 14 15
12: 8 10 18
13: 9 11 18
14: 10 11 19
15: 10 11 19
16: 7 22 23
17: 7 22 23
18: 6 12 13
19: 6 14 15
20: 4 8 9
21: 4 8 9
22: 2 16 17
23: 3 16 17
24: 2 3 5

1: 2 3 4
2: 1 23 24
3: 1 23 24
4: 1 21 22
5: 6 7 14
6: 5 10 11
7: 5 12 13
8: 10 12 13
9: 11 12 13
10: 6 8 23
11: 6 9 24
12: 7 8 9
13: 7 8 9
14: 5 17 18
15: 17 19 20
16: 18 19 20
17: 14 15 21
18: 14 16 21
19: 15 16 22
20: 15 16 22
21: 4 17 18
22: 4 19 20
23: 2 3 10
24: 2 3 11

1: 2 3 4
2: 1 21 24
3: 1 23 24
4: 1 22 24
5: 6 7 16
6: 5 8 9
7: 5 10 11
8: 6 14 15
9: 6 14 15
10: 7 12 13
11: 7 12 13
12: 10 11 19
13: 10 11 19
14: 8 9 17
15: 8 9 18
16: 5 17 18
17: 14 16 22
18: 15 16 23
19: 12 13 21
20: 21 22 23
21: 2 19 20
22: 4 17 20
23: 3 18 20
24: 2 3 4

1: 2 3 4
2: 1 22 24
3: 1 23 24
4: 1 20 21
5: 6 7 24
6: 5 16 17
7: 5 18 19
8: 12 13 20
9: 12 13 21
10: 14 15 21
11: 14 15 20
12: 8 9 18
13: 8 9 18
14: 10 11 19
15: 10 11 19
16: 6 22 23
17: 6 22 23
18: 7 12 13
19: 7 14 15
20: 4 8 11
21: 4 9 10
22: 2 16 17
23: 3 16 17
24: 2 3 5

1: 2 3 4
2: 1 22 24
3: 1 23 24
4: 1 20 21
5: 6 7 24
6: 5 16 17
7: 5 18 19
8: 12 13 20
9: 14 15 21
10: 14 15 21
11: 12 13 20
12: 8 11 18
13: 8 11 19
14: 9 10 18
15: 9 10 19
16: 6 22 23
17: 6 22 23
18: 7 12 14
19: 7 13 15
20: 4 8 11
21: 4 9 10
22: 2 16 17
23: 3 16 17
24: 2 3 5

1: 2 3 4
2: 1 23 24
3: 1 23 24
4: 1 21 22
5: 6 7 18
6: 5 14 17
7: 5 15 16
8: 10 11 23
9: 12 13 24
10: 8 14 17
11: 8 15 16
12: 9 14 17
13: 9 15 16
14: 6 10 12
15: 7 11 13
16: 7 11 13
17: 6 10 12
18: 5 19 20
19: 18 21 22
20: 18 21 22
21: 4 19 20
22: 4 19 20
23: 2 3 8
24: 2 3 9

1: 2 3 4
2: 1 23 24
3: 1 21 24
4: 1 22 24
5: 12 19 20
6: 8 9 10
7: 8 9 11
8: 6 7 16
9: 6 7 16
10: 6 13 15
11: 7 14 15
12: 5 13 14
13: 10 12 18
14: 11 12 18
15: 10 11 17
16: 8 9 17
17: 15 16 23
18: 13 14 23
19: 5 21 22
20: 5 21 22
21: 3 19 20
22: 4 19 20
23: 2 17 18
24: 2 3 4

1: 2 3 4
2: 1 23 24
3: 1 23 24
4: 1 21 22
5: 12 13 16
6: 8 9 14
7: 8 9 14
8: 6 7 10
9: 6 7 11
10: 8 12 15
11: 9 13 15
12: 5 10 20
13: 5 11 20
14: 6 7 19
15: 10 11 19
16: 5 17 18
17: 16 22 23
18: 16 22 24
19: 14 15 21
20: 12 13 21
21: 4 19 20
22: 4 17 18
23: 2 3 17
24: 2 3 18

1: 2 3 4
2: 1 19 24
3: 1 20 21
4: 1 22 23
5: 6 17 18
6: 5 7 8
7: 6 13 14
8: 6 13 14
9: 11 12 15
10: 11 12 16
11: 9 10 24
12: 9 10 24
13: 7 8 22
14: 7 8 23
15: 9 19 20
16: 10 19 21
17: 5 20 21
18: 5 22 23
19: 2 15 16
20: 3 15 17
21: 3 16 17
22: 4 13 18
23: 4 14 18
24: 2 11 12

1: 2 3 4
2: 1 19 24
3: 1 20 21
4: 1 22 23
5: 6 17 18
6: 5 9 10
7: 11 12 15
8: 11 12 16
9: 6 13 14
10: 6 13 14
11: 7 8 24
12: 7 8 24
13: 9 10 23
14: 9 10 22
15: 7 19 22
16: 8 19 23
17: 5 20 21
18: 5 20 21
19: 2 15 16
20: 3 17 18
21: 3 17 18
22: 4 14 15
23: 4 13 16
24: 2 11 12

1: 2 3 4
2: 1 23 24
3: 1 22 24
4: 1 21 24
5: 6 7 20
6: 5 14 15
7: 5 14 15
8: 9 10 16
9: 8 11 12
10: 8 11 12
11: 9 10 18
12: 9 10 19
13: 16 18 19
14: 6 7 17
15: 6 7 17
16: 8 13 23
17: 14 15 23
18: 11 13 21
19: 12 13 22
20: 5 21 22
21: 4 18 20
22: 3 19 20
23: 2 16 17
24: 2 3 4

1: 2 3 4
2: 1 22 24
3: 1 21 24
4: 1 20 23
5: 6 7 24
6: 5 18 19
7: 5 18 19
8: 14 15 20
9: 16 17 20
10: 14 15 21
11: 14 15 22
12: 16 17 22
13: 16 17 21
14: 8 10 11
15: 8 10 11
16: 9 12 13
17: 9 12 13
18: 6 7 23
19: 6 7 23
20: 4 8 9
21: 3 10 13
22: 2 11 12
23: 4 18 19
24: 2 3 5

1: 2 3 4
2: 1 19 24
3: 1 20 23
4: 1 21 22
5: 7 8 9
6: 7 8 9
7: 5 6 11
8: 5 6 11
9: 5 6 10
10: 9 14 16
11: 7 8 13
12: 13 14 15
13: 11 12 24
14: 10 12 24
15: 12 19 23
16: 10 19 20
17: 20 21 22
18: 21 22 23
19: 2 15 16
20: 3 16 17
21: 4 17 18
22: 4 17 18
23: 3 15 18
24: 2 13 14

1: 2 3 4
2: 1 25 26
3: 1 25 26
4: 1 23 24
5: 7 17 25
6: 8 18 26
7: 5 11 12
8: 6 9 10
9: 8 13 16
10: 8 14 15
11: 7 13 16
12: 7 14 15
13: 9 11 21
14: 10 12 22
15: 10 12 22
16: 9 11 21
17: 5 19 20
18: 6 19 20
19: 17 18 23
20: 17 18 23
21: 13 16 24
22: 14 15 24
23: 4 19 20
24: 4 21 22
25: 2 3 5
26: 2 3 6

1: 2 3 4
2: 1 21 26
3: 1 22 23
4: 1 24 25
5: 13 14 17
6: 13 14 18
7: 15 16 18
8: 15 16 17
9: 11 12 20
10: 11 12 19
11: 9 10 21
12: 9 10 21
13: 5 6 22
14: 5 6 22
15: 7 8 23
16: 7 8 23
17: 5 8 25
18: 6 7 24
19: 10 25 26
20: 9 24 26
21: 2 11 12
22: 3 13 14
23: 3 15 16
24: 4 18 20
25: 4 17 19
26: 2 19 20

1: 2 3 4
2: 1 25 26
3: 1 21 22
4: 1 23 24
5: 7 8 10
6: 7 8 9
7: 5 6 18
8: 5 6 18
9: 6 15 17
10: 5 16 17
11: 13 14 15
12: 13 14 16
13: 11 12 26
14: 11 12 26
15: 9 11 23
16: 10 12 24
17: 9 10 25
18: 7 8 25
19: 21 22 24
20: 21 22 23
21: 3 19 20
22: 3 19 20
23: 4 15 20
24: 4 16 19
25: 2 17 18
26: 2 13 14

1: 2 3 4
2: 1 23 26
3: 1 25 26
4: 1 24 26
5: 7 8 9
6: 7 8 9
7: 5 6 11
8: 5 6 12
9: 5 6 13
10: 11 12 13
11: 7 10 15
12: 8 10 16
13: 9 10 17
14: 15 16 17
15: 11 14 19
16: 12 14 21
17: 13 14 20
18: 19 20 21
19: 15 18 23
20: 17 18 25
21: 16 18 24
22: 23 24 25
23: 2 19 22
24: 4 21 22
25: 3 20 22
26: 2 3 4

1: 25
2: 23
3: 24
4: 27
5: 26
6: 22
7: 11 13
8: 10 12
9: 15 26
10: 8 25
11: 7 23
12: 8 27
13: 7 24
14: 22 23
15: 9 20
16: 21 25
17: 21 22
18: 20 24
19: 20 21
20: 15 18 19
21: 16 17 19
22: 6 14 17
23: 2 11 14
24: 3 13 18
25: 1 10 16
26: 5 9 27
27: 4 12 26

1: 65
2: 64
3: 8 10
4: 7 9
5: 22 65
6: 21 64
7: 4 14
8: 3 13
9: 4 16
10: 3 15
11: 18 20
12: 17 19
13: 8 26
14: 7 25
15: 10 28
16: 9 27
17: 12 32
18: 11 31
19: 12 33
20: 11 34
21: 6 30
22: 5 29
23: 63 65
24: 62 64
25: 14 61
26: 13 60
27: 16 57
28: 15 56
29: 22 61
30: 21 60
31: 18 63
32: 17 62
33: 19 59
34: 20 58
35: 50 51
36: 51 59
37: 50 58
38: 50 52
39: 51 53
40: 52 63
41: 53 62
42: 55 61
43: 54 60
44: 52 55
45: 53 54
46: 57 59
47: 56 58
48: 55 57
49: 54 56
50: 35 37 38
51: 35 36 39
52: 38 40 44
53: 39 41 45
54: 43 45 49
55: 42 44 48
56: 28 47 49
57: 27 46 48
58: 34 37 47
59: 33 36 46
60: 26 30 43
61: 25 29 42
62: 24 32 41
63: 23 31 40
64: 2 6 24
65: 1 5 23

1: 5 23 25
2: 8 24 26
3: 7 24 26
4: 6 23 25
5: 1 12 14
6: 4 11 13
7: 3 10 16
8: 2 9 15
9: 8 22 26
10: 7 21 26
11: 6 20 25
12: 5 19 25
13: 6 20 23
14: 5 19 23
15: 8 22 24
16: 7 21 24
17: 21 22 26
18: 19 20 25
19: 12 14 18 22
20: 11 13 18 21
21: 10 16 17 20
22: 9 15 17 19
23: 1 4 13 14 24
24: 2 3 15 16 23
25: 1 4 11 12 18
26: 2 3 9 10 17

1: 5 7 9
2: 6 8 10
3: 4 12 14
4: 3 11 13
5: 1 17 20
6: 2 18 19
7: 1 15 17
8: 2 16 18
9: 1 15 20
10: 2 16 19
11: 4 15 17
12: 3 16 18
13: 4 15 20
14: 3 16 19
15: 7 9 11 13
16: 8 10 12 14
17: 5 7 11 18
18: 6 8 12 17
19: 6 10 14 20
20: 5 9 13 19

1: 3 6 25
2: 3 4 25
3: 1 2 5
4: 2 16 26
5: 3 9 19
6: 1 13 17
7: 12 14 18
8: 10 11 20
9: 5 23 26
10: 8 24 26
11: 8 23 26
12: 7 21 25
13: 6 22 25
14: 7 22 25
15: 16 24 26
16: 4 15 21
17: 6 21 22
18: 7 21 22
19: 5 23 24
20: 8 23 24
21: 12 16 17 18
22: 13 14 17 18
23: 9 11 19 20
24: 10 15 19 20
25: 1 2 12 13 14
26: 4 9 10 11 15

1: 2 12
2: 1 11
3: 6 7
4: 5 10
5: 4 9
6: 3 8
7: 3 8 11
8: 6 7 12
9: 5 10 12
10: 4 9 11
11: 2 7 10 12
12: 1 8 9 11

1: 2 3
2: 1 12
3: 1 11
4: 5 6
5: 4 7
6: 4 8
7: 5 9
8: 6 10
9: 7 12
10: 8 11
11: 3 10
12: 2 9

1: 2 3
2: 1 14
3: 1 13
4: 5 6
5: 4 7
6: 4 8
7: 5 9
8: 6 10
9: 7 12
10: 8 11
11: 10 14
12: 9 13
13: 3 12
14: 2 11

1: 2 3
2: 1 16
3: 1 15
4: 5 6
5: 4 7
6: 4 8
7: 5 9
8: 6 10
9: 7 12
10: 8 11
11: 10 14
12: 9 13
13: 12 16
14: 11 15
15: 3 14
16: 2 13

1: 2 3
2: 1 18
3: 1 17
4: 5 6
5: 4 7
6: 4 8
7: 5 9
8: 6 10
9: 7 12
10: 8 11
11: 10 14
12: 9 13
13: 12 16
14: 11 15
15: 14 18
16: 13 17
17: 3 16
18: 2 15

1: 2 3
2: 1 20
3: 1 19
4: 5 6
5: 4 7
6: 4 8
7: 5 9
8: 6 10
9: 7 12
10: 8 11
11: 10 14
12: 9 13
13: 12 16
14: 11 15
15: 14 18
16: 13 17
17: 16 20
18: 15 19
19: 3 18
20: 2 17

1: 2 3
2: 1 22
3: 1 21
4: 5 6
5: 4 7
6: 4 8
7: 5 9
8: 6 10
9: 7 12
10: 8 11
11: 10 14
12: 9 13
13: 12 16
14: 11 15
15: 14 18
16: 13 17
17: 16 20
18: 15 19
19: 18 22
20: 17 21
21: 3 20
22: 2 19

1: 2 3
2: 1 24
3: 1 23
4: 5 6
5: 4 7
6: 4 8
7: 5 9
8: 6 10
9: 7 12
10: 8 11
11: 10 14
12: 9 13
13: 12 16
14: 11 15
15: 14 18
16: 13 17
17: 16 20
18: 15 19
19: 18 22
20: 17 21
21: 20 24
22: 19 23
23: 3 22
24: 2 21

1: 2 3
2: 1 26
3: 1 25
4: 5 6
5: 4 7
6: 4 8
7: 5 9
8: 6 10
9: 7 12
10: 8 11
11: 10 14
12: 9 13
13: 12 16
14: 11 15
15: 14 18
16: 13 17
17: 16 20
18: 15 19
19: 18 22
20: 17 21
21: 20 24
22: 19 23
23: 22 26
24: 21 25
25: 3 24
26: 2 23

1: 2 3
2: 1 28
3: 1 27
4: 5 6
5: 4 7
6: 4 8
7: 5 9
8: 6 10
9: 7 12
10: 8 11
11: 10 14
12: 9 13
13: 12 16
14: 11 15
15: 14 18
16: 13 17
17: 16 20
18: 15 19
19: 18 22
20: 17 21
21: 20 24
22: 19 23
23: 22 26
24: 21 25
25: 24 28
26: 23 27
27: 3 26
28: 2 25

1: 2 3
2: 1 30
3: 1 29
4: 5 6
5: 4 7
6: 4 8
7: 5 9
8: 6 10
9: 7 12
10: 8 11
11: 10 14
12: 9 13
13: 12 16
14: 11 15
15: 14 18
16: 13 17
17: 16 20
18: 15 19
19: 18 22
20: 17 21
21: 20 24
22: 19 23
23: 22 26
24: 21 25
25: 24 28
26: 23 27
27: 26 30
28: 25 29
29: 3 28
30: 2 27

1: 2 3
2: 1 32
3: 1 31
4: 5 6
5: 4 7
6: 4 8
7: 5 9
8: 6 10
9: 7 12
10: 8 11
11: 10 14
12: 9 13
13: 12 16
14: 11 15
15: 14 18
16: 13 17
17: 16 20
18: 15 19
19: 18 22
20: 17 21
21: 20 24
22: 19 23
23: 22 26
24: 21 25
25: 24 28
26: 23 27
27: 26 30
28: 25 29
29: 28 32
30: 27 31
31: 3 30
32: 2 29

1: 2 3
2: 1 34
3: 1 33
4: 5 6
5: 4 7
6: 4 8
7: 5 9
8: 6 10
9: 7 12
10: 8 11
11: 10 14
12: 9 13
13: 12 16
14: 11 15
15: 14 18
16: 13 17
17: 16 20
18: 15 19
19: 18 22
20: 17 21
21: 20 24
22: 19 23
23: 22 26
24: 21 25
25: 24 28
26: 23 27
27: 26 30
28: 25 29
29: 28 32
30: 27 31
31: 30 34
32: 29 33
33: 3 32
34: 2 31

1: 2 3
2: 1 36
3: 1 35
4: 5 6
5: 4 7
6: 4 8
7: 5 9
8: 6 10
9: 7 12
10: 8 11
11: 10 14
12: 9 13
13: 12 16
14: 11 15
15: 14 18
16: 13 17
17: 16 20
18: 15 19
19: 18 22
20: 17 21
21: 20 24
22: 19 23
23: 22 26
24: 21 25
25: 24 28
26: 23 27
27: 26 30
28: 25 29
29: 28 32
30: 27 31
31: 30 34
32: 29 33
33: 32 36
34: 31 35
35: 3 34
36: 2 33

1: 2 3
2: 1 38
3: 1 37
4: 5 6
5: 4 7
6: 4 8
7: 5 9
8: 6 10
9: 7 12
10: 8 11
11: 10 14
12: 9 13
13: 12 16
14: 11 15
15: 14 18
16: 13 17
17: 16 20
18: 15 19
19: 18 22
20: 17 21
21: 20 24
22: 19 23
23: 22 26
24: 21 25
25: 24 28
26: 23 27
27: 26 30
28: 25 29
29: 28 32
30: 27 31
31: 30 34
32: 29 33
33: 32 36
34: 31 35
35: 34 38
36: 33 37
37: 3 36
38: 2 35

1: 2 3
2: 1 40
3: 1 39
4: 5 6
5: 4 7
6: 4 8
7: 5 9
8: 6 10
9: 7 12
10: 8 11
11: 10 14
12: 9 13
13: 12 16
14: 11 15
15: 14 18
16: 13 17
17: 16 20
18: 15 19
19: 18 22
20: 17 21
21: 20 24
22: 19 23
23: 22 26
24: 21 25
25: 24 28
26: 23 27
27: 26 30
28: 25 29
29: 28 32
30: 27 31
31: 30 34
32: 29 33
33: 32 36
34: 31 35
35: 34 38
36: 33 37
37: 36 40
38: 35 39
39: 3 38
40: 2 37

1: 2 3
2: 1 42
3: 1 41
4: 5 6
5: 4 7
6: 4 8
7: 5 9
8: 6 10
9: 7 12
10: 8 11
11: 10 14
12: 9 13
13: 12 16
14: 11 15
15: 14 18
16: 13 17
17: 16 20
18: 15 19
19: 18 22
20: 17 21
21: 20 24
22: 19 23
23: 22 26
24: 21 25
25: 24 28
26: 23 27
27: 26 30
28: 25 29
29: 28 32
30: 27 31
31: 30 34
32: 29 33
33: 32 36
34: 31 35
35: 34 38
36: 33 37
37: 36 40
38: 35 39
39: 38 42
40: 37 41
41: 3 40
42: 2 39

1: 2 3
2: 1 44
3: 1 43
4: 5 6
5: 4 7
6: 4 8
7: 5 9
8: 6 10
9: 7 12
10: 8 11
11: 10 14
12: 9 13
13: 12 16
14: 11 15
15: 14 18
16: 13 17
17: 16 20
18: 15 19
19: 18 22
20: 17 21
21: 20 24
22: 19 23
23: 22 26
24: 21 25
25: 24 28
26: 23 27
27: 26 30
28: 25 29
29: 28 32
30: 27 31
31: 30 34
32: 29 33
33: 32 36
34: 31 35
35: 34 38
36: 33 37
37: 36 40
38: 35 39
39: 38 42
40: 37 41
41: 40 44
42: 39 43
43: 3 42
44: 2 41

1: 2 3
2: 1 46
3: 1 45
4: 5 6
5: 4 7
6: 4 8
7: 5 9
8: 6 10
9: 7 12
10: 8 11
11: 10 14
12: 9 13
13: 12 16
14: 11 15
15: 14 18
16: 13 17
17: 16 20
18: 15 19
19: 18 22
20: 17 21
21: 20 24
22: 19 23
23: 22 26
24: 21 25
25: 24 28
26: 23 27
27: 26 30
28: 25 29
29: 28 32
30: 27 31
31: 30 34
32: 29 33
33: 32 36
34: 31 35
35: 34 38
36: 33 37
37: 36 40
38: 35 39
39: 38 42
40: 37 41
41: 40 44
42: 39 43
43: 42 46
44: 41 45
45: 3 44
46: 2 43

1: 2 3 4
2: 1 11 14
3: 1 10 14
4: 1 12 13
5: 10 11 14
6: 7 12 13
7: 6 8 9
8: 7 10 12
9: 7 11 13
10: 3 5 8
11: 2 5 9
12: 4 6 8
13: 4 6 9
14: 2 3 5

1: 20
2: 20
3: 20
4: 11
5: 12
6: 14
7: 19
8: 18
9: 15
10: 16
11: 4 13
12: 5 14 20
13: 11 15 16
14: 6 12 17
15: 9 13 18
16: 10 13 19
17: 14 18 19
18: 8 15 17
19: 7 16 17
20: 1 2 3 12

1: 20
2: 21
3: 33
4: 33
5: 28
6: 29
7: 30
8: 30
9: 30
10: 31
11: 32
12: 32
13: 32
14: 31
15: 31
16: 27
17: 26
18: 23
19: 24
20: 1 21
21: 2 20 28
22: 23 24 33
23: 18 22 26
24: 19 22 27
25: 26 27 28
26: 17 23 25
27: 16 24 25
28: 5 21 25 30
29: 6 31 32 33
30: 7 8 9 28
31: 10 14 15 29
32: 11 12 13 29
33: 3 4 22 29

1: 21
2: 21
3: 21
4: 20
5: 13
6: 15
7: 16
8: 18
9: 17
10: 11
11: 10 20
12: 13 19
13: 5 12 21
14: 15 19 20
15: 6 14 16
16: 7 15 17
17: 9 16 18
18: 8 17 19
19: 12 14 18
20: 4 11 14
21: 1 2 3 13

1: 36
2: 37
3: 37
4: 40
5: 40
6: 40
7: 38
8: 38
9: 38
10: 39
11: 39
12: 35
13: 34
14: 31
15: 33
16: 32
17: 29
18: 30
19: 26
20: 24
21: 25
22: 23 36
23: 22 24 25
24: 20 23 34
25: 21 23 35
26: 19 39 40
27: 34 35 38
28: 29 30 36
29: 17 28 32
30: 18 28 33
31: 14 32 33
32: 16 29 31
33: 15 30 31
34: 13 24 27
35: 12 25 27
36: 1 22 28 37
37: 2 3 36 39
38: 7 8 9 27
39: 10 11 26 37
40: 4 5 6 26

1: 15
2: 16
3: 16
4: 15
5: 19
6: 20
7: 20
8: 20
9: 19
10: 19
11: 12
12: 11 18
13: 17 18
14: 18 19 20
15: 1 4 17
16: 2 3 17
17: 13 15 16
18: 12 13 14
19: 5 9 10 14
20: 6 7 8 14

1: 13 14
2: 17 20
3: 18 19
4: 15 17
5: 15 18
6: 16 20
7: 16 19
8: 15 16
9: 13 17
10: 14 20
11: 14 19
12: 13 18
13: 1 9 12
14: 1 10 11
15: 4 5 8
16: 6 7 8
17: 2 4 9
18: 3 5 12
19: 3 7 11
20: 2 6 10

1: 33
2: 35
3: 23
4: 24
5: 25
6: 26
7: 29
8: 31
9: 30
10: 27
11: 28
12: 39
13: 37
14: 37
15: 37
16: 38
17: 38
18: 19
19: 18 36
20: 34 35
21: 23 34 36
22: 35 36 39
23: 3 21 24
24: 4 23 25
25: 5 24 26
26: 6 25 34
27: 10 30 32
28: 11 31 32
29: 7 30 31
30: 9 27 29
31: 8 28 29
32: 27 28 39
33: 1 37 38
34: 20 21 26
35: 2 20 22
36: 19 21 22
37: 13 14 15 33
38: 16 17 33 39
39: 12 22 32 38

1: 40
2: 44
3: 38
4: 38
5: 43
6: 43
7: 43
8: 39
9: 39
10: 41
11: 41
12: 42
13: 42
14: 36
15: 37
16: 37
17: 37
18: 36
19: 36
20: 34
21: 33
22: 31
23: 29
24: 30
25: 27
26: 35 41
27: 25 44
28: 42 43
29: 23 33 35
30: 24 34 35
31: 22 39 40
32: 33 34 38
33: 21 29 32
34: 20 30 32
35: 26 29 30
36: 14 18 19 40
37: 15 16 17 40
38: 3 4 32 42
39: 8 9 31 44
40: 1 31 36 37
41: 10 11 26 44
42: 12 13 28 38
43: 5 6 7 28
44: 2 27 39 41

1: 35
2: 35
3: 32
4: 34
5: 20
6: 20
7: 23
8: 24
9: 29
10: 28
11: 26
12: 25
13: 21
14: 22
15: 19
16: 18
17: 30 31
18: 16 33
19: 15 32
20: 5 6 34
21: 13 25 33
22: 14 26 33
23: 7 28 30
24: 8 29 30
25: 12 21 31
26: 11 22 31
27: 28 29 35
28: 10 23 27
29: 9 24 27
30: 17 23 24
31: 17 25 26
32: 3 19 34
33: 18 21 22
34: 4 20 32 35
35: 1 2 27 34

1: 65
2: 68
3: 49
4: 64
5: 48
6: 50
7: 53
8: 53
9: 54
10: 54
11: 54
12: 56
13: 56
14: 62
15: 62
16: 62
17: 63
18: 66
19: 67
20: 61
21: 61
22: 61
23: 60
24: 60
25: 57
26: 57
27: 58
28: 59
29: 59
30: 59
31: 58
32: 58
33: 52
34: 52
35: 51
36: 51
37: 45
38: 44
39: 47
40: 41
41: 40 66
42: 49 68
43: 48 67
44: 38 47 64
45: 37 46 63
46: 45 47 65
47: 39 44 46
48: 5 43 55
49: 3 42 53
50: 6 56 64 65
51: 35 36 56 68
52: 33 34 66 68
53: 7 8 49 66
54: 9 10 11 64
55: 48 57 58 59
56: 12 13 50 51
57: 25 26 55 62
58: 27 31 32 55
59: 28 29 30 55
60: 23 24 63 67
61: 20 21 22 63
62: 14 15 16 57
63: 17 45 60 61
64: 4 44 50 54
65: 1 46 50 67
66: 18 41 52 53
67: 19 43 60 65
68: 2 42 51 52

1: 53
2: 53
3: 46
4: 46
5: 46
6: 52
7: 52
8: 49
9: 50
10: 50
11: 51
12: 51
13: 51
14: 48
15: 48
16: 48
17: 47
18: 47
19: 45
20: 37
21: 41
22: 33
23: 33
24: 43
25: 42
26: 39
27: 40
28: 52 53
29: 45 50
30: 32 51
31: 32 44
32: 30 31
33: 22 23 47
34: 36 45 49
35: 37 44 48
36: 34 37 53
37: 20 35 36
38: 39 40 49
39: 26 38 42
40: 27 38 43
41: 21 42 43
42: 25 39 41
43: 24 40 41
44: 31 35 49
45: 19 29 34
46: 3 4 5 50
47: 17 18 33 52
48: 14 15 16 35
49: 8 34 38 44
50: 9 10 29 46
51: 11 12 13 30
52: 6 7 28 47
53: 1 2 28 36

1: 34
2: 33
3: 30
4: 32
5: 28
6: 20
7: 21
8: 21
9: 27
10: 24
11: 24
12: 23
13: 19
14: 18
15: 17 30
16: 17 31
17: 15 16
18: 14 33 34
19: 13 31 34
20: 6 25 32
21: 7 8 26
22: 27 30 31
23: 12 29 32
24: 10 11 29
25: 20 27 34
26: 21 28 33
27: 9 22 25
28: 5 26 29
29: 23 24 28
30: 3 15 22
31: 16 19 22
32: 4 20 23 33
33: 2 18 26 32
34: 1 18 19 25

1: 23
2: 23
3: 25
4: 25
5: 24
6: 24
7: 14
8: 14
9: 15
10: 16
11: 17
12: 20
13: 19
14: 7 8 23
15: 9 24 25
16: 10 22 24
17: 11 19 22
18: 20 22 25
19: 13 17 21
20: 12 18 21
21: 19 20 23
22: 16 17 18
23: 1 2 14 21
24: 5 6 15 16
25: 3 4 15 18

1: 7
2: 8
3: 5 7
4: 6 7
5: 3 8
6: 4 8
7: 1 3 4 8
8: 2 5 6 7

1: 8
2: 6
3: 4 8
4: 3 7
5: 6 7
6: 2 5
7: 4 5 8
8: 1 3 7

1: 8
2: 6
3: 4 8
4: 3 7
5: 6 7
6: 2 5 8
7: 4 5 8
8: 1 3 6 7

1: 6
2: 7
3: 4
4: 3 8
5: 7 8
6: 1 7 8
7: 2 5 6
8: 4 5 6

1: 2 7
2: 1 8
3: 6 7
4: 5 8
5: 4 6 7
6: 3 5 8
7: 1 3 5 8
8: 2 4 6 7

1: 2 5
2: 1 7
3: 4 8
4: 3 6
5: 1 6 7
6: 4 5 8
7: 2 5 8
8: 3 6 7

1: 10
2: 8
3: 9
4: 7 10
5: 6 10
6: 5 8
7: 4 9
8: 2 6
9: 3 7 10
10: 1 4 5 9

1: 7
2: 8
3: 10
4: 9
5: 6 7 10
6: 5 8 9
7: 1 5 8
8: 2 6 7
9: 4 6 10
10: 3 5 9

1: 10
2: 9
3: 8
4: 6
5: 7 8
6: 4 9 10
7: 5 9 10
8: 3 5 10
9: 2 6 7
10: 1 6 7 8

1: 10
2: 8
3: 9
4: 6 10
5: 7 10
6: 4 8 9
7: 5 8 9
8: 2 6 7 10
9: 3 6 7 10
10: 1 4 5 8 9

1: 10
2: 9
3: 6
4: 7
5: 8
6: 3 10
7: 4 9 10
8: 5 9 10
9: 2 7 8
10: 1 6 7 8

1: 9
2: 10
3: 6
4: 7
5: 8
6: 3 9 10
7: 4 9 10
8: 5 9 10
9: 1 6 7 8
10: 2 6 7 8

1: 9
2: 10
3: 6 9
4: 7 9
5: 8 9
6: 3 10
7: 4 10
8: 5 10
9: 1 3 4 5 10
10: 2 6 7 8 9

1: 10
2: 6
3: 9
4: 7 10
5: 8 10
6: 2 10
7: 4 9
8: 5 9
9: 3 7 8 10
10: 1 4 5 6 9

1: 10
2: 6
3: 7
4: 8
5: 9 10
6: 2 10
7: 3 9
8: 4 9 10
9: 5 7 8
10: 1 5 6 8

1: 10
2: 8
3: 7 10
4: 5 10
5: 4 9
6: 8 9
7: 3 8 9
8: 2 6 7
9: 5 6 7 10
10: 1 3 4 9

1: 10
2: 8
3: 7 10
4: 5 10
5: 4 9
6: 8 9
7: 3 8 9
8: 2 6 7 10
9: 5 6 7 10
10: 1 3 4 8 9

1: 8
2: 9 10
3: 6 10
4: 5 7
5: 4 9 10
6: 3 7 8
7: 4 6 9 10
8: 1 6 9 10
9: 2 5 7 8
10: 2 3 5 7 8

1: 9 10
2: 6 7
3: 7 8
4: 5 8
5: 4 9 10
6: 2 9 10
7: 2 3 10
8: 3 4 9 10
9: 1 5 6 8
10: 1 5 6 7 8

1: 10
2: 8
3: 5 9
4: 6 7
5: 3 6 10
6: 4 5 9
7: 4 8 9
8: 2 7 10
9: 3 6 7 10
10: 1 5 8 9

1: 8
2: 7 10
3: 5 10
4: 5 6 10
5: 3 4 9
6: 4 8 9
7: 2 8 9
8: 1 6 7 10
9: 5 6 7 10
10: 2 3 4 8 9

1: 10
2: 5
3: 7
4: 8
5: 2 6
6: 5 9 10
7: 3 9 10
8: 4 9 10
9: 6 7 8
10: 1 6 7 8

1: 7
2: 5
3: 9 10
4: 6 8
5: 2 8
6: 4 9 10
7: 1 9 10
8: 4 5 10
9: 3 6 7
10: 3 6 7 8

1: 5
2: 9
3: 7 10
4: 8 10
5: 1 10
6: 7 8 10
7: 3 6 9
8: 4 6 9
9: 2 7 8 10
10: 3 4 5 6 9

1: 4 9
2: 8 10
3: 5 9
4: 1 6
5: 3 8 10
6: 4 7 9
7: 6 8 10
8: 2 5 7
9: 1 3 6 10
10: 2 5 7 9

1: 5
2: 3 10
3: 2 9
4: 8 9
5: 1 6 8
6: 5 7 10
7: 6 8 9
8: 4 5 7 10
9: 3 4 7 10
10: 2 6 8 9

1: 4 10
2: 3 9
3: 2 5
4: 1 6
5: 3 7 9
6: 4 8 10
7: 5 8 10
8: 6 7 9
9: 2 5 8 10
10: 1 6 7 9

1: 2 10
2: 1 5
3: 6 8
4: 7 8
5: 2 9 10
6: 3 9 10
7: 4 9 10
8: 3 4 9 10
9: 5 6 7 8
10: 1 5 6 7 8

1: 7
2: 10
3: 12
4: 11
5: 8
6: 9
7: 1 8 9
8: 5 7 11
9: 6 7 12
10: 2 11 12
11: 4 8 10
12: 3 9 10

1: 12
2: 8
3: 4 12
4: 3 9
5: 8 10
6: 7 11
7: 6 10
8: 2 5
9: 4 11 12
10: 5 7 11
11: 6 9 10
12: 1 3 9

1: 2 7
2: 1 9
3: 6 12
4: 5 10
5: 4 11
6: 3 8
7: 1 8 9
8: 6 7 12
9: 2 7 11
10: 4 11 12
11: 5 9 10
12: 3 8 10

1: 16
2: 15
3: 11
4: 12
5: 14
6: 13
7: 10
8: 9
9: 8 16
10: 7 15
11: 3 13 15
12: 4 14 16
13: 6 11 14
14: 5 12 13
15: 2 10 11
16: 1 9 12

1: 9
2: 12
3: 14
4: 13
5: 15
6: 16
7: 11
8: 10
9: 1 10 11
10: 8 9 15
11: 7 9 16
12: 2 13 14
13: 4 12 15
14: 3 12 16
15: 5 10 13
16: 6 11 14

1: 16
2: 10
3: 4 16
4: 3 11
5: 10 12
6: 9 12
7: 8 15
8: 7 13
9: 6 14
10: 2 5
11: 4 13 16
12: 5 6 14
13: 8 11 15
14: 9 12 15
15: 7 13 14
16: 1 3 11

1: 2 9
2: 1 11
3: 8 16
4: 7 12
5: 6 14
6: 5 15
7: 4 13
8: 3 10
9: 1 10 11
10: 8 9 16
11: 2 9 15
12: 4 13 16
13: 7 12 14
14: 5 13 15
15: 6 11 14
16: 3 10 12

1: 18
2: 17
3: 14
4: 16
5: 15
6: 12
7: 13
8: 11
9: 10
10: 9 18
11: 8 17
12: 6 15 17
13: 7 16 18
14: 3 15 16
15: 5 12 14
16: 4 13 14
17: 2 11 12
18: 1 10 13

1: 20
2: 19
3: 16
4: 15
5: 18
6: 17
7: 13
8: 14
9: 12
10: 11
11: 10 20
12: 9 19
13: 7 17 19
14: 8 18 20
15: 4 16 18
16: 3 15 17
17: 6 13 16
18: 5 14 15
19: 2 12 13
20: 1 11 14

1: 11
2: 14
3: 16
4: 15
5: 17
6: 18
7: 20
8: 19
9: 13
10: 12
11: 1 12 13
12: 10 11 20
13: 9 11 19
14: 2 15 16
15: 4 14 17
16: 3 14 18
17: 5 15 19
18: 6 16 20
19: 8 13 17
20: 7 12 18

1: 20
2: 12
3: 4 20
4: 3 13
5: 12 14
6: 7 14
7: 6 16
8: 9 15
9: 8 17
10: 11 19
11: 10 18
12: 2 5
13: 4 15 20
14: 5 6 16
15: 8 13 17
16: 7 14 18
17: 9 15 19
18: 11 16 19
19: 10 17 18
20: 1 3 13

1: 2 11
2: 1 13
3: 10 20
4: 5 14
5: 4 15
6: 9 16
7: 8 18
8: 7 19
9: 6 17
10: 3 12
11: 1 12 13
12: 10 11 20
13: 2 11 19
14: 4 15 20
15: 5 14 16
16: 6 15 17
17: 9 16 18
18: 7 17 19
19: 8 13 18
20: 3 12 14

1: 22
2: 21
3: 16
4: 18
5: 17
6: 20
7: 19
8: 14
9: 15
10: 13
11: 12
12: 11 22
13: 10 21
14: 8 19 21
15: 9 20 22
16: 3 17 18
17: 5 16 20
18: 4 16 19
19: 7 14 18
20: 6 15 17
21: 2 13 14
22: 1 12 15

1: 8
2: 9
3: 10
4: 8 9
5: 8 10
6: 9 10
7: 8 9 10
8: 1 4 5 7
9: 2 4 6 7
10: 3 5 6 7

1: 5 6
2: 5 7
3: 6 8
4: 7 8
5: 1 2 9
6: 1 3 9
7: 2 4 9
8: 3 4 9
9: 5 6 7 8

1: 8
2: 4 9
3: 5 9
4: 2 6
5: 3 7
6: 4 8 9
7: 5 8 9
8: 1 6 7
9: 2 3 6 7

1: 23
2: 18
3: 19
4: 20
5: 12
6: 13
7: 22
8: 21
9: 15 23
10: 16 17
11: 14 17
12: 5 16
13: 6 15
14: 11 21 23
15: 9 13 22
16: 10 12 18
17: 10 11 20
18: 2 16 19
19: 3 18 20
20: 4 17 19
21: 8 14 22
22: 7 15 21
23: 1 9 14

1: 23
2: 18
3: 19
4: 20
5: 22
6: 12
7: 13
8: 21
9: 15 23
10: 16 17
11: 14 17
12: 6 16
13: 7 15
14: 11 18 22
15: 9 13 22
16: 10 12 19
17: 10 11 21
18: 2 14 23
19: 3 16 20
20: 4 19 21
21: 8 17 20
22: 5 14 15
23: 1 9 18

1: 23
2: 16
3: 17
4: 20
5: 18
6: 19
7: 11
8: 10
9: 14 23
10: 8 23
11: 7 21
12: 15 22
13: 21 22
14: 9 16
15: 12 18 23
16: 2 14 18
17: 3 19 22
18: 5 15 16
19: 6 17 20
20: 4 19 21
21: 11 13 20
22: 12 13 17
23: 1 9 10 15

1: 23
2: 18
3: 19
4: 20
5: 22
6: 12
7: 13
8: 21
9: 15 23
10: 16 17
11: 14 17
12: 6 16
13: 7 15
14: 11 15 19
15: 9 13 14
16: 10 12 20
17: 10 11 22
18: 2 19 23
19: 3 14 18
20: 4 16 21
21: 8 20 22
22: 5 17 21
23: 1 9 18

1: 13
2: 23
3: 17
4: 18
5: 19
6: 20
7: 22
8: 21
9: 15 23
10: 14 16
11: 12 16
12: 11 15
13: 1 14
14: 10 13 22
15: 9 12 19
16: 10 11 20
17: 3 18 23
18: 4 17 19
19: 5 15 18
20: 6 16 21
21: 8 20 22
22: 7 14 21
23: 2 9 17

1: 9
2: 9
3: 8
4: 5 9
5: 4 6
6: 5 7
7: 6 8
8: 3 7
9: 1 2 4

1: 12
2: 10
3: 10 12
4: 11 12
5: 8 11
6: 9 11
7: 8 9
8: 5 7
9: 6 7
10: 2 3
11: 4 5 6
12: 1 3 4

1: 12
2: 11
3: 10
4: 9 12
5: 8 12
6: 7 10
7: 6 9
8: 5 11
9: 4 7
10: 3 6
11: 2 8
12: 1 4 5

1: 13
2: 12
3: 12
4: 11
5: 11
6: 10
7: 9 13
8: 9 12
9: 7 8
10: 6 11 13
11: 4 5 10
12: 2 3 8
13: 1 7 10

1: 10
2: 10
3: 9
4: 5 9
5: 4 8
6: 7 8
7: 6 9 10
8: 5 6 10
9: 3 4 7
10: 1 2 7 8

1: 11
2: 11
3: 11
4: 10
5: 7 10
6: 8 10
7: 5 9
8: 6 9
9: 7 8 11
10: 4 5 6
11: 1 2 3 9

1: 11
2: 11
3: 4
4: 3 10
5: 6 10
6: 5 9
7: 8 9
8: 7 10 11
9: 6 7 11
10: 4 5 8
11: 1 2 8 9

1: 12
2: 11
3: 5
4: 10 12
5: 3 12
6: 7 11
7: 6 8
8: 7 9
9: 8 10
10: 4 9
11: 2 6
12: 1 4 5

1: 10
2: 10
3: 9 10
4: 7 9
5: 8 9
6: 7 8
7: 4 6
8: 5 6
9: 3 4 5
10: 1 2 3

1: 8
2: 5
3: 6
4: 7 9
5: 2 9
6: 3 9
7: 4 8
8: 1 7
9: 4 5 6

1: 5
2: 5 9
3: 7 9
4: 8 9
5: 1 2
6: 7 8
7: 3 6
8: 4 6
9: 2 3 4

1: 9
2: 11
3: 11
4: 10
5: 7
6: 10 11
7: 5 8
8: 7 9
9: 1 8 10
10: 4 6 9
11: 2 3 6

1: 9
2: 9
3: 8
4: 6 9
5: 7 9
6: 4 8
7: 5 8
8: 3 6 7
9: 1 2 4 5

1: 11
2: 11
3: 10
4: 10
5: 7
6: 9 11
7: 5 11
8: 9 10
9: 6 8
10: 3 4 8
11: 1 2 6 7

1: 14
2: 14
3: 14
4: 11
5: 13
6: 13
7: 13
8: 11 12
9: 10 12
10: 9 14
11: 4 8
12: 8 9 13
13: 5 6 7 12
14: 1 2 3 10

1: 9
2: 10
3: 10
4: 12
5: 12
6: 12
7: 11
8: 11
9: 1 10
10: 2 3 9 11
11: 7 8 10 12
12: 4 5 6 11

1: 12
2: 12
3: 12
4: 11
5: 11
6: 9
7: 10
8: 11 12
9: 6 10
10: 7 9 11 12
11: 4 5 8 10
12: 1 2 3 8 10

1: 7
2: 8
3: 5 7
4: 6 7
5: 3 8
6: 4 8
7: 1 3 4
8: 2 5 6

1: 11
2: 11
3: 9
4: 10
5: 6 11
6: 5 7
7: 6 10
8: 9 10
9: 3 8
10: 4 7 8
11: 1 2 5

1: 8 9
2: 8 10
3: 9 10
4: 5 6 7
5: 4 8 9
6: 4 8 10
7: 4 9 10
8: 1 2 5 6
9: 1 3 5 7
10: 2 3 6 7

1: 8 9
2: 8 9
3: 8 9
4: 6 7
5: 6 7
6: 4 5 8
7: 4 5 9
8: 1 2 3 6
9: 1 2 3 7

1: 8 9
2: 8 9
3: 8 9
4: 8 9
5: 8 9
6: 8 9
7: 8 9
8: 1 2 3 4 5 6 7
9: 1 2 3 4 5 6 7

1: 18
2: 19
3: 19
4: 19
5: 19
6: 19
7: 19
8: 19
9: 19
10: 18
11: 18
12: 18
13: 18
14: 18
15: 18
16: 18
17: 18 19
18: 1 10 11 12 13 14 15 16 17
19: 2 3 4 5 6 7 8 9 17

1: 2 9
2: 1 10
3: 6 10
4: 7 10
5: 8 10
6: 3 9
7: 4 9
8: 5 9
9: 1 6 7 8
10: 2 3 4 5

1: 17
2: 17
3: 16
4: 16
5: 16
6: 13
7: 12 14
8: 13 15
9: 11 17
10: 11 15
11: 9 10
12: 7 15 17
13: 6 8 14
14: 7 13 16
15: 8 10 12
16: 3 4 5 14
17: 1 2 9 12

1: 21
2: 21
3: 20
4: 13
5: 12
6: 17 21
7: 14 16
8: 15 16
9: 11 17
10: 11 19
11: 9 10
12: 5 19
13: 4 18
14: 7 20
15: 8 20
16: 7 8 21
17: 6 9 18
18: 13 17 19
19: 10 12 18
20: 3 14 15
21: 1 2 6 16

1: 15
2: 15
3: 16
4: 16
5: 17
6: 17
7: 18
8: 18
9: 15 19
10: 17 20
11: 18 20
12: 16 19
13: 14 20
14: 13 19
15: 1 2 9
16: 3 4 12
17: 5 6 10
18: 7 8 11
19: 9 12 14
20: 10 11 13

1: 15
2: 15
3: 17
4: 17
5: 16
6: 16
7: 8
8: 7 19
9: 16 19
10: 17 18
11: 14 19
12: 13 18
13: 12 14
14: 11 13
15: 1 2 18
16: 5 6 9
17: 3 4 10
18: 10 12 15
19: 8 9 11

1: 18
2: 18
3: 17
4: 17
5: 15
6: 15
7: 14
8: 14
9: 12
10: 17 19
11: 18 20
12: 9 13
13: 12 16
14: 7 8 20
15: 5 6 19
16: 13 19 20
17: 3 4 10
18: 1 2 11
19: 10 15 16
20: 11 14 16

1: 15
2: 15
3: 19
4: 19
5: 16
6: 16
7: 17
8: 17
9: 18
10: 18
11: 16 20
12: 17 20
13: 18 20
14: 15 19
15: 1 2 14
16: 5 6 11
17: 7 8 12
18: 9 10 13
19: 3 4 14 20
20: 11 12 13 19

1: 17
2: 17
3: 16
4: 16
5: 18
6: 18
7: 19
8: 19
9: 14 20
10: 15 20
11: 18 20
12: 19 20
13: 14 16
14: 9 13
15: 10 17
16: 3 4 13
17: 1 2 15
18: 5 6 11
19: 7 8 12
20: 9 10 11 12

1: 17
2: 17
3: 15
4: 16
5: 16
6: 18
7: 18
8: 19
9: 19
10: 14 20
11: 18 20
12: 19 20
13: 15 17
14: 10 16
15: 3 13 20
16: 4 5 14
17: 1 2 13
18: 6 7 11
19: 8 9 12
20: 10 11 12 15

1: 15
2: 15
3: 16
4: 16
5: 17
6: 17
7: 18
8: 18
9: 17 20
10: 18 20
11: 12 20
12: 11 19
13: 14 19
14: 13 16
15: 1 2 19
16: 3 4 14
17: 5 6 9
18: 7 8 10
19: 12 13 15
20: 9 10 11

1: 20
2: 19
3: 15
4: 15
5: 16
6: 16
7: 17
8: 18
9: 18
10: 19 20
11: 18 20
12: 14 19
13: 14 17
14: 12 13
15: 3 4 20
16: 5 6 17
17: 7 13 16
18: 8 9 11
19: 2 10 12
20: 1 10 11 15

1: 14
2: 14
3: 17
4: 17
5: 16
6: 16
7: 15
8: 15
9: 11
10: 19 20
11: 9 18
12: 13 20
13: 12 17
14: 1 2 20
15: 7 8 19
16: 5 6 18
17: 3 4 13
18: 11 16 19
19: 10 15 18
20: 10 12 14

1: 20
2: 20
3: 19
4: 19
5: 17
6: 18
7: 8 12
8: 7 11
9: 14 20
10: 13 19
11: 8 16
12: 7 15
13: 10 17
14: 9 18
15: 12 17
16: 11 18
17: 5 13 15
18: 6 14 16
19: 3 4 10
20: 1 2 9

1: 20
2: 19
3: 16
4: 16
5: 15
6: 15
7: 17
8: 17
9: 18
10: 18
11: 15 19
12: 17 20
13: 18 20
14: 16 19
15: 5 6 11
16: 3 4 14
17: 7 8 12
18: 9 10 13
19: 2 11 14 20
20: 1 12 13 19

1: 20
2: 17
3: 17
4: 18
5: 18
6: 15
7: 15
8: 16
9: 16
10: 19 20
11: 17 20
12: 18 20
13: 15 19
14: 16 19
15: 6 7 13
16: 8 9 14
17: 2 3 11
18: 4 5 12
19: 10 13 14
20: 1 10 11 12

1: 18
2: 18
3: 17
4: 17
5: 16
6: 16
7: 15
8: 15
9: 18 19
10: 14 20
11: 14 19
12: 13 20
13: 12 17
14: 10 11
15: 7 8 20
16: 5 6 19
17: 3 4 13
18: 1 2 9
19: 9 11 16
20: 10 12 15

1: 20
2: 19
3: 18
4: 15
5: 16
6: 16
7: 15
8: 14
9: 13
10: 17 20
11: 13 18
12: 14 19
13: 9 11
14: 8 12
15: 4 7 20
16: 5 6 20
17: 10 18 19
18: 3 11 17
19: 2 12 17
20: 1 10 15 16

1: 20
2: 18
3: 18
4: 16
5: 16
6: 15
7: 15
8: 9
9: 8 20
10: 17 20
11: 14 19
12: 13 18
13: 12 14
14: 11 13
15: 6 7 19
16: 4 5 17
17: 10 16 19
18: 2 3 12
19: 11 15 17
20: 1 9 10

1: 15
2: 15
3: 14
4: 17
5: 17
6: 18
7: 18
8: 19
9: 19
10: 18 20
11: 19 20
12: 13 16
13: 12 17
14: 3 16 20
15: 1 2 16
16: 12 14 15
17: 4 5 13
18: 6 7 10
19: 8 9 11
20: 10 11 14

1: 19
2: 19
3: 14
4: 16
5: 15
6: 17
7: 18
8: 13 20
9: 14 20
10: 17 20
11: 18 20
12: 13 19
13: 8 12
14: 3 9
15: 5 17
16: 4 18
17: 6 10 15
18: 7 11 16
19: 1 2 12
20: 8 9 10 11

1: 20
2: 17
3: 17
4: 16
5: 16
6: 18
7: 18
8: 19
9: 19
10: 18 20
11: 19 20
12: 15 16
13: 14 17
14: 13 15
15: 12 14 20
16: 4 5 12
17: 2 3 13
18: 6 7 10
19: 8 9 11
20: 1 10 11 15

1: 14
2: 16
3: 16
4: 15
5: 15
6: 17
7: 17
8: 18
9: 18
10: 15 19
11: 17 20
12: 18 20
13: 16 19
14: 1 19 20
15: 4 5 10
16: 2 3 13
17: 6 7 11
18: 8 9 12
19: 10 13 14
20: 11 12 14

1: 20
2: 19
3: 16
4: 16
5: 15
6: 15
7: 17
8: 18
9: 16 17
10: 15 18
11: 14 20
12: 13 19
13: 12 14
14: 11 13
15: 5 6 10
16: 3 4 9
17: 7 9 19
18: 8 10 20
19: 2 12 17
20: 1 11 18

1: 20
2: 19
3: 18
4: 17
5: 15
6: 16
7: 12
8: 11
9: 15 20
10: 16 19
11: 8 18
12: 7 17
13: 14 20
14: 13 19
15: 5 9 17
16: 6 10 18
17: 4 12 15
18: 3 11 16
19: 2 10 14
20: 1 9 13

1: 17
2: 20
3: 20
4: 18
5: 18
6: 19
7: 19
8: 15 17
9: 16 17
10: 11 15
11: 10 12
12: 11 13
13: 12 20
14: 16 18
15: 8 10
16: 9 14 19
17: 1 8 9
18: 4 5 14
19: 6 7 16
20: 2 3 13

1: 15
2: 20
3: 20
4: 19
5: 19
6: 10 16
7: 14 18
8: 13 18
9: 18 20
10: 6 11
11: 10 12
12: 11 17
13: 8 17
14: 7 19
15: 1 16
16: 6 15 17
17: 12 13 16
18: 7 8 9
19: 4 5 14
20: 2 3 9

1: 15
2: 16
3: 16
4: 15
5: 17
6: 18
7: 18
8: 17
9: 13 19
10: 14 20
11: 12 14
12: 11 13
13: 9 12
14: 10 11
15: 1 4 20
16: 2 3 20
17: 5 8 19
18: 6 7 19
19: 9 17 18
20: 10 15 16

1: 2 3
2: 1 48
3: 1 47
4: 5 6
5: 4 7
6: 4 8
7: 5 9
8: 6 10
9: 7 12
10: 8 11
11: 10 14
12: 9 13
13: 12 16
14: 11 15
15: 14 18
16: 13 17
17: 16 20
18: 15 19
19: 18 22
20: 17 21
21: 20 24
22: 19 23
23: 22 26
24: 21 25
25: 24 28
26: 23 27
27: 26 30
28: 25 29
29: 28 32
30: 27 31
31: 30 34
32: 29 33
33: 32 36
34: 31 35
35: 34 38
36: 33 37
37: 36 40
38: 35 39
39: 38 42
40: 37 41
41: 40 44
42: 39 43
43: 42 46
44: 41 45
45: 44 48
46: 43 47
47: 3 46
48: 2 45

1: 7 10
2: 7 10
3: 8 10
4: 9 10
5: 9 10
6: 8 10
7: 1 2
8: 3 6
9: 4 5
10: 1 2 3 4 5 6

1: 5 9
2: 6 10
3: 5 10
4: 6 9
5: 1 3 8
6: 2 4 7
7: 6 9 10
8: 5 9 10
9: 1 4 7 8
10: 2 3 7 8

1: 7
2: 8
3: 8
4: 7
5: 7 8
6: 7 8
7: 1 4 5 6
8: 2 3 5 6

1: 31
2: 31
3: 31
4: 24
5: 27
6: 23
7: 21
8: 20
9: 19
10: 18
11: 30
12: 30
13: 30
14: 29
15: 17
16: 28 31
17: 15 27
18: 10 25 28
19: 9 24 28
20: 8 23 26
21: 7 22 26
22: 21 24 25
23: 6 20 25
24: 4 19 22
25: 18 22 23
26: 20 21 29
27: 5 17 29
28: 16 18 19
29: 14 26 27 30
30: 11 12 13 29
31: 1 2 3 16

1: 17
2: 18
3: 33
4: 33
5: 33
6: 32
7: 29
8: 22
9: 23
10: 24
11: 20
12: 19
13: 25
14: 28
15: 27
16: 26
17: 1 18
18: 2 17 32
19: 12 21 22
20: 11 23 24
21: 19 25 32
22: 8 19 28
23: 9 20 26
24: 10 20 27
25: 13 21 30
26: 16 23 31
27: 15 24 31
28: 14 22 30
29: 7 30 31
30: 25 28 29
31: 26 27 29
32: 6 18 21 33
33: 3 4 5 32

1: 30
2: 30
3: 15
4: 29
5: 16
6: 20
7: 28
8: 24
9: 27
10: 26
11: 25
12: 22
13: 23
14: 18
15: 3 16
16: 5 15 30
17: 18 19 30
18: 14 17 29
19: 17 27 28
20: 6 27 29
21: 22 23 28
22: 12 21 25
23: 13 21 26
24: 8 25 26
25: 11 22 24
26: 10 23 24
27: 9 19 20
28: 7 19 21
29: 4 18 20
30: 1 2 16 17

1: 23
2: 23
3: 17
4: 22
5: 21
6: 10 16
7: 14 20
8: 15 20
9: 20 21
10: 6 11
11: 10 12
12: 11 19
13: 14 15
14: 7 13
15: 8 13
16: 6 19 23
17: 3 18 23
18: 17 21 22
19: 12 16 22
20: 7 8 9
21: 5 9 18
22: 4 18 19
23: 1 2 16 17

1: 32
2: 32
3: 29
4: 31
5: 31
6: 31
7: 18
8: 19
9: 20
10: 26
11: 25
12: 24
13: 22
14: 22
15: 21
16: 28 29
17: 27 30
18: 7 28 32
19: 8 24 30
20: 9 25 30
21: 15 23 27
22: 13 14 23
23: 21 22 29
24: 12 19 26
25: 11 20 26
26: 10 24 25
27: 17 21 28
28: 16 18 27
29: 3 16 23
30: 17 19 20
31: 4 5 6 32
32: 1 2 18 31

1: 17
2: 18
3: 31
4: 22
5: 30
6: 33
7: 33
8: 33
9: 29
10: 26
11: 27
12: 32
13: 32
14: 32
15: 25
16: 20
17: 1 18
18: 2 17 19
19: 18 20 21
20: 16 19 31
21: 19 29 30
22: 4 29 31
23: 24 25 30
24: 23 28 33
25: 15 23 27
26: 10 27 28
27: 11 25 26
28: 24 26 32
29: 9 21 22
30: 5 21 23
31: 3 20 22
32: 12 13 14 28
33: 6 7 8 24

1: 2 5
2: 1 6
3: 4 8
4: 3 7
5: 1 7
6: 2 8
7: 4 5 8
8: 3 6 7

1: 10 12
2: 10 12
3: 9 12
4: 10 11
5: 9 11
6: 7 8
7: 6 11 12
8: 6 9 12
9: 3 5 8
10: 1 2 4
11: 4 5 7
12: 1 2 3 7 8

1: 2 13
2: 1 14
3: 9 13
4: 10 13
5: 8 16
6: 11 16
7: 12 16
8: 5 15
9: 3 15
10: 4 15
11: 6 14
12: 7 14
13: 1 3 4 14 15
14: 2 11 12 13 16
15: 8 9 10 13 16
16: 5 6 7 14 15

1: 8
2: 7
3: 10
4: 9
5: 9 11
6: 10 12
7: 2 12
8: 1 11
9: 4 5
10: 3 6
11: 5 8 12
12: 6 7 11

1: 8
2: 9
3: 10
4: 11
5: 9 12
6: 10 12
7: 11 12
8: 1 12
9: 2 5
10: 3 6
11: 4 7
12: 5 6 7 8

1: 8
2: 8
3: 8
4: 8
5: 7
6: 7
7: 5 6 8
8: 1 2 3 4 7

1: 8
2: 8
3: 8
4: 6
5: 7
6: 4 8
7: 5 8
8: 1 2 3 6 7

1: 8
2: 8
3: 8
4: 6
5: 7
6: 4 7
7: 5 6 8
8: 1 2 3 7

1: 7
2: 7
3: 5
4: 6
5: 3 8
6: 4 8
7: 1 2 8
8: 5 6 7

1: 8
2: 7
3: 7
4: 5
5: 4 8
6: 7 8
7: 2 3 6
8: 1 5 6

1: 6 7
2: 6 7
3: 4 5
4: 3 6 7
5: 3 6 7
6: 1 2 4 5
7: 1 2 4 5

1: 5 7
2: 6 7
3: 5 6 7
4: 5 6 7
5: 1 3 4
6: 2 3 4
7: 1 2 3 4

1: 7 8
2: 7 8
3: 7 8
4: 7 8
5: 7 8
6: 7 8
7: 1 2 3 4 5 6
8: 1 2 3 4 5 6

1: 7 8
2: 7 8
3: 7 8
4: 5 6
5: 4 7 8
6: 4 7 8
7: 1 2 3 5 6
8: 1 2 3 5 6

1: 6 8
2: 7 8
3: 7 8
4: 6 7 8
5: 6 7 8
6: 1 4 5
7: 2 3 4 5
8: 1 2 3 4 5

1: 5 6
2: 5 6
3: 7 8
4: 7 8
5: 1 2 7 8
6: 1 2 7 8
7: 3 4 5 6
8: 3 4 5 6

1: 7 8
2: 4 6
3: 5 6
4: 2 7 8
5: 3 7 8
6: 2 3 7 8
7: 1 4 5 6
8: 1 4 5 6

1: 6 7
2: 6 8
3: 7 8
4: 6 7 8
5: 6 7 8
6: 1 2 4 5
7: 1 3 4 5
8: 2 3 4 5

1: 5 8
2: 6 7
3: 4 5 8
4: 3 6 7
5: 1 3 7
6: 2 4 8
7: 2 4 5 8
8: 1 3 6 7

1: 7
2: 5
3: 4 7
4: 3 6
5: 2 6
6: 4 5 7
7: 1 3 6

1: 5
2: 5 7
3: 4 7
4: 3 6
5: 1 2 6
6: 4 5 7
7: 2 3 6

1: 8
2: 8
3: 8
4: 6
5: 7 8
6: 4 7
7: 5 6
8: 1 2 3 5

1: 8
2: 8
3: 7
4: 6
5: 7 8
6: 4 8
7: 3 5
8: 1 2 5 6

1: 7
2: 8
3: 6 7
4: 5 8
5: 4 6 7
6: 3 5 8
7: 1 3 5 8
8: 2 4 6 7

1: 2 12
2: 1 11
3: 9 11
4: 10 12
5: 10 12
6: 10 12
7: 9 11
8: 9 11
9: 3 7 8 10
10: 4 5 6 9
11: 2 3 7 8 12
12: 1 4 5 6 11

1: 3 6
2: 4 5
3: 1 9
4: 2 10
5: 2 10
6: 1 9
7: 9 10
8: 9 10
9: 3 6 7 8
10: 4 5 7 8

1: 2 3
2: 1 4
3: 1 5
4: 2 8
5: 3 9
6: 8 9
7: 8 9
8: 4 6 7
9: 5 6 7

1: 3 5
2: 4 6
3: 1 8
4: 2 9
5: 1 9
6: 2 8
7: 8 9
8: 3 6 7
9: 4 5 7

1: 2 3
2: 1 4
3: 1 5
4: 2 6
5: 3 10
6: 4 9
7: 8 10
8: 7 9
9: 6 8 10
10: 5 7 9

1: 4 5
2: 3 8
3: 2 7
4: 1 6
5: 1 9
6: 4 10
7: 3 10
8: 2 9
9: 5 8 10
10: 6 7 9

1: 2 7
2: 1 8
3: 5 10
4: 6 10
5: 3 9
6: 4 9
7: 1 9
8: 2 10
9: 5 6 7
10: 3 4 8

1: 2 3
2: 1 4
3: 1 5
4: 2 6
5: 3 7
6: 4 11
7: 5 10
8: 10 11
9: 10 11
10: 7 8 9
11: 6 8 9

1: 2 3
2: 1 7
3: 1 8
4: 5 6
5: 4 11
6: 4 10
7: 2 10
8: 3 11
9: 10 11
10: 6 7 9
11: 5 8 9

1: 4 5
2: 6 8
3: 7 9
4: 1 10
5: 1 11
6: 2 11
7: 3 11
8: 2 10
9: 3 10
10: 4 8 9
11: 5 6 7

1: 2 3
2: 1 4
3: 1 5
4: 2 6
5: 3 8
6: 4 7
7: 6 14
8: 5 13
9: 11 14
10: 12 14
11: 9 13
12: 10 13
13: 8 11 12
14: 7 9 10

1: 17 21
2: 3 12
3: 2 16
4: 16 17
5: 8 18
6: 9 19
7: 10 20
8: 5 13
9: 6 15
10: 7 14
11: 17 21 23
12: 2 16 21
13: 8 18 23
14: 10 20 23
15: 9 19 23
16: 3 4 12
17: 1 4 11
18: 5 13 22
19: 6 15 22
20: 7 14 22
21: 1 11 12 22
22: 18 19 20 21 23
23: 11 13 14 15 22

1: 18 21
2: 3 10
3: 2 14
4: 14 18
5: 6 12
6: 5 15
7: 16 20
8: 11 19
9: 18 21 23
10: 2 14 21
11: 8 17 23
12: 5 15 23
13: 16 20 23
14: 3 4 10
15: 6 12 22
16: 7 13 22
17: 11 19 22
18: 1 4 9
19: 8 17 20
20: 7 13 19
21: 1 9 10 22
22: 15 16 17 21 23
23: 9 11 12 13 22

1: 8 9
2: 8 9
3: 6 7
4: 5 8 9
5: 4 6 7
6: 3 5 8
7: 3 5 9
8: 1 2 4 6
9: 1 2 4 7

1: 36
2: 36
3: 34
4: 33
5: 35
6: 35
7: 30
8: 23
9: 22
10: 24
11: 25
12: 21
13: 20
14: 29
15: 28
16: 27
17: 19
18: 34 36
19: 17 33
20: 13 22 23
21: 12 24 25
22: 9 20 26
23: 8 20 29
24: 10 21 27
25: 11 21 28
26: 22 31 35
27: 16 24 32
28: 15 25 32
29: 14 23 31
30: 7 31 32
31: 26 29 30
32: 27 28 30
33: 4 19 36
34: 3 18 35
35: 5 6 26 34
36: 1 2 18 33

1: 27
2: 27
3: 23
4: 24
5: 26
6: 26
7: 17
8: 17
9: 22
10: 21
11: 18
12: 19
13: 16
14: 25 27
15: 24 27
16: 13 23
17: 7 8 24
18: 11 21 25
19: 12 22 25
20: 21 22 26
21: 10 18 20
22: 9 19 20
23: 3 16 26
24: 4 15 17
25: 14 18 19
26: 5 6 20 23
27: 1 2 14 15

1: 32
2: 32
3: 16
4: 31
5: 17
6: 21
7: 30
8: 30
9: 22
10: 25
11: 27
12: 26
13: 23
14: 24
15: 19
16: 3 17
17: 5 16 32
18: 19 20 32
19: 15 18 31
20: 18 29 30
21: 6 29 31
22: 9 28 29
23: 13 26 28
24: 14 27 28
25: 10 26 27
26: 12 23 25
27: 11 24 25
28: 22 23 24
29: 20 21 22
30: 7 8 20
31: 4 19 21
32: 1 2 17 18

1: 25
2: 26
3: 46
4: 46
5: 46
6: 42
7: 45
8: 45
9: 43
10: 43
11: 44
12: 44
13: 27
14: 28
15: 36
16: 33
17: 35
18: 34
19: 31
20: 32
21: 38
22: 37
23: 29
24: 30
25: 1 26
26: 2 25 42
27: 13 39 42
28: 14 39 41
29: 23 37 41
30: 24 38 41
31: 19 34 40
32: 20 35 40
33: 16 34 35
34: 18 31 33
35: 17 32 33
36: 15 37 38
37: 22 29 36
38: 21 30 36
39: 27 28 40
40: 31 32 39
41: 28 29 30
42: 6 26 27 44
43: 9 10 45 46
44: 11 12 42 45
45: 7 8 43 44
46: 3 4 5 43

1: 29
2: 29
3: 29
4: 28
5: 27
6: 25
7: 20
8: 21
9: 22
10: 24
11: 23
12: 18
13: 14
14: 13 28
15: 26 27
16: 18 19 29
17: 20 26 28
18: 12 16 25
19: 16 23 24
20: 7 17 21
21: 8 20 27
22: 9 23 25
23: 11 19 22
24: 10 19 26
25: 6 18 22
26: 15 17 24
27: 5 15 21
28: 4 14 17
29: 1 2 3 16

1: 38
2: 38
3: 20
4: 24
5: 25
6: 26
7: 27
8: 28
9: 35
10: 34
11: 37
12: 36
13: 33
14: 31
15: 32
16: 29
17: 30
18: 21 25
19: 29 30 38
20: 3 24 38
21: 18 24 28
22: 23 34 35
23: 22 36 37
24: 4 20 21
25: 5 18 26
26: 6 25 27
27: 7 26 28
28: 8 21 27
29: 16 19 36
30: 17 19 37
31: 14 33 34
32: 15 33 35
33: 13 31 32
34: 10 22 31
35: 9 22 32
36: 12 23 29
37: 11 23 30
38: 1 2 19 20

1: 26
2: 18
3: 21
4: 22
5: 23
6: 25
7: 24
8: 19
9: 20
10: 13
11: 12
12: 11 26
13: 10 17
14: 17 18 26
15: 16 18 22
16: 15 19 20
17: 13 14 21
18: 2 14 15
19: 8 16 24
20: 9 16 25
21: 3 17 22
22: 4 15 21
23: 5 24 25
24: 7 19 23
25: 6 20 23
26: 1 12 14

1: 23
2: 23
3: 23
4: 21
5: 18
6: 18
7: 20
8: 17
9: 19
10: 22
11: 22
12: 15
13: 14 22
14: 13 15 16
15: 12 14 21
16: 14 19 20
17: 8 20 21
18: 5 6 19
19: 9 16 18
20: 7 16 17
21: 4 15 17
22: 10 11 13 23
23: 1 2 3 22

1: 28
2: 28
3: 14
4: 15
5: 27
6: 26
7: 22
8: 24
9: 23
10: 20
11: 21
12: 17
13: 18
14: 3 15
15: 4 14 28
16: 17 18 28
17: 12 16 26
18: 13 16 27
19: 25 26 27
20: 10 23 25
21: 11 24 25
22: 7 23 24
23: 9 20 22
24: 8 21 22
25: 19 20 21
26: 6 17 19
27: 5 18 19
28: 1 2 15 16

1: 13
2: 14
3: 27
4: 18
5: 26
6: 22
7: 25
8: 24
9: 23
10: 20
11: 21
12: 16
13: 1 14
14: 2 13 15
15: 14 16 17
16: 12 15 27
17: 15 25 26
18: 4 25 27
19: 20 21 26
20: 10 19 23
21: 11 19 24
22: 6 23 24
23: 9 20 22
24: 8 21 22
25: 7 17 18
26: 5 17 19
27: 3 16 18

1: 29
2: 29
3: 17
4: 18
5: 21
6: 22
7: 24
8: 23
9: 26
10: 25
11: 19
12: 20
13: 14
14: 13 17
15: 27 28
16: 18 27 29
17: 3 14 29
18: 4 16 21
19: 11 25 28
20: 12 26 28
21: 5 18 22
22: 6 21 23
23: 8 22 27
24: 7 25 26
25: 10 19 24
26: 9 20 24
27: 15 16 23
28: 15 19 20
29: 1 2 16 17

1: 30
2: 32
3: 32
4: 32
5: 31
6: 27
7: 26
8: 25
9: 23
10: 22
11: 19
12: 18
13: 20
14: 21
15: 16
16: 15 30
17: 28 29
18: 12 24 28
19: 11 27 28
20: 13 25 29
21: 14 26 29
22: 10 24 27
23: 9 25 26
24: 18 22 31
25: 8 20 23
26: 7 21 23
27: 6 19 22
28: 17 18 19
29: 17 20 21
30: 1 16 31
31: 5 24 30 32
32: 2 3 4 31

1: 41
2: 41
3: 43
4: 43
5: 42
6: 39
7: 38
8: 24
9: 32
10: 33
11: 25
12: 27
13: 35
14: 31
15: 34
16: 29
17: 28
18: 23
19: 22
20: 39 40
21: 38 41
22: 19 43
23: 18 42
24: 8 32 40
25: 11 36 39
26: 27 36 40
27: 12 26 33
28: 17 35 37
29: 16 36 37
30: 31 37 38
31: 14 30 34
32: 9 24 33
33: 10 27 32
34: 15 31 35
35: 13 28 34
36: 25 26 29
37: 28 29 30
38: 7 21 30
39: 6 20 25
40: 20 24 26
41: 1 2 21 42
42: 5 23 41 43
43: 3 4 22 42

1: 33
2: 33
3: 32
4: 32
5: 32
6: 28
7: 30
8: 30
9: 30
10: 31
11: 31
12: 22
13: 24
14: 27
15: 26
16: 21
17: 20
18: 19 30
19: 18 20 21
20: 17 19 29
21: 16 19 28
22: 12 31 32
23: 27 28 29
24: 13 26 29
25: 26 27 33
26: 15 24 25
27: 14 23 25
28: 6 21 23
29: 20 23 24
30: 7 8 9 18
31: 10 11 22 33
32: 3 4 5 22
33: 1 2 25 31

1: 33
2: 33
3: 32
4: 32
5: 30
6: 19
7: 19
8: 20
9: 26
10: 28
11: 27
12: 24
13: 25
14: 23
15: 22
16: 17
17: 16 32 33
18: 30 31 33
19: 6 7 31
20: 8 23 30
21: 22 23 31
22: 15 21 29
23: 14 20 21
24: 12 27 29
25: 13 28 29
26: 9 27 28
27: 11 24 26
28: 10 25 26
29: 22 24 25
30: 5 18 20
31: 18 19 21
32: 3 4 17
33: 1 2 17 18

1: 44
2: 44
3: 44
4: 39
5: 43
6: 43
7: 43
8: 34
9: 32
10: 32
11: 33
12: 35
13: 30
14: 31
15: 37
16: 36
17: 28
18: 27
19: 26
20: 24
21: 23
22: 25 43
23: 21 42 44
24: 20 41 44
25: 22 26 27
26: 19 25 40
27: 18 25 39
28: 17 34 40
29: 33 39 40
30: 13 36 42
31: 14 37 42
32: 9 10 35
33: 11 29 41
34: 8 28 41
35: 12 32 38
36: 16 30 38
37: 15 31 38
38: 35 36 37
39: 4 27 29
40: 26 28 29
41: 24 33 34
42: 23 30 31
43: 5 6 7 22
44: 1 2 3 23 24

1: 21
2: 22
3: 32
4: 37
5: 37
6: 35
7: 35
8: 36
9: 36
10: 33
11: 33
12: 33
13: 34
14: 34
15: 23
16: 24
17: 29
18: 28
19: 25
20: 26
21: 1 22
22: 2 21 32
23: 15 30 37
24: 16 30 31
25: 19 28 31
26: 20 29 31
27: 28 29 32
28: 18 25 27
29: 17 26 27
30: 23 24 36
31: 24 25 26
32: 3 22 27 33
33: 10 11 12 32
34: 13 14 35 37
35: 6 7 34 36
36: 8 9 30 35
37: 4 5 23 34

1: 20
2: 29
3: 21
4: 22
5: 23
6: 24
7: 25
8: 26
9: 28
10: 27
11: 15
12: 14
13: 16 20
14: 12 29
15: 11 19
16: 13 18 21
17: 19 20 25
18: 16 24 29
19: 15 17 28
20: 1 13 17
21: 3 16 22
22: 4 21 23
23: 5 22 24
24: 6 18 23
25: 7 17 26
26: 8 25 27
27: 10 26 28
28: 9 19 27
29: 2 14 18

1: 16
2: 17
3: 31
4: 31
5: 31
6: 30
7: 20
8: 21
9: 22
10: 23
11: 18
12: 25
13: 24
14: 27
15: 26
16: 1 17
17: 2 16 30
18: 11 22 23
19: 20 21 30
20: 7 19 24
21: 8 19 25
22: 9 18 26
23: 10 18 27
24: 13 20 28
25: 12 21 28
26: 15 22 29
27: 14 23 29
28: 24 25 29
29: 26 27 28
30: 6 17 19 31
31: 3 4 5 30

1: 6 7 8
2: 6 7 8
3: 6 7 8
4: 6 7 8
5: 6 7 8
6: 1 2 3 4 5
7: 1 2 3 4 5
8: 1 2 3 4 5

1: 7 8 9
2: 7 8 9
3: 7 8 9
4: 7 8 9
5: 7 8 9
6: 7 8 9
7: 1 2 3 4 5 6
8: 1 2 3 4 5 6
9: 1 2 3 4 5 6

1: 8 9 10
2: 8 9 10
3: 8 9 10
4: 8 9 10
5: 8 9 10
6: 8 9 10
7: 8 9 10
8: 1 2 3 4 5 6 7
9: 1 2 3 4 5 6 7
10: 1 2 3 4 5 6 7

1: 10 11
2: 10 11
3: 10 11
4: 10 11
5: 10 11
6: 10 11
7: 10 11
8: 10 11
9: 10 11
10: 1 2 3 4 5 6 7 8 9
11: 1 2 3 4 5 6 7 8 9

1: 9 10 11
2: 9 10 11
3: 9 10 11
4: 9 10 11
5: 9 10 11
6: 9 10 11
7: 9 10 11
8: 9 10 11
9: 1 2 3 4 5 6 7 8
10: 1 2 3 4 5 6 7 8
11: 1 2 3 4 5 6 7 8

1: 11 12
2: 11 12
3: 11 12
4: 11 12
5: 11 12
6: 11 12
7: 11 12
8: 11 12
9: 11 12
10: 11 12
11: 1 2 3 4 5 6 7 8 9 10
12: 1 2 3 4 5 6 7 8 9 10

1: 10 11 12
2: 10 11 12
3: 10 11 12
4: 10 11 12
5: 10 11 12
6: 10 11 12
7: 10 11 12
8: 10 11 12
9: 10 11 12
10: 1 2 3 4 5 6 7 8 9
11: 1 2 3 4 5 6 7 8 9
12: 1 2 3 4 5 6 7 8 9

1: 2 3 4
2: 1 10 12
3: 1 11 12
4: 1 8 9
5: 10 11 12
6: 8 9 10
7: 8 9 11
8: 4 6 7
9: 4 6 7
10: 2 5 6
11: 3 5 7
12: 2 3 5

1: 2 7
2: 1 8
3: 4 10
4: 3 9
5: 6 7 10
6: 5 8 9
7: 1 5 8
8: 2 6 7
9: 4 6 10
10: 3 5 9

1: 2 9
2: 1 10
3: 4 12
4: 3 11
5: 6 8 9
6: 5 7 10
7: 6 8 12
8: 5 7 11
9: 1 5 10
10: 2 6 9
11: 4 8 12
12: 3 7 11

1: 2 11
2: 1 12
3: 4 14
4: 3 13
5: 6 7 10
6: 5 8 9
7: 5 8 11
8: 6 7 12
9: 6 10 14
10: 5 9 13
11: 1 7 12
12: 2 8 11
13: 4 10 14
14: 3 9 13

1: 2 13
2: 1 14
3: 4 16
4: 3 15
5: 6 7 9
6: 5 8 12
7: 5 8 10
8: 6 7 11
9: 5 10 13
10: 7 9 14
11: 8 12 16
12: 6 11 15
13: 1 9 14
14: 2 10 13
15: 4 12 16
16: 3 11 15

1: 5 9
2: 8 10
3: 7 10
4: 6 9
5: 1 8 12
6: 4 7 12
7: 3 6 11
8: 2 5 11
9: 1 4 12
10: 2 3 11
11: 7 8 10 12
12: 5 6 9 11

1: 7 12
2: 10 12
3: 9 11
4: 8 11
5: 7 9 15
6: 8 10 15
7: 1 5 13
8: 4 6 14
9: 3 5 14
10: 2 6 13
11: 3 4 14
12: 1 2 13
13: 7 10 12 15
14: 8 9 11 15
15: 5 6 13 14

1: 9 14
2: 11 13
3: 12 14
4: 10 13
5: 8 9 16
6: 7 12 16
7: 6 11 15
8: 5 10 15
9: 1 5 17
10: 4 8 18
11: 2 7 18
12: 3 6 17
13: 2 4 18
14: 1 3 17
15: 7 8 16 18
16: 5 6 15 17
17: 9 12 14 16
18: 10 11 13 15

1: 14 16
2: 13 16
3: 11 15
4: 12 15
5: 7 9 19
6: 8 10 19
7: 5 11 17
8: 6 14 18
9: 5 13 18
10: 6 12 17
11: 3 7 21
12: 4 10 21
13: 2 9 20
14: 1 8 20
15: 3 4 21
16: 1 2 20
17: 7 10 19 21
18: 8 9 19 20
19: 5 6 17 18
20: 13 14 16 18
21: 11 12 15 17

1: 16 18
2: 15 18
3: 13 17
4: 14 17
5: 8 9 20
6: 7 12 20
7: 6 11 19
8: 5 10 19
9: 5 13 21
10: 8 16 22
11: 7 15 22
12: 6 14 21
13: 3 9 24
14: 4 12 24
15: 2 11 23
16: 1 10 23
17: 3 4 24
18: 1 2 23
19: 7 8 20 22
20: 5 6 19 21
21: 9 12 20 24
22: 10 11 19 23
23: 15 16 18 22
24: 13 14 17 21

1: 4 10
2: 5 9
3: 7 8
4: 1 8
5: 2 6
6: 5 9 10
7: 3 9 10
8: 3 4 10
9: 2 6 7
10: 1 6 7 8

1: 4 13
2: 5 13
3: 6 13
4: 1 12
5: 2 12
6: 3 12
7: 10 12
8: 11 12
9: 10 11
10: 7 9 13
11: 8 9 13
12: 4 5 6 7 8 13
13: 1 2 3 10 11 12

1: 3 9
2: 4 9
3: 1 10
4: 2 10
5: 8 9
6: 7 10
7: 6 8 9
8: 5 7 10
9: 1 2 5 7 10
10: 3 4 6 8 9

1: 2 3 4
2: 1 9 10
3: 1 11 14
4: 1 12 13
5: 9 10 11
6: 9 10 11
7: 12 13 14
8: 12 13 14
9: 2 5 6
10: 2 5 6
11: 3 5 6
12: 4 7 8
13: 4 7 8
14: 3 7 8

1: 2 3 4
2: 1 15 16
3: 1 12 16
4: 1 13 14
5: 6 7 16
6: 5 10 11
7: 5 10 11
8: 12 13 14
9: 12 13 14
10: 6 7 15
11: 6 7 15
12: 3 8 9
13: 4 8 9
14: 4 8 9
15: 2 10 11
16: 2 3 5

1: 2 3 4
2: 1 14 18
3: 1 15 18
4: 1 16 17
5: 6 14 18
6: 5 7 8
7: 6 12 13
8: 6 12 13
9: 15 16 17
10: 15 16 17
11: 12 13 14
12: 7 8 11
13: 7 8 11
14: 2 5 11
15: 3 9 10
16: 4 9 10
17: 4 9 10
18: 2 3 5

1: 2 3 4
2: 1 19 20
3: 1 19 20
4: 1 17 18
5: 6 14 16
6: 5 7 8
7: 6 13 14
8: 6 11 12
9: 11 12 13
10: 11 12 13
11: 8 9 10
12: 8 9 10
13: 7 9 10
14: 5 7 18
15: 17 19 20
16: 5 17 18
17: 4 15 16
18: 4 14 16
19: 2 3 15
20: 2 3 15

1: 16 18
2: 17 19
3: 14 15
4: 10 20
5: 11 23
6: 13 22
7: 12 21
8: 20 23
9: 21 22
10: 4 14 16
11: 5 15 17
12: 7 15 19
13: 6 14 18
14: 3 10 13
15: 3 11 12
16: 1 10 20
17: 2 11 23
18: 1 13 22
19: 2 12 21
20: 4 8 16
21: 7 9 19
22: 6 9 18
23: 5 8 17

1: 35
2: 35
3: 35
4: 34
5: 34
6: 33
7: 33
8: 37
9: 36
10: 20
11: 21
12: 23
13: 24
14: 22
15: 25
16: 26
17: 29
18: 28
19: 27
20: 10 35 36
21: 11 22 32
22: 14 21 24
23: 12 25 26
24: 13 22 29
25: 15 23 27
26: 16 23 28
27: 19 25 31
28: 18 26 31
29: 17 24 30
30: 29 32 37
31: 27 28 37
32: 21 30 36
33: 6 7 34 37
34: 4 5 33 36
35: 1 2 3 20
36: 9 20 32 34
37: 8 30 31 33

1: 38
2: 33
3: 25
4: 32
5: 34
6: 34
7: 35
8: 35
9: 36
10: 37
11: 37
12: 37
13: 36
14: 36
15: 31
16: 30
17: 28
18: 26
19: 27
20: 23
21: 22 23
22: 21 33 38
23: 20 21 32
24: 26 27 38
25: 3 32 33
26: 18 24 30
27: 19 24 31
28: 17 30 31
29: 35 36 37
30: 16 26 28
31: 15 27 28
32: 4 23 25
33: 2 22 25
34: 5 6 35 38
35: 7 8 29 34
36: 9 13 14 29
37: 10 11 12 29
38: 1 22 24 34

1: 7
2: 5
3: 6
4: 5 6
5: 2 4 7
6: 3 4 7
7: 1 5 6

1: 18
2: 20
3: 14
4: 15
5: 15
6: 14
7: 17
8: 17
9: 16
10: 16
11: 18 23
12: 19 20
13: 21 22
14: 3 6 23
15: 4 5 23
16: 9 10 22
17: 7 8 21
18: 1 11 19
19: 12 18 22
20: 2 12 21
21: 13 17 20
22: 13 16 19
23: 11 14 15

1: 13
2: 11
3: 12
4: 10
5: 10
6: 9
7: 13 14
8: 11 12
9: 6 10 14
10: 4 5 9
11: 2 8 14
12: 3 8 13
13: 1 7 12
14: 7 9 11

1: 15
2: 13
3: 14
4: 11
5: 11
6: 12
7: 10
8: 15 16
9: 13 14
10: 7 12 16
11: 4 5 12
12: 6 10 11
13: 2 9 16
14: 3 9 15
15: 1 8 14
16: 8 10 13

1: 28
2: 28
3: 26
4: 26
5: 24
6: 22 28
7: 19 21
8: 20 21
9: 10 27
10: 9 23
11: 17 22
12: 18 22
13: 15 23
14: 23 25
15: 13 24
16: 17 18
17: 11 16
18: 12 16
19: 7 27
20: 8 27
21: 7 8 28
22: 6 11 12
23: 10 13 14
24: 5 15 25
25: 14 24 26
26: 3 4 25
27: 9 19 20
28: 1 2 6 21

1: 8
2: 10
3: 11
4: 8 9
5: 9 10
6: 9 11
7: 10 11
8: 1 4
9: 4 5 6
10: 2 5 7
11: 3 6 7

1: 25
2: 30
3: 30
4: 28
5: 28
6: 29
7: 29
8: 27
9: 26
10: 23
11: 24
12: 20 22
13: 18 19
14: 15 22
15: 14 21
16: 18 21 29
17: 19 23 24
18: 13 16 22
19: 13 17 20
20: 12 19 30
21: 15 16 28
22: 12 14 18
23: 10 17 26
24: 11 17 27
25: 1 26 27
26: 9 23 25
27: 8 24 25
28: 4 5 21
29: 6 7 16
30: 2 3 20

1: 38
2: 38
3: 36
4: 36
5: 37
6: 37
7: 29
8: 29
9: 29
10: 30
11: 35
12: 35
13: 34
14: 34
15: 34
16: 33
17: 33
18: 32
19: 32
20: 31
21: 31
22: 28
23: 26
24: 25
25: 24 38
26: 23 37
27: 28 36 38
28: 22 27 35
29: 7 8 9 36
30: 10 31 32 37
31: 20 21 30 34
32: 18 19 30 33
33: 16 17 32 35
34: 13 14 15 31
35: 11 12 28 33
36: 3 4 27 29
37: 5 6 26 30
38: 1 2 25 27

1: 36
2: 36
3: 34
4: 29
5: 29
6: 24
7: 24
8: 28
9: 27
10: 37
11: 37
12: 37
13: 39
14: 39
15: 39
16: 38
17: 38
18: 38
19: 34 35
20: 30 35
21: 31 37
22: 32 38
23: 33 39
24: 6 7 35
25: 30 34 36
26: 27 28 36
27: 9 26 33
28: 8 26 32
29: 4 5 30
30: 20 25 29
31: 21 32 33
32: 22 28 31
33: 23 27 31
34: 3 19 25
35: 19 20 24
36: 1 2 25 26
37: 10 11 12 21
38: 16 17 18 22
39: 13 14 15 23

1: 41
2: 43
3: 43
4: 43
5: 42
6: 42
7: 42
8: 40
9: 40
10: 40
11: 39
12: 39
13: 39
14: 37
15: 38
16: 29
17: 30
18: 31
19: 32
20: 33
21: 27
22: 27
23: 37 43
24: 38 42
25: 35 37 41
26: 34 38 41
27: 21 22 36
28: 29 36 41
29: 16 28 30
30: 17 29 31
31: 18 30 32
32: 19 31 36
33: 20 34 35
34: 26 33 40
35: 25 33 39
36: 27 28 32
37: 14 23 25
38: 15 24 26
39: 11 12 13 35
40: 8 9 10 34
41: 1 25 26 28
42: 5 6 7 24
43: 2 3 4 23

1: 65
2: 67
3: 67
4: 61
5: 61
6: 64
7: 64
8: 66
9: 66
10: 63
11: 63
12: 63
13: 62
14: 62
15: 71
16: 71
17: 71
18: 70
19: 70
20: 70
21: 69
22: 69
23: 69
24: 68
25: 68
26: 68
27: 60
28: 58
29: 59
30: 59
31: 59
32: 58
33: 58
34: 47
35: 46
36: 53
37: 52
38: 49
39: 48
40: 66 67
41: 57 69
42: 56 68
43: 55 71
44: 54 70
45: 61 62 63
46: 35 53 55
47: 34 52 54
48: 39 51 57
49: 38 50 56
50: 49 53 65
51: 48 52 64
52: 37 47 51
53: 36 46 50
54: 44 47 57
55: 43 46 56
56: 42 49 55
57: 41 48 54
58: 28 32 33 60
59: 29 30 31 60
60: 27 58 59 65
61: 4 5 45 67
62: 13 14 45 64
63: 10 11 12 45
64: 6 7 51 62
65: 1 50 60 66
66: 8 9 40 65
67: 2 3 40 61
68: 24 25 26 42
69: 21 22 23 41
70: 18 19 20 44
71: 15 16 17 43

1: 40
2: 40
3: 33
4: 26
5: 32
6: 27
7: 28
8: 30
9: 29
10: 39
11: 37
12: 38
13: 38
14: 38
15: 37
16: 37
17: 36
18: 36
19: 35
20: 24
21: 23
22: 34 40
23: 21 39
24: 20 33 34
25: 31 32 34
26: 4 31 33
27: 6 28 32
28: 7 27 29
29: 9 28 31
30: 8 35 36
31: 25 26 29
32: 5 25 27
33: 3 24 26
34: 22 24 25
35: 19 30 37 38
36: 17 18 30 39
37: 11 15 16 35
38: 12 13 14 35
39: 10 23 36 40
40: 1 2 22 39

1: 32
2: 30
3: 30
4: 30
5: 31
6: 31
7: 29
8: 20
9: 22
10: 22
11: 21
12: 24
13: 25
14: 27
15: 26
16: 19
17: 18
18: 17 32
19: 16 31
20: 8 21 30
21: 11 20 29
22: 9 10 28
23: 24 25 32
24: 12 23 26
25: 13 23 27
26: 15 24 28
27: 14 25 28
28: 22 26 27
29: 7 21 31 32
30: 2 3 4 20
31: 5 6 19 29
32: 1 18 23 29

1: 44
2: 52
3: 52
4: 50
5: 45
6: 45
7: 51
8: 51
9: 49
10: 49
11: 48
12: 48
13: 46
14: 46
15: 47
16: 47
17: 36
18: 37
19: 38
20: 39
21: 35
22: 34
23: 40
24: 43
25: 42
26: 41
27: 28
28: 27 44
29: 51 52
30: 48 49 50
31: 45 46 47
32: 40 43 50
33: 41 42 50
34: 22 36 37
35: 21 38 39
36: 17 34 40
37: 18 34 43
38: 19 35 41
39: 20 35 42
40: 23 32 36
41: 26 33 38
42: 25 33 39
43: 24 32 37
44: 1 28 51
45: 5 6 31 52
46: 13 14 31 48
47: 15 16 31 49
48: 11 12 30 46
49: 9 10 30 47
50: 4 30 32 33
51: 7 8 29 44
52: 2 3 29 45

1: 54
2: 54
3: 53
4: 47
5: 47
6: 48
7: 49
8: 49
9: 50
10: 52
11: 52
12: 51
13: 51
14: 43
15: 44
16: 44
17: 44
18: 43
19: 43
20: 45
21: 46
22: 46
23: 46
24: 45
25: 45
26: 41
27: 40
28: 39
29: 36
30: 37
31: 35
32: 42 49
33: 51 54
34: 52 53
35: 31 50
36: 29 40 42
37: 30 41 42
38: 40 41 54
39: 28 47 48
40: 27 36 38
41: 26 37 38
42: 32 36 37
43: 14 18 19 53
44: 15 16 17 53
45: 20 24 25 48
46: 21 22 23 48
47: 4 5 39 50
48: 6 39 45 46
49: 7 8 32 50
50: 9 35 47 49
51: 12 13 33 52
52: 10 11 34 51
53: 3 34 43 44
54: 1 2 33 38

1: 41
2: 41
3: 39
4: 39
5: 38
6: 40
7: 37
8: 37
9: 35
10: 36
11: 36
12: 36
13: 35
14: 35
15: 33
16: 32
17: 31
18: 31
19: 29
20: 30
21: 26
22: 27
23: 25
24: 34 41
25: 23 40
26: 21 32 34
27: 22 33 34
28: 32 33 39
29: 19 37 38
30: 20 31 39
31: 17 18 30
32: 16 26 28
33: 15 27 28
34: 24 26 27
35: 9 13 14 38
36: 10 11 12 38
37: 7 8 29 40
38: 5 29 35 36
39: 3 4 28 30
40: 6 25 37 41
41: 1 2 24 40

1: 2 7
2: 1 10
3: 5 11
4: 6 12
5: 3 8
6: 4 9
7: 1 8 9
8: 5 7 12
9: 6 7 11
10: 2 11 12
11: 3 9 10
12: 4 8 10

1: 2 9
2: 1 10
3: 8 12
4: 7 11
5: 8 9
6: 7 10
7: 4 6 8
8: 3 5 7
9: 1 5 11
10: 2 6 12
11: 4 9 12
12: 3 10 11

1: 9
2: 9
3: 9
4: 9
5: 9
6: 8
7: 8
8: 6 7 9
9: 1 2 3 4 5 8

1: 9
2: 9
3: 9
4: 6
5: 7 9
6: 4 8
7: 5 8
8: 6 7
9: 1 2 3 5

1: 9
2: 9
3: 8
4: 6
5: 7 9
6: 4 9
7: 5 8
8: 3 7
9: 1 2 5 6

1: 9
2: 9
3: 7
4: 8
5: 7 9
6: 8 9
7: 3 5
8: 4 6
9: 1 2 5 6

1: 9
2: 8
3: 8
4: 6
5: 7 9
6: 4 7
7: 5 6
8: 2 3 9
9: 1 5 8

1: 9
2: 8
3: 8
4: 7
5: 8 9
6: 7 9
7: 4 6
8: 2 3 5
9: 1 5 6

1: 9
2: 8
3: 8
4: 5
5: 4 9
6: 7 9
7: 6 8
8: 2 3 7
9: 1 5 6

1: 9
2: 8
3: 6
4: 7
5: 8 9
6: 3 8
7: 4 9
8: 2 5 6
9: 1 5 7

1: 9
2: 9
3: 9
4: 9
5: 9
6: 8
7: 8 9
8: 6 7
9: 1 2 3 4 5 7

1: 9
2: 9
3: 9
4: 9
5: 7
6: 8
7: 5 8
8: 6 7 9
9: 1 2 3 4 8

1: 9
2: 9
3: 9
4: 8
5: 8
6: 7
7: 6 8 9
8: 4 5 7
9: 1 2 3 7

1: 7
2: 9
3: 9
4: 9
5: 8
6: 8
7: 1 8
8: 5 6 7 9
9: 2 3 4 8

1: 9
2: 9
3: 9
4: 7
5: 8
6: 8
7: 4 9
8: 5 6 9
9: 1 2 3 7 8

1: 9
2: 9
3: 9
4: 9
5: 7
6: 8
7: 5 9
8: 6 9
9: 1 2 3 4 7 8

1: 5
2: 6
3: 7
4: 8
5: 1 9
6: 2 9
7: 3 9
8: 4 9
9: 5 6 7 8

1: 9
2: 8
3: 8
4: 6
5: 7
6: 4 9
7: 5 9
8: 2 3 9
9: 1 6 7 8

1: 9
2: 9
3: 9
4: 6
5: 7
6: 4 8
7: 5 8
8: 6 7 9
9: 1 2 3 8

1: 12 14
2: 11 13
3: 8 18
4: 7 17
5: 10 15
6: 9 16
7: 4 19
8: 3 20
9: 6 22
10: 5 21
11: 2 19
12: 1 20
13: 2 22
14: 1 21
15: 5 23
16: 6 24
17: 4 26
18: 3 25
19: 7 11 23
20: 8 12 24
21: 10 14 26
22: 9 13 25
23: 15 19 24
24: 16 20 23
25: 18 22 26
26: 17 21 25

1: 2 9
2: 1 13
3: 8 14
4: 5 16
5: 4 10
6: 7 11
7: 6 15
8: 3 12
9: 1 21
10: 5 22
11: 6 23
12: 8 24
13: 2 26
14: 3 25
15: 7 28
16: 4 27
17: 21 28
18: 22 23
19: 24 27
20: 25 26
21: 9 17 22
22: 10 18 21
23: 11 18 24
24: 12 19 23
25: 14 20 28
26: 13 20 27
27: 16 19 26
28: 15 17 25

1: 4 18
2: 3 17
3: 2 20
4: 1 19
5: 6 21
6: 5 22
7: 10 21
8: 9 22
9: 8 24
10: 7 23
11: 14 24
12: 13 23
13: 12 26
14: 11 25
15: 16 28
16: 15 27
17: 2 26
18: 1 25
19: 4 28
20: 3 27
21: 5 7 25
22: 6 8 26
23: 10 12 28
24: 9 11 27
25: 14 18 21
26: 13 17 22
27: 16 20 24
28: 15 19 23

1: 10 13
2: 9 14
3: 12 16
4: 11 15
5: 7 23
6: 8 24
7: 5 26
8: 6 25
9: 2 19
10: 1 20
11: 4 22
12: 3 21
13: 1 23
14: 2 24
15: 4 26
16: 3 25
17: 19 22
18: 20 21
19: 9 17 23
20: 10 18 24
21: 12 18 26
22: 11 17 25
23: 5 13 19
24: 6 14 20
25: 8 16 22
26: 7 15 21

1: 4 14
2: 3 13
3: 2 16
4: 1 15
5: 8 18
6: 7 17
7: 6 20
8: 5 19
9: 12 28
10: 11 27
11: 10 24
12: 9 23
13: 2 21
14: 1 22
15: 4 26
16: 3 25
17: 6 21
18: 5 22
19: 8 24
20: 7 23
21: 13 17 27
22: 14 18 28
23: 12 20 26
24: 11 19 25
25: 16 24 26
26: 15 23 25
27: 10 21 28
28: 9 22 27

1: 2 3
2: 1 27
3: 1 28
4: 6 27
5: 7 28
6: 4 12
7: 5 11
8: 9 10
9: 8 20
10: 8 19
11: 7 22
12: 6 21
13: 16 18
14: 15 17
15: 14 23
16: 13 24
17: 14 26
18: 13 25
19: 10 26
20: 9 25
21: 12 24
22: 11 23
23: 15 22 27
24: 16 21 28
25: 18 20 27
26: 17 19 28
27: 2 4 23 25
28: 3 5 24 26

1: 9
2: 9
3: 9
4: 8
5: 7
6: 8 9
7: 5 9
8: 4 6
9: 1 2 3 6 7

1: 9
2: 9
3: 9
4: 7
5: 8
6: 7 8
7: 4 6
8: 5 6 9
9: 1 2 3 8

1: 9
2: 9
3: 9
4: 7
5: 8
6: 8 9
7: 4 8
8: 5 6 7
9: 1 2 3 6

1: 9
2: 9
3: 9
4: 8
5: 8
6: 7 9
7: 6 8
8: 4 5 7
9: 1 2 3 6

1: 9
2: 9
3: 8
4: 8
5: 6
6: 5 9
7: 8 9
8: 3 4 7
9: 1 2 6 7

1: 6
2: 7
3: 9
4: 9
5: 8
6: 1 7
7: 2 6 8
8: 5 7 9
9: 3 4 8

1: 8
2: 8
3: 7
4: 5
5: 4 9
6: 7 9
7: 3 6
8: 1 2 9
9: 5 6 8

1: 9
2: 8
3: 6
4: 7
5: 8 9
6: 3 9
7: 4 9
8: 2 5
9: 1 5 6 7

1: 8
2: 7
3: 5
4: 6
5: 3 9
6: 4 9
7: 2 8
8: 1 7 9
9: 5 6 8

1: 8
2: 8
3: 6
4: 7
5: 8 9
6: 3 9
7: 4 9
8: 1 2 5
9: 5 6 7

1: 17
2: 18
3: 33
4: 33
5: 33
6: 32
7: 32
8: 30
9: 23
10: 24
11: 25
12: 28
13: 27
14: 26
15: 21
16: 20
17: 1 18
18: 2 17 32
19: 20 21 33
20: 16 19 31
21: 15 19 30
22: 23 30 31
23: 9 22 29
24: 10 26 29
25: 11 27 29
26: 14 24 28
27: 13 25 28
28: 12 26 27
29: 23 24 25
30: 8 21 22
31: 20 22 32
32: 6 7 18 31
33: 3 4 5 19

1: 39
2: 39
3: 38
4: 38
5: 38
6: 35
7: 34
8: 37
9: 37
10: 37
11: 23
12: 22
13: 27
14: 26
15: 28
16: 29
17: 31
18: 30
19: 35 36
20: 33 34
21: 26 34 36
22: 12 27 35
23: 11 26 33
24: 28 29 39
25: 27 32 36
26: 14 21 23
27: 13 22 25
28: 15 24 30
29: 16 24 31
30: 18 28 32
31: 17 29 32
32: 25 30 31
33: 20 23 38
34: 7 20 21
35: 6 19 22
36: 19 21 25
37: 8 9 10 39
38: 3 4 5 33
39: 1 2 24 37

1: 30
2: 30
3: 30
4: 25
5: 27
6: 28
7: 23
8: 21
9: 22
10: 20
11: 19
12: 15
13: 17
14: 16
15: 12 29
16: 14 27
17: 13 28
18: 19 20 30
19: 11 18 26
20: 10 18 25
21: 8 25 26
22: 9 24 26
23: 7 24 28
24: 22 23 29
25: 4 20 21
26: 19 21 22
27: 5 16 29
28: 6 17 23
29: 15 24 27
30: 1 2 3 18

1: 19
2: 21
3: 21
4: 22
5: 22
6: 27
7: 27
8: 20
9: 29
10: 29
11: 28
12: 28
13: 24
14: 24
15: 25
16: 25
17: 26
18: 26
19: 1 20
20: 8 19 24
21: 2 3 22
22: 4 5 21 23
23: 22 24 25 26
24: 13 14 20 23
25: 15 16 23 28
26: 17 18 23 29
27: 6 7 28 29
28: 11 12 25 27
29: 9 10 26 27

1: 55
2: 55
3: 33
4: 33
5: 54
6: 47
7: 52
8: 52
9: 52
10: 53
11: 53
12: 44
13: 46
14: 50
15: 50
16: 51
17: 51
18: 34
19: 36
20: 37
21: 38
22: 40
23: 39
24: 32
25: 31
26: 48 55
27: 49 55
28: 53 54
29: 43 45
30: 44 49
31: 25 47
32: 24 46
33: 3 4 48
34: 18 36 54
35: 42 51 52
36: 19 34 41
37: 20 39 42
38: 21 40 42
39: 23 37 41
40: 22 38 41
41: 36 39 40
42: 35 37 38
43: 29 48 49
44: 12 30 45
45: 29 44 51
46: 13 32 54
47: 6 31 50
48: 26 33 43
49: 27 30 43
50: 14 15 47 53
51: 16 17 35 45
52: 7 8 9 35
53: 10 11 28 50
54: 5 28 34 46
55: 1 2 26 27

1: 40
2: 40
3: 33
4: 33
5: 34
6: 34
7: 26
8: 28
9: 29
10: 31
11: 39
12: 39
13: 39
14: 38
15: 38
16: 38
17: 36
18: 37
19: 37
20: 37
21: 36
22: 36
23: 25
24: 32 40
25: 23 31
26: 7 30 32
27: 29 32 39
28: 8 29 30
29: 9 27 28
30: 26 28 38
31: 10 25 35
32: 24 26 27
33: 3 4 34 40
34: 5 6 33 35
35: 31 34 36 37
36: 17 21 22 35
37: 18 19 20 35
38: 14 15 16 30
39: 11 12 13 27
40: 1 2 24 33

1: 25
2: 50
3: 48
4: 48
5: 49
6: 47
7: 47
8: 46
9: 46
10: 45
11: 44
12: 40
13: 37
14: 39
15: 38
16: 35
17: 36
18: 42
19: 41
20: 32
21: 33
22: 29
23: 27
24: 28
25: 1 26
26: 25 27 28
27: 23 26 44
28: 24 26 45
29: 22 49 50
30: 44 45 50
31: 43 49 50
32: 20 41 43
33: 21 42 43
34: 35 36 48
35: 16 34 38
36: 17 34 39
37: 13 38 39
38: 15 35 37
39: 14 36 37
40: 12 41 42
41: 19 32 40
42: 18 33 40
43: 31 32 33
44: 11 27 30
45: 10 28 30
46: 8 9 47 48
47: 6 7 46 49
48: 3 4 34 46
49: 5 29 31 47
50: 2 29 30 31

1: 38
2: 50
3: 50
4: 34
5: 49
6: 39
7: 39
8: 39
9: 40
10: 40
11: 45
12: 47
13: 47
14: 47
15: 46
16: 48
17: 44
18: 44
19: 44
20: 43
21: 43
22: 43
23: 41
24: 41
25: 42
26: 42
27: 35
28: 35
29: 37
30: 36
31: 38 50
32: 48 49
33: 34 38 40
34: 4 33 48
35: 27 28 45
36: 30 37 47
37: 29 36 46
38: 1 31 33
39: 6 7 8 50
40: 9 10 33 45
41: 23 24 43 49
42: 25 26 44 49
43: 20 21 22 41
44: 17 18 19 42
45: 11 35 40 46
46: 15 37 45 48
47: 12 13 14 36
48: 16 32 34 46
49: 5 32 41 42
50: 2 3 31 39

1: 20
2: 20
3: 14
4: 19
5: 15
6: 16
7: 18
8: 17
9: 10 19
10: 9 11
11: 10 13 14
12: 13 18 19
13: 11 12 15
14: 3 11 20
15: 5 13 16
16: 6 15 17
17: 8 16 18
18: 7 12 17
19: 4 9 12
20: 1 2 14

1: 7 8
2: 7 9
3: 8 9
4: 8 9
5: 7 9
6: 7 8
7: 1 2 5 6
8: 1 3 4 6
9: 2 3 4 5

1: 9 10
2: 9 10
3: 9 11
4: 10 12
5: 10 12
6: 9 11
7: 11 12
8: 11 12
9: 1 2 3 6
10: 1 2 4 5
11: 3 6 7 8
12: 4 5 7 8

1: 10 11
2: 10 12
3: 11 12
4: 11 12
5: 11 12
6: 10 12
7: 10 12
8: 10 11
9: 10 11
10: 1 2 6 7 8 9
11: 1 3 4 5 8 9
12: 2 3 4 5 6 7

1: 9 10 11
2: 9 10 12
3: 9 11 12
4: 10 11 12
5: 10 11 12
6: 9 11 12
7: 9 10 12
8: 9 10 11
9: 1 2 3 6 7 8
10: 1 2 4 5 7 8
11: 1 3 4 5 6 8
12: 2 3 4 5 6 7

1: 11 12 13
2: 11 12 13
3: 11 12 13
4: 11 12 13
5: 11 12 13
6: 11 12 13
7: 11 12 13
8: 11 12 13
9: 11 12 13
10: 11 12 13
11: 1 2 3 4 5 6 7 8 9 10
12: 1 2 3 4 5 6 7 8 9 10
13: 1 2 3 4 5 6 7 8 9 10

1: 12 13
2: 12 13
3: 12 13
4: 12 13
5: 12 13
6: 12 13
7: 12 13
8: 12 13
9: 12 13
10: 12 13
11: 12 13
12: 1 2 3 4 5 6 7 8 9 10 11
13: 1 2 3 4 5 6 7 8 9 10 11

1: 12 13 14
2: 12 13 14
3: 12 13 14
4: 12 13 14
5: 12 13 14
6: 12 13 14
7: 12 13 14
8: 12 13 14
9: 12 13 14
10: 12 13 14
11: 12 13 14
12: 1 2 3 4 5 6 7 8 9 10 11
13: 1 2 3 4 5 6 7 8 9 10 11
14: 1 2 3 4 5 6 7 8 9 10 11

1: 13 14
2: 13 14
3: 13 14
4: 13 14
5: 13 14
6: 13 14
7: 13 14
8: 13 14
9: 13 14
10: 13 14
11: 13 14
12: 13 14
13: 1 2 3 4 5 6 7 8 9 10 11 12
14: 1 2 3 4 5 6 7 8 9 10 11 12

1: 10 11
2: 12 13
3: 12 14
4: 13 15
5: 14 15
6: 10 12
7: 10 15
8: 11 13
9: 11 14
10: 1 6 7
11: 1 8 9
12: 2 3 6
13: 2 4 8
14: 3 5 9
15: 4 5 7

1: 11 12
2: 13 15
3: 13 15
4: 13 14
5: 13 14
6: 11 14
7: 12 15
8: 12 15
9: 11 14
10: 11 12
11: 1 6 9 10
12: 1 7 8 10
13: 2 3 4 5
14: 4 5 6 9
15: 2 3 7 8

1: 13 14
2: 13 15
3: 14 15
4: 14 15
5: 14 15
6: 14 15
7: 13 15
8: 13 15
9: 13 15
10: 13 14
11: 13 14
12: 13 14
13: 1 2 7 8 9 10 11 12
14: 1 3 4 5 6 10 11 12
15: 2 3 4 5 6 7 8 9

1: 13 14 15
2: 13 14 15
3: 13 14 15
4: 13 14 15
5: 13 14 15
6: 13 14 15
7: 13 14 15
8: 13 14 15
9: 13 14 15
10: 13 14 15
11: 13 14 15
12: 13 14 15
13: 1 2 3 4 5 6 7 8 9 10 11 12
14: 1 2 3 4 5 6 7 8 9 10 11 12
15: 1 2 3 4 5 6 7 8 9 10 11 12

1: 14 15
2: 14 15
3: 14 15
4: 14 15
5: 14 15
6: 14 15
7: 14 15
8: 14 15
9: 14 15
10: 14 15
11: 14 15
12: 14 15
13: 14 15
14: 1 2 3 4 5 6 7 8 9 10 11 12 13
15: 1 2 3 4 5 6 7 8 9 10 11 12 13

1: 13 14
2: 13 14
3: 13 14
4: 13 15
5: 14 16
6: 14 16
7: 14 16
8: 13 15
9: 13 15
10: 15 16
11: 15 16
12: 15 16
13: 1 2 3 4 8 9
14: 1 2 3 5 6 7
15: 4 8 9 10 11 12
16: 5 6 7 10 11 12

1: 13 14
2: 13 14
3: 13 15
4: 14 16
5: 14 16
6: 13 16
7: 13 16
8: 14 15
9: 14 15
10: 13 15
11: 15 16
12: 15 16
13: 1 2 3 6 7 10
14: 1 2 4 5 8 9
15: 3 8 9 10 11 12
16: 4 5 6 7 11 12

1: 13 14 15
2: 13 14 16
3: 13 15 16
4: 14 15 16
5: 14 15 16
6: 14 15 16
7: 13 15 16
8: 13 15 16
9: 13 14 16
10: 13 14 16
11: 13 14 15
12: 13 14 15
13: 1 2 3 7 8 9 10 11 12
14: 1 2 4 5 6 9 10 11 12
15: 1 3 4 5 6 7 8 11 12
16: 2 3 4 5 6 7 8 9 10

1: 14 15 16
2: 14 15 16
3: 14 15 16
4: 14 15 16
5: 14 15 16
6: 14 15 16
7: 14 15 16
8: 14 15 16
9: 14 15 16
10: 14 15 16
11: 14 15 16
12: 14 15 16
13: 14 15 16
14: 1 2 3 4 5 6 7 8 9 10 11 12 13
15: 1 2 3 4 5 6 7 8 9 10 11 12 13
16: 1 2 3 4 5 6 7 8 9 10 11 12 13

1: 15 16
2: 15 16
3: 15 16
4: 15 16
5: 15 16
6: 15 16
7: 15 16
8: 15 16
9: 15 16
10: 15 16
11: 15 16
12: 15 16
13: 15 16
14: 15 16
15: 1 2 3 4 5 6 7 8 9 10 11 12 13 14
16: 1 2 3 4 5 6 7 8 9 10 11 12 13 14

1: 16
2: 16
3: 16
4: 16
5: 16
6: 16
7: 16
8: 16
9: 16
10: 16
11: 16
12: 16
13: 16
14: 16
15: 16
16: 1 2 3 4 5 6 7 8 9 10 11 12 13 14 15

1: 15 16 17
2: 15 16 17
3: 15 16 17
4: 15 16 17
5: 15 16 17
6: 15 16 17
7: 15 16 17
8: 15 16 17
9: 15 16 17
10: 15 16 17
11: 15 16 17
12: 15 16 17
13: 15 16 17
14: 15 16 17
15: 1 2 3 4 5 6 7 8 9 10 11 12 13 14
16: 1 2 3 4 5 6 7 8 9 10 11 12 13 14
17: 1 2 3 4 5 6 7 8 9 10 11 12 13 14

1: 16 17
2: 16 17
3: 16 17
4: 16 17
5: 16 17
6: 16 17
7: 16 17
8: 16 17
9: 16 17
10: 16 17
11: 16 17
12: 16 17
13: 16 17
14: 16 17
15: 16 17
16: 1 2 3 4 5 6 7 8 9 10 11 12 13 14 15
17: 1 2 3 4 5 6 7 8 9 10 11 12 13 14 15

1: 17
2: 17
3: 17
4: 17
5: 17
6: 17
7: 17
8: 17
9: 17
10: 17
11: 17
12: 17
13: 17
14: 17
15: 17
16: 17
17: 1 2 3 4 5 6 7 8 9 10 11 12 13 14 15 16

1: 13 14
2: 15 16
3: 15 16
4: 15 17
5: 16 18
6: 16 18
7: 15 17
8: 13 18
9: 13 18
10: 14 17
11: 14 17
12: 13 14
13: 1 8 9 12
14: 1 10 11 12
15: 2 3 4 7
16: 2 3 5 6
17: 4 7 10 11
18: 5 6 8 9

1: 16 17
2: 16 18
3: 17 18
4: 17 18
5: 17 18
6: 17 18
7: 17 18
8: 16 18
9: 16 18
10: 16 18
11: 16 18
12: 16 17
13: 16 17
14: 16 17
15: 16 17
16: 1 2 8 9 10 11 12 13 14 15
17: 1 3 4 5 6 7 12 13 14 15
18: 2 3 4 5 6 7 8 9 10 11

1: 16 17 18
2: 16 17 18
3: 16 17 18
4: 16 17 18
5: 16 17 18
6: 16 17 18
7: 16 17 18
8: 16 17 18
9: 16 17 18
10: 16 17 18
11: 16 17 18
12: 16 17 18
13: 16 17 18
14: 16 17 18
15: 16 17 18
16: 1 2 3 4 5 6 7 8 9 10 11 12 13 14 15
17: 1 2 3 4 5 6 7 8 9 10 11 12 13 14 15
18: 1 2 3 4 5 6 7 8 9 10 11 12 13 14 15

1: 17 18
2: 17 18
3: 17 18
4: 17 18
5: 17 18
6: 17 18
7: 17 18
8: 17 18
9: 17 18
10: 17 18
11: 17 18
12: 17 18
13: 17 18
14: 17 18
15: 17 18
16: 17 18
17: 1 2 3 4 5 6 7 8 9 10 11 12 13 14 15 16
18: 1 2 3 4 5 6 7 8 9 10 11 12 13 14 15 16

1: 18
2: 18
3: 18
4: 18
5: 18
6: 18
7: 18
8: 18
9: 18
10: 18
11: 18
12: 18
13: 18
14: 18
15: 18
16: 18
17: 18
18: 1 2 3 4 5 6 7 8 9 10 11 12 13 14 15 16 17

1: 17 18 19
2: 17 18 19
3: 17 18 19
4: 17 18 19
5: 17 18 19
6: 17 18 19
7: 17 18 19
8: 17 18 19
9: 17 18 19
10: 17 18 19
11: 17 18 19
12: 17 18 19
13: 17 18 19
14: 17 18 19
15: 17 18 19
16: 17 18 19
17: 1 2 3 4 5 6 7 8 9 10 11 12 13 14 15 16
18: 1 2 3 4 5 6 7 8 9 10 11 12 13 14 15 16
19: 1 2 3 4 5 6 7 8 9 10 11 12 13 14 15 16

1: 18 19
2: 18 19
3: 18 19
4: 18 19
5: 18 19
6: 18 19
7: 18 19
8: 18 19
9: 18 19
10: 18 19
11: 18 19
12: 18 19
13: 18 19
14: 18 19
15: 18 19
16: 18 19
17: 18 19
18: 1 2 3 4 5 6 7 8 9 10 11 12 13 14 15 16 17
19: 1 2 3 4 5 6 7 8 9 10 11 12 13 14 15 16 17

1: 19
2: 19
3: 19
4: 19
5: 19
6: 19
7: 19
8: 19
9: 19
10: 19
11: 19
12: 19
13: 19
14: 19
15: 19
16: 19
17: 19
18: 19
19: 1 2 3 4 5 6 7 8 9 10 11 12 13 14 15 16 17 18

1: 16 17
2: 18 20
3: 18 20
4: 18 20
5: 18 19
6: 18 19
7: 18 19
8: 16 19
9: 17 20
10: 17 20
11: 17 20
12: 16 19
13: 16 19
14: 16 17
15: 16 17
16: 1 8 12 13 14 15
17: 1 9 10 11 14 15
18: 2 3 4 5 6 7
19: 5 6 7 8 12 13
20: 2 3 4 9 10 11

1: 17 18
2: 17 18
3: 17 18
4: 17 18
5: 17 19
6: 18 20
7: 18 20
8: 18 20
9: 18 20
10: 17 19
11: 17 19
12: 17 19
13: 19 20
14: 19 20
15: 19 20
16: 19 20
17: 1 2 3 4 5 10 11 12
18: 1 2 3 4 6 7 8 9
19: 5 10 11 12 13 14 15 16
20: 6 7 8 9 13 14 15 16

1: 17 18 19
2: 17 18 20
3: 17 19 20
4: 18 19 20
5: 18 19 20
6: 18 19 20
7: 18 19 20
8: 17 19 20
9: 17 19 20
10: 17 19 20
11: 17 18 20
12: 17 18 20
13: 17 18 20
14: 17 18 19
15: 17 18 19
16: 17 18 19
17: 1 2 3 8 9 10 11 12 13 14 15 16
18: 1 2 4 5 6 7 11 12 13 14 15 16
19: 1 3 4 5 6 7 8 9 10 14 15 16
20: 2 3 4 5 6 7 8 9 10 11 12 13

1: 18 19 20
2: 18 19 20
3: 18 19 20
4: 18 19 20
5: 18 19 20
6: 18 19 20
7: 18 19 20
8: 18 19 20
9: 18 19 20
10: 18 19 20
11: 18 19 20
12: 18 19 20
13: 18 19 20
14: 18 19 20
15: 18 19 20
16: 18 19 20
17: 18 19 20
18: 1 2 3 4 5 6 7 8 9 10 11 12 13 14 15 16 17
19: 1 2 3 4 5 6 7 8 9 10 11 12 13 14 15 16 17
20: 1 2 3 4 5 6 7 8 9 10 11 12 13 14 15 16 17

1: 19 20
2: 19 20
3: 19 20
4: 19 20
5: 19 20
6: 19 20
7: 19 20
8: 19 20
9: 19 20
10: 19 20
11: 19 20
12: 19 20
13: 19 20
14: 19 20
15: 19 20
16: 19 20
17: 19 20
18: 19 20
19: 1 2 3 4 5 6 7 8 9 10 11 12 13 14 15 16 17 18
20: 1 2 3 4 5 6 7 8 9 10 11 12 13 14 15 16 17 18

1: 20
2: 20
3: 20
4: 20
5: 20
6: 20
7: 20
8: 20
9: 20
10: 20
11: 20
12: 20
13: 20
14: 20
15: 20
16: 20
17: 20
18: 20
19: 20
20: 1 2 3 4 5 6 7 8 9 10 11 12 13 14 15 16 17 18 19

1: 15 16
2: 17 19
3: 17 19
4: 17 18
5: 17 18
6: 18 20
7: 19 21
8: 19 21
9: 18 20
10: 15 21
11: 15 21
12: 16 20
13: 16 20
14: 15 16
15: 1 10 11 14
16: 1 12 13 14
17: 2 3 4 5
18: 4 5 6 9
19: 2 3 7 8
20: 6 9 12 13
21: 7 8 10 11

1: 19 20
2: 19 21
3: 20 21
4: 20 21
5: 20 21
6: 20 21
7: 20 21
8: 20 21
9: 19 21
10: 19 21
11: 19 21
12: 19 21
13: 19 21
14: 19 20
15: 19 20
16: 19 20
17: 19 20
18: 19 20
19: 1 2 9 10 11 12 13 14 15 16 17 18
20: 1 3 4 5 6 7 8 14 15 16 17 18
21: 2 3 4 5 6 7 8 9 10 11 12 13

1: 19 20 21
2: 19 20 21
3: 19 20 21
4: 19 20 21
5: 19 20 21
6: 19 20 21
7: 19 20 21
8: 19 20 21
9: 19 20 21
10: 19 20 21
11: 19 20 21
12: 19 20 21
13: 19 20 21
14: 19 20 21
15: 19 20 21
16: 19 20 21
17: 19 20 21
18: 19 20 21
19: 1 2 3 4 5 6 7 8 9 10 11 12 13 14 15 16 17 18
20: 1 2 3 4 5 6 7 8 9 10 11 12 13 14 15 16 17 18
21: 1 2 3 4 5 6 7 8 9 10 11 12 13 14 15 16 17 18

1: 20 21
2: 20 21
3: 20 21
4: 20 21
5: 20 21
6: 20 21
7: 20 21
8: 20 21
9: 20 21
10: 20 21
11: 20 21
12: 20 21
13: 20 21
14: 20 21
15: 20 21
16: 20 21
17: 20 21
18: 20 21
19: 20 21
20: 1 2 3 4 5 6 7 8 9 10 11 12 13 14 15 16 17 18 19
21: 1 2 3 4 5 6 7 8 9 10 11 12 13 14 15 16 17 18 19

1: 21
2: 21
3: 21
4: 21
5: 21
6: 21
7: 21
8: 21
9: 21
10: 21
11: 21
12: 21
13: 21
14: 21
15: 21
16: 21
17: 21
18: 21
19: 21
20: 21
21: 1 2 3 4 5 6 7 8 9 10 11 12 13 14 15 16 17 18 19 20

1: 19 20
2: 19 20
3: 19 20
4: 19 21
5: 20 22
6: 20 22
7: 20 22
8: 19 22
9: 19 22
10: 19 22
11: 20 21
12: 20 21
13: 20 21
14: 19 21
15: 19 21
16: 21 22
17: 21 22
18: 21 22
19: 1 2 3 4 8 9 10 14 15
20: 1 2 3 5 6 7 11 12 13
21: 4 11 12 13 14 15 16 17 18
22: 5 6 7 8 9 10 16 17 18

1: 20 21 22
2: 20 21 22
3: 20 21 22
4: 20 21 22
5: 20 21 22
6: 20 21 22
7: 20 21 22
8: 20 21 22
9: 20 21 22
10: 20 21 22
11: 20 21 22
12: 20 21 22
13: 20 21 22
14: 20 21 22
15: 20 21 22
16: 20 21 22
17: 20 21 22
18: 20 21 22
19: 20 21 22
20: 1 2 3 4 5 6 7 8 9 10 11 12 13 14 15 16 17 18 19
21: 1 2 3 4 5 6 7 8 9 10 11 12 13 14 15 16 17 18 19
22: 1 2 3 4 5 6 7 8 9 10 11 12 13 14 15 16 17 18 19

1: 21 22
2: 21 22
3: 21 22
4: 21 22
5: 21 22
6: 21 22
7: 21 22
8: 21 22
9: 21 22
10: 21 22
11: 21 22
12: 21 22
13: 21 22
14: 21 22
15: 21 22
16: 21 22
17: 21 22
18: 21 22
19: 21 22
20: 21 22
21: 1 2 3 4 5 6 7 8 9 10 11 12 13 14 15 16 17 18 19 20
22: 1 2 3 4 5 6 7 8 9 10 11 12 13 14 15 16 17 18 19 20

1: 22
2: 22
3: 22
4: 22
5: 22
6: 22
7: 22
8: 22
9: 22
10: 22
11: 22
12: 22
13: 22
14: 22
15: 22
16: 22
17: 22
18: 22
19: 22
20: 22
21: 22
22: 1 2 3 4 5 6 7 8 9 10 11 12 13 14 15 16 17 18 19 20 21

1: 21 22 23
2: 21 22 23
3: 21 22 23
4: 21 22 23
5: 21 22 23
6: 21 22 23
7: 21 22 23
8: 21 22 23
9: 21 22 23
10: 21 22 23
11: 21 22 23
12: 21 22 23
13: 21 22 23
14: 21 22 23
15: 21 22 23
16: 21 22 23
17: 21 22 23
18: 21 22 23
19: 21 22 23
20: 21 22 23
21: 1 2 3 4 5 6 7 8 9 10 11 12 13 14 15 16 17 18 19 20
22: 1 2 3 4 5 6 7 8 9 10 11 12 13 14 15 16 17 18 19 20
23: 1 2 3 4 5 6 7 8 9 10 11 12 13 14 15 16 17 18 19 20

1: 22 23
2: 22 23
3: 22 23
4: 22 23
5: 22 23
6: 22 23
7: 22 23
8: 22 23
9: 22 23
10: 22 23
11: 22 23
12: 22 23
13: 22 23
14: 22 23
15: 22 23
16: 22 23
17: 22 23
18: 22 23
19: 22 23
20: 22 23
21: 22 23
22: 1 2 3 4 5 6 7 8 9 10 11 12 13 14 15 16 17 18 19 20 21
23: 1 2 3 4 5 6 7 8 9 10 11 12 13 14 15 16 17 18 19 20 21

1: 23
2: 23
3: 23
4: 23
5: 23
6: 23
7: 23
8: 23
9: 23
10: 23
11: 23
12: 23
13: 23
14: 23
15: 23
16: 23
17: 23
18: 23
19: 23
20: 23
21: 23
22: 23
23: 1 2 3 4 5 6 7 8 9 10 11 12 13 14 15 16 17 18 19 20 21 22

1: 17 18
2: 19 20
3: 19 20
4: 19 21
5: 20 22
6: 20 22
7: 19 21
8: 22 23
9: 22 23
10: 21 24
11: 21 24
12: 17 24
13: 17 24
14: 18 23
15: 18 23
16: 17 18
17: 1 12 13 16
18: 1 14 15 16
19: 2 3 4 7
20: 2 3 5 6
21: 4 7 10 11
22: 5 6 8 9
23: 8 9 14 15
24: 10 11 12 13

1: 19 20
2: 21 22
3: 21 22
4: 21 22
5: 21 23
6: 22 24
7: 22 24
8: 22 24
9: 21 23
10: 21 23
11: 19 24
12: 19 24
13: 19 24
14: 20 23
15: 20 23
16: 20 23
17: 19 20
18: 19 20
19: 1 11 12 13 17 18
20: 1 14 15 16 17 18
21: 2 3 4 5 9 10
22: 2 3 4 6 7 8
23: 5 9 10 14 15 16
24: 6 7 8 11 12 13

1: 19 20
2: 21 22
3: 21 22
4: 21 23
5: 21 23
6: 22 24
7: 22 24
8: 23 24
9: 23 24
10: 19 21
11: 19 21
12: 20 22
13: 20 22
14: 20 23
15: 20 23
16: 19 24
17: 19 24
18: 19 20
19: 1 10 11 16 17 18
20: 1 12 13 14 15 18
21: 2 3 4 5 10 11
22: 2 3 6 7 12 13
23: 4 5 8 9 14 15
24: 6 7 8 9 16 17

1: 21 22
2: 21 22
3: 21 22
4: 21 22
5: 21 22
6: 21 23
7: 22 24
8: 22 24
9: 22 24
10: 22 24
11: 22 24
12: 21 23
13: 21 23
14: 21 23
15: 21 23
16: 23 24
17: 23 24
18: 23 24
19: 23 24
20: 23 24
21: 1 2 3 4 5 6 12 13 14 15
22: 1 2 3 4 5 7 8 9 10 11
23: 6 12 13 14 15 16 17 18 19 20
24: 7 8 9 10 11 16 17 18 19 20

1: 22 23
2: 22 24
3: 23 24
4: 23 24
5: 23 24
6: 23 24
7: 23 24
8: 23 24
9: 23 24
10: 22 24
11: 22 24
12: 22 24
13: 22 24
14: 22 24
15: 22 24
16: 22 23
17: 22 23
18: 22 23
19: 22 23
20: 22 23
21: 22 23
22: 1 2 10 11 12 13 14 15 16 17 18 19 20 21
23: 1 3 4 5 6 7 8 9 16 17 18 19 20 21
24: 2 3 4 5 6 7 8 9 10 11 12 13 14 15

1: 21 22 23
2: 21 22 24
3: 21 23 24
4: 22 23 24
5: 22 23 24
6: 22 23 24
7: 22 23 24
8: 22 23 24
9: 21 23 24
10: 21 23 24
11: 21 23 24
12: 21 23 24
13: 21 22 24
14: 21 22 24
15: 21 22 24
16: 21 22 24
17: 21 22 23
18: 21 22 23
19: 21 22 23
20: 21 22 23
21: 1 2 3 9 10 11 12 13 14 15 16 17 18 19 20
22: 1 2 4 5 6 7 8 13 14 15 16 17 18 19 20
23: 1 3 4 5 6 7 8 9 10 11 12 17 18 19 20
24: 2 3 4 5 6 7 8 9 10 11 12 13 14 15 16

1: 22 23 24
2: 22 23 24
3: 22 23 24
4: 22 23 24
5: 22 23 24
6: 22 23 24
7: 22 23 24
8: 22 23 24
9: 22 23 24
10: 22 23 24
11: 22 23 24
12: 22 23 24
13: 22 23 24
14: 22 23 24
15: 22 23 24
16: 22 23 24
17: 22 23 24
18: 22 23 24
19: 22 23 24
20: 22 23 24
21: 22 23 24
22: 1 2 3 4 5 6 7 8 9 10 11 12 13 14 15 16 17 18 19 20 21
23: 1 2 3 4 5 6 7 8 9 10 11 12 13 14 15 16 17 18 19 20 21
24: 1 2 3 4 5 6 7 8 9 10 11 12 13 14 15 16 17 18 19 20 21

1: 23 24
2: 23 24
3: 23 24
4: 23 24
5: 23 24
6: 23 24
7: 23 24
8: 23 24
9: 23 24
10: 23 24
11: 23 24
12: 23 24
13: 23 24
14: 23 24
15: 23 24
16: 23 24
17: 23 24
18: 23 24
19: 23 24
20: 23 24
21: 23 24
22: 23 24
23: 1 2 3 4 5 6 7 8 9 10 11 12 13 14 15 16 17 18 19 20 21 22
24: 1 2 3 4 5 6 7 8 9 10 11 12 13 14 15 16 17 18 19 20 21 22

1: 24
2: 24
3: 24
4: 24
5: 24
6: 24
7: 24
8: 24
9: 24
10: 24
11: 24
12: 24
13: 24
14: 24
15: 24
16: 24
17: 24
18: 24
19: 24
20: 24
21: 24
22: 24
23: 24
24: 1 2 3 4 5 6 7 8 9 10 11 12 13 14 15 16 17 18 19 20 21 22 23

1: 21 22
2: 23 25
3: 23 25
4: 23 25
5: 23 25
6: 23 24
7: 23 24
8: 23 24
9: 23 24
10: 21 24
11: 22 25
12: 22 25
13: 22 25
14: 22 25
15: 21 24
16: 21 24
17: 21 24
18: 21 22
19: 21 22
20: 21 22
21: 1 10 15 16 17 18 19 20
22: 1 11 12 13 14 18 19 20
23: 2 3 4 5 6 7 8 9
24: 6 7 8 9 10 15 16 17
25: 2 3 4 5 11 12 13 14

1: 23 24 25
2: 23 24 25
3: 23 24 25
4: 23 24 25
5: 23 24 25
6: 23 24 25
7: 23 24 25
8: 23 24 25
9: 23 24 25
10: 23 24 25
11: 23 24 25
12: 23 24 25
13: 23 24 25
14: 23 24 25
15: 23 24 25
16: 23 24 25
17: 23 24 25
18: 23 24 25
19: 23 24 25
20: 23 24 25
21: 23 24 25
22: 23 24 25
23: 1 2 3 4 5 6 7 8 9 10 11 12 13 14 15 16 17 18 19 20 21 22
24: 1 2 3 4 5 6 7 8 9 10 11 12 13 14 15 16 17 18 19 20 21 22
25: 1 2 3 4 5 6 7 8 9 10 11 12 13 14 15 16 17 18 19 20 21 22

1: 24 25
2: 24 25
3: 24 25
4: 24 25
5: 24 25
6: 24 25
7: 24 25
8: 24 25
9: 24 25
10: 24 25
11: 24 25
12: 24 25
13: 24 25
14: 24 25
15: 24 25
16: 24 25
17: 24 25
18: 24 25
19: 24 25
20: 24 25
21: 24 25
22: 24 25
23: 24 25
24: 1 2 3 4 5 6 7 8 9 10 11 12 13 14 15 16 17 18 19 20 21 22 23
25: 1 2 3 4 5 6 7 8 9 10 11 12 13 14 15 16 17 18 19 20 21 22 23

1: 25
2: 25
3: 25
4: 25
5: 25
6: 25
7: 25
8: 25
9: 25
10: 25
11: 25
12: 25
13: 25
14: 25
15: 25
16: 25
17: 25
18: 25
19: 25
20: 25
21: 25
22: 25
23: 25
24: 25
25: 1 2 3 4 5 6 7 8 9 10 11 12 13 14 15 16 17 18 19 20 21 22 23 24

1: 24 25 26
2: 24 25 26
3: 24 25 26
4: 24 25 26
5: 24 25 26
6: 24 25 26
7: 24 25 26
8: 24 25 26
9: 24 25 26
10: 24 25 26
11: 24 25 26
12: 24 25 26
13: 24 25 26
14: 24 25 26
15: 24 25 26
16: 24 25 26
17: 24 25 26
18: 24 25 26
19: 24 25 26
20: 24 25 26
21: 24 25 26
22: 24 25 26
23: 24 25 26
24: 1 2 3 4 5 6 7 8 9 10 11 12 13 14 15 16 17 18 19 20 21 22 23
25: 1 2 3 4 5 6 7 8 9 10 11 12 13 14 15 16 17 18 19 20 21 22 23
26: 1 2 3 4 5 6 7 8 9 10 11 12 13 14 15 16 17 18 19 20 21 22 23

1: 25 26
2: 25 26
3: 25 26
4: 25 26
5: 25 26
6: 25 26
7: 25 26
8: 25 26
9: 25 26
10: 25 26
11: 25 26
12: 25 26
13: 25 26
14: 25 26
15: 25 26
16: 25 26
17: 25 26
18: 25 26
19: 25 26
20: 25 26
21: 25 26
22: 25 26
23: 25 26
24: 25 26
25: 1 2 3 4 5 6 7 8 9 10 11 12 13 14 15 16 17 18 19 20 21 22 23 24
26: 1 2 3 4 5 6 7 8 9 10 11 12 13 14 15 16 17 18 19 20 21 22 23 24

1: 26
2: 26
3: 26
4: 26
5: 26
6: 26
7: 26
8: 26
9: 26
10: 26
11: 26
12: 26
13: 26
14: 26
15: 26
16: 26
17: 26
18: 26
19: 26
20: 26
21: 26
22: 26
23: 26
24: 26
25: 26
26: 1 2 3 4 5 6 7 8 9 10 11 12 13 14 15 16 17 18 19 20 21 22 23 24 25

1: 19 20
2: 21 23
3: 21 23
4: 21 22
5: 21 22
6: 22 24
7: 23 25
8: 23 25
9: 22 24
10: 25 26
11: 25 26
12: 24 27
13: 24 27
14: 19 27
15: 19 27
16: 20 26
17: 20 26
18: 19 20
19: 1 14 15 18
20: 1 16 17 18
21: 2 3 4 5
22: 4 5 6 9
23: 2 3 7 8
24: 6 9 12 13
25: 7 8 10 11
26: 10 11 16 17
27: 12 13 14 15

1: 25 26
2: 25 27
3: 26 27
4: 26 27
5: 26 27
6: 26 27
7: 26 27
8: 26 27
9: 26 27
10: 26 27
11: 25 27
12: 25 27
13: 25 27
14: 25 27
15: 25 27
16: 25 27
17: 25 27
18: 25 26
19: 25 26
20: 25 26
21: 25 26
22: 25 26
23: 25 26
24: 25 26
25: 1 2 11 12 13 14 15 16 17 18 19 20 21 22 23 24
26: 1 3 4 5 6 7 8 9 10 18 19 20 21 22 23 24
27: 2 3 4 5 6 7 8 9 10 11 12 13 14 15 16 17

1: 25 26 27
2: 25 26 27
3: 25 26 27
4: 25 26 27
5: 25 26 27
6: 25 26 27
7: 25 26 27
8: 25 26 27
9: 25 26 27
10: 25 26 27
11: 25 26 27
12: 25 26 27
13: 25 26 27
14: 25 26 27
15: 25 26 27
16: 25 26 27
17: 25 26 27
18: 25 26 27
19: 25 26 27
20: 25 26 27
21: 25 26 27
22: 25 26 27
23: 25 26 27
24: 25 26 27
25: 1 2 3 4 5 6 7 8 9 10 11 12 13 14 15 16 17 18 19 20 21 22 23 24
26: 1 2 3 4 5 6 7 8 9 10 11 12 13 14 15 16 17 18 19 20 21 22 23 24
27: 1 2 3 4 5 6 7 8 9 10 11 12 13 14 15 16 17 18 19 20 21 22 23 24

1: 26 27
2: 26 27
3: 26 27
4: 26 27
5: 26 27
6: 26 27
7: 26 27
8: 26 27
9: 26 27
10: 26 27
11: 26 27
12: 26 27
13: 26 27
14: 26 27
15: 26 27
16: 26 27
17: 26 27
18: 26 27
19: 26 27
20: 26 27
21: 26 27
22: 26 27
23: 26 27
24: 26 27
25: 26 27
26: 1 2 3 4 5 6 7 8 9 10 11 12 13 14 15 16 17 18 19 20 21 22 23 24 25
27: 1 2 3 4 5 6 7 8 9 10 11 12 13 14 15 16 17 18 19 20 21 22 23 24 25

1: 27
2: 27
3: 27
4: 27
5: 27
6: 27
7: 27
8: 27
9: 27
10: 27
11: 27
12: 27
13: 27
14: 27
15: 27
16: 27
17: 27
18: 27
19: 27
20: 27
21: 27
22: 27
23: 27
24: 27
25: 27
26: 27
27: 1 2 3 4 5 6 7 8 9 10 11 12 13 14 15 16 17 18 19 20 21 22 23 24 25 26

1: 22 23
2: 24 26
3: 24 26
4: 24 26
5: 24 25
6: 24 25
7: 24 25
8: 25 27
9: 26 28
10: 26 28
11: 26 28
12: 25 27
13: 25 27
14: 22 28
15: 22 28
16: 22 28
17: 23 27
18: 23 27
19: 23 27
20: 22 23
21: 22 23
22: 1 14 15 16 20 21
23: 1 17 18 19 20 21
24: 2 3 4 5 6 7
25: 5 6 7 8 12 13
26: 2 3 4 9 10 11
27: 8 12 13 17 18 19
28: 9 10 11 14 15 16

1: 25 26
2: 25 26
3: 25 26
4: 25 26
5: 25 26
6: 25 26
7: 25 27
8: 26 28
9: 26 28
10: 26 28
11: 26 28
12: 26 28
13: 26 28
14: 25 27
15: 25 27
16: 25 27
17: 25 27
18: 25 27
19: 27 28
20: 27 28
21: 27 28
22: 27 28
23: 27 28
24: 27 28
25: 1 2 3 4 5 6 7 14 15 16 17 18
26: 1 2 3 4 5 6 8 9 10 11 12 13
27: 7 14 15 16 17 18 19 20 21 22 23 24
28: 8 9 10 11 12 13 19 20 21 22 23 24

1: 25 26
2: 25 26
3: 25 26
4: 25 26
5: 25 27
6: 26 28
7: 26 28
8: 26 28
9: 26 28
10: 25 28
11: 25 28
12: 25 28
13: 25 28
14: 26 27
15: 26 27
16: 26 27
17: 26 27
18: 25 27
19: 25 27
20: 25 27
21: 27 28
22: 27 28
23: 27 28
24: 27 28
25: 1 2 3 4 5 10 11 12 13 18 19 20
26: 1 2 3 4 6 7 8 9 14 15 16 17
27: 5 14 15 16 17 18 19 20 21 22 23 24
28: 6 7 8 9 10 11 12 13 21 22 23 24

1: 25 26 27
2: 25 26 28
3: 25 27 28
4: 26 27 28
5: 26 27 28
6: 26 27 28
7: 26 27 28
8: 26 27 28
9: 26 27 28
10: 25 27 28
11: 25 27 28
12: 25 27 28
13: 25 27 28
14: 25 27 28
15: 25 26 28
16: 25 26 28
17: 25 26 28
18: 25 26 28
19: 25 26 28
20: 25 26 27
21: 25 26 27
22: 25 26 27
23: 25 26 27
24: 25 26 27
25: 1 2 3 10 11 12 13 14 15 16 17 18 19 20 21 22 23 24
26: 1 2 4 5 6 7 8 9 15 16 17 18 19 20 21 22 23 24
27: 1 3 4 5 6 7 8 9 10 11 12 13 14 20 21 22 23 24
28: 2 3 4 5 6 7 8 9 10 11 12 13 14 15 16 17 18 19

1: 26 27 28
2: 26 27 28
3: 26 27 28
4: 26 27 28
5: 26 27 28
6: 26 27 28
7: 26 27 28
8: 26 27 28
9: 26 27 28
10: 26 27 28
11: 26 27 28
12: 26 27 28
13: 26 27 28
14: 26 27 28
15: 26 27 28
16: 26 27 28
17: 26 27 28
18: 26 27 28
19: 26 27 28
20: 26 27 28
21: 26 27 28
22: 26 27 28
23: 26 27 28
24: 26 27 28
25: 26 27 28
26: 1 2 3 4 5 6 7 8 9 10 11 12 13 14 15 16 17 18 19 20 21 22 23 24 25
27: 1 2 3 4 5 6 7 8 9 10 11 12 13 14 15 16 17 18 19 20 21 22 23 24 25
28: 1 2 3 4 5 6 7 8 9 10 11 12 13 14 15 16 17 18 19 20 21 22 23 24 25

1: 27 28
2: 27 28
3: 27 28
4: 27 28
5: 27 28
6: 27 28
7: 27 28
8: 27 28
9: 27 28
10: 27 28
11: 27 28
12: 27 28
13: 27 28
14: 27 28
15: 27 28
16: 27 28
17: 27 28
18: 27 28
19: 27 28
20: 27 28
21: 27 28
22: 27 28
23: 27 28
24: 27 28
25: 27 28
26: 27 28
27: 1 2 3 4 5 6 7 8 9 10 11 12 13 14 15 16 17 18 19 20 21 22 23 24 25 26
28: 1 2 3 4 5 6 7 8 9 10 11 12 13 14 15 16 17 18 19 20 21 22 23 24 25 26

1: 28
2: 28
3: 28
4: 28
5: 28
6: 28
7: 28
8: 28
9: 28
10: 28
11: 28
12: 28
13: 28
14: 28
15: 28
16: 28
17: 28
18: 28
19: 28
20: 28
21: 28
22: 28
23: 28
24: 28
25: 28
26: 28
27: 28
28: 1 2 3 4 5 6 7 8 9 10 11 12 13 14 15 16 17 18 19 20 21 22 23 24 25 26 27

1: 27 28 29
2: 27 28 29
3: 27 28 29
4: 27 28 29
5: 27 28 29
6: 27 28 29
7: 27 28 29
8: 27 28 29
9: 27 28 29
10: 27 28 29
11: 27 28 29
12: 27 28 29
13: 27 28 29
14: 27 28 29
15: 27 28 29
16: 27 28 29
17: 27 28 29
18: 27 28 29
19: 27 28 29
20: 27 28 29
21: 27 28 29
22: 27 28 29
23: 27 28 29
24: 27 28 29
25: 27 28 29
26: 27 28 29
27: 1 2 3 4 5 6 7 8 9 10 11 12 13 14 15 16 17 18 19 20 21 22 23 24 25 26
28: 1 2 3 4 5 6 7 8 9 10 11 12 13 14 15 16 17 18 19 20 21 22 23 24 25 26
29: 1 2 3 4 5 6 7 8 9 10 11 12 13 14 15 16 17 18 19 20 21 22 23 24 25 26

1: 29
2: 29
3: 29
4: 28
5: 27
6: 20
7: 21
8: 24
9: 23
10: 22
11: 19
12: 18
13: 14
14: 13 28
15: 26 27
16: 18 19 29
17: 20 26 28
18: 12 16 25
19: 11 16 24
20: 6 17 21
21: 7 20 27
22: 10 24 25
23: 9 25 26
24: 8 19 22
25: 18 22 23
26: 15 17 23
27: 5 15 21
28: 4 14 17
29: 1 2 3 16

1: 7 8
2: 9 10
3: 5 11
4: 6 14
5: 3 13
6: 4 12
7: 1 11
8: 1 14
9: 2 13
10: 2 12
11: 3 7 15
12: 6 10 16
13: 5 9 16
14: 4 8 15
15: 11 14 16
16: 12 13 15

1: 30
2: 30
3: 30
4: 15
5: 17
6: 27
7: 24
8: 23
9: 26
10: 29
11: 25
12: 21
13: 19
14: 18
15: 4 17
16: 18 19 30
17: 5 15 20
18: 14 16 29
19: 13 16 28
20: 17 21 22
21: 12 20 27
22: 20 25 26
23: 8 25 27
24: 7 28 29
25: 11 22 23
26: 9 22 28
27: 6 21 23
28: 19 24 26
29: 10 18 24
30: 1 2 3 16

1: 4 7
2: 3 8
3: 2 10
4: 1 9
5: 7 10
6: 8 9
7: 1 5 8
8: 2 6 7
9: 4 6 10
10: 3 5 9

1: 8 9
2: 8 10
3: 9 11
4: 10 11
5: 6 7
6: 5 8 11
7: 5 9 10
8: 1 2 6
9: 1 3 7
10: 2 4 7
11: 3 4 6

1: 3 4 5
2: 6 7 8
3: 1 9 10
4: 1 9 10
5: 1 9 10
6: 2 9 10
7: 2 9 10
8: 2 9 10
9: 3 4 5 6 7 8
10: 3 4 5 6 7 8

1: 2 3 9
2: 1 8 10
3: 1 8 10
4: 6 7 10
5: 6 7 10
6: 4 5 9
7: 4 5 9
8: 2 3 9
9: 1 6 7 8 10
10: 2 3 4 5 9

1: 5 28
2: 6 28
3: 7 28
4: 26 27
5: 1 27
6: 2 27
7: 3 27
8: 14 23
9: 17 21
10: 16 25
11: 14 18
12: 13 15
13: 12 25 28
14: 8 11 24
15: 12 19 25
16: 10 20 26
17: 9 18 23
18: 11 17 24
19: 15 20 26
20: 16 19 22
21: 9 22 23 25
22: 20 21 24 26
23: 8 17 21 24
24: 14 18 22 23
25: 10 13 15 21
26: 4 16 19 22
27: 4 5 6 7 28
28: 1 2 3 13 27

1: 7
2: 8
3: 6 7
4: 5 8
5: 4 6 7
6: 3 5 8
7: 1 3 5
8: 2 4 6

1: 8 9
2: 8 9
3: 8 9
4: 8 9
5: 6 7
6: 5 8 9
7: 5 8 9
8: 1 2 3 4 6 7
9: 1 2 3 4 6 7

1: 8 9
2: 8 9
3: 8 9
4: 6 7
5: 6 7
6: 4 5 8 9
7: 4 5 8 9
8: 1 2 3 6 7
9: 1 2 3 6 7

1: 8 9
2: 8 9
3: 4 5
4: 3 6 7
5: 3 6 7
6: 4 5 8 9
7: 4 5 8 9
8: 1 2 6 7
9: 1 2 6 7

1: 7 9
2: 5 6
3: 7 8 9
4: 7 8 9
5: 2 8 9
6: 2 8 9
7: 1 3 4
8: 3 4 5 6
9: 1 3 4 5 6

1: 4 5
2: 6 7
3: 8 9
4: 1 8 9
5: 1 8 9
6: 2 8 9
7: 2 8 9
8: 3 4 5 6 7
9: 3 4 5 6 7

1: 8 9
2: 4 8
3: 5 9
4: 2 6 7
5: 3 6 7
6: 4 5 8 9
7: 4 5 8 9
8: 1 2 6 7
9: 1 3 6 7

1: 7 9
2: 8 9
3: 8 9
4: 8 9
5: 7 8 9
6: 7 8 9
7: 1 5 6
8: 2 3 4 5 6
9: 1 2 3 4 5 6

1: 7 9
2: 8 9
3: 8 9
4: 7 9
5: 7 8 9
6: 7 8 9
7: 1 4 5 6
8: 2 3 5 6
9: 1 2 3 4 5 6

1: 8 9
2: 8 9
3: 5 7
4: 6 8 9
5: 3 6 9
6: 4 5 7
7: 3 6 8 9
8: 1 2 4 7
9: 1 2 4 5 7

1: 5 8
2: 6 9
3: 6 8 9
4: 5 8 9
5: 1 4 7
6: 2 3 7
7: 5 6 8 9
8: 1 3 4 7
9: 2 3 4 7

1: 6 9
2: 7 9
3: 5 6 9
4: 5 7 9
5: 3 4 8
6: 1 3 8
7: 2 4 8
8: 5 6 7 9
9: 1 2 3 4 8

1: 7 9
2: 8 9
3: 5 6
4: 7 8 9
5: 3 7 8
6: 3 7 8 9
7: 1 4 5 6
8: 2 4 5 6
9: 1 2 4 6

1: 8 9
2: 6 9
3: 4 7
4: 3 8 9
5: 6 8 9
6: 2 5 7
7: 3 6 8 9
8: 1 4 5 7
9: 1 2 4 5 7

1: 5 7
2: 6 7
3: 8 9
4: 8 9
5: 1 8 9
6: 2 8 9
7: 1 2 8 9
8: 3 4 5 6 7
9: 3 4 5 6 7

1: 8 9
2: 8 9
3: 5 9
4: 6 7
5: 3 6 7
6: 4 5 8 9
7: 4 5 8 9
8: 1 2 6 7
9: 1 2 3 6 7

1: 7 8
2: 7 9
3: 8 9
4: 8 9
5: 7 8 9
6: 7 8 9
7: 1 2 5 6
8: 1 3 4 5 6
9: 2 3 4 5 6

1: 8 9
2: 4 5 6
3: 4 5 7
4: 2 3 8
5: 2 3 9
6: 2 8 9
7: 3 8 9
8: 1 4 6 7
9: 1 5 6 7

1: 5 7 11
2: 6 8 11
3: 5 7 10
4: 6 8 9
5: 1 3 12
6: 2 4 13
7: 1 3 13
8: 2 4 12
9: 4 12 13
10: 3 12 13
11: 1 2 12 13
12: 5 8 9 10 11
13: 6 7 9 10 11

1: 4 6 13
2: 3 5 14
3: 2 10 13
4: 1 9 14
5: 2 8 10
6: 1 7 9
7: 6 12 13
8: 5 11 14
9: 4 6 12
10: 3 5 11
11: 8 10 12 13
12: 7 9 11 14
13: 1 3 7 11 14
14: 2 4 8 12 13

1: 4 13 14
2: 3 13 14
3: 2 5 7
4: 1 6 8
5: 3 11 13
6: 4 12 14
7: 3 11 14
8: 4 12 13
9: 11 12 14
10: 11 12 13
11: 5 7 9 10
12: 6 8 9 10
13: 1 2 5 8 10
14: 1 2 6 7 9

1: 8
2: 6 7
3: 6 7 8
4: 6 7 8
5: 6 7 8
6: 2 3 4 5
7: 2 3 4 5
8: 1 3 4 5

1: 3 13
2: 4 14
3: 1 16
4: 2 15
5: 6 12
6: 5 11
7: 11 13
8: 12 14
9: 12 16
10: 11 15
11: 6 7 10
12: 5 8 9
13: 1 7 14
14: 2 8 13
15: 4 10 16
16: 3 9 15

1: 12 13 15
2: 11 13 15
3: 10 12 15
4: 9 11 15
5: 8 10 15
6: 8 10 12
7: 9 11 13
8: 5 6 14
9: 4 7 14
10: 3 5 6
11: 2 4 7
12: 1 3 6 14
13: 1 2 7 14
14: 8 9 12 13 15
15: 1 2 3 4 5 14

1: 10 14 15
2: 9 13 15
3: 8 10 15
4: 7 9 15
5: 7 9 13
6: 8 10 14
7: 4 5 12
8: 3 6 11
9: 2 4 5
10: 1 3 6
11: 8 13 14 15
12: 7 13 14 15
13: 2 5 11 12
14: 1 6 11 12
15: 1 2 3 4 11 12

1: 3 6
2: 4 5
3: 1 7
4: 2 10
5: 2 9
6: 1 8
7: 3 12
8: 6 13
9: 5 13
10: 4 12
11: 12 13
12: 7 10 11
13: 8 9 11

1: 7 10
2: 8 9
3: 5 11
4: 6 12
5: 3 14
6: 4 13
7: 1 11
8: 2 12
9: 2 14
10: 1 13
11: 3 7 12
12: 4 8 11
13: 6 10 14
14: 5 9 13

1: 6 7
2: 4 8
3: 5 9
4: 2 12
5: 3 12
6: 1 14
7: 1 13
8: 2 16
9: 3 15
10: 14 16
11: 13 15
12: 4 5 17
13: 7 11 17
14: 6 10 17
15: 9 11 17
16: 8 10 17
17: 12 13 14 15 16

1: 11
2: 13
3: 12
4: 7
5: 8
6: 9
7: 4 11
8: 5 12
9: 6 13
10: 11 12 13
11: 1 7 10
12: 3 8 10
13: 2 9 10

1: 4 5
2: 3 6
3: 2 8
4: 1 7
5: 1 9
6: 2 10
7: 4 12
8: 3 11
9: 5 13
10: 6 16
11: 8 15
12: 7 14
13: 9 17
14: 12 18
15: 11 18
16: 10 17
17: 13 16 18
18: 14 15 17

1: 6 8
2: 5 7
3: 4 14
4: 3 13
5: 2 10
6: 1 9
7: 2 12
8: 1 11
9: 6 17
10: 5 18
11: 8 20
12: 7 19
13: 4 20
14: 3 19
15: 16 17
16: 15 18
17: 9 15 19
18: 10 16 20
19: 12 14 17
20: 11 13 18

1: 5 6
2: 7 10
3: 8 11
4: 9 12
5: 1 13
6: 1 14
7: 2 14
8: 3 14
9: 4 14
10: 2 13
11: 3 13
12: 4 13
13: 5 10 11 12
14: 6 7 8 9

1: 6 7
2: 8 12
3: 9 13
4: 10 14
5: 11 15
6: 1 16
7: 1 17
8: 2 17
9: 3 17
10: 4 17
11: 5 17
12: 2 16
13: 3 16
14: 4 16
15: 5 16
16: 6 12 13 14 15
17: 7 8 9 10 11

1: 2 3
2: 1 17
3: 1 16
4: 13 14
5: 13 15
6: 12 14
7: 12 15
8: 12 16
9: 14 17
10: 15 17
11: 13 16
12: 6 7 8
13: 4 5 11
14: 4 6 9
15: 5 7 10
16: 3 8 11
17: 2 9 10

1: 8 11
2: 7 11
3: 5 14
4: 6 14
5: 3 12
6: 4 13
7: 2 13
8: 1 12
9: 10 16
10: 9 15
11: 1 2 15
12: 5 8 16
13: 6 7 16
14: 3 4 15
15: 10 11 14
16: 9 12 13

1: 3 4 5
2: 3 4 5
3: 1 2 9
4: 1 2 10
5: 1 2 11
6: 9 10 11
7: 9 10 11
8: 9 10 11
9: 3 6 7 8
10: 4 6 7 8
11: 5 6 7 8

1: 9 10 11
2: 9 10 11
3: 9 10 11
4: 9 10 11
5: 6 7 8
6: 5 10 11
7: 5 10 11
8: 5 9 10 11
9: 1 2 3 4 8
10: 1 2 3 4 6 7 8
11: 1 2 3 4 6 7 8

1: 9 11 12
2: 10 11 12
3: 10 11 12
4: 10 11 12
5: 9 11 12
6: 9 11 12
7: 9 10 12
8: 9 10 12
9: 1 5 6 7 8
10: 2 3 4 7 8
11: 1 2 3 4 5 6
12: 1 2 3 4 5 6 7 8

1: 9 10 12
2: 9 11 12
3: 9 11 12
4: 9 10 12
5: 10 11 12
6: 10 11 12
7: 10 11 12
8: 9 10 11
9: 1 2 3 4 8
10: 1 4 5 6 7 8
11: 2 3 5 6 7 8
12: 1 2 3 4 5 6 7

1: 9 10 11
2: 9 10 12
3: 10 11 12
4: 10 11 12
5: 10 11 12
6: 10 11 12
7: 9 11 12
8: 9 11 12
9: 1 2 7 8
10: 1 2 3 4 5 6
11: 1 3 4 5 6 7 8
12: 2 3 4 5 6 7 8

1: 4 5 10
2: 6 7 10
3: 8 9 10
4: 1 11 12
5: 1 11 12
6: 2 11 12
7: 2 11 12
8: 3 11 12
9: 3 11 12
10: 1 2 3 11 12
11: 4 5 6 7 8 9 10
12: 4 5 6 7 8 9 10

1: 8 11 12
2: 6 11 12
3: 6 11 12
4: 7 11 12
5: 7 11 12
6: 2 3 9
7: 4 5 10
8: 1 9 10
9: 6 8 11 12
10: 7 8 11 12
11: 1 2 3 4 5 9 10
12: 1 2 3 4 5 9 10

1: 7 11 13
2: 8 11 13
3: 8 11 13
4: 7 11 13
5: 9 10 13
6: 9 10 13
7: 1 4 12
8: 2 3 12
9: 5 6 12
10: 5 6 12
11: 1 2 3 4 12
12: 7 8 9 10 11
13: 1 2 3 4 5 6

1: 7 8 11
2: 9 10 11
3: 4 5 6
4: 3 12 13
5: 3 12 13
6: 3 12 13
7: 1 12 13
8: 1 12 13
9: 2 12 13
10: 2 12 13
11: 1 2 12 13
12: 4 5 6 7 8 9 10 11
13: 4 5 6 7 8 9 10 11

1: 2 3 4
2: 1 13 14
3: 1 13 14
4: 1 13 14
5: 11 13 14
6: 12 13 14
7: 12 13 14
8: 11 13 14
9: 11 12 13
10: 11 12 14
11: 5 8 9 10
12: 6 7 9 10
13: 2 3 4 5 6 7 8 9
14: 2 3 4 5 6 7 8 10

1: 21
2: 16
3: 15
4: 12 20
5: 13 20
6: 9 19
7: 10 19
8: 9 10
9: 6 8
10: 7 8
11: 12 13
12: 4 11
13: 5 11
14: 18 19
15: 3 18
16: 2 17
17: 16 20 21
18: 14 15 21
19: 6 7 14
20: 4 5 17
21: 1 17 18

1: 3 6
2: 4 5
3: 1 10
4: 2 13
5: 2 12
6: 1 11
7: 8 9
8: 7 15
9: 7 14
10: 3 14
11: 6 15
12: 5 15
13: 4 14
14: 9 10 13
15: 8 11 12

1: 4 7
2: 3 10
3: 2 9
4: 1 8
5: 6 12
6: 5 11
7: 1 11
8: 4 12
9: 3 12
10: 2 11
11: 6 7 10
12: 5 8 9

1: 2 5
2: 1 6
3: 4 8
4: 3 7
5: 1 9
6: 2 10
7: 4 11
8: 3 12
9: 5 15
10: 6 16
11: 7 16
12: 8 15
13: 14 16
14: 13 15
15: 9 12 14
16: 10 11 13

1: 9
2: 7
3: 8
4: 7 9
5: 8 9
6: 7 8 9
7: 2 4 6
8: 3 5 6
9: 1 4 5 6

1: 2 9
2: 1 10
3: 7 9
4: 8 12
5: 6 12
6: 5 11
7: 3 11
8: 4 10
9: 1 3 10 11
10: 2 8 9 12
11: 6 7 9 12
12: 4 5 10 11

1: 6 13
2: 3 14
3: 2 15
4: 5 16
5: 4 18
6: 1 17
7: 10 19
8: 12 20
9: 11 21
10: 7 22
11: 9 24
12: 8 23
13: 1 19
14: 2 20
15: 3 21
16: 4 22
17: 6 24
18: 5 23
19: 7 13 20
20: 8 14 19
21: 9 15 22
22: 10 16 21
23: 12 18 24
24: 11 17 23

1: 4 5
2: 7 8
3: 6 9
4: 1 16
5: 1 17
6: 3 18
7: 2 19
8: 2 21
9: 3 20
10: 16 21
11: 16 20
12: 17 18
13: 17 19
14: 18 21
15: 19 20
16: 4 10 11
17: 5 12 13
18: 6 12 14
19: 7 13 15
20: 9 11 15
21: 8 10 14

1: 7 11
2: 8 15
3: 13 18
4: 9 14
5: 10 17
6: 12 16
7: 1 22
8: 2 22
9: 4 23
10: 5 23
11: 1 24
12: 6 24
13: 3 27
14: 4 27
15: 2 25
16: 6 26
17: 5 26
18: 3 25
19: 22 23
20: 24 27
21: 25 26
22: 7 8 19
23: 9 10 19
24: 11 12 20
25: 15 18 21
26: 16 17 21
27: 13 14 20

1: 4 8
2: 5 9
3: 6 7
4: 1 10
5: 2 11
6: 3 13
7: 3 12
8: 1 15
9: 2 14
10: 4 16
11: 5 17
12: 7 19
13: 6 18
14: 9 21
15: 8 20
16: 10 22
17: 11 22
18: 13 24
19: 12 23
20: 15 24
21: 14 23
22: 16 17 25
23: 19 21 25
24: 18 20 25
25: 22 23 24

1: 7 9
2: 10 11
3: 8 14
4: 12 18
5: 13 16
6: 15 17
7: 1 19
8: 3 19
9: 1 20
10: 2 20
11: 2 23
12: 4 24
13: 5 24
14: 3 21
15: 6 22
16: 5 22
17: 6 23
18: 4 21
19: 7 8 25
20: 9 10 26
21: 14 18 26
22: 15 16 26
23: 11 17 25
24: 12 13 25
25: 19 23 24
26: 20 21 22

1: 3 22
2: 3 23
3: 1 2
4: 8 22
5: 9 22
6: 10 23
7: 11 23
8: 4 12
9: 5 13
10: 6 14
11: 7 15
12: 8 17
13: 9 16
14: 10 19
15: 11 18
16: 13 21
17: 12 21
18: 15 20
19: 14 20
20: 18 19 22
21: 16 17 23
22: 1 4 5 20
23: 2 6 7 21

1: 6 7
2: 8 12
3: 9 13
4: 10 14
5: 11 15
6: 1 16
7: 1 17
8: 2 18
9: 3 19
10: 4 21
11: 5 20
12: 2 22
13: 3 23
14: 4 25
15: 5 24
16: 6 26
17: 7 27
18: 8 27
19: 9 27
20: 11 27
21: 10 27
22: 12 26
23: 13 26
24: 15 26
25: 14 26
26: 16 22 23 24 25
27: 17 18 19 20 21

1: 2 11
2: 1 12
3: 7 13
4: 8 14
5: 9 15
6: 10 16
7: 3 17
8: 4 18
9: 5 20
10: 6 19
11: 1 21
12: 2 22
13: 3 22
14: 4 22
15: 5 22
16: 6 22
17: 7 21
18: 8 21
19: 10 21
20: 9 21
21: 11 17 18 19 20
22: 12 13 14 15 16

1: 2 13
2: 1 14
3: 8 15
4: 9 16
5: 10 17
6: 11 18
7: 12 19
8: 3 20
9: 4 21
10: 5 22
11: 6 24
12: 7 23
13: 1 25
14: 2 26
15: 3 26
16: 4 26
17: 5 26
18: 6 26
19: 7 26
20: 8 25
21: 9 25
22: 10 25
23: 12 25
24: 11 25
25: 13 20 21 22 23 24
26: 14 15 16 17 18 19

1: 12 14
2: 11 13
3: 4 7
4: 3 10
5: 6 8
6: 5 9
7: 3 15
8: 5 16
9: 6 18
10: 4 17
11: 2 15
12: 1 16
13: 2 18
14: 1 17
15: 7 11 16
16: 8 12 15
17: 10 14 18
18: 9 13 17

1: 2 3
2: 1 13
3: 1 12
4: 7 9
5: 6 8
6: 5 11
7: 4 10
8: 5 21
9: 4 20
10: 7 19
11: 6 18
12: 3 22
13: 2 23
14: 20 21
15: 18 22
16: 19 23
17: 18 19
18: 11 15 17
19: 10 16 17
20: 9 14 22
21: 8 14 23
22: 12 15 20
23: 13 16 21

1: 12 19
2: 11 19
3: 10 20
4: 9 20
5: 8 21
6: 7 22
7: 6 24
8: 5 23
9: 4 24
10: 3 23
11: 2 21
12: 1 22
13: 19 25
14: 20 26
15: 21 26
16: 22 26
17: 24 25
18: 23 25
19: 1 2 13
20: 3 4 14
21: 5 11 15
22: 6 12 16
23: 8 10 18
24: 7 9 17
25: 13 17 18
26: 14 15 16

1: 2 3
2: 1 50
3: 1 49
4: 5 6
5: 4 7
6: 4 8
7: 5 9
8: 6 10
9: 7 12
10: 8 11
11: 10 14
12: 9 13
13: 12 16
14: 11 15
15: 14 18
16: 13 17
17: 16 20
18: 15 19
19: 18 22
20: 17 21
21: 20 24
22: 19 23
23: 22 26
24: 21 25
25: 24 28
26: 23 27
27: 26 30
28: 25 29
29: 28 32
30: 27 31
31: 30 34
32: 29 33
33: 32 36
34: 31 35
35: 34 38
36: 33 37
37: 36 40
38: 35 39
39: 38 42
40: 37 41
41: 40 44
42: 39 43
43: 42 46
44: 41 45
45: 44 48
46: 43 47
47: 46 50
48: 45 49
49: 3 48
50: 2 47

1: 2 3
2: 1 52
3: 1 51
4: 5 6
5: 4 7
6: 4 8
7: 5 9
8: 6 10
9: 7 12
10: 8 11
11: 10 14
12: 9 13
13: 12 16
14: 11 15
15: 14 18
16: 13 17
17: 16 20
18: 15 19
19: 18 22
20: 17 21
21: 20 24
22: 19 23
23: 22 26
24: 21 25
25: 24 28
26: 23 27
27: 26 30
28: 25 29
29: 28 32
30: 27 31
31: 30 34
32: 29 33
33: 32 36
34: 31 35
35: 34 38
36: 33 37
37: 36 40
38: 35 39
39: 38 42
40: 37 41
41: 40 44
42: 39 43
43: 42 46
44: 41 45
45: 44 48
46: 43 47
47: 46 50
48: 45 49
49: 48 52
50: 47 51
51: 3 50
52: 2 49

1: 5 6
2: 9 11
3: 10 12
4: 7 8
5: 1 9 12
6: 1 10 11
7: 4 9 12
8: 4 10 11
9: 2 5 7
10: 3 6 8
11: 2 6 8
12: 3 5 7

1: 16
2: 15
3: 4 5
4: 3 6
5: 3 7
6: 4 8
7: 5 10
8: 6 9
9: 8 12
10: 7 11
11: 10 14
12: 9 13
13: 12 16
14: 11 15
15: 2 14
16: 1 13

1: 17
2: 16
3: 4 5
4: 3 6
5: 3 7
6: 4 8
7: 5 9
8: 6 11
9: 7 10
10: 9 13
11: 8 12
12: 11 15
13: 10 14
14: 13 17
15: 12 16
16: 2 15
17: 1 14

1: 18
2: 17
3: 4 5
4: 3 6
5: 3 7
6: 4 8
7: 5 10
8: 6 9
9: 8 12
10: 7 11
11: 10 14
12: 9 13
13: 12 16
14: 11 15
15: 14 18
16: 13 17
17: 2 16
18: 1 15

1: 19
2: 18
3: 4 5
4: 3 6
5: 3 7
6: 4 8
7: 5 9
8: 6 11
9: 7 10
10: 9 13
11: 8 12
12: 11 15
13: 10 14
14: 13 17
15: 12 16
16: 15 19
17: 14 18
18: 2 17
19: 1 16

1: 20
2: 19
3: 4 5
4: 3 6
5: 3 7
6: 4 8
7: 5 10
8: 6 9
9: 8 12
10: 7 11
11: 10 14
12: 9 13
13: 12 16
14: 11 15
15: 14 18
16: 13 17
17: 16 20
18: 15 19
19: 2 18
20: 1 17

1: 21
2: 20
3: 4 5
4: 3 6
5: 3 7
6: 4 8
7: 5 9
8: 6 11
9: 7 10
10: 9 13
11: 8 12
12: 11 15
13: 10 14
14: 13 17
15: 12 16
16: 15 19
17: 14 18
18: 17 21
19: 16 20
20: 2 19
21: 1 18

1: 22
2: 21
3: 4 5
4: 3 6
5: 3 7
6: 4 8
7: 5 10
8: 6 9
9: 8 12
10: 7 11
11: 10 14
12: 9 13
13: 12 16
14: 11 15
15: 14 18
16: 13 17
17: 16 20
18: 15 19
19: 18 22
20: 17 21
21: 2 20
22: 1 19

1: 23
2: 22
3: 4 5
4: 3 6
5: 3 7
6: 4 8
7: 5 9
8: 6 11
9: 7 10
10: 9 13
11: 8 12
12: 11 15
13: 10 14
14: 13 17
15: 12 16
16: 15 19
17: 14 18
18: 17 21
19: 16 20
20: 19 23
21: 18 22
22: 2 21
23: 1 20

1: 24
2: 23
3: 4 5
4: 3 6
5: 3 7
6: 4 8
7: 5 10
8: 6 9
9: 8 12
10: 7 11
11: 10 14
12: 9 13
13: 12 16
14: 11 15
15: 14 18
16: 13 17
17: 16 20
18: 15 19
19: 18 22
20: 17 21
21: 20 24
22: 19 23
23: 2 22
24: 1 21

