1: 3 4
2: 3 4
3: 1 2 4
4: 1 2 3

1: 2 3 4
2: 1 3 4
3: 1 2 4
4: 1 2 3

1: 2 3
2: 1 4
3: 1 5
4: 2 6
5: 3 7
6: 4 8 9
7: 5 8 9
8: 6 7 9
9: 6 7 8

1: 4 5 6
2: 4 5 6
3: 4 5 6
4: 1 2 3 5 6
5: 1 2 3 4 6
6: 1 2 3 4 5

1: 2 3 7
2: 1 3 7
3: 1 2 7
4: 5 6 8
5: 4 6 8
6: 4 5 8
7: 1 2 3 8
8: 4 5 6 7

1: 6
2: 7
3: 8
4: 10
5: 9
6: 1 7 8
7: 2 6 9
8: 3 6 10
9: 5 7 10
10: 4 8 9

1: 2 5
2: 1 5
3: 4 6
4: 3 6
5: 1 2 6
6: 3 4 5

1: 8 9
2: 8 9
3: 8 9
4: 8 9
5: 8 9
6: 8 9
7: 8 9
8: 1 2 3 4 5 6 7 9
9: 1 2 3 4 5 6 7 8

1: 7
2: 7
3: 7
4: 5 6 7
5: 4 6 7
6: 4 5 7
7: 1 2 3 4 5 6

1: 8
2: 6 8
3: 7 8
4: 5 6
5: 4 7
6: 2 4
7: 3 5
8: 1 2 3

1: 8
2: 6
3: 7 8
4: 5 6
5: 4 7
6: 2 4
7: 3 5 8
8: 1 3 7

1: 2 3 6
2: 1 4 6
3: 1 5 6
4: 2 5 6
5: 3 4 6
6: 1 2 3 4 5

1: 5
2: 6
3: 7
4: 8
5: 1 6 7 8
6: 2 5 7 8
7: 3 5 6 8
8: 4 5 6 7

1: 2 6
2: 1 6
3: 4 7
4: 3 7
5: 8 9
6: 1 2 8
7: 3 4 9
8: 5 6 9
9: 5 7 8

1: 4
2: 5
3: 4 5
4: 1 3 5
5: 2 3 4

1: 9 10
2: 9 10
3: 9 10
4: 9 10
5: 9 10
6: 9 10
7: 9 10
8: 9 10
9: 1 2 3 4 5 6 7 8 10
10: 1 2 3 4 5 6 7 8 9

1: 5
2: 6
3: 4 10
4: 3 10
5: 1 10
6: 2 10
7: 8 9
8: 7 9
9: 7 8 10
10: 3 4 5 6 9

1: 10
2: 9 10
3: 8 10
4: 5 6
5: 4 7
6: 4 8
7: 5 9
8: 3 6
9: 2 7
10: 1 2 3

1: 10
2: 8
3: 9 10
4: 5 8
5: 4 6
6: 5 7
7: 6 9
8: 2 4
9: 3 7 10
10: 1 3 9

1: 4 5
2: 4 5
3: 4 5
4: 1 2 3 5
5: 1 2 3 4

1: 10
2: 10
3: 9
4: 9 10
5: 8 9
6: 7 8
7: 6 8
8: 5 6 7
9: 3 4 5
10: 1 2 4

1: 7 8 9
2: 7 8 9
3: 7 8 9
4: 7 8 9
5: 7 8 9
6: 7 8 9
7: 1 2 3 4 5 6 8 9
8: 1 2 3 4 5 6 7 9
9: 1 2 3 4 5 6 7 8

1: 2
2: 1 5
3: 4 5
4: 3 5
5: 2 3 4

1: 2 3
2: 1 4
3: 1 5
4: 2 5
5: 3 4

1: 5 6 7
2: 7 8 9
3: 7 8 9
4: 7 8 9
5: 1 8 9
6: 1 8 9
7: 1 2 3 4
8: 2 3 4 5 6
9: 2 3 4 5 6

1: 9
2: 9
3: 9
4: 9
5: 9
6: 7 8 9
7: 6 8 9
8: 6 7 9
9: 1 2 3 4 5 6 7 8

1: 5
2: 6
3: 7
4: 5 6 7
5: 1 4 6 7
6: 2 4 5 7
7: 3 4 5 6

1: 7
2: 6
3: 8 9
4: 5 8
5: 4 7
6: 2 9
7: 1 5
8: 3 4 9
9: 3 6 8

1: 5
2: 3 4 5
3: 2 4 5
4: 2 3 5
5: 1 2 3 4

1: 2 3
2: 1 4 5
3: 1 4 5
4: 2 3 5
5: 2 3 4

1: 2 3 5
2: 1 4 5
3: 1 4 5
4: 2 3 5
5: 1 2 3 4

1: 10
2: 10
3: 10
4: 10
5: 10
6: 10
7: 10
8: 9 10
9: 8 10
10: 1 2 3 4 5 6 7 8 9

1: 10
2: 10
3: 8
4: 9 10
5: 6 9
6: 5 7
7: 6 8
8: 3 7
9: 4 5 10
10: 1 2 4 9

1: 3 4 5
2: 3 4 5
3: 1 2 4 5
4: 1 2 3 5
5: 1 2 3 4

1: 5 6 7
2: 5 6 7
3: 5 6 7
4: 5 6 7
5: 1 2 3 4 6 7
6: 1 2 3 4 5 7
7: 1 2 3 4 5 6

1: 5 6
2: 5 6
3: 5 6
4: 5 6
5: 1 2 3 4 6
6: 1 2 3 4 5

1: 10
2: 10
3: 10
4: 10
5: 10
6: 10
7: 8 9 10
8: 7 9 10
9: 7 8 10
10: 1 2 3 4 5 6 7 8 9

1: 4
2: 5
3: 6 7
4: 1 6
5: 2 7
6: 3 4 7
7: 3 5 6

1: 2 3
2: 1 9
3: 1 8
4: 5 6
5: 4 7
6: 4 8
7: 5 9
8: 3 6
9: 2 7

1: 8 9 10
2: 8 9 10
3: 8 9 10
4: 8 9 10
5: 8 9 10
6: 8 9 10
7: 8 9 10
8: 1 2 3 4 5 6 7 9 10
9: 1 2 3 4 5 6 7 8 10
10: 1 2 3 4 5 6 7 8 9

1: 2 3
2: 1 6
3: 1 7
4: 5 6
5: 4 7
6: 2 4
7: 3 5

1: 6
2: 4 6
3: 5 6
4: 2 5
5: 3 4
6: 1 2 3

1: 4 7
2: 5 7
3: 6 7
4: 1 5 6
5: 2 4 6
6: 3 4 5
7: 1 2 3

1: 2 3 4
2: 1 5 6
3: 1 7 8
4: 1 7 8
5: 2 7 8
6: 2 7 8
7: 3 4 5 6
8: 3 4 5 6

1: 4
2: 5
3: 6
4: 1 5 6
5: 2 4 6
6: 3 4 5

1: 6
2: 7
3: 4 5
4: 3 5 6 7
5: 3 4 6 7
6: 1 4 5 7
7: 2 4 5 6

1: 2
2: 1 8
3: 4 8
4: 3 8
5: 6 7
6: 5 7
7: 5 6 8
8: 2 3 4 7

1: 6 7
2: 6 7
3: 6 7
4: 6 7
5: 6 7
6: 1 2 3 4 5 7
7: 1 2 3 4 5 6

1: 2 5
2: 1 8
3: 4 6
4: 3 7
5: 1 6 7
6: 3 5 8
7: 4 5 8
8: 2 6 7

1: 5
2: 5 6
3: 4 6
4: 3 6
5: 1 2
6: 2 3 4

1: 6
2: 6
3: 4 5 6
4: 3 5 6
5: 3 4 6
6: 1 2 3 4 5

1: 3 6
2: 3 7
3: 1 2
4: 5 6 7
5: 4 6 7
6: 1 4 5
7: 2 4 5

1: 4
2: 3 4
3: 2 4
4: 1 2 3

1: 2 8
2: 1 8
3: 4 9
4: 3 9
5: 6 7 10
6: 5 7 10
7: 5 6 10
8: 1 2 10
9: 3 4 10
10: 5 6 7 8 9

1: 7 8
2: 7 8
3: 7 8
4: 7 8
5: 7 8
6: 7 8
7: 1 2 3 4 5 6 8
8: 1 2 3 4 5 6 7

1: 6 7 8
2: 6 7 8
3: 6 7 8
4: 6 7 8
5: 6 7 8
6: 1 2 3 4 5 7 8
7: 1 2 3 4 5 6 8
8: 1 2 3 4 5 6 7

1: 2 6
2: 1 6
3: 4 5 7
4: 3 5 7
5: 3 4 7
6: 1 2 7
7: 3 4 5 6

1: 2 5 7
2: 1 5 7
3: 4 6 7
4: 3 6 7
5: 1 2 6
6: 3 4 5
7: 1 2 3 4

1: 2
2: 1 3 4
3: 2 5 6
4: 2 5 6
5: 3 4 6
6: 3 4 5

1: 7
2: 6
3: 6 7
4: 5 7
5: 4 7
6: 2 3
7: 1 3 4 5

1: 2 3 4
2: 1 5 6
3: 1 5 6
4: 1 5 6
5: 2 3 4 6
6: 2 3 4 5

1: 4 5 6
2: 4 5 6
3: 4 5 6
4: 1 2 3 6
5: 1 2 3 6
6: 1 2 3 4 5

1: 2 6
2: 1 6
3: 4 5
4: 3 5 6
5: 3 4 6
6: 1 2 4 5

1: 7
2: 7
3: 7
4: 5 6
5: 4 6
6: 4 5 7
7: 1 2 3 6

1: 2
2: 1 6
3: 4 5 6
4: 3 5 6
5: 3 4 6
6: 2 3 4 5

1: 2 6
2: 1 6
3: 4 5 6
4: 3 5 6
5: 3 4 6
6: 1 2 3 4 5

1: 2 5 6
2: 1 5 6
3: 4 5 6
4: 3 5 6
5: 1 2 3 4
6: 1 2 3 4

1: 2 5 6
2: 1 5 6
3: 4 5 6
4: 3 5 6
5: 1 2 3 4 6
6: 1 2 3 4 5

1: 2 3 4
2: 1 3 5
3: 1 2 6
4: 1 5 6
5: 2 4 6
6: 3 4 5

1: 3 5 6
2: 4 5 6
3: 1 4 5 6
4: 2 3 5 6
5: 1 2 3 4 6
6: 1 2 3 4 5

1: 6
2: 3 4 5
3: 2 4 5 6
4: 2 3 5 6
5: 2 3 4 6
6: 1 3 4 5

1: 7
2: 7
3: 6 7
4: 5 6
5: 4 6
6: 3 4 5
7: 1 2 3

1: 7
2: 7
3: 7
4: 7
5: 6 7
6: 5 7
7: 1 2 3 4 5 6

1: 5
2: 5 7
3: 6 7
4: 6 7
5: 1 2
6: 3 4 7
7: 2 3 4 6

1: 2 5
2: 1 5
3: 4 5
4: 3 5
5: 1 2 3 4

1: 5
2: 3 4
3: 2 4 5
4: 2 3 5
5: 1 3 4

1: 7
2: 5 7
3: 6 7
4: 5 6 7
5: 2 4 6 7
6: 3 4 5 7
7: 1 2 3 4 5 6

1: 4 5
2: 3 4 5
3: 2 4 5
4: 1 2 3 5
5: 1 2 3 4

1: 5
2: 6
3: 5 6
4: 5 6
5: 1 3 4 6
6: 2 3 4 5

1: 6 7
2: 3 4 5
3: 2 6 7
4: 2 6 7
5: 2 6 7
6: 1 3 4 5 7
7: 1 3 4 5 6

1: 5 6 7
2: 5 6 7
3: 5 6 7
4: 5 6 7
5: 1 2 3 4
6: 1 2 3 4 7
7: 1 2 3 4 6

1: 2
2: 1 7
3: 5 7
4: 6 7
5: 3 6
6: 4 5
7: 2 3 4

1: 7
2: 5
3: 4 6
4: 3 6
5: 2 7
6: 3 4 7
7: 1 5 6

1: 5
2: 6 7
3: 4 7
4: 3 7
5: 1 6
6: 2 5
7: 2 3 4

1: 4
2: 6
3: 7
4: 1 5
5: 4 6 7
6: 2 5 7
7: 3 5 6

1: 2 6
2: 1 6
3: 4 7
4: 3 7
5: 6 7
6: 1 2 5
7: 3 4 5

1: 2 6
2: 1 6
3: 4 7
4: 3 7
5: 6 7
6: 1 2 5 7
7: 3 4 5 6

1: 6
2: 3
3: 2 6
4: 5 6
5: 4 6
6: 1 3 4 5

1: 7
2: 7
3: 6
4: 6 7
5: 6 7
6: 3 4 5 7
7: 1 2 4 5 6

1: 6
2: 4 6
3: 5 6
4: 2 5 6
5: 3 4 6
6: 1 2 3 4 5

1: 2
2: 1 7
3: 4 5 7
4: 3 6 7
5: 3 6 7
6: 4 5 7
7: 2 3 4 5 6

1: 2 6
2: 1 7
3: 4 5
4: 3 6 7
5: 3 6 7
6: 1 4 5 7
7: 2 4 5 6

1: 3
2: 3 4
3: 1 2 7
4: 2 5 6
5: 4 6 7
6: 4 5 7
7: 3 5 6

1: 2 7
2: 1 7
3: 5 6 7
4: 5 6 7
5: 3 4 6
6: 3 4 5
7: 1 2 3 4

1: 2 7
2: 1 7
3: 5 6 7
4: 5 6 7
5: 3 4 6 7
6: 3 4 5 7
7: 1 2 3 4 5 6

1: 5
2: 5
3: 4 6
4: 3 6
5: 1 2 6
6: 3 4 5

1: 2 3
2: 1 6 7
3: 1 6 7
4: 5 6 7
5: 4 6 7
6: 2 3 4 5
7: 2 3 4 5

1: 5 6
2: 5 6
3: 4 6
4: 3 6
5: 1 2
6: 1 2 3 4

1: 2
2: 1 6
3: 5 6
4: 5 6
5: 3 4 6
6: 2 3 4 5

1: 5
2: 5 6
3: 4 7
4: 3 7
5: 1 2 6
6: 2 5 7
7: 3 4 6

1: 3
2: 3 7
3: 1 2
4: 5 6 7
5: 4 6 7
6: 4 5 7
7: 2 4 5 6

1: 2 3
2: 1 4 5
3: 1 6 7
4: 2 6 7
5: 2 6 7
6: 3 4 5
7: 3 4 5

1: 2 5
2: 1 6
3: 5 6
4: 5 6
5: 1 3 4
6: 2 3 4

1: 7
2: 7
3: 5 7
4: 6 7
5: 3 6 7
6: 4 5 7
7: 1 2 3 4 5 6

1: 3 4
2: 5 6
3: 1 4 7
4: 1 3 7
5: 2 6 7
6: 2 5 7
7: 3 4 5 6

1: 2 3
2: 1 3 7
3: 1 2 7
4: 5 6 7
5: 4 6 7
6: 4 5 7
7: 2 3 4 5 6

1: 2 3 7
2: 1 3 7
3: 1 2 7
4: 5 6 7
5: 4 6 7
6: 4 5 7
7: 1 2 3 4 5 6

1: 5
2: 6
3: 4 5 6
4: 3 5 6
5: 1 3 4
6: 2 3 4

1: 2 5 7
2: 1 5 7
3: 4 6 7
4: 3 6 7
5: 1 2 6 7
6: 3 4 5 7
7: 1 2 3 4 5 6

1: 2
2: 1 7
3: 4 5 6
4: 3 5 6 7
5: 3 4 6 7
6: 3 4 5 7
7: 2 4 5 6

1: 4
2: 3 5
3: 2 6
4: 1 5 6
5: 2 4 6
6: 3 4 5

1: 5 6 7
2: 5 6 8
3: 5 7 8
4: 6 7 8
5: 1 2 3 8
6: 1 2 4 7
7: 1 3 4 6
8: 2 3 4 5

1: 5
2: 5
3: 4 5
4: 3 5
5: 1 2 3 4

1: 5
2: 4 5
3: 4 5
4: 2 3 5
5: 1 2 3 4

1: 2 3 4
2: 1 10 12
3: 1 4 12
4: 1 3 11
5: 6 7 12
6: 5 7 10
7: 5 6 8
8: 7 9 11
9: 8 10 11
10: 2 6 9
11: 4 8 9
12: 2 3 5

1: 3 5
2: 4 5
3: 1 4 5
4: 2 3 5
5: 1 2 3 4

1: 7 9 10
2: 8 9 11
3: 8 10 11
4: 7 9 11
5: 7 10 11
6: 8 9 10
7: 1 4 5 9 10 11
8: 2 3 6 9 10 11
9: 1 2 4 6 7 8 10 11
10: 1 3 5 6 7 8 9 11
11: 2 3 4 5 7 8 9 10

1: 7 8 10
2: 7 9 10
3: 8 9 10
4: 5 6 7
5: 4 6 8
6: 4 5 9
7: 1 2 4 10
8: 1 3 5 10
9: 2 3 6 10
10: 1 2 3 7 8 9

1: 2 4
2: 1 5
3: 4 5
4: 1 3 5
5: 2 3 4

1: 2
2: 1 5
3: 6 8 10
4: 7 9 10
5: 2 8 9
6: 3 7 8 10
7: 4 6 9 10
8: 3 5 6 9 10
9: 4 5 7 8 10
10: 3 4 6 7 8 9

1: 6
2: 6
3: 5 6
4: 5 6
5: 3 4 6
6: 1 2 3 4 5

1: 2 3 4
2: 1 11 12
3: 1 13 14
4: 1 15 16
5: 6 11 12
6: 5 11 12
7: 8 13 14
8: 7 13 14
9: 10 15 16
10: 9 15 16
11: 2 5 6 12
12: 2 5 6 11
13: 3 7 8 14
14: 3 7 8 13
15: 4 9 10 16
16: 4 9 10 15

1: 7
2: 4 6 7
3: 5 6 7
4: 2 5 6 7
5: 3 4 6 7
6: 2 3 4 5
7: 1 2 3 4 5

1: 2
2: 1 7
3: 5 7
4: 6 7
5: 3 6 7
6: 4 5 7
7: 2 3 4 5 6

1: 6 7
2: 4 6
3: 5 7
4: 2 5 6 7
5: 3 4 6 7
6: 1 2 4 5 7
7: 1 3 4 5 6

1: 2 3 5
2: 1 3 6
3: 1 2 7
4: 5 6 7
5: 1 4 6 7
6: 2 4 5 7
7: 3 4 5 6

1: 5 6 7
2: 4 5 7
3: 4 6 7
4: 2 3 7
5: 1 2 6
6: 1 3 5 7
7: 1 2 3 4 6

1: 2 3 4
2: 1 5 6
3: 1 5 7
4: 1 6 7
5: 2 3 6 7
6: 2 4 5 7
7: 3 4 5 6

1: 4 7
2: 6 9
3: 5 8
4: 1 7 9
5: 3 7 8
6: 2 8 9
7: 1 4 5 8 9
8: 3 5 6 7 9
9: 2 4 6 7 8

1: 2 6
2: 1 7
3: 4 7
4: 3 6
5: 6 7
6: 1 4 5
7: 2 3 5

1: 5 6 7
2: 5 6 8
3: 5 7 8
4: 6 7 8
5: 1 2 3 6 7 8
6: 1 2 4 5 7 8
7: 1 3 4 5 6 8
8: 2 3 4 5 6 7

1: 2 3
2: 1 3
3: 1 2

1: 8 10
2: 4 9
3: 7 9 10
4: 2 7 10
5: 6 8 10
6: 5 9 10
7: 3 4 9
8: 1 5 9 10
9: 2 3 6 7 8 10
10: 1 3 4 5 6 8 9

1: 2 11
2: 1 14
3: 4 12
4: 3 13
5: 6 8 17
6: 5 7 16
7: 6 9 15
8: 5 10 15
9: 7 11 14
10: 8 12 13
11: 1 9 16
12: 3 10 17
13: 4 10 17
14: 2 9 16
15: 7 8 16 17
16: 6 11 14 15
17: 5 12 13 15

1: 2 13
2: 1 14
3: 4 15
4: 3 16
5: 6 7 17
6: 5 8 18
7: 5 9 19
8: 6 10 20
9: 7 12 18
10: 8 11 17
11: 10 13 14
12: 9 15 16
13: 1 11 20
14: 2 11 20
15: 3 12 19
16: 4 12 19
17: 5 10 18 20
18: 6 9 17 19
19: 7 15 16 18
20: 8 13 14 17

1: 2 15
2: 1 16
3: 4 17
4: 3 18
5: 6 7 21
6: 5 8 20
7: 5 9 19
8: 6 10 19
9: 7 11 22
10: 8 12 23
11: 9 14 21
12: 10 13 20
13: 12 15 16
14: 11 17 18
15: 1 13 23
16: 2 13 23
17: 3 14 22
18: 4 14 22
19: 7 8 20 21
20: 6 12 19 23
21: 5 11 19 22
22: 9 17 18 21
23: 10 15 16 20

1: 2 19
2: 1 20
3: 4 21
4: 3 22
5: 6 7 10
6: 5 8 9
7: 5 8 11
8: 6 7 14
9: 6 10 12
10: 5 9 13
11: 7 15 16
12: 9 15 16
13: 10 17 18
14: 8 17 18
15: 11 12 19
16: 11 12 20
17: 13 14 21
18: 13 14 22
19: 1 15 20
20: 2 16 19
21: 3 17 22
22: 4 18 21

1: 2 3 4
2: 1 9 10
3: 1 4 12
4: 1 3 11
5: 6 9 11
6: 5 9 12
7: 8 10 12
8: 7 10 11
9: 2 5 6
10: 2 7 8
11: 4 5 8
12: 3 6 7

1: 5 8
2: 5 6
3: 5 7
4: 6 7
5: 1 2 3
6: 2 4 8
7: 3 4 8
8: 1 6 7

1: 2 3 4
2: 1 15 16
3: 1 12 16
4: 1 13 14
5: 6 7 15
6: 5 10 11
7: 5 10 11
8: 9 13 14
9: 8 13 14
10: 6 7 11
11: 6 7 10
12: 3 15 16
13: 4 8 9
14: 4 8 9
15: 2 5 12
16: 2 3 12

1: 2 3 4
2: 1 17 18
3: 1 16 18
4: 1 15 17
5: 6 7 11
6: 5 8 12
7: 5 9 13
8: 6 10 14
9: 7 11 13
10: 8 12 14
11: 5 9 16
12: 6 10 15
13: 7 9 16
14: 8 10 15
15: 4 12 14
16: 3 11 13
17: 2 4 18
18: 2 3 17

1: 5 8
2: 6 7
3: 4 5 7
4: 3 6 8
5: 1 3 7
6: 2 4 8
7: 2 3 5 8
8: 1 4 6 7

1: 4 5 7
2: 4 6 7
3: 5 6 7
4: 1 2 5 6 7
5: 1 3 4 6 7
6: 2 3 4 5 7
7: 1 2 3 4 5 6

1: 5 8 9
2: 6 7 8
3: 6 7 9
4: 7 8 9
5: 1 6 8 9
6: 2 3 5 7 8 9
7: 2 3 4 6 8 9
8: 1 2 4 5 6 7 9
9: 1 3 4 5 6 7 8

1: 2 7 8
2: 1 7 8
3: 4 7 9
4: 3 8 10
5: 6 9 10
6: 5 9 10
7: 1 2 3 10
8: 1 2 4 9
9: 3 5 6 8
10: 4 5 6 7

1: 2 3 4
2: 1 5 7
3: 1 6 8
4: 1 7 8
5: 2 7 8
6: 3 7 8
7: 2 4 5 6 8
8: 3 4 5 6 7

1: 2 8 9
2: 1 8 9
3: 4 6 9
4: 3 7 9
5: 6 7 9
6: 3 5 8
7: 4 5 8
8: 1 2 6 7
9: 1 2 3 4 5

1: 2 5 7
2: 1 6 7
3: 4 5 6
4: 3 5 6
5: 1 3 4 7
6: 2 3 4 7
7: 1 2 5 6

1: 3 5 7
2: 4 6 7
3: 1 5 6 7
4: 2 5 6 7
5: 1 3 4 6
6: 2 3 4 5
7: 1 2 3 4

1: 2 3 5
2: 1 4 6
3: 1 5 7
4: 2 6 7
5: 1 3 6 7
6: 2 4 5 7
7: 3 4 5 6

1: 2 8 9
2: 1 8 9
3: 5 6 9
4: 6 7 9
5: 3 7 9
6: 3 4 8
7: 4 5 8 9
8: 1 2 6 7
9: 1 2 3 4 5 7

1: 6 9 10
2: 3 7 9
3: 2 7 9
4: 5 8 10
5: 4 8 10
6: 1 7 8
7: 2 3 6 10
8: 4 5 6 9
9: 1 2 3 8 10
10: 1 4 5 7 9

1: 2 3 8
2: 1 6 8
3: 1 7 8
4: 5 6 8
5: 4 7 8
6: 2 4 8
7: 3 5 8
8: 1 2 3 4 5 6 7

1: 2 3 7
2: 1 4 8
3: 1 5 7
4: 2 6 8
5: 3 7 8
6: 4 7 8
7: 1 3 5 6 8
8: 2 4 5 6 7

1: 3 8 9
2: 4 8 9
3: 1 6 9
4: 2 7 9
5: 6 7 8
6: 3 5 7
7: 4 5 6
8: 1 2 5 9
9: 1 2 3 4 8

1: 3 7 9
2: 4 8 9
3: 1 6 9
4: 2 6 9
5: 6 7 8
6: 3 4 5
7: 1 5 8 9
8: 2 5 7 9
9: 1 2 3 4 7 8

1: 2 5 9
2: 1 6 9
3: 4 7 9
4: 3 7 9
5: 1 8 9
6: 2 8 9
7: 3 4 8
8: 5 6 7
9: 1 2 3 4 5 6

1: 3 8 9
2: 4 8 9
3: 1 4 9
4: 2 3 9
5: 6 7 9
6: 5 7 8
7: 5 6 8
8: 1 2 6 7
9: 1 2 3 4 5

1: 2 7 9
2: 1 8 9
3: 6 7 9
4: 6 8 9
5: 6 7 8
6: 3 4 5
7: 1 3 5 9
8: 2 4 5 9
9: 1 2 3 4 7 8

1: 3 4 9
2: 3 8 9
3: 1 2 9
4: 1 5 9
5: 4 6 7
6: 5 7 8
7: 5 6 8
8: 2 6 7 9
9: 1 2 3 4 8

1: 2 8 9
2: 1 8 9
3: 4 5 9
4: 3 6 9
5: 3 7 9
6: 4 7 8
7: 5 6 8
8: 1 2 6 7
9: 1 2 3 4 5

1: 2 6 9
2: 1 7 9
3: 4 5 9
4: 3 6 8
5: 3 7 8
6: 1 4 8 9
7: 2 5 8 9
8: 4 5 6 7
9: 1 2 3 6 7

1: 2 7 9
2: 1 4 9
3: 6 8 9
4: 2 6 9
5: 6 7 8
6: 3 4 5
7: 1 5 8 9
8: 3 5 7 9
9: 1 2 3 4 7 8

1: 2 3 9
2: 1 6 9
3: 1 7 9
4: 6 8 9
5: 7 8 9
6: 2 4 7 8
7: 3 5 6 8
8: 4 5 6 7
9: 1 2 3 4 5

1: 2 5 6
2: 1 3 4
3: 2 4 8
4: 2 3 8
5: 1 7 9
6: 1 7 10
7: 5 6 9 10
8: 3 4 9 10
9: 5 7 8 10
10: 6 7 8 9

1: 2 3 4
2: 1 3 7
3: 1 2 7
4: 1 8 9
5: 7 8 10
6: 7 9 10
7: 2 3 5 6
8: 4 5 9 10
9: 4 6 8 10
10: 5 6 8 9

1: 3 5 6
2: 4 7 8
3: 1 4 9
4: 2 3 10
5: 1 6 10
6: 1 5 10
7: 2 8 9
8: 2 7 9
9: 3 7 8 10
10: 4 5 6 9

1: 2 3 8
2: 1 4 5
3: 1 6 7
4: 2 5 9
5: 2 4 9
6: 3 7 10
7: 3 6 10
8: 1 9 10
9: 4 5 8 10
10: 6 7 8 9

1: 2 3 4
2: 1 8 9
3: 1 4 10
4: 1 3 10
5: 6 7 10
6: 5 7 9
7: 5 6 9
8: 2 9 10
9: 2 6 7 8
10: 3 4 5 8

1: 2 6 10
2: 1 6 10
3: 4 7 10
4: 3 7 10
5: 8 9 10
6: 1 2 8
7: 3 4 9
8: 5 6 9
9: 5 7 8
10: 1 2 3 4 5

1: 2 3 4
2: 1 5 6
3: 1 4 9
4: 1 3 10
5: 2 6 10
6: 2 5 9
7: 8 9 10
8: 7 9 10
9: 3 6 7 8
10: 4 5 7 8

1: 2 3 9
2: 1 4 10
3: 1 8 9
4: 2 8 10
5: 7 8 9
6: 7 8 10
7: 5 6 9 10
8: 3 4 5 6
9: 1 3 5 7 10
10: 2 4 6 7 9

1: 7 9 10
2: 7 8 10
3: 4 6 10
4: 3 6 10
5: 7 8 9
6: 3 4 9
7: 1 2 5
8: 2 5 9 10
9: 1 5 6 8
10: 1 2 3 4 8

1: 6 9 10
2: 3 7 10
3: 2 7 10
4: 6 8 9
5: 6 7 8
6: 1 4 5
7: 2 3 5
8: 4 5 9 10
9: 1 4 8 10
10: 1 2 3 8 9

1: 5 6 7
2: 3 4 9
3: 2 4 7
4: 2 3 7
5: 1 8 10
6: 1 8 9
7: 1 3 4 10
8: 5 6 9 10
9: 2 6 8 10
10: 5 7 8 9

1: 2 3 4
2: 1 5 6
3: 1 4 9
4: 1 3 9
5: 2 6 10
6: 2 5 10
7: 8 9 10
8: 7 9 10
9: 3 4 7 8
10: 5 6 7 8

1: 2 3 4
2: 1 7 8
3: 1 7 9
4: 1 8 9
5: 6 7 10
6: 5 7 10
7: 2 3 5 6
8: 2 4 9 10
9: 3 4 8 10
10: 5 6 8 9

1: 8 9 10
2: 5 6 10
3: 5 6 9
4: 7 8 9
5: 2 3 7
6: 2 3 9 10
7: 4 5 8 10
8: 1 4 7 10
9: 1 3 4 6
10: 1 2 6 7 8

1: 2 9 10
2: 1 3 4
3: 2 8 9
4: 2 8 10
5: 7 8 9
6: 7 8 10
7: 5 6 9 10
8: 3 4 5 6
9: 1 3 5 7 10
10: 1 4 6 7 9

1: 2 3 5
2: 1 4 6
3: 1 7 9
4: 2 8 10
5: 1 7 10
6: 2 8 9
7: 3 5 9 10
8: 4 6 9 10
9: 3 6 7 8 10
10: 4 5 7 8 9

1: 2 3 4
2: 1 7 9
3: 1 8 10
4: 1 9 10
5: 6 7 8
6: 5 7 8
7: 2 5 6 9
8: 3 5 6 10
9: 2 4 7 10
10: 3 4 8 9

1: 6 7 11
2: 8 9 11
3: 8 10 11
4: 6 9 11
5: 7 10 11
6: 1 4 7 9
7: 1 5 6 10
8: 2 3 9 10
9: 2 4 6 8
10: 3 5 7 8
11: 1 2 3 4 5

1: 2 5 11
2: 1 6 11
3: 8 10 11
4: 9 10 11
5: 1 7 11
6: 2 7 11
7: 5 6 10
8: 3 9 10
9: 4 8 10
10: 3 4 7 8 9
11: 1 2 3 4 5 6

1: 2 6 11
2: 1 10 11
3: 9 10 11
4: 5 7 11
5: 4 7 11
6: 1 8 11
7: 4 5 10
8: 6 9 10
9: 3 8 10
10: 2 3 7 8 9
11: 1 2 3 4 5 6

1: 5 9 10
2: 6 9 11
3: 4 5 10
4: 3 6 11
5: 1 3 10
6: 2 4 11
7: 8 10 11
8: 7 10 11
9: 1 2 10 11
10: 1 3 5 7 8 9
11: 2 4 6 7 8 9

1: 3 11 12
2: 4 11 12
3: 1 4 11
4: 2 3 11
5: 6 10 12
6: 5 9 11
7: 8 9 10
8: 7 9 10
9: 6 7 8 12
10: 5 7 8 12
11: 1 2 3 4 6
12: 1 2 5 9 10

1: 3 9 12
2: 4 9 12
3: 1 7 12
4: 2 8 12
5: 6 10 11
6: 5 10 11
7: 3 8 11 12
8: 4 7 10 12
9: 1 2 10 11
10: 5 6 8 9
11: 5 6 7 9
12: 1 2 3 4 7 8

1: 3 8 12
2: 3 10 12
3: 1 2 12
4: 5 11 12
5: 4 11 12
6: 7 9 10
7: 6 9 10
8: 1 9 11 12
9: 6 7 8 11
10: 2 6 7 11
11: 4 5 8 9 10
12: 1 2 3 4 5 8

1: 2 11 12
2: 1 11 12
3: 4 6 12
4: 3 5 12
5: 4 10 12
6: 3 9 11
7: 8 9 10
8: 7 9 10
9: 6 7 8 11
10: 5 7 8 11 12
11: 1 2 6 9 10
12: 1 2 3 4 5 10

1: 3 4 11
2: 5 6 11
3: 1 4 9
4: 1 3 9
5: 2 6 10
6: 2 5 10
7: 8 12 13
8: 7 12 13
9: 3 4 10 13
10: 5 6 9 12
11: 1 2 12 13
12: 7 8 10 11
13: 7 8 9 11

1: 2 9 13
2: 1 9 13
3: 5 6 13
4: 9 11 12
5: 3 6 12
6: 3 5 12
7: 8 10 11
8: 7 10 11
9: 1 2 4
10: 7 8 12 13
11: 4 7 8 13
12: 4 5 6 10
13: 1 2 3 10 11

1: 2 10 13
2: 1 10 13
3: 4 9 13
4: 3 9 13
5: 6 11 12
6: 5 11 12
7: 8 9 11
8: 7 10 12
9: 3 4 7
10: 1 2 8
11: 5 6 7 13
12: 5 6 8 13
13: 1 2 3 4 11 12

1: 2 3 4
2: 1 3 11
3: 1 2 11
4: 1 9 10
5: 6 9 12
6: 5 9 12
7: 8 10 13
8: 7 10 13
9: 4 5 6 13
10: 4 7 8 12
11: 2 3 12 13
12: 5 6 10 11
13: 7 8 9 11

1: 2 3 9
2: 1 4 9
3: 1 7 9
4: 2 8 9
5: 6 7 8
6: 5 7 8
7: 3 5 6 9
8: 4 5 6 9
9: 1 2 3 4 7 8

1: 2 3 4
2: 1 5 8
3: 1 7 10
4: 1 6 9
5: 2 8 10
6: 4 8 9
7: 3 9 10
8: 2 5 6 9 10
9: 4 6 7 8 10
10: 3 5 7 8 9

1: 2 3 8
2: 1 4 9
3: 1 5 8
4: 2 6 9
5: 3 8 10
6: 4 9 10
7: 8 9 10
8: 1 3 5 7 10
9: 2 4 6 7 10
10: 5 6 7 8 9

1: 9 10 11
2: 6 7 9
3: 8 9 10
4: 5 8 11
5: 4 10 11
6: 2 7 11
7: 2 6 8
8: 3 4 7
9: 1 2 3 10
10: 1 3 5 9 11
11: 1 4 5 6 10

1: 2 7 9
2: 1 6 9
3: 4 9 11
4: 3 9 11
5: 6 8 10
6: 2 5 10
7: 1 10 11
8: 5 10 11
9: 1 2 3 4
10: 5 6 7 8 11
11: 3 4 7 8 10

1: 8 10 11
2: 9 10 11
3: 4 5 10
4: 3 6 8
5: 3 7 9
6: 4 7 8
7: 5 6 9
8: 1 4 6 11
9: 2 5 7 11
10: 1 2 3 11
11: 1 2 8 9 10

1: 5 6 9
2: 7 9 10
3: 4 9 11
4: 3 9 11
5: 1 8 11
6: 1 7 10
7: 2 6 10
8: 5 10 11
9: 1 2 3 4
10: 2 6 7 8 11
11: 3 4 5 8 10

1: 2 3 11
2: 1 9 11
3: 1 8 11
4: 6 10 11
5: 7 10 11
6: 4 8 10
7: 5 9 10
8: 3 6 9
9: 2 7 8
10: 4 5 6 7 11
11: 1 2 3 4 5 10

1: 3 5 9
2: 4 6 9
3: 1 9 11
4: 2 9 10
5: 1 7 10
6: 2 8 11
7: 5 10 11
8: 6 10 11
9: 1 2 3 4
10: 4 5 7 8 11
11: 3 6 7 8 10

1: 2 5 9
2: 1 5 9
3: 7 9 10
4: 8 9 11
5: 1 2 6
6: 5 10 11
7: 3 10 11
8: 4 10 11
9: 1 2 3 4
10: 3 6 7 8 11
11: 4 6 7 8 10

1: 2 4 9
2: 1 4 9
3: 4 5 6
4: 1 2 3
5: 3 7 10
6: 3 8 11
7: 5 10 11
8: 6 10 11
9: 1 2 10 11
10: 5 7 8 9 11
11: 6 7 8 9 10

1: 2 10 11
2: 1 8 11
3: 4 7 11
4: 3 7 11
5: 6 10 11
6: 5 9 10
7: 3 4 8
8: 2 7 9
9: 6 8 10
10: 1 5 6 9 11
11: 1 2 3 4 5 10

1: 2 5 9
2: 1 5 9
3: 8 9 11
4: 6 9 10
5: 1 2 11
6: 4 7 10
7: 6 10 11
8: 3 10 11
9: 1 2 3 4
10: 4 6 7 8 11
11: 3 5 7 8 10

1: 2 10 11
2: 1 10 11
3: 4 5 11
4: 3 6 11
5: 3 7 11
6: 4 8 11
7: 5 9 10
8: 6 9 10
9: 7 8 10
10: 1 2 7 8 9
11: 1 2 3 4 5 6

1: 2 11 12
2: 1 5 12
3: 4 10 12
4: 3 10 12
5: 2 6 12
6: 5 9 10
7: 8 9 11
8: 7 9 11
9: 6 7 8
10: 3 4 6 11
11: 1 7 8 10
12: 1 2 3 4 5

1: 2 10 12
2: 1 10 12
3: 4 11 12
4: 3 11 12
5: 6 7 12
6: 5 8 10
7: 5 9 11
8: 6 9 10
9: 7 8 11
10: 1 2 6 8
11: 3 4 7 9
12: 1 2 3 4 5

1: 2 11 12
2: 1 11 12
3: 5 10 12
4: 6 10 12
5: 3 8 11
6: 4 9 11
7: 8 9 10
8: 5 7 9
9: 6 7 8
10: 3 4 7 12
11: 1 2 5 6
12: 1 2 3 4 10

1: 2 8 9
2: 1 7 9
3: 4 10 12
4: 3 9 10
5: 6 9 11
6: 5 10 11
7: 2 9 12
8: 1 11 12
9: 1 2 4 5 7
10: 3 4 6 11 12
11: 5 6 8 10 12
12: 3 7 8 10 11

1: 5 8 10
2: 6 7 9
3: 4 10 12
4: 3 11 12
5: 1 10 12
6: 2 9 10
7: 2 9 11
8: 1 9 11
9: 2 6 7 8 11
10: 1 3 5 6 12
11: 4 7 8 9 12
12: 3 4 5 10 11

1: 2 3 5
2: 1 4 6
3: 1 7 11
4: 2 10 12
5: 1 9 12
6: 2 8 11
7: 3 11 12
8: 6 11 12
9: 5 11 12
10: 4 11 12
11: 3 6 7 8 9 10 12
12: 4 5 7 8 9 10 11

1: 2 3 12
2: 1 11 12
3: 1 10 12
4: 5 8 12
5: 4 8 12
6: 7 9 12
7: 6 9 12
8: 4 5 10
9: 6 7 11
10: 3 8 11
11: 2 9 10
12: 1 2 3 4 5 6 7

1: 2 11 12
2: 1 5 12
3: 4 10 12
4: 3 10 12
5: 2 9 12
6: 7 8 12
7: 6 8 11
8: 6 7 11
9: 5 10 11
10: 3 4 9
11: 1 7 8 9
12: 1 2 3 4 5 6

1: 2 3 12
2: 1 11 12
3: 1 10 12
4: 6 7 12
5: 8 9 12
6: 4 7 10
7: 4 6 10
8: 5 9 11
9: 5 8 11
10: 3 6 7 11
11: 2 8 9 10
12: 1 2 3 4 5

1: 2 9 10
2: 1 9 11
3: 4 10 12
4: 3 9 12
5: 7 10 12
6: 8 11 12
7: 5 10 11
8: 6 9 11
9: 1 2 4 8 11
10: 1 3 5 7 12
11: 2 6 7 8 9
12: 3 4 5 6 10

1: 2 12 13
2: 1 6 13
3: 10 11 13
4: 5 8 13
5: 4 8 13
6: 2 7 13
7: 6 11 12
8: 4 5 12
9: 10 11 12
10: 3 9 11
11: 3 7 9 10 12
12: 1 7 8 9 11
13: 1 2 3 4 5 6

1: 9 12 13
2: 10 11 13
3: 4 7 13
4: 3 7 13
5: 8 11 13
6: 10 11 12
7: 3 4 12
8: 5 9 12
9: 1 8 12
10: 2 6 11
11: 2 5 6 10 13
12: 1 6 7 8 9
13: 1 2 3 4 5 11

1: 2 5 9
2: 1 6 10
3: 4 7 8
4: 3 7 8
5: 1 7 9
6: 2 7 10
7: 3 4 5 6
8: 3 4 9 10
9: 1 5 8 10
10: 2 6 8 9

1: 5 7 8
2: 6 7 8
3: 4 9 10
4: 3 9 10
5: 1 6 8 9
6: 2 5 8 10
7: 1 2 9 10
8: 1 2 5 6
9: 3 4 5 7
10: 3 4 6 7

1: 2 7
2: 1 9
3: 4 7
4: 3 8
5: 6 9
6: 5 8
7: 1 3 8 9
8: 4 6 7 9
9: 2 5 7 8

1: 8
2: 9
3: 10
4: 15
5: 14
6: 14
7: 13
8: 1 9
9: 2 8 10
10: 3 9 11
11: 10 12 13
12: 11 13 15
13: 7 11 12
14: 5 6 15
15: 4 12 14

1: 6
2: 7
3: 8
4: 13
5: 13
6: 1 7
7: 2 6 8
8: 3 7 9
9: 8 10 11
10: 9 11 12
11: 9 10 12
12: 10 11 13
13: 4 5 12

1: 2 5
2: 1 6
3: 4 5 6
4: 3 5 6
5: 1 3 4
6: 2 3 4

1: 3 5
2: 4 6
3: 1 5 6
4: 2 5 6
5: 1 3 4 6
6: 2 3 4 5

1: 2
2: 1 5 6
3: 4 5 6
4: 3 5 6
5: 2 3 4 6
6: 2 3 4 5

1: 3 6
2: 4 7
3: 1 5 6
4: 2 5 7
5: 3 4 6 7
6: 1 3 5 7
7: 2 4 5 6

1: 5 6
2: 3 4 7
3: 2 5 7
4: 2 6 7
5: 1 3 6 7
6: 1 4 5 7
7: 2 3 4 5 6

1: 2 5 7
2: 1 6 7
3: 4 6 8
4: 3 5 8
5: 1 4 7 8
6: 2 3 7 8
7: 1 2 5 6 8
8: 3 4 5 6 7

1: 2
2: 1 3 4
3: 2 4 7
4: 2 3 8
5: 6 7 8
6: 5 7 8
7: 3 5 6
8: 4 5 6

1: 5
2: 5 6 7
3: 4 6 7
4: 3 6 7
5: 1 2 7
6: 2 3 4
7: 2 3 4 5

1: 6 7
2: 3 7
3: 2 7
4: 5 6 7
5: 4 6 7
6: 1 4 5 7
7: 1 2 3 4 5 6

1: 8
2: 6 8
3: 7 8
4: 5 6 8
5: 4 7 8
6: 2 4 7 8
7: 3 5 6 8
8: 1 2 3 4 5 6 7

1: 5 6
2: 5 6
3: 4 6
4: 3 6
5: 1 2 6
6: 1 2 3 4 5

1: 4 5
2: 6 8
3: 7 9
4: 1 5 8
5: 1 4 9
6: 2 7 8
7: 3 6 9
8: 2 4 6
9: 3 5 7

1: 5
2: 6
3: 7 8
4: 7 8
5: 1 7
6: 2 8
7: 3 4 5 8
8: 3 4 6 7

1: 10
2: 9
3: 4 18
4: 3 18
5: 6 17
6: 5 17
7: 13 15
8: 14 16
9: 2 16
10: 1 15
11: 13 15 17 18
12: 14 16 17 18
13: 7 11 15 17
14: 8 12 16 18
15: 7 10 11 13
16: 8 9 12 14
17: 5 6 11 12 13 18
18: 3 4 11 12 14 17

1: 6
2: 3 6
3: 2 6
4: 5 6
5: 4 6
6: 1 2 3 4 5

1: 4 6
2: 5 6
3: 5 6
4: 1 5 6
5: 2 3 4 6
6: 1 2 3 4 5

1: 6
2: 3 4 6
3: 2 5 6
4: 2 5 6
5: 3 4 6
6: 1 2 3 4 5

1: 4 6
2: 5 6
3: 4 5 6
4: 1 3 6
5: 2 3 6
6: 1 2 3 4 5

1: 5 6
2: 4 5 6
3: 4 5 6
4: 2 3 6
5: 1 2 3 6
6: 1 2 3 4 5

1: 2 6 7
2: 1 6 7
3: 4 5 7
4: 3 5 6 7
5: 3 4 6 7
6: 1 2 4 5 7
7: 1 2 3 4 5 6

1: 3 4 7
2: 5 6 7
3: 1 4 5 7
4: 1 3 6 7
5: 2 3 6 7
6: 2 4 5 7
7: 1 2 3 4 5 6

1: 3 5 7
2: 4 6 7
3: 1 5 6 7
4: 2 5 6 7
5: 1 3 4 6 7
6: 2 3 4 5 7
7: 1 2 3 4 5 6

1: 7
2: 7
3: 4 7
4: 3 7
5: 6 7
6: 5 7
7: 1 2 3 4 5 6

1: 7
2: 6 7
3: 6 7
4: 5 7
5: 4 7
6: 2 3 7
7: 1 2 3 4 5 6

1: 7
2: 5 7
3: 6 7
4: 6 7
5: 2 6 7
6: 3 4 5 7
7: 1 2 3 4 5 6

1: 6 7
2: 6 7
3: 6 7
4: 5 7
5: 4 7
6: 1 2 3 7
7: 1 2 3 4 5 6

1: 5 7
2: 6 7
3: 6 7
4: 6 7
5: 1 6 7
6: 2 3 4 5 7
7: 1 2 3 4 5 6

1: 7
2: 7
3: 4 5 7
4: 3 6 7
5: 3 6 7
6: 4 5 7
7: 1 2 3 4 5 6

1: 7
2: 5 7
3: 6 7
4: 5 6 7
5: 2 4 7
6: 3 4 7
7: 1 2 3 4 5 6

1: 5 7
2: 6 7
3: 6 7
4: 5 7
5: 1 4 7
6: 2 3 7
7: 1 2 3 4 5 6

1: 7
2: 6 7
3: 5 6 7
4: 5 6 7
5: 3 4 7
6: 2 3 4 7
7: 1 2 3 4 5 6

1: 6 7
2: 6 7
3: 4 7
4: 3 5 7
5: 4 6 7
6: 1 2 5 7
7: 1 2 3 4 5 6

1: 5 7
2: 6 7
3: 6 7
4: 5 7
5: 1 4 6 7
6: 2 3 5 7
7: 1 2 3 4 5 6

1: 6 7
2: 6 7
3: 5 6 7
4: 5 6 7
5: 3 4 7
6: 1 2 3 4 7
7: 1 2 3 4 5 6

1: 7
2: 5 6 7
3: 5 6 7
4: 5 6 7
5: 2 3 4 7
6: 2 3 4 7
7: 1 2 3 4 5 6

1: 5 7
2: 6 7
3: 5 6 7
4: 5 6 7
5: 1 3 4 7
6: 2 3 4 7
7: 1 2 3 4 5 6

1: 6 7
2: 5 6 7
3: 5 6 7
4: 5 6 7
5: 2 3 4 7
6: 1 2 3 4 7
7: 1 2 3 4 5 6

1: 5 6 7
2: 5 6 7
3: 5 6 7
4: 5 6 7
5: 1 2 3 4 7
6: 1 2 3 4 7
7: 1 2 3 4 5 6

1: 2 7
2: 1 7
3: 4 7
4: 3 7
5: 6 7
6: 5 7
7: 1 2 3 4 5 6

1: 2 7
2: 1 7
3: 5 7
4: 6 7
5: 3 6 7
6: 4 5 7
7: 1 2 3 4 5 6

1: 6 7
2: 4 7
3: 5 7
4: 2 6 7
5: 3 6 7
6: 1 4 5 7
7: 1 2 3 4 5 6

1: 5 7
2: 6 7
3: 4 5 7
4: 3 6 7
5: 1 3 7
6: 2 4 7
7: 1 2 3 4 5 6

1: 5 7
2: 6 7
3: 4 5 7
4: 3 6 7
5: 1 3 6 7
6: 2 4 5 7
7: 1 2 3 4 5 6

1: 2 7
2: 1 7
3: 4 5 7
4: 3 6 7
5: 3 6 7
6: 4 5 7
7: 1 2 3 4 5 6

1: 2 7
2: 1 6 7
3: 5 6 7
4: 5 6 7
5: 3 4 7
6: 2 3 4 7
7: 1 2 3 4 5 6

1: 4 7
2: 5 6 7
3: 5 6 7
4: 1 5 6 7
5: 2 3 4 7
6: 2 3 4 7
7: 1 2 3 4 5 6

1: 2 3 7
2: 1 5 7
3: 1 6 7
4: 5 6 7
5: 2 4 7
6: 3 4 7
7: 1 2 3 4 5 6

1: 2 5 7
2: 1 6 7
3: 4 6 7
4: 3 5 7
5: 1 4 6 7
6: 2 3 5 7
7: 1 2 3 4 5 6

1: 8
2: 5 6 8
3: 5 7 8
4: 6 7 8
5: 2 3 6 7 8
6: 2 4 5 7 8
7: 3 4 5 6 8
8: 1 2 3 4 5 6 7

1: 7 8
2: 5 7 8
3: 6 7 8
4: 5 6 8
5: 2 4 6 7 8
6: 3 4 5 7 8
7: 1 2 3 5 6 8
8: 1 2 3 4 5 6 7

1: 5 6 8
2: 5 7 8
3: 6 7 8
4: 6 7 8
5: 1 2 6 7 8
6: 1 3 4 5 7 8
7: 2 3 4 5 6 8
8: 1 2 3 4 5 6 7

1: 8
2: 3 4 8
3: 2 4 8
4: 2 3 8
5: 6 7 8
6: 5 7 8
7: 5 6 8
8: 1 2 3 4 5 6 7

1: 8
2: 3 6 8
3: 2 6 8
4: 5 7 8
5: 4 7 8
6: 2 3 7 8
7: 4 5 6 8
8: 1 2 3 4 5 6 7

1: 7 8
2: 3 7 8
3: 2 7 8
4: 5 6 8
5: 4 6 8
6: 4 5 8
7: 1 2 3 8
8: 1 2 3 4 5 6 7

1: 7 8
2: 3 6 8
3: 2 6 8
4: 5 7 8
5: 4 7 8
6: 2 3 7 8
7: 1 4 5 6 8
8: 1 2 3 4 5 6 7

1: 8
2: 3 7 8
3: 2 7 8
4: 5 6 8
5: 4 6 7 8
6: 4 5 7 8
7: 2 3 5 6 8
8: 1 2 3 4 5 6 7

1: 7 8
2: 3 7 8
3: 2 7 8
4: 5 6 8
5: 4 6 7 8
6: 4 5 7 8
7: 1 2 3 5 6 8
8: 1 2 3 4 5 6 7

1: 8
2: 4 5 8
3: 6 7 8
4: 2 5 6 8
5: 2 4 7 8
6: 3 4 7 8
7: 3 5 6 8
8: 1 2 3 4 5 6 7

1: 7 8
2: 5 7 8
3: 4 6 8
4: 3 6 7 8
5: 2 6 7 8
6: 3 4 5 8
7: 1 2 4 5 8
8: 1 2 3 4 5 6 7

1: 8
2: 4 6 8
3: 5 7 8
4: 2 6 7 8
5: 3 6 7 8
6: 2 4 5 7 8
7: 3 4 5 6 8
8: 1 2 3 4 5 6 7

1: 7 8
2: 5 6 8
3: 4 7 8
4: 3 6 7 8
5: 2 6 7 8
6: 2 4 5 7 8
7: 1 3 4 5 6 8
8: 1 2 3 4 5 6 7

1: 5 8
2: 5 6 8
3: 4 7 8
4: 3 7 8
5: 1 2 6 8
6: 2 5 7 8
7: 3 4 6 8
8: 1 2 3 4 5 6 7

1: 2 6 8
2: 1 6 8
3: 4 7 8
4: 3 7 8
5: 6 7 8
6: 1 2 5 8
7: 3 4 5 8
8: 1 2 3 4 5 6 7

1: 2 7 8
2: 1 7 8
3: 6 7 8
4: 5 6 8
5: 4 6 7 8
6: 3 4 5 8
7: 1 2 3 5 8
8: 1 2 3 4 5 6 7

1: 4 8
2: 3 7 8
3: 2 7 8
4: 1 5 6 8
5: 4 6 7 8
6: 4 5 7 8
7: 2 3 5 6 8
8: 1 2 3 4 5 6 7

1: 6 8
2: 3 7 8
3: 2 7 8
4: 5 6 8
5: 4 6 7 8
6: 1 4 5 7 8
7: 2 3 5 6 8
8: 1 2 3 4 5 6 7

1: 2 6 8
2: 1 6 8
3: 4 7 8
4: 3 7 8
5: 6 7 8
6: 1 2 5 7 8
7: 3 4 5 6 8
8: 1 2 3 4 5 6 7

1: 5 6 8
2: 6 7 8
3: 4 7 8
4: 3 7 8
5: 1 6 7 8
6: 1 2 5 7 8
7: 2 3 4 5 6 8
8: 1 2 3 4 5 6 7

1: 6 7 8
2: 4 6 8
3: 5 7 8
4: 2 6 7 8
5: 3 6 7 8
6: 1 2 4 5 8
7: 1 3 4 5 8
8: 1 2 3 4 5 6 7

1: 6 7 8
2: 4 6 8
3: 5 7 8
4: 2 6 7 8
5: 3 6 7 8
6: 1 2 4 5 7 8
7: 1 3 4 5 6 8
8: 1 2 3 4 5 6 7

1: 3 8
2: 6 7 8
3: 1 4 5 8
4: 3 5 6 8
5: 3 4 7 8
6: 2 4 7 8
7: 2 5 6 8
8: 1 2 3 4 5 6 7

1: 4 6 8
2: 5 7 8
3: 4 5 7 8
4: 1 3 6 8
5: 2 3 7 8
6: 1 4 7 8
7: 2 3 5 6 8
8: 1 2 3 4 5 6 7

1: 5 6 8
2: 4 7 8
3: 4 6 7 8
4: 2 3 7 8
5: 1 6 7 8
6: 1 3 5 7 8
7: 2 3 4 5 6 8
8: 1 2 3 4 5 6 7

1: 4 6 8
2: 5 7 8
3: 6 7 8
4: 1 5 6 8
5: 2 4 7 8
6: 1 3 4 8
7: 2 3 5 8
8: 1 2 3 4 5 6 7

1: 6 7 8
2: 4 6 8
3: 5 7 8
4: 2 5 6 8
5: 3 4 7 8
6: 1 2 4 7 8
7: 1 3 5 6 8
8: 1 2 3 4 5 6 7

1: 3 8
2: 5 7 8
3: 1 4 6 8
4: 3 6 7 8
5: 2 6 7 8
6: 3 4 5 7 8
7: 2 4 5 6 8
8: 1 2 3 4 5 6 7

1: 4 7 8
2: 5 6 8
3: 4 6 8
4: 1 3 7 8
5: 2 6 7 8
6: 2 3 5 7 8
7: 1 4 5 6 8
8: 1 2 3 4 5 6 7

1: 4 8
2: 5 7 8
3: 6 7 8
4: 1 5 6 8
5: 2 4 6 7 8
6: 3 4 5 7 8
7: 2 3 5 6 8
8: 1 2 3 4 5 6 7

1: 5 8
2: 5 7 8
3: 4 6 8
4: 3 6 7 8
5: 1 2 6 7 8
6: 3 4 5 7 8
7: 2 4 5 6 8
8: 1 2 3 4 5 6 7

1: 4 7 8
2: 6 7 8
3: 5 6 8
4: 1 5 7 8
5: 3 4 6 7 8
6: 2 3 5 7 8
7: 1 2 4 5 6 8
8: 1 2 3 4 5 6 7

1: 5 6 8
2: 3 7 8
3: 2 7 8
4: 5 6 7 8
5: 1 4 6 8
6: 1 4 5 8
7: 2 3 4 8
8: 1 2 3 4 5 6 7

1: 2 6 8
2: 1 6 8
3: 4 7 8
4: 3 5 7 8
5: 4 6 7 8
6: 1 2 5 7 8
7: 3 4 5 6 8
8: 1 2 3 4 5 6 7

1: 2 5 8
2: 1 5 8
3: 6 7 8
4: 6 7 8
5: 1 2 6 7 8
6: 3 4 5 7 8
7: 3 4 5 6 8
8: 1 2 3 4 5 6 7

1: 6 7 8
2: 6 7 8
3: 4 5 8
4: 3 5 6 8
5: 3 4 7 8
6: 1 2 4 7 8
7: 1 2 5 6 8
8: 1 2 3 4 5 6 7

1: 4 5 8
2: 6 7 8
3: 6 7 8
4: 1 5 7 8
5: 1 4 6 7 8
6: 2 3 5 7 8
7: 2 3 4 5 6 8
8: 1 2 3 4 5 6 7

1: 2 3 8
2: 1 3 8
3: 1 2 8
4: 6 7 8
5: 6 7 8
6: 4 5 7 8
7: 4 5 6 8
8: 1 2 3 4 5 6 7

1: 5 7 8
2: 5 7 8
3: 4 6 8
4: 3 6 8
5: 1 2 7 8
6: 3 4 7 8
7: 1 2 5 6 8
8: 1 2 3 4 5 6 7

1: 4 8
2: 4 7 8
3: 5 6 8
4: 1 2 7 8
5: 3 6 7 8
6: 3 5 7 8
7: 2 4 5 6 8
8: 1 2 3 4 5 6 7

1: 4 7 8
2: 4 7 8
3: 5 6 8
4: 1 2 7 8
5: 3 6 7 8
6: 3 5 7 8
7: 1 2 4 5 6 8
8: 1 2 3 4 5 6 7

1: 3 4 8
2: 5 6 8
3: 1 4 7 8
4: 1 3 7 8
5: 2 6 7 8
6: 2 5 7 8
7: 3 4 5 6 8
8: 1 2 3 4 5 6 7

1: 3 6 8
2: 4 7 8
3: 1 5 6 8
4: 2 5 7 8
5: 3 4 6 7 8
6: 1 3 5 7 8
7: 2 4 5 6 8
8: 1 2 3 4 5 6 7

1: 22 23
2: 24 25
3: 26 27
4: 5 15 16
5: 4 7 16
6: 7 11 17
7: 5 6 17
8: 9 15 18
9: 8 10 19
10: 9 13 19
11: 6 12 20
12: 11 14 20
13: 10 14 21
14: 12 13 21
15: 4 8 18
16: 4 5 22
17: 6 7 23
18: 8 15 24
19: 9 10 25
20: 11 12 27
21: 13 14 26
22: 1 16 23
23: 1 17 22
24: 2 18 25
25: 2 19 24
26: 3 21 27
27: 3 20 26

1: 4
2: 4 6
3: 5 6
4: 1 2 5
5: 3 4 6
6: 2 3 5

1: 6 11
2: 7 11
3: 8 11
4: 10 11
5: 9 11
6: 1 7 8
7: 2 6 9
8: 3 6 10
9: 5 7 10
10: 4 8 9
11: 1 2 3 4 5

1: 2 3 4
2: 1 7 8
3: 1 4 9
4: 1 3 10
5: 6 7 9
6: 5 8 10
7: 2 5 9
8: 2 6 10
9: 3 5 7
10: 4 6 8

1: 5 7
2: 6 8
3: 5 7 8
4: 6 7 8
5: 1 3 7
6: 2 4 8
7: 1 3 4 5 8
8: 2 3 4 6 7

1: 10 15
2: 9 16
3: 6 13 17
4: 5 14 18
5: 4 11 18
6: 3 12 17
7: 10 13 15
8: 9 14 16
9: 2 8 16
10: 1 7 15
11: 5 13 15 17 18
12: 6 14 16 17 18
13: 3 7 11 15 17
14: 4 8 12 16 18
15: 1 7 10 11 13
16: 2 8 9 12 14
17: 3 6 11 12 13 18
18: 4 5 11 12 14 17

1: 2 5
2: 1 6
3: 4 8
4: 3 8
5: 1 9
6: 2 9
7: 8 9
8: 3 4 7
9: 5 6 7

1: 6 7
2: 3 8
3: 2 9
4: 5 11
5: 4 11
6: 1 11
7: 1 10
8: 2 10
9: 3 10
10: 7 8 9
11: 4 5 6

1: 10 11
2: 3 11
3: 2 11
4: 7 9 10
5: 8 9 10
6: 7 8 9
7: 4 6 8
8: 5 6 7
9: 4 5 6
10: 1 4 5
11: 1 2 3

1: 10 11
2: 9 11
3: 7 8
4: 5 6 11
5: 4 8 10
6: 4 9 10
7: 3 8 9
8: 3 5 7
9: 2 6 7
10: 1 5 6
11: 1 2 4

1: 10 11
2: 8 11
3: 9 11
4: 5 6 7
5: 4 6 10
6: 4 5 8
7: 4 8 9
8: 2 6 7
9: 3 7 10
10: 1 5 9
11: 1 2 3

1: 8 11
2: 9 11
3: 10 11
4: 5 6 8
5: 4 7 8
6: 4 9 10
7: 5 9 10
8: 1 4 5
9: 2 6 7
10: 3 6 7
11: 1 2 3

1: 10 11
2: 8 11
3: 9 11
4: 5 6 8
5: 4 7 9
6: 4 8 10
7: 5 9 10
8: 2 4 6
9: 3 5 7
10: 1 6 7
11: 1 2 3

1: 8 11
2: 9 11
3: 10 11
4: 5 6 7
5: 4 6 8
6: 4 5 8
7: 4 9 10
8: 1 5 6
9: 2 7 10
10: 3 7 9
11: 1 2 3

1: 4 9
2: 6 8 9
3: 7 8 9
4: 1 5 7 9
5: 4 7 8 9
6: 2 7 8 9
7: 3 4 5 6 8 9
8: 2 3 5 6 7 9
9: 1 2 3 4 5 6 7 8

1: 2 7
2: 1 8
3: 4 8
4: 3 7
5: 6 7 8
6: 5 7 8
7: 1 4 5 6
8: 2 3 5 6

1: 2 9
2: 1 8
3: 4 7 9
4: 3 7 9
5: 6 8 9
6: 5 8 9
7: 3 4 8
8: 2 5 6 7
9: 1 3 4 5 6

1: 6
2: 7
3: 4 5
4: 3 6
5: 3 7
6: 1 4 7
7: 2 5 6

1: 7
2: 5
3: 6 7
4: 5 6
5: 2 4 7
6: 3 4 7
7: 1 3 5 6

1: 2 7
2: 1 7
3: 5 7
4: 6 7
5: 3 6
6: 4 5
7: 1 2 3 4

1: 7 9
2: 6 7
3: 5 8
4: 5 7 9
5: 3 4 8
6: 2 8 9
7: 1 2 4
8: 3 5 6 9
9: 1 4 6 8

1: 5 8
2: 6 7
3: 4 5 7
4: 3 6 8
5: 1 3 6
6: 2 4 5
7: 2 3 8
8: 1 4 7

1: 2 3 4
2: 1 19 20
3: 1 21 22
4: 1 17 18
5: 7 8 13
6: 7 8 13
7: 5 6 16
8: 5 6 16
9: 10 11 14
10: 9 12 15
11: 9 12 15
12: 10 11 14
13: 5 6 17
14: 9 12 18
15: 10 11 18
16: 7 8 17
17: 4 13 16
18: 4 14 15
19: 2 21 22
20: 2 21 22
21: 3 19 20
22: 3 19 20

1: 2 3 4
2: 1 19 22
3: 1 20 21
4: 1 23 24
5: 7 8 17
6: 7 8 17
7: 5 6 18
8: 5 6 18
9: 11 12 19
10: 11 12 19
11: 9 10 22
12: 9 10 22
13: 14 15 20
14: 13 16 21
15: 13 16 21
16: 14 15 20
17: 5 6 23
18: 7 8 24
19: 2 9 10
20: 3 13 16
21: 3 14 15
22: 2 11 12
23: 4 17 24
24: 4 18 23

1: 2 3 4
2: 1 21 22
3: 1 23 24
4: 1 25 26
5: 7 8 9
6: 7 8 9
7: 5 6 10
8: 5 6 10
9: 5 6 11
10: 7 8 12
11: 9 12 20
12: 10 11 19
13: 14 15 17
14: 13 16 18
15: 13 16 18
16: 14 15 17
17: 13 16 21
18: 14 15 21
19: 12 20 22
20: 11 19 22
21: 2 17 18
22: 2 19 20
23: 3 25 26
24: 3 25 26
25: 4 23 24
26: 4 23 24

1: 2 3 4
2: 1 23 24
3: 1 4 26
4: 1 3 25
5: 17 18 25
6: 19 20 25
7: 9 10 15
8: 9 10 15
9: 7 8 16
10: 7 8 16
11: 12 13 17
12: 11 14 18
13: 11 14 18
14: 12 13 17
15: 7 8 19
16: 9 10 20
17: 5 11 14
18: 5 12 13
19: 6 15 20
20: 6 16 19
21: 23 24 26
22: 23 24 26
23: 2 21 22
24: 2 21 22
25: 4 5 6
26: 3 21 22

1: 2 3 4
2: 1 25 26
3: 1 25 26
4: 1 23 24
5: 11 12 13
6: 11 12 13
7: 8 9 14
8: 7 10 15
9: 7 10 15
10: 8 9 14
11: 5 6 16
12: 5 6 16
13: 5 6 17
14: 7 10 18
15: 8 9 18
16: 11 12 17
17: 13 16 26
18: 14 15 25
19: 20 21 23
20: 19 22 24
21: 19 22 24
22: 20 21 23
23: 4 19 22
24: 4 20 21
25: 2 3 18
26: 2 3 17

1: 2 3 4
2: 1 27 28
3: 1 27 28
4: 1 25 26
5: 7 8 9
6: 7 8 9
7: 5 6 10
8: 5 6 10
9: 5 6 11
10: 7 8 12
11: 9 12 14
12: 10 11 13
13: 12 14 22
14: 11 13 21
15: 16 17 19
16: 15 18 20
17: 15 18 20
18: 16 17 19
19: 15 18 23
20: 16 17 23
21: 14 22 24
22: 13 21 24
23: 19 20 26
24: 21 22 26
25: 4 27 28
26: 4 23 24
27: 2 3 25
28: 2 3 25

1: 2 3 4
2: 1 27 28
3: 1 27 28
4: 1 25 26
5: 7 8 9
6: 7 8 9
7: 5 6 10
8: 5 6 10
9: 5 6 11
10: 7 8 12
11: 9 12 20
12: 10 11 19
13: 14 15 17
14: 13 16 18
15: 13 16 18
16: 14 15 17
17: 13 16 21
18: 14 15 21
19: 12 20 22
20: 11 19 22
21: 17 18 24
22: 19 20 24
23: 26 27 28
24: 21 22 25
25: 4 24 26
26: 4 23 25
27: 2 3 23
28: 2 3 23

1: 2 3 4
2: 1 25 26
3: 1 4 27
4: 1 3 28
5: 7 8 27
6: 7 8 27
7: 5 6 28
8: 5 6 28
9: 15 16 17
10: 15 16 17
11: 13 14 18
12: 13 14 18
13: 11 12 19
14: 11 12 19
15: 9 10 20
16: 9 10 20
17: 9 10 21
18: 11 12 23
19: 13 14 24
20: 15 16 22
21: 17 22 25
22: 20 21 25
23: 18 24 26
24: 19 23 26
25: 2 21 22
26: 2 23 24
27: 3 5 6
28: 4 7 8

1: 2 3 4
2: 1 27 28
3: 1 26 28
4: 1 25 28
5: 7 8 17
6: 7 8 17
7: 5 6 18
8: 5 6 18
9: 11 12 19
10: 11 12 19
11: 9 10 22
12: 9 10 22
13: 14 15 20
14: 13 16 21
15: 13 16 21
16: 14 15 20
17: 5 6 23
18: 7 8 24
19: 9 10 25
20: 13 16 26
21: 14 15 26
22: 11 12 25
23: 17 24 27
24: 18 23 27
25: 4 19 22
26: 3 20 21
27: 2 23 24
28: 2 3 4

1: 2 3 4
2: 1 23 24
3: 1 25 26
4: 1 27 28
5: 11 12 13
6: 11 12 13
7: 8 9 14
8: 7 10 15
9: 7 10 15
10: 8 9 14
11: 5 6 16
12: 5 6 16
13: 5 6 17
14: 7 10 18
15: 8 9 18
16: 11 12 17
17: 13 16 20
18: 14 15 19
19: 18 22 23
20: 17 21 23
21: 20 22 24
22: 19 21 24
23: 2 19 20
24: 2 21 22
25: 3 27 28
26: 3 27 28
27: 4 25 26
28: 4 25 26

1: 2 3 4
2: 1 28 30
3: 1 29 30
4: 1 29 30
5: 6 7 28
6: 5 26 27
7: 5 26 27
8: 10 11 12
9: 10 11 12
10: 8 9 13
11: 8 9 13
12: 8 9 14
13: 10 11 15
14: 12 15 23
15: 13 14 22
16: 17 18 20
17: 16 19 21
18: 16 19 21
19: 17 18 20
20: 16 19 24
21: 17 18 24
22: 15 23 25
23: 14 22 25
24: 20 21 27
25: 22 23 26
26: 6 7 25
27: 6 7 24
28: 2 5 29
29: 3 4 28
30: 2 3 4

1: 2 3 4
2: 1 28 30
3: 1 29 30
4: 1 29 30
5: 6 7 28
6: 5 26 27
7: 5 26 27
8: 14 15 16
9: 14 15 16
10: 12 13 17
11: 12 13 17
12: 10 11 18
13: 10 11 18
14: 8 9 19
15: 8 9 19
16: 8 9 20
17: 10 11 22
18: 12 13 23
19: 14 15 21
20: 16 21 24
21: 19 20 24
22: 17 23 25
23: 18 22 25
24: 20 21 27
25: 22 23 26
26: 6 7 25
27: 6 7 24
28: 2 5 29
29: 3 4 28
30: 2 3 4

1: 2 3 4
2: 1 27 28
3: 1 4 30
4: 1 3 29
5: 21 22 29
6: 23 24 29
7: 13 14 15
8: 13 14 15
9: 10 11 16
10: 9 12 17
11: 9 12 17
12: 10 11 16
13: 7 8 18
14: 7 8 18
15: 7 8 19
16: 9 12 20
17: 10 11 20
18: 13 14 19
19: 15 18 22
20: 16 17 21
21: 5 20 24
22: 5 19 23
23: 6 22 24
24: 6 21 23
25: 27 28 30
26: 27 28 30
27: 2 25 26
28: 2 25 26
29: 4 5 6
30: 3 25 26

1: 2 3 4
2: 1 27 29
3: 1 28 30
4: 1 25 26
5: 11 12 13
6: 11 12 13
7: 8 9 14
8: 7 10 15
9: 7 10 15
10: 8 9 14
11: 5 6 16
12: 5 6 16
13: 5 6 17
14: 7 10 18
15: 8 9 18
16: 11 12 17
17: 13 16 24
18: 14 15 23
19: 20 21 25
20: 19 22 26
21: 19 22 26
22: 20 21 25
23: 18 29 30
24: 17 27 28
25: 4 19 22
26: 4 20 21
27: 2 24 29
28: 3 24 30
29: 2 23 27
30: 3 23 28

1: 2 3 4
2: 1 27 28
3: 1 29 30
4: 1 25 26
5: 11 12 13
6: 11 12 13
7: 8 9 14
8: 7 10 15
9: 7 10 15
10: 8 9 14
11: 5 6 16
12: 5 6 16
13: 5 6 17
14: 7 10 18
15: 8 9 18
16: 11 12 17
17: 13 16 20
18: 14 15 19
19: 18 21 22
20: 17 21 22
21: 19 20 23
22: 19 20 24
23: 21 25 26
24: 22 25 26
25: 4 23 24
26: 4 23 24
27: 2 29 30
28: 2 29 30
29: 3 27 28
30: 3 27 28

1: 2 3 4
2: 1 29 30
3: 1 29 30
4: 1 27 28
5: 11 12 13
6: 11 12 13
7: 9 10 14
8: 9 10 14
9: 7 8 15
10: 7 8 15
11: 5 6 16
12: 5 6 16
13: 5 6 17
14: 7 8 19
15: 9 10 20
16: 11 12 18
17: 13 18 21
18: 16 17 22
19: 14 20 24
20: 15 19 23
21: 17 22 25
22: 18 21 25
23: 20 24 26
24: 19 23 26
25: 21 22 28
26: 23 24 28
27: 4 29 30
28: 4 25 26
29: 2 3 27
30: 2 3 27

1: 2 3 4
2: 1 27 28
3: 1 4 30
4: 1 3 29
5: 7 8 9
6: 7 8 9
7: 5 6 10
8: 5 6 10
9: 5 6 11
10: 7 8 12
11: 9 12 14
12: 10 11 13
13: 12 14 30
14: 11 13 29
15: 17 18 23
16: 17 18 23
17: 15 16 26
18: 15 16 26
19: 20 21 24
20: 19 22 25
21: 19 22 25
22: 20 21 24
23: 15 16 27
24: 19 22 28
25: 20 21 28
26: 17 18 27
27: 2 23 26
28: 2 24 25
29: 4 14 30
30: 3 13 29

1: 2 3 4
2: 1 27 28
3: 1 29 30
4: 1 25 26
5: 7 8 9
6: 7 8 9
7: 5 6 10
8: 5 6 10
9: 5 6 11
10: 7 8 12
11: 9 12 20
12: 10 11 19
13: 15 16 17
14: 15 16 17
15: 13 14 18
16: 13 14 18
17: 13 14 29
18: 15 16 30
19: 12 20 28
20: 11 19 27
21: 22 23 25
22: 21 24 26
23: 21 24 26
24: 22 23 25
25: 4 21 24
26: 4 22 23
27: 2 20 28
28: 2 19 27
29: 3 17 30
30: 3 18 29

1: 2 3 4
2: 1 27 28
3: 1 4 30
4: 1 3 29
5: 7 8 29
6: 9 10 30
7: 5 9 10
8: 5 9 10
9: 6 7 8
10: 6 7 8
11: 17 18 19
12: 17 18 19
13: 15 16 20
14: 15 16 20
15: 13 14 21
16: 13 14 21
17: 11 12 22
18: 11 12 22
19: 11 12 23
20: 13 14 25
21: 15 16 26
22: 17 18 24
23: 19 24 27
24: 22 23 27
25: 20 26 28
26: 21 25 28
27: 2 23 24
28: 2 25 26
29: 4 5 30
30: 3 6 29

1: 2 3 4
2: 1 30 32
3: 1 31 32
4: 1 31 32
5: 28 29 30
6: 29 30 31
7: 8 28 29
8: 7 9 28
9: 8 10 11
10: 9 26 27
11: 9 26 27
12: 18 19 20
13: 18 19 20
14: 15 16 21
15: 14 17 22
16: 14 17 22
17: 15 16 21
18: 12 13 23
19: 12 13 23
20: 12 13 24
21: 14 17 25
22: 15 16 25
23: 18 19 24
24: 20 23 27
25: 21 22 26
26: 10 11 25
27: 10 11 24
28: 5 7 8
29: 5 6 7
30: 2 5 6
31: 3 4 6
32: 2 3 4

1: 2 3 4
2: 1 30 32
3: 1 31 32
4: 1 31 32
5: 6 7 30
6: 5 28 29
7: 5 28 29
8: 10 11 16
9: 10 11 16
10: 8 9 17
11: 8 9 17
12: 14 15 18
13: 14 15 18
14: 12 13 19
15: 12 13 19
16: 8 9 20
17: 10 11 21
18: 12 13 22
19: 14 15 23
20: 16 21 25
21: 17 20 24
22: 18 23 26
23: 19 22 26
24: 21 25 27
25: 20 24 27
26: 22 23 29
27: 24 25 28
28: 6 7 27
29: 6 7 26
30: 2 5 31
31: 3 4 30
32: 2 3 4

1: 2 3 4
2: 1 29 30
3: 1 27 31
4: 1 28 32
5: 7 8 19
6: 9 10 20
7: 5 9 10
8: 5 9 10
9: 6 7 8
10: 6 7 8
11: 12 13 21
12: 11 14 22
13: 11 14 22
14: 12 13 21
15: 16 17 23
16: 15 18 24
17: 15 18 24
18: 16 17 23
19: 5 20 26
20: 6 19 25
21: 11 14 28
22: 12 13 28
23: 15 18 27
24: 16 17 27
25: 20 26 29
26: 19 25 29
27: 3 23 24
28: 4 21 22
29: 2 25 26
30: 2 31 32
31: 3 30 32
32: 4 30 31

1: 2 3 4
2: 1 31 32
3: 1 31 32
4: 1 29 30
5: 11 12 13
6: 11 12 13
7: 9 10 14
8: 9 10 14
9: 7 8 15
10: 7 8 15
11: 5 6 16
12: 5 6 16
13: 5 6 17
14: 7 8 19
15: 9 10 20
16: 11 12 18
17: 13 18 21
18: 16 17 21
19: 14 20 22
20: 15 19 22
21: 17 18 24
22: 19 20 23
23: 22 25 26
24: 21 25 26
25: 23 24 28
26: 23 24 28
27: 30 31 32
28: 25 26 29
29: 4 28 30
30: 4 27 29
31: 2 3 27
32: 2 3 27

1: 2 3 4
2: 1 29 30
3: 1 4 32
4: 1 3 31
5: 23 24 31
6: 25 26 31
7: 9 10 15
8: 9 10 15
9: 7 8 16
10: 7 8 16
11: 12 13 17
12: 11 14 18
13: 11 14 18
14: 12 13 17
15: 7 8 19
16: 9 10 20
17: 11 14 21
18: 12 13 21
19: 15 20 22
20: 16 19 22
21: 17 18 24
22: 19 20 23
23: 5 22 26
24: 5 21 25
25: 6 24 26
26: 6 23 25
27: 29 30 32
28: 29 30 32
29: 2 27 28
30: 2 27 28
31: 4 5 6
32: 3 27 28

1: 2 3 4
2: 1 29 30
3: 1 4 32
4: 1 3 31
5: 23 25 31
6: 24 26 31
7: 13 14 15
8: 13 14 15
9: 10 11 16
10: 9 12 17
11: 9 12 17
12: 10 11 16
13: 7 8 18
14: 7 8 18
15: 7 8 19
16: 9 12 20
17: 10 11 20
18: 13 14 19
19: 15 18 22
20: 16 17 21
21: 20 25 26
22: 19 23 24
23: 5 22 25
24: 6 22 26
25: 5 21 23
26: 6 21 24
27: 29 30 32
28: 29 30 32
29: 2 27 28
30: 2 27 28
31: 4 5 6
32: 3 27 28

1: 2 3 4
2: 1 29 30
3: 1 4 32
4: 1 3 31
5: 24 26 31
6: 25 26 31
7: 8 9 26
8: 7 20 21
9: 7 22 23
10: 11 12 17
11: 10 13 14
12: 10 15 16
13: 11 15 16
14: 11 15 16
15: 12 13 14
16: 12 13 14
17: 10 18 19
18: 17 24 25
19: 17 24 25
20: 8 22 23
21: 8 22 23
22: 9 20 21
23: 9 20 21
24: 5 18 19
25: 6 18 19
26: 5 6 7
27: 29 30 32
28: 29 30 32
29: 2 27 28
30: 2 27 28
31: 4 5 6
32: 3 27 28

1: 2 3 4
2: 1 29 30
3: 1 4 32
4: 1 3 31
5: 25 26 31
6: 25 26 31
7: 13 14 15
8: 13 14 15
9: 10 11 16
10: 9 12 17
11: 9 12 17
12: 10 11 16
13: 7 8 18
14: 7 8 18
15: 7 8 19
16: 9 12 20
17: 10 11 20
18: 13 14 19
19: 15 18 22
20: 16 17 21
21: 20 23 24
22: 19 23 24
23: 21 22 25
24: 21 22 26
25: 5 6 23
26: 5 6 24
27: 29 30 32
28: 29 30 32
29: 2 27 28
30: 2 27 28
31: 4 5 6
32: 3 27 28

1: 2 3 4
2: 1 30 32
3: 1 29 31
4: 1 27 28
5: 15 16 19
6: 17 18 19
7: 8 9 14
8: 7 10 11
9: 7 12 13
10: 8 12 13
11: 8 12 13
12: 9 10 11
13: 9 10 11
14: 7 20 21
15: 5 17 18
16: 5 17 18
17: 6 15 16
18: 6 15 16
19: 5 6 31
20: 14 22 29
21: 14 22 29
22: 20 21 30
23: 24 25 27
24: 23 26 28
25: 23 26 28
26: 24 25 27
27: 4 23 26
28: 4 24 25
29: 3 20 21
30: 2 22 32
31: 3 19 32
32: 2 30 31

1: 2 3 4
2: 1 29 30
3: 1 4 31
4: 1 3 32
5: 7 8 31
6: 7 8 31
7: 5 6 32
8: 5 6 32
9: 15 16 17
10: 15 16 17
11: 13 14 18
12: 13 14 18
13: 11 12 19
14: 11 12 19
15: 9 10 20
16: 9 10 20
17: 9 10 21
18: 11 12 23
19: 13 14 24
20: 15 16 22
21: 17 22 25
22: 20 21 26
23: 18 24 28
24: 19 23 27
25: 21 26 29
26: 22 25 29
27: 24 28 30
28: 23 27 30
29: 2 25 26
30: 2 27 28
31: 3 5 6
32: 4 7 8

1: 2 3 4
2: 1 30 32
3: 1 31 32
4: 1 31 32
5: 6 7 30
6: 5 26 27
7: 5 28 29
8: 10 11 12
9: 10 11 12
10: 8 9 13
11: 8 9 13
12: 8 9 14
13: 10 11 15
14: 12 15 17
15: 13 14 16
16: 15 17 19
17: 14 16 18
18: 17 19 21
19: 16 18 20
20: 19 21 29
21: 18 20 28
22: 23 24 26
23: 22 25 27
24: 22 25 27
25: 23 24 26
26: 6 22 25
27: 6 23 24
28: 7 21 29
29: 7 20 28
30: 2 5 31
31: 3 4 30
32: 2 3 4

1: 2 3 4
2: 1 31 32
3: 1 29 32
4: 1 30 31
5: 23 24 31
6: 18 19 22
7: 20 21 22
8: 10 11 16
9: 10 11 16
10: 8 9 17
11: 8 9 17
12: 13 14 18
13: 12 15 19
14: 12 15 19
15: 13 14 18
16: 8 9 20
17: 10 11 21
18: 6 12 15
19: 6 13 14
20: 7 16 21
21: 7 17 20
22: 6 7 28
23: 5 25 26
24: 5 25 26
25: 23 24 30
26: 23 24 30
27: 28 29 32
28: 22 27 29
29: 3 27 28
30: 4 25 26
31: 2 4 5
32: 2 3 27

1: 2 3 4
2: 1 30 32
3: 1 31 32
4: 1 31 32
5: 6 29 30
6: 5 30 31
7: 25 26 29
8: 27 28 29
9: 11 12 13
10: 11 12 13
11: 9 10 14
12: 9 10 14
13: 9 10 15
14: 11 12 16
15: 13 16 24
16: 14 15 23
17: 19 20 21
18: 19 20 21
19: 17 18 22
20: 17 18 22
21: 17 18 25
22: 19 20 26
23: 16 24 28
24: 15 23 27
25: 7 21 26
26: 7 22 25
27: 8 24 28
28: 8 23 27
29: 5 7 8
30: 2 5 6
31: 3 4 6
32: 2 3 4

1: 2 3 4
2: 1 31 32
3: 1 31 32
4: 1 29 30
5: 6 26 28
6: 5 7 26
7: 6 8 9
8: 7 22 23
9: 7 24 25
10: 12 13 14
11: 12 13 14
12: 10 11 15
13: 10 11 15
14: 10 11 16
15: 12 13 17
16: 14 17 25
17: 15 16 24
18: 19 20 22
19: 18 21 23
20: 18 21 23
21: 19 20 22
22: 8 18 21
23: 8 19 20
24: 9 17 25
25: 9 16 24
26: 5 6 30
27: 29 31 32
28: 5 29 30
29: 4 27 28
30: 4 26 28
31: 2 3 27
32: 2 3 27

1: 2 3 4
2: 1 15 16
3: 1 15 16
4: 1 13 14
5: 6 9 12
6: 5 10 11
7: 9 12 16
8: 10 11 15
9: 5 7 13
10: 6 8 14
11: 6 8 14
12: 5 7 13
13: 4 9 12
14: 4 10 11
15: 2 3 8
16: 2 3 7

1: 2 3 4
2: 1 15 16
3: 1 15 16
4: 1 13 14
5: 6 7 8
6: 5 7 8
7: 5 6 10
8: 5 6 10
9: 12 15 16
10: 7 8 11
11: 10 13 14
12: 9 13 14
13: 4 11 12
14: 4 11 12
15: 2 3 9
16: 2 3 9

1: 2 3 4
2: 1 16 20
3: 1 17 20
4: 1 18 19
5: 6 7 20
6: 5 18 19
7: 5 18 19
8: 10 11 12
9: 10 11 12
10: 8 9 13
11: 8 9 13
12: 8 9 14
13: 10 11 15
14: 12 16 17
15: 13 16 17
16: 2 14 15
17: 3 14 15
18: 4 6 7
19: 4 6 7
20: 2 3 5

1: 2 3 4
2: 1 19 20
3: 1 19 20
4: 1 17 18
5: 6 7 19
6: 5 12 14
7: 5 13 14
8: 10 11 12
9: 10 11 12
10: 8 9 13
11: 8 9 13
12: 6 8 9
13: 7 10 11
14: 6 7 16
15: 17 18 20
16: 14 17 18
17: 4 15 16
18: 4 15 16
19: 2 3 5
20: 2 3 15

1: 2 3 4
2: 1 18 20
3: 1 19 20
4: 1 19 20
5: 14 17 18
6: 15 16 18
7: 8 10 11
8: 7 10 11
9: 12 13 14
10: 7 8 17
11: 7 8 17
12: 9 15 16
13: 9 15 16
14: 5 9 19
15: 6 12 13
16: 6 12 13
17: 5 10 11
18: 2 5 6
19: 3 4 14
20: 2 3 4

1: 2 3 4
2: 1 4 20
3: 1 4 19
4: 1 2 3
5: 7 8 9
6: 7 8 9
7: 5 6 10
8: 5 6 10
9: 5 6 11
10: 7 8 12
11: 9 13 14
12: 10 13 14
13: 11 12 15
14: 11 12 15
15: 13 14 19
16: 17 18 20
17: 16 18 20
18: 16 17 19
19: 3 15 18
20: 2 16 17

1: 2 3 4
2: 1 19 20
3: 1 19 20
4: 1 17 18
5: 7 8 9
6: 7 8 9
7: 5 6 10
8: 5 6 10
9: 5 6 11
10: 7 8 12
11: 9 12 14
12: 10 11 14
13: 16 19 20
14: 11 12 15
15: 14 17 18
16: 13 17 18
17: 4 15 16
18: 4 15 16
19: 2 3 13
20: 2 3 13

1: 2 3 4
2: 1 17 20
3: 1 18 20
4: 1 19 20
5: 13 14 15
6: 13 14 15
7: 9 10 11
8: 9 10 11
9: 7 8 12
10: 7 8 12
11: 7 8 13
12: 9 10 14
13: 5 6 11
14: 5 6 12
15: 5 6 17
16: 17 18 19
17: 2 15 16
18: 3 16 19
19: 4 16 18
20: 2 3 4

1: 2 3 4
2: 1 17 20
3: 1 18 20
4: 1 19 20
5: 6 8 10
6: 5 9 10
7: 8 9 11
8: 5 7 12
9: 6 7 12
10: 5 6 11
11: 7 10 17
12: 8 9 17
13: 15 16 18
14: 15 16 18
15: 13 14 19
16: 13 14 19
17: 2 11 12
18: 3 13 14
19: 4 15 16
20: 2 3 4

1: 2 3 4
2: 1 17 18
3: 1 4 20
4: 1 3 19
5: 6 7 20
6: 5 14 15
7: 5 14 15
8: 10 11 12
9: 10 11 12
10: 8 9 13
11: 8 9 13
12: 8 9 14
13: 10 11 15
14: 6 7 12
15: 6 7 13
16: 17 18 19
17: 2 16 18
18: 2 16 17
19: 4 16 20
20: 3 5 19

1: 2 3 4
2: 1 19 20
3: 1 19 20
4: 1 17 18
5: 6 7 8
6: 5 7 8
7: 5 6 9
8: 5 6 10
9: 7 10 11
10: 8 9 12
11: 9 12 14
12: 10 11 14
13: 16 19 20
14: 11 12 15
15: 14 17 18
16: 13 17 18
17: 4 15 16
18: 4 15 16
19: 2 3 13
20: 2 3 13

1: 2 3 4
2: 1 19 20
3: 1 18 20
4: 1 17 19
5: 6 7 20
6: 5 14 15
7: 5 14 15
8: 10 11 12
9: 10 11 12
10: 8 9 13
11: 8 9 13
12: 8 9 14
13: 10 11 15
14: 6 7 12
15: 6 7 13
16: 17 18 19
17: 4 16 18
18: 3 16 17
19: 2 4 16
20: 2 3 5

1: 2 3 4
2: 1 17 18
3: 1 4 19
4: 1 3 20
5: 6 7 16
6: 5 14 15
7: 5 14 15
8: 10 11 12
9: 10 11 12
10: 8 9 13
11: 8 9 13
12: 8 9 14
13: 10 11 15
14: 6 7 12
15: 6 7 13
16: 5 17 18
17: 2 16 19
18: 2 16 20
19: 3 17 20
20: 4 18 19

1: 2 3 4
2: 1 19 20
3: 1 19 20
4: 1 17 18
5: 6 7 9
6: 5 8 9
7: 5 8 10
8: 6 7 10
9: 5 6 11
10: 7 8 12
11: 9 12 14
12: 10 11 14
13: 16 19 20
14: 11 12 15
15: 14 17 18
16: 13 17 18
17: 4 15 16
18: 4 15 16
19: 2 3 13
20: 2 3 13

1: 2 3 4
2: 1 19 20
3: 1 19 20
4: 1 17 18
5: 6 7 8
6: 5 7 9
7: 5 6 10
8: 5 9 10
9: 6 8 11
10: 7 8 12
11: 9 12 14
12: 10 11 14
13: 16 19 20
14: 11 12 15
15: 14 17 18
16: 13 17 18
17: 4 15 16
18: 4 15 16
19: 2 3 13
20: 2 3 13

1: 2 3 4
2: 1 17 20
3: 1 18 20
4: 1 19 20
5: 6 9 10
6: 5 8 10
7: 8 9 12
8: 6 7 12
9: 5 7 11
10: 5 6 11
11: 9 10 17
12: 7 8 17
13: 15 16 18
14: 15 16 18
15: 13 14 19
16: 13 14 19
17: 2 11 12
18: 3 13 14
19: 4 15 16
20: 2 3 4

1: 2 3 4
2: 1 19 20
3: 1 17 19
4: 1 18 20
5: 6 7 16
6: 5 14 15
7: 5 14 15
8: 10 11 12
9: 10 11 12
10: 8 9 13
11: 8 9 13
12: 8 9 14
13: 10 11 15
14: 6 7 12
15: 6 7 13
16: 5 17 18
17: 3 16 19
18: 4 16 20
19: 2 3 17
20: 2 4 18

1: 2 3 4
2: 1 19 20
3: 1 19 20
4: 1 17 18
5: 6 7 8
6: 5 9 10
7: 5 8 11
8: 5 7 12
9: 6 10 12
10: 6 9 11
11: 7 10 14
12: 8 9 14
13: 16 19 20
14: 11 12 15
15: 14 17 18
16: 13 17 18
17: 4 15 16
18: 4 15 16
19: 2 3 13
20: 2 3 13

1: 2 3 4
2: 1 19 20
3: 1 17 20
4: 1 18 20
5: 6 7 8
6: 5 7 8
7: 5 6 9
8: 5 6 10
9: 7 11 12
10: 8 11 12
11: 9 10 19
12: 9 10 19
13: 15 16 17
14: 15 16 17
15: 13 14 18
16: 13 14 18
17: 3 13 14
18: 4 15 16
19: 2 11 12
20: 2 3 4

1: 2 3 4
2: 1 19 20
3: 1 19 20
4: 1 17 18
5: 6 7 10
6: 5 8 9
7: 5 8 11
8: 6 7 12
9: 6 10 12
10: 5 9 11
11: 7 10 14
12: 8 9 14
13: 16 19 20
14: 11 12 15
15: 14 17 18
16: 13 17 18
17: 4 15 16
18: 4 15 16
19: 2 3 13
20: 2 3 13

1: 2 3 4
2: 1 19 20
3: 1 19 20
4: 1 17 18
5: 6 7 16
6: 5 14 15
7: 5 14 15
8: 10 11 12
9: 10 11 12
10: 8 9 13
11: 8 9 13
12: 8 9 19
13: 10 11 20
14: 6 7 17
15: 6 7 18
16: 5 17 18
17: 4 14 16
18: 4 15 16
19: 2 3 12
20: 2 3 13

1: 2 3 4
2: 1 4 20
3: 1 4 20
4: 1 2 3
5: 6 7 20
6: 5 7 19
7: 5 6 19
8: 9 10 19
9: 8 17 18
10: 8 17 18
11: 13 14 15
12: 13 14 15
13: 11 12 16
14: 11 12 16
15: 11 12 17
16: 13 14 18
17: 9 10 15
18: 9 10 16
19: 6 7 8
20: 2 3 5

1: 2 3 4
2: 1 23 24
3: 1 23 24
4: 1 21 22
5: 6 7 20
6: 5 18 19
7: 5 18 19
8: 10 11 12
9: 10 11 12
10: 8 9 13
11: 8 9 13
12: 8 9 23
13: 10 11 24
14: 15 16 17
15: 14 16 17
16: 14 15 18
17: 14 15 19
18: 6 7 16
19: 6 7 17
20: 5 21 22
21: 4 20 22
22: 4 20 21
23: 2 3 12
24: 2 3 13

1: 2 3 4
2: 1 23 24
3: 1 23 24
4: 1 21 22
5: 6 7 20
6: 5 7 19
7: 5 6 19
8: 9 10 24
9: 8 17 18
10: 8 17 18
11: 13 14 15
12: 13 14 15
13: 11 12 16
14: 11 12 16
15: 11 12 17
16: 13 14 18
17: 9 10 15
18: 9 10 16
19: 6 7 23
20: 5 21 22
21: 4 20 22
22: 4 20 21
23: 2 3 19
24: 2 3 8

1: 2 3 4
2: 1 23 24
3: 1 21 24
4: 1 22 24
5: 6 7 10
6: 5 8 9
7: 5 8 11
8: 6 7 12
9: 6 10 12
10: 5 9 11
11: 7 10 14
12: 8 9 13
13: 12 14 16
14: 11 13 15
15: 14 16 23
16: 13 15 23
17: 19 20 21
18: 19 20 21
19: 17 18 22
20: 17 18 22
21: 3 17 18
22: 4 19 20
23: 2 15 16
24: 2 3 4

1: 2 3 4
2: 1 19 22
3: 1 20 21
4: 1 23 24
5: 7 8 17
6: 7 8 17
7: 5 6 18
8: 5 6 18
9: 15 16 19
10: 15 16 19
11: 13 14 22
12: 13 14 22
13: 11 12 20
14: 11 12 20
15: 9 10 21
16: 9 10 21
17: 5 6 23
18: 7 8 24
19: 2 9 10
20: 3 13 14
21: 3 15 16
22: 2 11 12
23: 4 17 24
24: 4 18 23

1: 2 3 4
2: 1 21 22
3: 1 4 23
4: 1 3 24
5: 6 7 20
6: 5 18 19
7: 5 18 19
8: 10 11 23
9: 10 11 23
10: 8 9 24
11: 8 9 24
12: 14 15 16
13: 14 15 16
14: 12 13 17
15: 12 13 17
16: 12 13 18
17: 14 15 19
18: 6 7 16
19: 6 7 17
20: 5 21 22
21: 2 20 22
22: 2 20 21
23: 3 8 9
24: 4 10 11

1: 2 3 4
2: 1 23 24
3: 1 21 24
4: 1 22 24
5: 6 7 10
6: 5 8 9
7: 5 11 12
8: 6 13 14
9: 6 13 14
10: 5 11 12
11: 7 10 15
12: 7 10 15
13: 8 9 16
14: 8 9 16
15: 11 12 23
16: 13 14 23
17: 19 20 21
18: 19 20 21
19: 17 18 22
20: 17 18 22
21: 3 17 18
22: 4 19 20
23: 2 15 16
24: 2 3 4

1: 2 3 4
2: 1 23 24
3: 1 23 24
4: 1 21 22
5: 18 19 20
6: 7 8 24
7: 6 15 16
8: 6 15 16
9: 11 12 13
10: 11 12 13
11: 9 10 14
12: 9 10 14
13: 9 10 15
14: 11 12 16
15: 7 8 13
16: 7 8 14
17: 18 19 23
18: 5 17 21
19: 5 17 22
20: 5 21 22
21: 4 18 20
22: 4 19 20
23: 2 3 17
24: 2 3 6

1: 2 3 4
2: 1 21 24
3: 1 22 24
4: 1 23 24
5: 7 8 10
6: 7 8 9
7: 5 6 11
8: 5 6 12
9: 6 11 12
10: 5 13 14
11: 7 9 15
12: 8 9 15
13: 10 14 16
14: 10 13 16
15: 11 12 21
16: 13 14 21
17: 19 20 22
18: 19 20 22
19: 17 18 23
20: 17 18 23
21: 2 15 16
22: 3 17 18
23: 4 19 20
24: 2 3 4

1: 2 3 4
2: 1 22 24
3: 1 23 24
4: 1 23 24
5: 20 21 22
6: 18 19 22
7: 8 9 10
8: 7 9 10
9: 7 8 11
10: 7 8 12
11: 9 13 14
12: 10 13 14
13: 11 12 21
14: 11 12 21
15: 16 17 20
16: 15 18 19
17: 15 18 19
18: 6 16 17
19: 6 16 17
20: 5 15 23
21: 5 13 14
22: 2 5 6
23: 3 4 20
24: 2 3 4

1: 2 3 4
2: 1 23 24
3: 1 21 24
4: 1 22 24
5: 12 13 14
6: 8 9 10
7: 8 9 10
8: 6 7 11
9: 6 7 11
10: 6 7 12
11: 8 9 13
12: 5 10 16
13: 5 11 15
14: 5 15 16
15: 13 14 23
16: 12 14 23
17: 19 20 21
18: 19 20 21
19: 17 18 22
20: 17 18 22
21: 3 17 18
22: 4 19 20
23: 2 15 16
24: 2 3 4

1: 2 3 4
2: 1 23 24
3: 1 21 24
4: 1 22 24
5: 6 9 10
6: 5 9 10
7: 8 11 12
8: 7 11 12
9: 5 6 13
10: 5 6 14
11: 7 8 14
12: 7 8 13
13: 9 12 16
14: 10 11 15
15: 14 16 23
16: 13 15 23
17: 19 20 21
18: 19 20 21
19: 17 18 22
20: 17 18 22
21: 3 17 18
22: 4 19 20
23: 2 15 16
24: 2 3 4

1: 2 3 4
2: 1 27 28
3: 1 26 28
4: 1 24 25
5: 24 25 28
6: 7 23 26
7: 6 10 11
8: 10 11 27
9: 10 11 27
10: 7 8 9
11: 7 8 9
12: 13 14 26
13: 12 21 22
14: 12 21 22
15: 17 18 19
16: 17 18 19
17: 15 16 20
18: 15 16 20
19: 15 16 21
20: 17 18 22
21: 13 14 19
22: 13 14 20
23: 6 24 25
24: 4 5 23
25: 4 5 23
26: 3 6 12
27: 2 8 9
28: 2 3 5

1: 2 3 4
2: 1 26 28
3: 1 27 28
4: 1 27 28
5: 24 25 26
6: 24 25 26
7: 8 9 23
8: 7 21 22
9: 7 21 22
10: 11 12 27
11: 10 15 16
12: 10 15 16
13: 14 17 18
14: 13 17 18
15: 11 12 19
16: 11 12 19
17: 13 14 20
18: 13 14 20
19: 15 16 22
20: 17 18 21
21: 8 9 20
22: 8 9 19
23: 7 24 25
24: 5 6 23
25: 5 6 23
26: 2 5 6
27: 3 4 10
28: 2 3 4

1: 2 3 4
2: 1 26 28
3: 1 27 28
4: 1 27 28
5: 24 25 26
6: 24 25 26
7: 19 20 23
8: 21 22 23
9: 10 11 12
10: 9 11 12
11: 9 10 13
12: 9 10 14
13: 11 15 16
14: 12 17 18
15: 13 19 20
16: 13 19 20
17: 14 21 22
18: 14 21 22
19: 7 15 16
20: 7 15 16
21: 8 17 18
22: 8 17 18
23: 7 8 24
24: 5 6 23
25: 5 6 27
26: 2 5 6
27: 3 4 25
28: 2 3 4

1: 2 3 4
2: 1 27 28
3: 1 27 28
4: 1 25 26
5: 16 27 28
6: 8 10 13
7: 9 10 13
8: 6 11 12
9: 7 11 12
10: 6 7 14
11: 8 9 15
12: 8 9 15
13: 6 7 14
14: 10 13 20
15: 11 12 19
16: 5 17 18
17: 16 21 22
18: 16 21 22
19: 15 23 24
20: 14 23 24
21: 17 18 25
22: 17 18 25
23: 19 20 26
24: 19 20 26
25: 4 21 22
26: 4 23 24
27: 2 3 5
28: 2 3 5

1: 2 3 4
2: 1 27 28
3: 1 27 28
4: 1 25 26
5: 6 27 28
6: 5 11 12
7: 9 10 13
8: 9 10 13
9: 7 8 14
10: 7 8 14
11: 6 15 16
12: 6 15 16
13: 7 8 17
14: 9 10 18
15: 11 12 19
16: 11 12 20
17: 13 21 22
18: 14 21 22
19: 15 23 24
20: 16 23 24
21: 17 18 25
22: 17 18 25
23: 19 20 26
24: 19 20 26
25: 4 21 22
26: 4 23 24
27: 2 3 5
28: 2 3 5

1: 2 3 4
2: 1 27 28
3: 1 27 28
4: 1 25 26
5: 6 22 24
6: 5 9 10
7: 19 20 23
8: 19 20 23
9: 6 17 18
10: 6 17 18
11: 13 14 15
12: 13 14 15
13: 11 12 16
14: 11 12 16
15: 11 12 19
16: 13 14 20
17: 9 10 18
18: 9 10 17
19: 7 8 15
20: 7 8 16
21: 22 27 28
22: 5 21 26
23: 7 8 25
24: 5 25 26
25: 4 23 24
26: 4 22 24
27: 2 3 21
28: 2 3 21

1: 2 3 4
2: 1 24 28
3: 1 25 28
4: 1 26 27
5: 24 25 28
6: 7 8 23
7: 6 20 22
8: 6 21 22
9: 20 21 22
10: 18 19 26
11: 18 19 26
12: 14 15 16
13: 14 15 16
14: 12 13 17
15: 12 13 17
16: 12 13 18
17: 14 15 19
18: 10 11 16
19: 10 11 17
20: 7 9 27
21: 8 9 27
22: 7 8 9
23: 6 24 25
24: 2 5 23
25: 3 5 23
26: 4 10 11
27: 4 20 21
28: 2 3 5

1: 2 3 4
2: 1 24 28
3: 1 25 28
4: 1 26 27
5: 6 7 28
6: 5 22 23
7: 5 22 23
8: 9 10 24
9: 8 26 27
10: 8 26 27
11: 19 20 25
12: 19 20 25
13: 15 16 17
14: 15 16 17
15: 13 14 18
16: 13 14 18
17: 13 14 19
18: 15 16 20
19: 11 12 17
20: 11 12 18
21: 22 23 24
22: 6 7 21
23: 6 7 21
24: 2 8 21
25: 3 11 12
26: 4 9 10
27: 4 9 10
28: 2 3 5

1: 2 3 4
2: 1 27 28
3: 1 27 28
4: 1 25 26
5: 6 7 10
6: 5 8 9
7: 5 8 9
8: 6 7 28
9: 6 7 20
10: 5 11 12
11: 10 15 16
12: 10 15 16
13: 14 17 18
14: 13 17 18
15: 11 12 23
16: 11 12 23
17: 13 14 24
18: 13 14 24
19: 21 22 27
20: 9 21 22
21: 19 20 26
22: 19 20 26
23: 15 16 25
24: 17 18 25
25: 4 23 24
26: 4 21 22
27: 2 3 19
28: 2 3 8

1: 2 3 4
2: 1 23 28
3: 1 24 25
4: 1 26 27
5: 6 7 19
6: 5 12 14
7: 5 13 14
8: 10 11 12
9: 10 11 12
10: 8 9 13
11: 8 9 13
12: 6 8 9
13: 7 10 11
14: 6 7 16
15: 17 18 20
16: 14 17 18
17: 15 16 28
18: 15 16 28
19: 5 24 25
20: 15 24 25
21: 23 26 27
22: 23 26 27
23: 2 21 22
24: 3 19 20
25: 3 19 20
26: 4 21 22
27: 4 21 22
28: 2 17 18

1: 2 3 4
2: 1 27 28
3: 1 27 28
4: 1 25 26
5: 6 7 27
6: 5 20 21
7: 5 20 21
8: 10 11 22
9: 12 13 22
10: 8 12 13
11: 8 12 13
12: 9 10 11
13: 9 10 11
14: 16 17 18
15: 16 17 18
16: 14 15 19
17: 14 15 19
18: 14 15 20
19: 16 17 21
20: 6 7 18
21: 6 7 19
22: 8 9 24
23: 25 26 28
24: 22 25 26
25: 4 23 24
26: 4 23 24
27: 2 3 5
28: 2 3 23

1: 2 3 4
2: 1 26 28
3: 1 27 28
4: 1 24 25
5: 24 25 28
6: 7 8 23
7: 6 19 20
8: 6 21 22
9: 11 12 26
10: 11 12 26
11: 9 10 27
12: 9 10 27
13: 14 15 18
14: 13 16 17
15: 13 19 20
16: 14 21 22
17: 14 21 22
18: 13 19 20
19: 7 15 18
20: 7 15 18
21: 8 16 17
22: 8 16 17
23: 6 24 25
24: 4 5 23
25: 4 5 23
26: 2 9 10
27: 3 11 12
28: 2 3 5

1: 2 3 4
2: 1 27 28
3: 1 27 28
4: 1 25 26
5: 6 7 11
6: 5 8 12
7: 5 8 12
8: 6 7 11
9: 10 13 14
10: 9 13 14
11: 5 8 15
12: 6 7 15
13: 9 10 16
14: 9 10 16
15: 11 12 28
16: 13 14 27
17: 19 20 21
18: 19 20 21
19: 17 18 22
20: 17 18 22
21: 17 18 23
22: 19 20 24
23: 21 25 26
24: 22 25 26
25: 4 23 24
26: 4 23 24
27: 2 3 16
28: 2 3 15

1: 2 3 4
2: 1 27 28
3: 1 27 28
4: 1 25 26
5: 6 7 10
6: 5 8 9
7: 5 11 12
8: 6 13 14
9: 6 13 14
10: 5 11 12
11: 7 10 15
12: 7 10 15
13: 8 9 16
14: 8 9 16
15: 11 12 28
16: 13 14 27
17: 19 20 21
18: 19 20 21
19: 17 18 22
20: 17 18 22
21: 17 18 23
22: 19 20 24
23: 21 25 26
24: 22 25 26
25: 4 23 24
26: 4 23 24
27: 2 3 16
28: 2 3 15

1: 2 3 4
2: 1 27 28
3: 1 27 28
4: 1 25 26
5: 6 7 27
6: 5 8 10
7: 5 8 10
8: 6 7 9
9: 8 16 28
10: 6 7 15
11: 12 13 19
12: 11 14 20
13: 11 14 20
14: 12 13 19
15: 10 17 18
16: 9 17 18
17: 15 16 21
18: 15 16 21
19: 11 14 22
20: 12 13 22
21: 17 18 24
22: 19 20 23
23: 22 25 26
24: 21 25 26
25: 4 23 24
26: 4 23 24
27: 2 3 5
28: 2 3 9

1: 2 3 4
2: 1 27 28
3: 1 27 28
4: 1 25 26
5: 6 7 16
6: 5 14 15
7: 5 14 15
8: 10 11 12
9: 10 11 12
10: 8 9 13
11: 8 9 13
12: 8 9 14
13: 10 11 15
14: 6 7 12
15: 6 7 13
16: 5 27 28
17: 19 20 21
18: 19 20 21
19: 17 18 22
20: 17 18 22
21: 17 18 23
22: 19 20 24
23: 21 25 26
24: 22 25 26
25: 4 23 24
26: 4 23 24
27: 2 3 16
28: 2 3 16

1: 2 3 4
2: 1 26 28
3: 1 27 28
4: 1 27 28
5: 24 25 26
6: 24 25 26
7: 8 22 23
8: 7 22 23
9: 10 11 22
10: 9 20 21
11: 9 20 21
12: 13 14 17
13: 12 15 16
14: 12 15 18
15: 13 14 19
16: 13 17 19
17: 12 16 18
18: 14 17 21
19: 15 16 20
20: 10 11 19
21: 10 11 18
22: 7 8 9
23: 7 8 24
24: 5 6 23
25: 5 6 27
26: 2 5 6
27: 3 4 25
28: 2 3 4

1: 2 3 4
2: 1 27 28
3: 1 27 28
4: 1 25 26
5: 6 7 24
6: 5 22 23
7: 5 21 23
8: 21 22 23
9: 11 12 13
10: 11 12 13
11: 9 10 14
12: 9 10 14
13: 9 10 27
14: 11 12 28
15: 17 18 19
16: 17 18 19
17: 15 16 20
18: 15 16 20
19: 15 16 21
20: 17 18 22
21: 7 8 19
22: 6 8 20
23: 6 7 8
24: 5 25 26
25: 4 24 26
26: 4 24 25
27: 2 3 13
28: 2 3 14

1: 2 3 4
2: 1 27 28
3: 1 27 28
4: 1 25 26
5: 7 8 9
6: 7 8 9
7: 5 6 10
8: 5 6 10
9: 5 6 11
10: 7 8 12
11: 9 15 16
12: 10 15 16
13: 14 17 18
14: 13 17 18
15: 11 12 23
16: 11 12 23
17: 13 14 24
18: 13 14 24
19: 20 21 22
20: 19 21 22
21: 19 20 26
22: 19 20 26
23: 15 16 25
24: 17 18 25
25: 4 23 24
26: 4 21 22
27: 2 3 28
28: 2 3 27

1: 2 3 4
2: 1 27 28
3: 1 27 28
4: 1 25 26
5: 6 22 24
6: 5 7 8
7: 6 20 23
8: 6 20 23
9: 10 11 20
10: 9 18 19
11: 9 18 19
12: 14 15 16
13: 14 15 16
14: 12 13 17
15: 12 13 17
16: 12 13 18
17: 14 15 19
18: 10 11 16
19: 10 11 17
20: 7 8 9
21: 22 27 28
22: 5 21 26
23: 7 8 25
24: 5 25 26
25: 4 23 24
26: 4 22 24
27: 2 3 21
28: 2 3 21

1: 2 3 4
2: 1 23 28
3: 1 24 25
4: 1 26 27
5: 11 12 15
6: 11 12 15
7: 9 10 18
8: 9 10 18
9: 7 8 16
10: 7 8 16
11: 5 6 17
12: 5 6 17
13: 14 19 20
14: 13 19 20
15: 5 6 26
16: 9 10 27
17: 11 12 27
18: 7 8 26
19: 13 14 28
20: 13 14 28
21: 23 24 25
22: 23 24 25
23: 2 21 22
24: 3 21 22
25: 3 21 22
26: 4 15 18
27: 4 16 17
28: 2 19 20

1: 2 3 4
2: 1 27 28
3: 1 25 28
4: 1 26 28
5: 7 8 9
6: 7 8 9
7: 5 6 10
8: 5 6 10
9: 5 6 13
10: 7 8 14
11: 15 16 19
12: 15 16 20
13: 9 17 18
14: 10 17 18
15: 11 12 23
16: 11 12 23
17: 13 14 24
18: 13 14 24
19: 11 21 22
20: 12 21 22
21: 19 20 25
22: 19 20 25
23: 15 16 27
24: 17 18 26
25: 3 21 22
26: 4 24 27
27: 2 23 26
28: 2 3 4

1: 2 3 4
2: 1 27 28
3: 1 27 28
4: 1 25 26
5: 22 23 24
6: 8 9 10
7: 8 9 10
8: 6 7 11
9: 6 7 11
10: 6 7 27
11: 8 9 28
12: 14 16 19
13: 15 16 19
14: 12 17 18
15: 13 17 18
16: 12 13 20
17: 14 15 21
18: 14 15 21
19: 12 13 20
20: 16 19 23
21: 17 18 22
22: 5 21 26
23: 5 20 25
24: 5 25 26
25: 4 23 24
26: 4 22 24
27: 2 3 10
28: 2 3 11

1: 2 3 4
2: 1 27 28
3: 1 27 28
4: 1 25 26
5: 10 11 24
6: 10 11 24
7: 8 9 27
8: 7 20 21
9: 7 20 21
10: 5 6 12
11: 5 6 13
12: 10 22 23
13: 11 22 23
14: 16 17 18
15: 16 17 18
16: 14 15 19
17: 14 15 19
18: 14 15 20
19: 16 17 21
20: 8 9 18
21: 8 9 19
22: 12 13 26
23: 12 13 26
24: 5 6 25
25: 4 24 28
26: 4 22 23
27: 2 3 7
28: 2 3 25

1: 2 3 4
2: 1 25 28
3: 1 24 28
4: 1 26 27
5: 6 7 28
6: 5 22 23
7: 5 22 23
8: 14 15 16
9: 14 15 16
10: 12 13 19
11: 12 13 19
12: 10 11 17
13: 10 11 17
14: 8 9 18
15: 8 9 18
16: 8 9 24
17: 12 13 25
18: 14 15 25
19: 10 11 24
20: 22 26 27
21: 23 26 27
22: 6 7 20
23: 6 7 21
24: 3 16 19
25: 2 17 18
26: 4 20 21
27: 4 20 21
28: 2 3 5

1: 2 3 4
2: 1 27 28
3: 1 27 28
4: 1 25 26
5: 7 8 9
6: 7 8 9
7: 5 6 10
8: 5 6 10
9: 5 6 11
10: 7 8 12
11: 9 13 14
12: 10 13 14
13: 11 12 20
14: 11 12 20
15: 16 17 18
16: 15 17 18
17: 15 16 22
18: 15 16 22
19: 21 27 28
20: 13 14 21
21: 19 20 24
22: 17 18 23
23: 22 25 26
24: 21 25 26
25: 4 23 24
26: 4 23 24
27: 2 3 19
28: 2 3 19

1: 2 3 4
2: 1 27 28
3: 1 25 28
4: 1 26 28
5: 6 7 10
6: 5 8 9
7: 5 8 9
8: 6 7 14
9: 6 7 13
10: 5 11 12
11: 10 15 18
12: 10 16 17
13: 9 15 18
14: 8 16 17
15: 11 13 19
16: 12 14 20
17: 12 14 20
18: 11 13 19
19: 15 18 27
20: 16 17 27
21: 23 24 25
22: 23 24 25
23: 21 22 26
24: 21 22 26
25: 3 21 22
26: 4 23 24
27: 2 19 20
28: 2 3 4

1: 2 3 4
2: 1 25 26
3: 1 27 28
4: 1 23 24
5: 7 9 10
6: 8 9 10
7: 5 11 12
8: 6 11 12
9: 5 6 14
10: 5 6 14
11: 7 8 13
12: 7 8 13
13: 11 12 16
14: 9 10 15
15: 14 19 22
16: 13 20 21
17: 18 19 22
18: 17 20 21
19: 15 17 23
20: 16 18 24
21: 16 18 24
22: 15 17 23
23: 4 19 22
24: 4 20 21
25: 2 27 28
26: 2 27 28
27: 3 25 26
28: 3 25 26

1: 2 3 4
2: 1 27 28
3: 1 27 28
4: 1 25 26
5: 6 7 10
6: 5 8 9
7: 5 11 12
8: 6 13 14
9: 6 13 14
10: 5 11 12
11: 7 10 17
12: 7 10 17
13: 8 9 18
14: 8 9 18
15: 19 20 23
16: 23 27 28
17: 11 12 24
18: 13 14 24
19: 15 21 22
20: 15 21 22
21: 19 20 26
22: 19 20 26
23: 15 16 25
24: 17 18 25
25: 4 23 24
26: 4 21 22
27: 2 3 16
28: 2 3 16

1: 2 3 4
2: 1 27 28
3: 1 27 28
4: 1 25 26
5: 7 8 9
6: 7 8 9
7: 5 6 10
8: 5 6 10
9: 5 6 11
10: 7 8 12
11: 9 13 14
12: 10 13 14
13: 11 12 16
14: 11 12 16
15: 18 27 28
16: 13 14 17
17: 16 23 24
18: 15 21 22
19: 20 21 22
20: 19 23 24
21: 18 19 25
22: 18 19 25
23: 17 20 26
24: 17 20 26
25: 4 21 22
26: 4 23 24
27: 2 3 15
28: 2 3 15

1: 2 3 4
2: 1 27 28
3: 1 23 24
4: 1 25 26
5: 7 8 9
6: 7 8 9
7: 5 6 10
8: 5 6 10
9: 5 6 19
10: 7 8 20
11: 12 13 18
12: 11 14 15
13: 11 14 15
14: 12 13 17
15: 12 13 17
16: 21 22 28
17: 14 15 27
18: 11 27 28
19: 9 25 26
20: 10 25 26
21: 16 23 24
22: 16 23 24
23: 3 21 22
24: 3 21 22
25: 4 19 20
26: 4 19 20
27: 2 17 18
28: 2 16 18

1: 2 3 4
2: 1 27 28
3: 1 26 28
4: 1 25 28
5: 7 8 11
6: 9 10 11
7: 5 9 10
8: 5 9 10
9: 6 7 8
10: 6 7 8
11: 5 6 16
12: 13 14 15
13: 12 21 22
14: 12 21 22
15: 12 23 24
16: 11 19 20
17: 18 23 24
18: 17 19 20
19: 16 18 27
20: 16 18 27
21: 13 14 25
22: 13 14 25
23: 15 17 26
24: 15 17 26
25: 4 21 22
26: 3 23 24
27: 2 19 20
28: 2 3 4

1: 2 3 4
2: 1 23 26
3: 1 24 25
4: 1 27 28
5: 6 7 16
6: 5 12 13
7: 5 12 13
8: 10 11 14
9: 10 11 14
10: 8 9 15
11: 8 9 15
12: 6 7 13
13: 6 7 12
14: 8 9 19
15: 10 11 20
16: 5 17 18
17: 16 23 26
18: 16 24 25
19: 14 27 28
20: 15 27 28
21: 22 23 26
22: 21 24 25
23: 2 17 21
24: 3 18 22
25: 3 18 22
26: 2 17 21
27: 4 19 20
28: 4 19 20

1: 2 3 4
2: 1 27 28
3: 1 25 28
4: 1 26 28
5: 7 8 10
6: 7 8 10
7: 5 6 9
8: 5 6 9
9: 7 8 12
10: 5 6 11
11: 10 15 18
12: 9 16 17
13: 14 15 18
14: 13 16 17
15: 11 13 19
16: 12 14 20
17: 12 14 20
18: 11 13 19
19: 15 18 27
20: 16 17 27
21: 23 24 25
22: 23 24 25
23: 21 22 26
24: 21 22 26
25: 3 21 22
26: 4 23 24
27: 2 19 20
28: 2 3 4

1: 2 3 4
2: 1 27 28
3: 1 27 28
4: 1 25 26
5: 6 7 16
6: 5 14 15
7: 5 14 15
8: 9 10 13
9: 8 11 12
10: 8 11 12
11: 9 10 12
12: 9 10 11
13: 8 14 15
14: 6 7 13
15: 6 7 13
16: 5 27 28
17: 19 20 21
18: 19 20 21
19: 17 18 22
20: 17 18 22
21: 17 18 23
22: 19 20 24
23: 21 25 26
24: 22 25 26
25: 4 23 24
26: 4 23 24
27: 2 3 16
28: 2 3 16

1: 2 3 4
2: 1 27 28
3: 1 23 24
4: 1 25 26
5: 6 7 10
6: 5 8 9
7: 5 8 9
8: 6 7 9
9: 6 7 8
10: 5 11 12
11: 10 12 13
12: 10 11 14
13: 11 17 18
14: 12 17 18
15: 19 22 27
16: 20 21 27
17: 13 14 28
18: 13 14 28
19: 15 23 24
20: 16 25 26
21: 16 25 26
22: 15 23 24
23: 3 19 22
24: 3 19 22
25: 4 20 21
26: 4 20 21
27: 2 15 16
28: 2 17 18

1: 2 3 4
2: 1 27 28
3: 1 26 28
4: 1 25 28
5: 7 8 10
6: 7 8 10
7: 5 6 9
8: 5 6 9
9: 7 8 12
10: 5 6 11
11: 10 13 14
12: 9 15 16
13: 11 21 24
14: 11 22 23
15: 12 19 20
16: 12 19 20
17: 18 21 24
18: 17 22 23
19: 15 16 27
20: 15 16 27
21: 13 17 25
22: 14 18 26
23: 14 18 26
24: 13 17 25
25: 4 21 24
26: 3 22 23
27: 2 19 20
28: 2 3 4

1: 2 3 4
2: 1 27 28
3: 1 27 28
4: 1 25 26
5: 6 7 10
6: 5 8 9
7: 5 11 12
8: 6 13 14
9: 6 13 14
10: 5 11 12
11: 7 10 15
12: 7 10 16
13: 8 9 15
14: 8 9 16
15: 11 13 27
16: 12 14 28
17: 19 20 21
18: 19 20 21
19: 17 18 22
20: 17 18 22
21: 17 18 23
22: 19 20 24
23: 21 25 26
24: 22 25 26
25: 4 23 24
26: 4 23 24
27: 2 3 15
28: 2 3 16

1: 2 3 4
2: 1 27 28
3: 1 27 28
4: 1 25 26
5: 6 7 16
6: 5 12 13
7: 5 12 13
8: 10 11 14
9: 10 11 14
10: 8 9 15
11: 8 9 15
12: 6 7 13
13: 6 7 12
14: 8 9 19
15: 10 11 20
16: 5 17 18
17: 16 21 22
18: 16 21 22
19: 14 23 24
20: 15 23 24
21: 17 18 25
22: 17 18 25
23: 19 20 26
24: 19 20 26
25: 4 21 22
26: 4 23 24
27: 2 3 28
28: 2 3 27

1: 2 3 4
2: 1 23 26
3: 1 24 25
4: 1 27 28
5: 6 7 16
6: 5 14 15
7: 5 14 15
8: 10 11 12
9: 10 11 12
10: 8 9 13
11: 8 9 13
12: 8 9 14
13: 10 11 15
14: 6 7 12
15: 6 7 13
16: 5 17 18
17: 16 27 28
18: 16 27 28
19: 20 23 26
20: 19 23 26
21: 22 24 25
22: 21 24 25
23: 2 19 20
24: 3 21 22
25: 3 21 22
26: 2 19 20
27: 4 17 18
28: 4 17 18

1: 2 3 4
2: 1 23 26
3: 1 24 25
4: 1 27 28
5: 9 10 21
6: 11 12 22
7: 11 12 22
8: 9 10 21
9: 5 8 10
10: 5 8 9
11: 6 7 12
12: 6 7 11
13: 19 20 23
14: 19 20 23
15: 17 18 26
16: 17 18 26
17: 15 16 24
18: 15 16 24
19: 13 14 25
20: 13 14 25
21: 5 8 28
22: 6 7 27
23: 2 13 14
24: 3 17 18
25: 3 19 20
26: 2 15 16
27: 4 22 28
28: 4 21 27

1: 2 3 4
2: 1 25 28
3: 1 27 28
4: 1 26 28
5: 7 8 9
6: 7 8 9
7: 5 6 10
8: 5 6 10
9: 5 6 15
10: 7 8 16
11: 12 13 14
12: 11 13 14
13: 11 12 24
14: 11 12 24
15: 9 22 23
16: 10 22 23
17: 19 20 21
18: 19 20 21
19: 17 18 25
20: 17 18 26
21: 17 18 26
22: 15 16 27
23: 15 16 27
24: 13 14 25
25: 2 19 24
26: 4 20 21
27: 3 22 23
28: 2 3 4

1: 2 3 4
2: 1 27 28
3: 1 27 28
4: 1 25 26
5: 7 8 9
6: 7 8 9
7: 5 6 10
8: 5 6 10
9: 5 6 11
10: 7 8 12
11: 9 12 28
12: 10 11 27
13: 19 20 21
14: 19 20 21
15: 17 18 24
16: 17 18 24
17: 15 16 22
18: 15 16 22
19: 13 14 23
20: 13 14 23
21: 13 14 25
22: 17 18 26
23: 19 20 26
24: 15 16 25
25: 4 21 24
26: 4 22 23
27: 2 3 12
28: 2 3 11

1: 2 3 4
2: 1 4 28
3: 1 4 28
4: 1 2 3
5: 6 7 28
6: 5 26 27
7: 5 24 25
8: 10 11 12
9: 10 11 12
10: 8 9 13
11: 8 9 13
12: 8 9 16
13: 10 11 17
14: 18 19 22
15: 18 19 23
16: 12 20 21
17: 13 20 21
18: 14 15 26
19: 14 15 26
20: 16 17 27
21: 16 17 27
22: 14 24 25
23: 15 24 25
24: 7 22 23
25: 7 22 23
26: 6 18 19
27: 6 20 21
28: 2 3 5

1: 2 3 4
2: 1 23 26
3: 1 24 25
4: 1 27 28
5: 6 7 16
6: 5 14 15
7: 5 14 15
8: 10 11 12
9: 10 11 12
10: 8 9 13
11: 8 9 13
12: 8 9 14
13: 10 11 15
14: 6 7 12
15: 6 7 13
16: 5 17 18
17: 16 27 28
18: 16 27 28
19: 21 23 26
20: 22 23 26
21: 19 24 25
22: 20 24 25
23: 2 19 20
24: 3 21 22
25: 3 21 22
26: 2 19 20
27: 4 17 18
28: 4 17 18

1: 2 3 4
2: 1 27 28
3: 1 27 28
4: 1 25 26
5: 7 13 24
6: 7 13 24
7: 5 6 27
8: 9 10 13
9: 8 11 12
10: 8 11 12
11: 9 10 12
12: 9 10 11
13: 5 6 8
14: 16 17 18
15: 16 17 18
16: 14 15 19
17: 14 15 19
18: 14 15 20
19: 16 17 21
20: 18 22 23
21: 19 22 23
22: 20 21 26
23: 20 21 26
24: 5 6 25
25: 4 24 28
26: 4 22 23
27: 2 3 7
28: 2 3 25

1: 2 3 4
2: 1 27 28
3: 1 27 28
4: 1 25 26
5: 6 7 12
6: 5 8 9
7: 5 10 11
8: 6 10 11
9: 6 10 11
10: 7 8 9
11: 7 8 9
12: 5 27 28
13: 15 17 20
14: 16 17 20
15: 13 18 19
16: 14 18 19
17: 13 14 21
18: 15 16 22
19: 15 16 22
20: 13 14 21
21: 17 20 24
22: 18 19 23
23: 22 25 26
24: 21 25 26
25: 4 23 24
26: 4 23 24
27: 2 3 12
28: 2 3 12

1: 2 3 4
2: 1 24 28
3: 1 26 28
4: 1 25 27
5: 6 7 28
6: 5 22 23
7: 5 22 23
8: 9 10 24
9: 8 26 27
10: 8 26 27
11: 19 20 25
12: 19 20 25
13: 15 16 17
14: 15 16 17
15: 13 14 18
16: 13 14 18
17: 13 14 19
18: 15 16 20
19: 11 12 17
20: 11 12 18
21: 22 23 24
22: 6 7 21
23: 6 7 21
24: 2 8 21
25: 4 11 12
26: 3 9 10
27: 4 9 10
28: 2 3 5

1: 2 3 4
2: 1 27 28
3: 1 27 28
4: 1 25 26
5: 7 8 9
6: 7 8 9
7: 5 6 8
8: 5 6 7
9: 5 6 11
10: 11 12 13
11: 9 10 15
12: 10 14 16
13: 10 14 16
14: 12 13 15
15: 11 14 28
16: 12 13 27
17: 19 20 21
18: 19 20 21
19: 17 18 22
20: 17 18 22
21: 17 18 23
22: 19 20 24
23: 21 25 26
24: 22 25 26
25: 4 23 24
26: 4 23 24
27: 2 3 16
28: 2 3 15

1: 2 3 4
2: 1 4 28
3: 1 4 28
4: 1 2 3
5: 6 7 28
6: 5 26 27
7: 5 26 27
8: 9 10 19
9: 8 17 18
10: 8 17 18
11: 13 14 15
12: 13 14 15
13: 11 12 16
14: 11 12 16
15: 11 12 17
16: 13 14 18
17: 9 10 15
18: 9 10 16
19: 8 20 21
20: 19 22 23
21: 19 22 23
22: 20 21 24
23: 20 21 25
24: 22 25 26
25: 23 24 27
26: 6 7 24
27: 6 7 25
28: 2 3 5

1: 2 3 4
2: 1 27 28
3: 1 26 28
4: 1 25 27
5: 7 8 9
6: 7 8 9
7: 5 6 10
8: 5 6 10
9: 5 6 11
10: 7 8 12
11: 9 13 14
12: 10 13 14
13: 11 12 16
14: 11 12 16
15: 18 27 28
16: 13 14 17
17: 16 21 22
18: 15 21 22
19: 20 23 24
20: 19 23 24
21: 17 18 25
22: 17 18 25
23: 19 20 26
24: 19 20 26
25: 4 21 22
26: 3 23 24
27: 2 4 15
28: 2 3 15

1: 2 3 4
2: 1 27 28
3: 1 27 28
4: 1 25 26
5: 7 8 9
6: 7 8 9
7: 5 6 10
8: 5 6 10
9: 5 6 11
10: 7 8 12
11: 9 15 16
12: 10 15 16
13: 14 17 18
14: 13 17 18
15: 11 12 23
16: 11 12 23
17: 13 14 24
18: 13 14 24
19: 21 22 27
20: 21 22 28
21: 19 20 26
22: 19 20 26
23: 15 16 25
24: 17 18 25
25: 4 23 24
26: 4 21 22
27: 2 3 19
28: 2 3 20

1: 2 3 4
2: 1 27 28
3: 1 27 28
4: 1 25 26
5: 6 7 20
6: 5 16 19
7: 5 17 18
8: 14 15 16
9: 14 15 16
10: 12 13 19
11: 12 13 19
12: 10 11 17
13: 10 11 17
14: 8 9 18
15: 8 9 18
16: 6 8 9
17: 7 12 13
18: 7 14 15
19: 6 10 11
20: 5 21 22
21: 20 23 27
22: 20 24 28
23: 21 25 26
24: 22 25 26
25: 4 23 24
26: 4 23 24
27: 2 3 21
28: 2 3 22

1: 2 3 4
2: 1 27 28
3: 1 25 28
4: 1 26 28
5: 6 7 9
6: 5 8 14
7: 5 8 14
8: 6 7 13
9: 5 11 12
10: 11 12 13
11: 9 10 16
12: 9 10 16
13: 8 10 15
14: 6 7 15
15: 13 14 18
16: 11 12 17
17: 16 19 20
18: 15 19 20
19: 17 18 27
20: 17 18 27
21: 23 24 25
22: 23 24 25
23: 21 22 26
24: 21 22 26
25: 3 21 22
26: 4 23 24
27: 2 19 20
28: 2 3 4

1: 2 3 4
2: 1 27 28
3: 1 27 28
4: 1 25 26
5: 6 7 10
6: 5 8 9
7: 5 11 12
8: 6 11 12
9: 6 13 14
10: 5 13 14
11: 7 8 15
12: 7 8 15
13: 9 10 16
14: 9 10 16
15: 11 12 28
16: 13 14 27
17: 19 20 21
18: 19 20 21
19: 17 18 22
20: 17 18 22
21: 17 18 23
22: 19 20 24
23: 21 25 26
24: 22 25 26
25: 4 23 24
26: 4 23 24
27: 2 3 16
28: 2 3 15

1: 2 3 4
2: 1 25 28
3: 1 27 28
4: 1 26 28
5: 7 8 9
6: 7 8 9
7: 5 6 10
8: 5 6 10
9: 5 6 11
10: 7 8 12
11: 9 13 14
12: 10 13 14
13: 11 12 16
14: 11 12 16
15: 17 18 22
16: 13 14 21
17: 15 19 20
18: 15 19 20
19: 17 18 27
20: 17 18 27
21: 16 24 26
22: 15 23 25
23: 22 24 26
24: 21 23 25
25: 2 22 24
26: 4 21 23
27: 3 19 20
28: 2 3 4

1: 2 3 4
2: 1 23 24
3: 1 25 26
4: 1 27 28
5: 7 8 9
6: 7 8 9
7: 5 6 8
8: 5 6 7
9: 5 6 18
10: 11 19 22
11: 10 20 21
12: 14 15 16
13: 14 15 16
14: 12 13 17
15: 12 13 17
16: 12 13 27
17: 14 15 28
18: 9 27 28
19: 10 23 24
20: 11 25 26
21: 11 25 26
22: 10 23 24
23: 2 19 22
24: 2 19 22
25: 3 20 21
26: 3 20 21
27: 4 16 18
28: 4 17 18

1: 2 3 4
2: 1 27 28
3: 1 27 28
4: 1 25 26
5: 7 8 9
6: 7 8 9
7: 5 6 10
8: 5 6 10
9: 5 6 19
10: 7 8 20
11: 15 18 28
12: 16 17 27
13: 14 15 18
14: 13 16 17
15: 11 13 23
16: 12 14 24
17: 12 14 24
18: 11 13 23
19: 9 21 22
20: 10 21 22
21: 19 20 25
22: 19 20 25
23: 15 18 26
24: 16 17 26
25: 4 21 22
26: 4 23 24
27: 2 3 12
28: 2 3 11

1: 2 3 4
2: 1 27 28
3: 1 25 28
4: 1 26 28
5: 6 7 18
6: 5 14 15
7: 5 16 17
8: 9 23 24
9: 8 12 13
10: 11 14 15
11: 10 14 15
12: 9 16 17
13: 9 16 17
14: 6 10 11
15: 6 10 11
16: 7 12 13
17: 7 12 13
18: 5 19 20
19: 18 21 22
20: 18 21 22
21: 19 20 27
22: 19 20 27
23: 8 25 26
24: 8 25 26
25: 3 23 24
26: 4 23 24
27: 2 21 22
28: 2 3 4

1: 2 3 4
2: 1 27 28
3: 1 27 28
4: 1 25 26
5: 7 12 24
6: 7 13 24
7: 5 6 27
8: 10 11 12
9: 10 11 12
10: 8 9 13
11: 8 9 13
12: 5 8 9
13: 6 10 11
14: 16 17 18
15: 16 17 18
16: 14 15 19
17: 14 15 19
18: 14 15 20
19: 16 17 21
20: 18 22 23
21: 19 22 23
22: 20 21 26
23: 20 21 26
24: 5 6 25
25: 4 24 28
26: 4 22 23
27: 2 3 7
28: 2 3 25

1: 2 3 4
2: 1 4 28
3: 1 4 28
4: 1 2 3
5: 6 7 28
6: 5 24 25
7: 5 26 27
8: 14 15 16
9: 14 15 16
10: 12 13 17
11: 12 13 17
12: 10 11 18
13: 10 11 18
14: 8 9 19
15: 8 9 19
16: 8 9 20
17: 10 11 22
18: 12 13 23
19: 14 15 21
20: 16 24 25
21: 19 24 25
22: 17 26 27
23: 18 26 27
24: 6 20 21
25: 6 20 21
26: 7 22 23
27: 7 22 23
28: 2 3 5

1: 2 3 4
2: 1 27 28
3: 1 27 28
4: 1 25 26
5: 7 8 9
6: 7 8 9
7: 5 6 10
8: 5 6 10
9: 5 6 11
10: 7 8 12
11: 9 15 16
12: 10 15 16
13: 14 17 18
14: 13 17 18
15: 11 12 19
16: 11 12 19
17: 13 14 20
18: 13 14 20
19: 15 16 22
20: 17 18 21
21: 20 22 24
22: 19 21 23
23: 22 25 26
24: 21 25 26
25: 4 23 24
26: 4 23 24
27: 2 3 28
28: 2 3 27

1: 2 3 4
2: 1 27 28
3: 1 27 28
4: 1 25 26
5: 22 23 24
6: 8 9 10
7: 8 9 10
8: 6 7 11
9: 6 7 11
10: 6 7 12
11: 8 9 13
12: 10 16 17
13: 11 16 17
14: 15 18 19
15: 14 18 19
16: 12 13 20
17: 12 13 20
18: 14 15 21
19: 14 15 21
20: 16 17 23
21: 18 19 22
22: 5 21 26
23: 5 20 25
24: 5 25 26
25: 4 23 24
26: 4 22 24
27: 2 3 28
28: 2 3 27

1: 2 3 4
2: 1 27 28
3: 1 27 28
4: 1 25 26
5: 10 11 24
6: 10 11 24
7: 8 9 27
8: 7 20 21
9: 7 20 21
10: 5 6 11
11: 5 6 10
12: 13 22 23
13: 12 22 23
14: 16 17 18
15: 16 17 18
16: 14 15 19
17: 14 15 19
18: 14 15 20
19: 16 17 21
20: 8 9 18
21: 8 9 19
22: 12 13 26
23: 12 13 26
24: 5 6 25
25: 4 24 28
26: 4 22 23
27: 2 3 7
28: 2 3 25

1: 2 3 4
2: 1 27 28
3: 1 27 28
4: 1 25 26
5: 6 9 12
6: 5 10 11
7: 9 12 28
8: 10 11 27
9: 5 7 13
10: 6 8 14
11: 6 8 14
12: 5 7 13
13: 9 12 16
14: 10 11 15
15: 14 19 20
16: 13 17 18
17: 16 21 22
18: 16 21 22
19: 15 23 24
20: 15 23 24
21: 17 18 25
22: 17 18 25
23: 19 20 26
24: 19 20 26
25: 4 21 22
26: 4 23 24
27: 2 3 8
28: 2 3 7

1: 2 3 4
2: 1 27 28
3: 1 27 28
4: 1 25 26
5: 6 7 13
6: 5 11 12
7: 5 11 12
8: 10 14 15
9: 14 15 16
10: 8 11 12
11: 6 7 10
12: 6 7 10
13: 5 27 28
14: 8 9 17
15: 8 9 17
16: 9 18 19
17: 14 15 21
18: 16 20 22
19: 16 20 22
20: 18 19 21
21: 17 20 24
22: 18 19 23
23: 22 25 26
24: 21 25 26
25: 4 23 24
26: 4 23 24
27: 2 3 13
28: 2 3 13

1: 2 3 4
2: 1 27 28
3: 1 25 28
4: 1 26 28
5: 11 12 13
6: 11 12 13
7: 9 10 16
8: 9 10 16
9: 7 8 14
10: 7 8 14
11: 5 6 15
12: 5 6 15
13: 5 6 17
14: 9 10 18
15: 11 12 18
16: 7 8 17
17: 13 16 24
18: 14 15 23
19: 20 21 22
20: 19 21 22
21: 19 20 27
22: 19 20 27
23: 18 25 26
24: 17 25 26
25: 3 23 24
26: 4 23 24
27: 2 21 22
28: 2 3 4

1: 2 9
2: 1 9
3: 4 7
4: 3 7
5: 6 8
6: 5 8
7: 3 4 9
8: 5 6 9
9: 1 2 7 8

1: 7
2: 7
3: 8
4: 9
5: 9
6: 8
7: 1 2 8 9
8: 3 6 7 9
9: 4 5 7 8

1: 6
2: 4
3: 5
4: 2 7
5: 3 8
6: 1 7 8
7: 4 6 8
8: 5 6 7

1: 5
2: 6
3: 4 9
4: 3 9
5: 1 7
6: 2 8
7: 5 8 9
8: 6 7 9
9: 3 4 7 8

1: 2
2: 1 6
3: 6 7
4: 5 8
5: 4 8
6: 2 3 7
7: 3 6 8
8: 4 5 7

1: 5
2: 6 7
3: 4 8
4: 3 8
5: 1 7
6: 2 7 8
7: 2 5 6 8
8: 3 4 6 7

1: 5 8
2: 4 6
3: 5 6 7
4: 2 7 8
5: 1 3 8
6: 2 3 7
7: 3 4 6 8
8: 1 4 5 7

1: 4
2: 5 8
3: 7 8
4: 1 5 6
5: 2 4 6
6: 4 5 7
7: 3 6 8
8: 2 3 7

1: 5 6
2: 5 7
3: 6 8
4: 7 8
5: 1 2 8
6: 1 3 7
7: 2 4 6
8: 3 4 5

1: 29 46
2: 30 46
3: 31 46
4: 32 46
5: 33 46
6: 34 46
7: 36 46
8: 35 46
9: 13 44
10: 15 45
11: 16 45
12: 14 44
13: 9 17
14: 12 18
15: 10 19
16: 11 20
17: 13 40
18: 14 41
19: 15 43
20: 16 42
21: 29 45
22: 30 45
23: 31 44
24: 32 44
25: 34 40
26: 33 41
27: 36 43
28: 35 42
29: 1 21
30: 2 22
31: 3 23
32: 4 24
33: 5 26
34: 6 25
35: 8 28
36: 7 27
37: 44 45 46
38: 40 41 46
39: 42 43 46
40: 17 25 38 41
41: 18 26 38 40
42: 20 28 39 43
43: 19 27 39 42
44: 9 12 23 24 37 45
45: 10 11 21 22 37 44
46: 1 2 3 4 5 6 7 8 37 38 39

1: 7
2: 8
3: 4 7
4: 3 7
5: 6 8
6: 5 8
7: 1 3 4 8
8: 2 5 6 7

1: 16
2: 15
3: 4 17
4: 3 17
5: 6 18
6: 5 18
7: 12 16
8: 11 15
9: 13 17
10: 14 18
11: 8 13 15 17
12: 7 14 16 18
13: 9 11 14 17
14: 10 12 13 18
15: 2 8 11 17
16: 1 7 12 18
17: 3 4 9 11 13 15
18: 5 6 10 12 14 16

1: 9
2: 6 8
3: 8 10
4: 8 9
5: 7 10
6: 2 10
7: 5 9
8: 2 3 4
9: 1 4 7 10
10: 3 5 6 9

1: 3 6
2: 4 5
3: 1 7 8
4: 2 9 10
5: 2 9 10
6: 1 7 8
7: 3 6 8 9
8: 3 6 7 10
9: 4 5 7 10
10: 4 5 8 9

1: 2 3
2: 1 10 11
3: 1 10 11
4: 5 8 9
5: 4 8 9
6: 7 8 9 10
7: 6 8 9 11
8: 4 5 6 7
9: 4 5 6 7
10: 2 3 6 11
11: 2 3 7 10

1: 2 3 4
2: 1 33 34
3: 1 33 34
4: 1 31 32
5: 6 13 14
6: 5 13 14
7: 8 17 20
8: 7 17 20
9: 10 18 19
10: 9 18 19
11: 12 15 16
12: 11 15 16
13: 5 6 21
14: 5 6 21
15: 11 12 24
16: 11 12 24
17: 7 8 22
18: 9 10 23
19: 9 10 23
20: 7 8 22
21: 13 14 29
22: 17 20 30
23: 18 19 30
24: 15 16 29
25: 26 27 28
26: 25 27 28
27: 25 26 31
28: 25 26 31
29: 21 24 32
30: 22 23 32
31: 4 27 28
32: 4 29 30
33: 2 3 34
34: 2 3 33

1: 2 3 4
2: 1 87 88
3: 1 4 88
4: 1 3 88
5: 84 85 87
6: 83 86 87
7: 8 23 24
8: 7 23 24
9: 10 27 30
10: 9 27 30
11: 12 28 29
12: 11 28 29
13: 14 25 26
14: 13 25 26
15: 16 31 32
16: 15 31 32
17: 18 35 38
18: 17 35 38
19: 20 36 37
20: 19 36 37
21: 22 33 34
22: 21 33 34
23: 7 8 39
24: 7 8 39
25: 13 14 42
26: 13 14 42
27: 9 10 40
28: 11 12 41
29: 11 12 41
30: 9 10 40
31: 15 16 43
32: 15 16 43
33: 21 22 46
34: 21 22 46
35: 17 18 44
36: 19 20 45
37: 19 20 45
38: 17 18 44
39: 23 24 71
40: 27 30 72
41: 28 29 72
42: 25 26 71
43: 31 32 73
44: 35 38 74
45: 36 37 74
46: 33 34 73
47: 48 59 62
48: 47 59 62
49: 50 60 61
50: 49 60 61
51: 52 63 66
52: 51 63 66
53: 54 64 65
54: 53 64 65
55: 56 67 68
56: 55 67 68
57: 58 69 70
58: 57 69 70
59: 47 48 75
60: 49 50 76
61: 49 50 76
62: 47 48 75
63: 51 52 77
64: 53 54 78
65: 53 54 78
66: 51 52 77
67: 55 56 80
68: 55 56 80
69: 57 58 79
70: 57 58 79
71: 39 42 82
72: 40 41 82
73: 43 46 81
74: 44 45 81
75: 59 62 84
76: 60 61 84
77: 63 66 83
78: 64 65 83
79: 69 70 85
80: 67 68 86
81: 73 74 85
82: 71 72 86
83: 6 77 78
84: 5 75 76
85: 5 79 81
86: 6 80 82
87: 2 5 6
88: 2 3 4

1: 2 7
2: 1 7
3: 4 8
4: 3 8
5: 6 9
6: 5 9
7: 1 2 10
8: 3 4 10
9: 5 6 10
10: 7 8 9

1: 2 3 4
2: 1 25 26
3: 1 27 28
4: 1 23 24
5: 6 11 16
6: 5 11 16
7: 8 12 13
8: 7 12 13
9: 10 14 15
10: 9 14 15
11: 5 6 17
12: 7 8 17
13: 7 8 19
14: 9 10 19
15: 9 10 18
16: 5 6 18
17: 11 12 20
18: 15 16 22
19: 13 14 21
20: 17 23 24
21: 19 27 28
22: 18 25 26
23: 4 20 24
24: 4 20 23
25: 2 22 26
26: 2 22 25
27: 3 21 28
28: 3 21 27

1: 2 3 4
2: 1 26 27
3: 1 4 28
4: 1 3 28
5: 6 7 28
6: 5 22 23
7: 5 24 25
8: 9 10 21
9: 8 17 18
10: 8 19 20
11: 12 13 14
12: 11 13 26
13: 11 12 26
14: 11 15 16
15: 14 17 18
16: 14 19 20
17: 9 15 18
18: 9 15 17
19: 10 16 20
20: 10 16 19
21: 8 24 25
22: 6 23 27
23: 6 22 27
24: 7 21 25
25: 7 21 24
26: 2 12 13
27: 2 22 23
28: 3 4 5

1: 2 3 4
2: 1 28 29
3: 1 4 30
4: 1 3 30
5: 6 7 30
6: 5 24 25
7: 5 26 27
8: 9 22 29
9: 8 22 29
10: 11 12 17
11: 10 13 14
12: 10 15 16
13: 11 14 20
14: 11 13 20
15: 12 16 21
16: 12 15 21
17: 10 18 19
18: 17 19 28
19: 17 18 28
20: 13 14 25
21: 15 16 25
22: 8 9 24
23: 24 26 27
24: 6 22 23
25: 6 20 21
26: 7 23 27
27: 7 23 26
28: 2 18 19
29: 2 8 9
30: 3 4 5

1: 2 3 4
2: 1 25 26
3: 1 27 28
4: 1 29 30
5: 6 14 22
6: 5 14 22
7: 8 9 23
8: 7 16 17
9: 7 18 19
10: 11 14 15
11: 10 12 13
12: 11 13 20
13: 11 12 20
14: 5 6 10
15: 10 18 19
16: 8 17 21
17: 8 16 21
18: 9 15 19
19: 9 15 18
20: 12 13 26
21: 16 17 26
22: 5 6 25
23: 7 29 30
24: 25 27 28
25: 2 22 24
26: 2 20 21
27: 3 24 28
28: 3 24 27
29: 4 23 30
30: 4 23 29

1: 2 3 4
2: 1 4 30
3: 1 4 29
4: 1 2 3
5: 6 7 28
6: 5 22 23
7: 5 24 25
8: 9 10 21
9: 8 17 18
10: 8 19 20
11: 12 13 14
12: 11 13 26
13: 11 12 26
14: 11 15 16
15: 14 17 18
16: 14 19 20
17: 9 15 18
18: 9 15 17
19: 10 16 20
20: 10 16 19
21: 8 24 25
22: 6 23 27
23: 6 22 27
24: 7 21 25
25: 7 21 24
26: 12 13 30
27: 22 23 29
28: 5 29 30
29: 3 27 28
30: 2 26 28

1: 2 3 4
2: 1 4 30
3: 1 4 29
4: 1 2 3
5: 6 7 14
6: 5 8 9
7: 5 10 11
8: 6 9 12
9: 6 8 12
10: 7 11 13
11: 7 10 13
12: 8 9 18
13: 10 11 17
14: 5 19 20
15: 18 23 24
16: 17 21 22
17: 13 16 28
18: 12 15 28
19: 14 20 27
20: 14 19 27
21: 16 22 25
22: 16 21 25
23: 15 24 26
24: 15 23 26
25: 21 22 30
26: 23 24 30
27: 19 20 29
28: 17 18 29
29: 3 27 28
30: 2 25 26

1: 2 3 4
2: 1 27 28
3: 1 25 26
4: 1 29 30
5: 6 7 8
6: 5 7 8
7: 5 6 9
8: 5 6 10
9: 7 11 17
10: 8 12 18
11: 9 15 16
12: 10 13 14
13: 12 14 19
14: 12 13 19
15: 11 16 20
16: 11 15 20
17: 9 23 24
18: 10 21 22
19: 13 14 27
20: 15 16 27
21: 18 22 25
22: 18 21 25
23: 17 24 26
24: 17 23 26
25: 3 21 22
26: 3 23 24
27: 2 19 20
28: 2 29 30
29: 4 28 30
30: 4 28 29

1: 2 3 4
2: 1 4 30
3: 1 4 29
4: 1 2 3
5: 6 7 9
6: 5 7 8
7: 5 6 8
8: 6 7 11
9: 5 10 12
10: 9 15 16
11: 8 13 14
12: 9 19 20
13: 11 21 22
14: 11 23 24
15: 10 17 18
16: 10 17 18
17: 15 16 28
18: 15 16 28
19: 12 20 26
20: 12 19 26
21: 13 22 27
22: 13 21 27
23: 14 24 25
24: 14 23 25
25: 23 24 30
26: 19 20 30
27: 21 22 29
28: 17 18 29
29: 3 27 28
30: 2 25 26

1: 2 3 4
2: 1 4 30
3: 1 4 29
4: 1 2 3
5: 6 11 14
6: 5 7 8
7: 6 8 9
8: 6 7 9
9: 7 8 10
10: 9 15 16
11: 5 12 13
12: 11 13 23
13: 11 12 24
14: 5 17 18
15: 10 19 20
16: 10 21 22
17: 14 18 28
18: 14 17 28
19: 15 20 27
20: 15 19 27
21: 16 22 26
22: 16 21 26
23: 12 24 25
24: 13 23 25
25: 23 24 30
26: 21 22 30
27: 19 20 29
28: 17 18 29
29: 3 27 28
30: 2 25 26

1: 2 3 4
2: 1 27 28
3: 1 29 30
4: 1 25 26
5: 6 7 8
6: 5 7 14
7: 5 6 13
8: 5 13 14
9: 10 15 18
10: 9 15 18
11: 12 16 17
12: 11 16 17
13: 7 8 20
14: 6 8 21
15: 9 10 19
16: 11 12 19
17: 11 12 20
18: 9 10 21
19: 15 16 22
20: 13 17 23
21: 14 18 24
22: 19 25 26
23: 20 29 30
24: 21 27 28
25: 4 22 26
26: 4 22 25
27: 2 24 28
28: 2 24 27
29: 3 23 30
30: 3 23 29

1: 2 3 4
2: 1 4 29
3: 1 4 30
4: 1 2 3
5: 6 7 12
6: 5 7 8
7: 5 6 8
8: 6 7 9
9: 8 10 11
10: 9 11 16
11: 9 10 15
12: 5 13 14
13: 12 17 18
14: 12 19 20
15: 11 21 22
16: 10 23 24
17: 13 18 26
18: 13 17 26
19: 14 20 25
20: 14 19 25
21: 15 22 28
22: 15 21 28
23: 16 24 27
24: 16 23 27
25: 19 20 29
26: 17 18 30
27: 23 24 29
28: 21 22 30
29: 2 25 27
30: 3 26 28

1: 2 3 4
2: 1 25 26
3: 1 27 28
4: 1 29 30
5: 18 23 24
6: 8 9 14
7: 10 11 14
8: 6 9 12
9: 6 8 12
10: 7 11 13
11: 7 10 13
12: 8 9 21
13: 10 11 21
14: 6 7 19
15: 16 17 22
16: 15 17 22
17: 15 16 20
18: 5 19 20
19: 14 18 25
20: 17 18 26
21: 12 13 26
22: 15 16 25
23: 5 27 28
24: 5 29 30
25: 2 19 22
26: 2 20 21
27: 3 23 28
28: 3 23 27
29: 4 24 30
30: 4 24 29

1: 2 3 4
2: 1 28 29
3: 1 4 30
4: 1 3 30
5: 6 7 30
6: 5 24 25
7: 5 26 27
8: 9 10 23
9: 8 19 20
10: 8 21 22
11: 12 16 28
12: 11 13 14
13: 12 14 15
14: 12 13 15
15: 13 14 28
16: 11 17 18
17: 16 19 20
18: 16 21 22
19: 9 17 20
20: 9 17 19
21: 10 18 22
22: 10 18 21
23: 8 26 27
24: 6 25 29
25: 6 24 29
26: 7 23 27
27: 7 23 26
28: 2 11 15
29: 2 24 25
30: 3 4 5

1: 2 3 4
2: 1 4 29
3: 1 4 30
4: 1 2 3
5: 6 9 11
6: 5 9 11
7: 8 10 12
8: 7 10 12
9: 5 6 14
10: 7 8 14
11: 5 6 13
12: 7 8 13
13: 11 12 16
14: 9 10 15
15: 14 16 18
16: 13 15 17
17: 16 19 20
18: 15 21 22
19: 17 20 28
20: 17 19 28
21: 18 22 27
22: 18 21 27
23: 24 25 26
24: 23 25 26
25: 23 24 29
26: 23 24 30
27: 21 22 29
28: 19 20 30
29: 2 25 27
30: 3 26 28

1: 2 3 4
2: 1 4 29
3: 1 4 30
4: 1 2 3
5: 6 9 11
6: 5 9 11
7: 8 10 12
8: 7 10 12
9: 5 6 14
10: 7 8 14
11: 5 6 13
12: 7 8 13
13: 11 12 16
14: 9 10 15
15: 14 21 22
16: 13 23 24
17: 18 19 20
18: 17 19 20
19: 17 18 28
20: 17 18 27
21: 15 22 26
22: 15 21 26
23: 16 24 25
24: 16 23 25
25: 23 24 29
26: 21 22 30
27: 20 28 29
28: 19 27 30
29: 2 25 27
30: 3 26 28

1: 2 3 4
2: 1 29 30
3: 1 29 30
4: 1 27 28
5: 6 7 20
6: 5 7 19
7: 5 6 19
8: 9 10 19
9: 8 15 16
10: 8 17 18
11: 12 29 30
12: 11 13 14
13: 12 15 16
14: 12 17 18
15: 9 13 16
16: 9 13 15
17: 10 14 18
18: 10 14 17
19: 6 7 8
20: 5 21 22
21: 20 23 24
22: 20 25 26
23: 21 24 27
24: 21 23 27
25: 22 26 28
26: 22 25 28
27: 4 23 24
28: 4 25 26
29: 2 3 11
30: 2 3 11

1: 2 3 4
2: 1 28 29
3: 1 4 30
4: 1 3 30
5: 6 7 30
6: 5 24 25
7: 5 26 27
8: 16 17 20
9: 18 19 20
10: 11 12 13
11: 10 12 28
12: 10 11 28
13: 10 14 15
14: 13 16 17
15: 13 18 19
16: 8 14 17
17: 8 14 16
18: 9 15 19
19: 9 15 18
20: 8 9 23
21: 24 25 29
22: 24 25 29
23: 20 26 27
24: 6 21 22
25: 6 21 22
26: 7 23 27
27: 7 23 26
28: 2 11 12
29: 2 21 22
30: 3 4 5

1: 2 3 4
2: 1 4 30
3: 1 4 29
4: 1 2 3
5: 6 7 12
6: 5 7 8
7: 5 6 8
8: 6 7 9
9: 8 10 11
10: 9 11 15
11: 9 10 16
12: 5 13 14
13: 12 17 18
14: 12 19 20
15: 10 21 22
16: 11 23 24
17: 13 18 25
18: 13 17 25
19: 14 20 26
20: 14 19 26
21: 15 22 27
22: 15 21 27
23: 16 24 28
24: 16 23 28
25: 17 18 29
26: 19 20 29
27: 21 22 30
28: 23 24 30
29: 3 25 26
30: 2 27 28

1: 2 3 4
2: 1 28 29
3: 1 4 30
4: 1 3 30
5: 6 7 30
6: 5 24 25
7: 5 26 27
8: 9 10 23
9: 8 17 18
10: 8 19 20
11: 12 13 14
12: 11 13 28
13: 11 12 28
14: 11 15 16
15: 14 17 18
16: 14 19 20
17: 9 15 18
18: 9 15 17
19: 10 16 20
20: 10 16 19
21: 22 26 29
22: 21 27 29
23: 8 24 25
24: 6 23 25
25: 6 23 24
26: 7 21 27
27: 7 22 26
28: 2 12 13
29: 2 21 22
30: 3 4 5

1: 2 3 4
2: 1 29 30
3: 1 4 30
4: 1 3 29
5: 6 9 11
6: 5 9 11
7: 8 10 12
8: 7 10 12
9: 5 6 14
10: 7 8 14
11: 5 6 13
12: 7 8 13
13: 11 12 16
14: 9 10 15
15: 14 17 18
16: 13 19 20
17: 15 18 26
18: 15 17 26
19: 16 20 25
20: 16 19 25
21: 22 23 24
22: 21 23 24
23: 21 22 27
24: 21 22 28
25: 19 20 27
26: 17 18 28
27: 23 25 29
28: 24 26 30
29: 2 4 27
30: 2 3 28

1: 2 3 4
2: 1 27 28
3: 1 4 29
4: 1 3 30
5: 6 7 20
6: 5 7 19
7: 5 6 19
8: 9 10 19
9: 8 15 16
10: 8 17 18
11: 12 29 30
12: 11 13 14
13: 12 15 16
14: 12 17 18
15: 9 13 16
16: 9 13 15
17: 10 14 18
18: 10 14 17
19: 6 7 8
20: 5 21 22
21: 20 23 24
22: 20 25 26
23: 21 24 27
24: 21 23 27
25: 22 26 28
26: 22 25 28
27: 2 23 24
28: 2 25 26
29: 3 11 30
30: 4 11 29

1: 2 3 4
2: 1 29 30
3: 1 26 30
4: 1 27 28
5: 6 7 29
6: 5 22 23
7: 5 24 25
8: 9 10 19
9: 8 10 18
10: 8 9 18
11: 12 13 18
12: 11 14 15
13: 11 16 17
14: 12 15 27
15: 12 14 27
16: 13 17 28
17: 13 16 28
18: 9 10 11
19: 8 20 21
20: 19 22 23
21: 19 24 25
22: 6 20 23
23: 6 20 22
24: 7 21 25
25: 7 21 24
26: 3 29 30
27: 4 14 15
28: 4 16 17
29: 2 5 26
30: 2 3 26

1: 2 3 4
2: 1 28 29
3: 1 4 30
4: 1 3 30
5: 6 7 30
6: 5 24 25
7: 5 26 27
8: 9 10 17
9: 8 13 14
10: 8 15 16
11: 13 14 28
12: 15 16 28
13: 9 11 14
14: 9 11 13
15: 10 12 16
16: 10 12 15
17: 8 18 19
18: 17 20 21
19: 17 22 23
20: 18 21 24
21: 18 20 24
22: 19 23 25
23: 19 22 25
24: 6 20 21
25: 6 22 23
26: 7 27 29
27: 7 26 29
28: 2 11 12
29: 2 26 27
30: 3 4 5

1: 2 3 4
2: 1 27 28
3: 1 29 30
4: 1 25 26
5: 10 15 16
6: 10 17 18
7: 10 13 14
8: 9 11 12
9: 8 23 24
10: 5 6 7
11: 8 12 22
12: 8 11 22
13: 7 14 21
14: 7 13 21
15: 5 16 19
16: 5 15 19
17: 6 18 20
18: 6 17 20
19: 15 16 26
20: 17 18 26
21: 13 14 25
22: 11 12 25
23: 9 27 28
24: 9 29 30
25: 4 21 22
26: 4 19 20
27: 2 23 28
28: 2 23 27
29: 3 24 30
30: 3 24 29

1: 15 18
2: 16 17
3: 11 13
4: 12 14
5: 9 11 12
6: 10 15 17
7: 10 16 18
8: 9 13 14
9: 5 8 10
10: 6 7 9
11: 3 5 14
12: 4 5 13
13: 3 8 12
14: 4 8 11
15: 1 6 16
16: 2 7 15
17: 2 6 18
18: 1 7 17

1: 15 17
2: 16 18
3: 4 7 8
4: 3 7 8
5: 6 9 10
6: 5 9 10
7: 3 4 11
8: 3 4 12
9: 5 6 12
10: 5 6 11
11: 7 10 14
12: 8 9 13
13: 12 17 18
14: 11 15 16
15: 1 14 18
16: 2 14 17
17: 1 13 16
18: 2 13 15

1: 2 3 4
2: 1 4 10
3: 1 4 10
4: 1 2 3
5: 6 7 10
6: 5 8 9
7: 5 8 9
8: 6 7 9
9: 6 7 8
10: 2 3 5

1: 2 24
2: 1 24
3: 4 25
4: 3 25
5: 6 26
6: 5 26
7: 8 27
8: 7 27
9: 10 28
10: 9 28
11: 12 29
12: 11 29
13: 14 21
14: 13 21
15: 16 22
16: 15 22
17: 18 23
18: 17 23
19: 24 28 29
20: 25 26 27
21: 13 14 30 31
22: 15 16 30 31
23: 17 18 30 31
24: 1 2 19 30
25: 3 4 20 31
26: 5 6 20 31
27: 7 8 20 31
28: 9 10 19 30
29: 11 12 19 30
30: 21 22 23 24 28 29
31: 21 22 23 25 26 27

1: 5 8
2: 7 10
3: 6 9
4: 8 9 10
5: 1 8 10
6: 3 8 9
7: 2 9 10
8: 1 4 5 6
9: 3 4 6 7
10: 2 4 5 7

1: 5 8
2: 7 10
3: 6 9
4: 5 6 7
5: 1 4 10
6: 3 4 8
7: 2 4 9
8: 1 6 9 10
9: 3 7 8 10
10: 2 5 8 9

1: 6 10
2: 5 8
3: 4 7 10
4: 3 9 10
5: 2 7 9
6: 1 8 9
7: 3 5 8 9 10
8: 2 6 7 9 10
9: 4 5 6 7 8 10
10: 1 3 4 7 8 9

1: 4 7
2: 6 9
3: 5 8
4: 1 9 10
5: 3 7 10
6: 2 8 10
7: 1 5 8 9 10
8: 3 6 7 9 10
9: 2 4 7 8 10
10: 4 5 6 7 8 9

1: 3 10
2: 6 9
3: 1 9
4: 5 7 10
5: 4 8 10
6: 2 7 8
7: 4 6 8 9 10
8: 5 6 7 9 10
9: 2 3 7 8 10
10: 1 4 5 7 8 9

1: 14
2: 9
3: 8
4: 11 20
5: 12 16
6: 17 19
7: 13 17
8: 3 20
9: 2 13
10: 14 15 19
11: 4 18 20
12: 5 17 18
13: 7 9 19
14: 1 10 15
15: 10 14 16 18
16: 5 15 18 20
17: 6 7 12 19
18: 11 12 15 16
19: 6 10 13 17
20: 4 8 11 16

1: 6
2: 4
3: 8 9
4: 2 9
5: 7 9
6: 1 8
7: 5 8 9
8: 3 6 7
9: 3 4 5 7

1: 6
2: 6 7
3: 4 8
4: 3 6 9
5: 7 8 9
6: 1 2 4 9
7: 2 5 8 9
8: 3 5 7 9
9: 4 5 6 7 8

1: 9
2: 8 10
3: 8 9
4: 7 9
5: 6 8 10
6: 5 7 10
7: 4 6 10
8: 2 3 5
9: 1 3 4 10
10: 2 5 6 7 9

1: 2 3 10
2: 1 9 10
3: 1 8 10
4: 5 6 10
5: 4 7 10
6: 4 8 10
7: 5 9 10
8: 3 6 10
9: 2 7 10
10: 1 2 3 4 5 6 7 8 9

1: 2 3 12
2: 1 11 12
3: 1 10 12
4: 5 6 12
5: 4 7 12
6: 4 8 12
7: 5 9 12
8: 6 11 12
9: 7 10 12
10: 3 9 12
11: 2 8 12
12: 1 2 3 4 5 6 7 8 9 10 11

1: 9
2: 7
3: 8
4: 5 9
5: 4 9
6: 7 8 9
7: 2 6 8 9
8: 3 6 7 9
9: 1 4 5 6 7 8

1: 39
2: 40
3: 49
4: 55
5: 47
6: 48
7: 42
8: 43
9: 41
10: 21
11: 26
12: 27
13: 28
14: 29
15: 30
16: 31
17: 23
18: 24
19: 35
20: 36
21: 10 49
22: 44 52
23: 17 53
24: 18 53
25: 45 52
26: 11 47
27: 12 48
28: 13 50
29: 14 50
30: 15 51
31: 16 51
32: 38 56
33: 38 54
34: 35 54
35: 19 34
36: 20 37
37: 36 46
38: 32 33
39: 1 40 56
40: 2 39 47
41: 9 43 49
42: 7 43 55
43: 8 41 42
44: 22 45 56
45: 25 44 46
46: 37 45 53
47: 5 26 40
48: 6 27 55
49: 3 21 41
50: 28 29 56
51: 30 31 54
52: 22 25 55
53: 23 24 46
54: 33 34 51
55: 4 42 48 52
56: 32 39 44 50

1: 131
2: 114
3: 115
4: 119
5: 120
6: 121
7: 129
8: 130
9: 118
10: 117
11: 116
12: 97
13: 98
14: 105
15: 101
16: 102
17: 104
18: 103
19: 96
20: 95
21: 100
22: 99
23: 52
24: 53
25: 54
26: 55
27: 56
28: 63
29: 64
30: 67
31: 65
32: 66
33: 61
34: 62
35: 59
36: 60
37: 57
38: 58
39: 68
40: 69
41: 70
42: 78
43: 81
44: 72
45: 88
46: 90
47: 89
48: 50
49: 51
50: 48 135
51: 49 135
52: 23 114
53: 24 115
54: 25 119
55: 26 120
56: 27 121
57: 37 122
58: 38 122
59: 35 123
60: 36 123
61: 33 124
62: 34 124
63: 28 127
64: 29 125
65: 31 126
66: 32 126
67: 30 125
68: 39 118
69: 40 116
70: 41 117
71: 93 128
72: 44 93
73: 92 109
74: 91 132
75: 76 128
76: 75 107
77: 78 134
78: 42 77
79: 82 113
80: 81 106
81: 43 80
82: 79 110
83: 84 108
84: 83 133
85: 88 127
86: 90 112
87: 89 111
88: 45 85
89: 47 87
90: 46 86
91: 74 92
92: 73 91
93: 71 72
94: 107 108 133
95: 20 107 130
96: 19 108 129
97: 12 98 113
98: 13 97 119
99: 22 105 131
100: 21 105 121
101: 15 102 131
102: 16 101 132
103: 18 104 120
104: 17 103 130
105: 14 99 100
106: 80 124 128
107: 76 94 95
108: 83 94 96
109: 73 113 127
110: 82 111 112
111: 87 110 126
112: 86 110 125
113: 79 97 109
114: 2 52 134
115: 3 53 131
116: 11 69 129
117: 10 70 129
118: 9 68 130
119: 4 54 98
120: 5 55 103
121: 6 56 100
122: 57 58 135
123: 59 60 134
124: 61 62 106
125: 64 67 112
126: 65 66 111
127: 63 85 109
128: 71 75 106
129: 7 96 116 117
130: 8 95 104 118
131: 1 99 101 115
132: 74 102 133 135
133: 84 94 132 134
134: 77 114 123 133
135: 50 51 122 132

1: 2 9 10
2: 1 9 10
3: 4 9 10
4: 3 9 10
5: 6 9 10
6: 5 9 10
7: 8 9 10
8: 7 9 10
9: 1 2 3 4 5 6 7 8 10
10: 1 2 3 4 5 6 7 8 9

1: 2 9 10
2: 1 9 10
3: 4 7 8
4: 3 7 8
5: 6 7 9 10
6: 5 8 9 10
7: 3 4 5 8
8: 3 4 6 7
9: 1 2 5 6 10
10: 1 2 5 6 9

1: 2 3 9
2: 1 3 9
3: 1 2 9
4: 5 6 10
5: 4 6 7 10
6: 4 5 8 10
7: 5 8 9 10
8: 6 7 9 10
9: 1 2 3 7 8
10: 4 5 6 7 8

1: 2 7 8
2: 1 7 9
3: 6 7 10
4: 5 8 10
5: 4 9 10
6: 3 8 9
7: 1 2 3 8 9
8: 1 4 6 7 10
9: 2 5 6 7 10
10: 3 4 5 8 9

1: 4 5
2: 6 7
3: 8 9
4: 1 5 8 10
5: 1 4 9 10
6: 2 7 8 10
7: 2 6 9 10
8: 3 4 6 10
9: 3 5 7 10
10: 4 5 6 7 8 9

1: 9 10
2: 7 8
3: 7 9 10
4: 8 9 10
5: 8 9 10
6: 7 9 10
7: 2 3 6 8
8: 2 4 5 7
9: 1 3 4 5 6 10
10: 1 3 4 5 6 9

1: 2 10
2: 1 10
3: 7 9 10
4: 8 9 10
5: 8 9 10
6: 7 9 10
7: 3 6 8 9
8: 4 5 7 9
9: 3 4 5 6 7 8
10: 1 2 3 4 5 6

1: 2 5
2: 1 6
3: 4 7
4: 3 8
5: 1 6 9 10
6: 2 5 9 10
7: 3 8 9 10
8: 4 7 9 10
9: 5 6 7 8 10
10: 5 6 7 8 9

1: 9
2: 10
3: 9 10
4: 5 6 7
5: 4 6 7 8
6: 4 5 8 9
7: 4 5 8 10
8: 5 6 7 9 10
9: 1 3 6 8 10
10: 2 3 7 8 9

1: 8
2: 9
3: 10
4: 8 9
5: 8 10
6: 9 10
7: 8 9 10
8: 1 4 5 7 9 10
9: 2 4 6 7 8 10
10: 3 5 6 7 8 9

1: 2 3 4
2: 1 5 6
3: 1 7 8
4: 1 9 10
5: 2 6 9
6: 2 5 10
7: 3 8 9
8: 3 7 10
9: 4 5 7
10: 4 6 8

1: 7 8
2: 7 9
3: 8 10
4: 7 10
5: 8 9
6: 9 10
7: 1 2 4 9
8: 1 3 5 10
9: 2 5 6 7
10: 3 4 6 8

1: 10
2: 3 6
3: 2 7
4: 5 8
5: 4 9
6: 2 7 10
7: 3 6 10
8: 4 9 10
9: 5 8 10
10: 1 6 7 8 9

1: 8
2: 9
3: 9
4: 8
5: 6 7
6: 5 7 10
7: 5 6 10
8: 1 4 9 10
9: 2 3 8 10
10: 6 7 8 9

1: 9 10 11
2: 9 10 11
3: 9 10 11
4: 9 10 11
5: 9 10 11
6: 9 10 11
7: 9 10 11
8: 9 10 11
9: 1 2 3 4 5 6 7 8 10 11
10: 1 2 3 4 5 6 7 8 9 11
11: 1 2 3 4 5 6 7 8 9 10

1: 8
2: 9 10
3: 9 11
4: 10 11
5: 8 9 10
6: 8 9 11
7: 8 10 11
8: 1 5 6 7 9 10 11
9: 2 3 5 6 8 10 11
10: 2 4 5 7 8 9 11
11: 3 4 6 7 8 9 10

1: 8 10
2: 9 11
3: 9 11
4: 8 10
5: 6 7
6: 5 7 10 11
7: 5 6 10 11
8: 1 4 9 10
9: 2 3 8 11
10: 1 4 6 7 8 11
11: 2 3 6 7 9 10

1: 4 6
2: 5 7
3: 10 11
4: 1 8 10
5: 2 9 11
6: 1 8 11
7: 2 9 10
8: 4 6 10 11
9: 5 7 10 11
10: 3 4 7 8 9 11
11: 3 5 6 8 9 10

1: 10 11
2: 3 8
3: 2 9
4: 5 6 10
5: 4 7 11
6: 4 7 10
7: 5 6 11
8: 2 9 10 11
9: 3 8 10 11
10: 1 4 6 8 9 11
11: 1 5 7 8 9 10

1: 2 9
2: 1 9
3: 4 5 6
4: 3 7 8
5: 3 10 11
6: 3 10 11
7: 4 10 11
8: 4 10 11
9: 1 2 10 11
10: 5 6 7 8 9 11
11: 5 6 7 8 9 10

1: 8
2: 3 11
3: 2 11
4: 9 11
5: 6 7
6: 5 8 10
7: 5 9 10 11
8: 1 6 9 10
9: 4 7 8 10 11
10: 6 7 8 9 11
11: 2 3 4 7 9 10

1: 8
2: 9
3: 4 11
4: 3 11
5: 6 7 11
6: 5 8 10 11
7: 5 9 10 11
8: 1 6 9 10
9: 2 7 8 10
10: 6 7 8 9 11
11: 3 4 5 6 7 10

1: 10 11
2: 3 8
3: 2 9
4: 5 6 10
5: 4 7 11
6: 4 7 11
7: 5 6 10
8: 2 9 10 11
9: 3 8 10 11
10: 1 4 7 8 9 11
11: 1 5 6 8 9 10

1: 7 10
2: 8 11
3: 10 11
4: 10 11
5: 10 11
6: 10 11
7: 1 8 9
8: 2 7 9
9: 7 8 10 11
10: 1 3 4 5 6 9 11
11: 2 3 4 5 6 9 10

1: 10
2: 11
3: 11
4: 10
5: 6 7 8
6: 5 7 9
7: 5 6 8 9
8: 5 7 9 10 11
9: 6 7 8 10 11
10: 1 4 8 9 11
11: 2 3 8 9 10

1: 9
2: 9
3: 10
4: 11
5: 11
6: 10
7: 9 10 11
8: 9 10 11
9: 1 2 7 8 10 11
10: 3 6 7 8 9 11
11: 4 5 7 8 9 10

1: 10
2: 11
3: 11
4: 10
5: 10 11
6: 10 11
7: 10 11
8: 10 11
9: 10 11
10: 1 4 5 6 7 8 9 11
11: 2 3 5 6 7 8 9 10

1: 8 11
2: 3 11
3: 2 11
4: 5 9
5: 4 10
6: 7 9 11
7: 6 10 11
8: 1 9 10
9: 4 6 8
10: 5 7 8
11: 1 2 3 6 7

1: 2 11
2: 1 11
3: 7 9
4: 8 10
5: 7 10
6: 8 9
7: 3 5 8
8: 4 6 7
9: 3 6 10 11
10: 4 5 9 11
11: 1 2 9 10

1: 8
2: 9
3: 10
4: 8 11
5: 9 11
6: 10 11
7: 8 9 10
8: 1 4 7 11
9: 2 5 7 10
10: 3 6 7 9
11: 4 5 6 8

1: 9
2: 10
3: 11
4: 12
5: 9 10 11
6: 9 10 12
7: 9 11 12
8: 10 11 12
9: 1 5 6 7 10 11 12
10: 2 5 6 8 9 11 12
11: 3 5 7 8 9 10 12
12: 4 6 7 8 9 10 11

1: 11 12
2: 11 12
3: 11 12
4: 11 12
5: 11 12
6: 11 12
7: 11 12
8: 11 12
9: 11 12
10: 11 12
11: 1 2 3 4 5 6 7 8 9 10 12
12: 1 2 3 4 5 6 7 8 9 10 11

1: 2 9 10
2: 1 9 10
3: 4 9 10
4: 3 9 10
5: 6 11 12
6: 5 11 12
7: 8 11 12
8: 7 11 12
9: 1 2 3 4 10 11 12
10: 1 2 3 4 9 11 12
11: 5 6 7 8 9 10 12
12: 5 6 7 8 9 10 11

1: 2 11 12
2: 1 11 12
3: 4 11 12
4: 3 11 12
5: 6 11 12
6: 5 11 12
7: 8 11 12
8: 7 11 12
9: 10 11 12
10: 9 11 12
11: 1 2 3 4 5 6 7 8 9 10
12: 1 2 3 4 5 6 7 8 9 10

1: 2 11
2: 1 11
3: 4 12
4: 3 12
5: 9 10
6: 9 10
7: 8 11 12
8: 7 11 12
9: 5 6 10 11 12
10: 5 6 9 11 12
11: 1 2 7 8 9 10
12: 3 4 7 8 9 10

1: 9 10
2: 9 10
3: 9 11
4: 10 12
5: 10 12
6: 9 11
7: 11 12
8: 11 12
9: 1 2 3 6 10 11
10: 1 2 4 5 9 12
11: 3 6 7 8 9 12
12: 4 5 7 8 10 11

1: 11
2: 12
3: 12
4: 11
5: 11 12
6: 11 12
7: 8 9 10
8: 7 9 10
9: 7 8 11 12
10: 7 8 11 12
11: 1 4 5 6 9 10 12
12: 2 3 5 6 9 10 11

1: 2 12
2: 1 12
3: 4 12
4: 3 12
5: 6 12
6: 5 12
7: 8 11 12
8: 7 11 12
9: 10 11 12
10: 9 11 12
11: 7 8 9 10
12: 1 2 3 4 5 6 7 8 9 10

1: 11
2: 12
3: 4 8
4: 3 9
5: 6 7
6: 5 10 11
7: 5 10 12
8: 3 9 11 12
9: 4 8 11 12
10: 6 7 11 12
11: 1 6 8 9 10 12
12: 2 7 8 9 10 11

1: 10 11
2: 10 11
3: 10 11
4: 10 11
5: 6 9 12
6: 5 9 12
7: 8 9 12
8: 7 9 12
9: 5 6 7 8
10: 1 2 3 4 11 12
11: 1 2 3 4 10 12
12: 5 6 7 8 10 11

1: 11 12
2: 11 12
3: 4 5 11
4: 3 10 11
5: 3 10 11
6: 7 8 12
7: 6 9 12
8: 6 9 12
9: 7 8 12
10: 4 5 11
11: 1 2 3 4 5 10 12
12: 1 2 6 7 8 9 11

1: 2 12
2: 1 12
3: 4 12
4: 3 12
5: 7 8
6: 9 10
7: 5 8 11 12
8: 5 7 11 12
9: 6 10 11 12
10: 6 9 11 12
11: 7 8 9 10
12: 1 2 3 4 7 8 9 10

1: 11
2: 11 12
3: 11 12
4: 9 12
5: 10 12
6: 9 11 12
7: 10 11 12
8: 9 10 11
9: 4 6 8 10
10: 5 7 8 9
11: 1 2 3 6 7 8 12
12: 2 3 4 5 6 7 11

1: 9 11
2: 10 11
3: 10 11
4: 9 11
5: 6 7 12
6: 5 8 12
7: 5 8 12
8: 6 7 12
9: 1 4 10 11 12
10: 2 3 9 11 12
11: 1 2 3 4 9 10
12: 5 6 7 8 9 10

1: 9 10 11
2: 9 10 12
3: 9 11 12
4: 10 11 12
5: 10 11 12
6: 9 11 12
7: 9 10 12
8: 9 10 11
9: 1 2 3 6 7 8 10 11 12
10: 1 2 4 5 7 8 9 11 12
11: 1 3 4 5 6 8 9 10 12
12: 2 3 4 5 6 7 9 10 11

1: 9 10
2: 9 10
3: 11 12
4: 11 12
5: 6 7 9 10
6: 5 8 9 11
7: 5 8 10 12
8: 6 7 11 12
9: 1 2 5 6 10
10: 1 2 5 7 9
11: 3 4 6 8 12
12: 3 4 7 8 11

1: 6 12
2: 6 12
3: 7 12
4: 8 12
5: 9 12
6: 1 2
7: 3 10 11 12
8: 4 10 11 12
9: 5 10 11 12
10: 7 8 9 11
11: 7 8 9 10
12: 1 2 3 4 5 7 8 9

1: 9 11
2: 10 12
3: 9 12
4: 10 11
5: 6 7 12
6: 5 8 12
7: 5 8 11
8: 6 7 11
9: 1 3 10
10: 2 4 9
11: 1 4 7 8
12: 2 3 5 6

1: 9 10 11
2: 9 10 12
3: 9 10 12
4: 9 10 11
5: 6 7 8
6: 5 7 8
7: 5 6 11 12
8: 5 6 11 12
9: 1 2 3 4 10
10: 1 2 3 4 9
11: 1 4 7 8 12
12: 2 3 7 8 11

1: 7 8
2: 9 10
3: 9 10
4: 11 12
5: 11 12
6: 7 8
7: 1 6 8 9 11
8: 1 6 7 10 12
9: 2 3 7 10 11
10: 2 3 8 9 12
11: 4 5 7 9 12
12: 4 5 8 10 11

1: 2 11
2: 1 12
3: 4 12
4: 3 11
5: 9 10
6: 9 10
7: 8 11 12
8: 7 11 12
9: 5 6 10 11 12
10: 5 6 9 11 12
11: 1 4 7 8 9 10
12: 2 3 7 8 9 10

1: 9 11
2: 10 12
3: 9 12
4: 10 11
5: 6 7 12
6: 5 8 12
7: 5 8 11
8: 6 7 11
9: 1 3 10 11 12
10: 2 4 9 11 12
11: 1 4 7 8 9 10
12: 2 3 5 6 9 10

1: 7 8
2: 9 10
3: 9 10
4: 11 12
5: 11 12
6: 7 8
7: 1 6 8 9 12
8: 1 6 7 10 11
9: 2 3 7 10 11
10: 2 3 8 9 12
11: 4 5 8 9 12
12: 4 5 7 10 11

1: 9 11
2: 10 12
3: 10 12
4: 9 11
5: 7 8 12
6: 7 8 12
7: 5 6 11
8: 5 6 11
9: 1 4 10 11 12
10: 2 3 9 11 12
11: 1 4 7 8 9 10
12: 2 3 5 6 9 10

1: 7 10 12
2: 7 10 12
3: 8 11 12
4: 8 11 12
5: 7 9 10 12
6: 8 9 11 12
7: 1 2 5 10
8: 3 4 6 11
9: 5 6 10 11 12
10: 1 2 5 7 9 12
11: 3 4 6 8 9 12
12: 1 2 3 4 5 6 9 10 11

1: 3 4
2: 5 6
3: 1 5 7
4: 1 6 7
5: 2 3 7
6: 2 4 7
7: 3 4 5 6

1: 4 5
2: 3 6 7
3: 2 6 8
4: 1 5 7 8
5: 1 4 7 8
6: 2 3 7 8
7: 2 4 5 6 8
8: 3 4 5 6 7

1: 2 7 8
2: 1 7 8
3: 4 7 8
4: 3 7 8
5: 6 7 8
6: 5 7 8
7: 1 2 3 4 5 6
8: 1 2 3 4 5 6

1: 2 7
2: 1 8
3: 4 7 8
4: 3 7 8
5: 6 7 8
6: 5 7 8
7: 1 3 4 5 6 8
8: 2 3 4 5 6 7

1: 5 6
2: 5 7
3: 6 8
4: 7 8
5: 1 2 6 7 8
6: 1 3 5 7 8
7: 2 4 5 6 8
8: 3 4 5 6 7

1: 8
2: 8
3: 6 7
4: 6 7 8
5: 6 7 8
6: 3 4 5 7 8
7: 3 4 5 6 8
8: 1 2 4 5 6 7

1: 2 7
2: 1 7
3: 4 8
4: 3 8
5: 6 7 8
6: 5 7 8
7: 1 2 5 6
8: 3 4 5 6

1: 5
2: 6
3: 4 7
4: 3 8
5: 1 7 8
6: 2 7 8
7: 3 5 6 8
8: 4 5 6 7

1: 7
2: 8
3: 8
4: 7
5: 7 8
6: 7 8
7: 1 4 5 6 8
8: 2 3 5 6 7

1: 2 9
2: 1 9
3: 4 7 9
4: 3 8 9
5: 6 7 8
6: 5 7 8
7: 3 5 6 8 9
8: 4 5 6 7 9
9: 1 2 3 4 7 8

1: 2 3 9
2: 1 8 9
3: 1 8 9
4: 5 6 9
5: 4 7 9
6: 4 7 9
7: 5 6 9
8: 2 3 9
9: 1 2 3 4 5 6 7 8

1: 6 7
2: 6 7
3: 8 9
4: 8 9
5: 6 7 8 9
6: 1 2 5 7 8
7: 1 2 5 6 9
8: 3 4 5 6 9
9: 3 4 5 7 8

1: 8 9
2: 8 9
3: 8 9
4: 5 6 7
5: 4 6 7
6: 4 5 8 9
7: 4 5 8 9
8: 1 2 3 6 7 9
9: 1 2 3 6 7 8

1: 7 8
2: 7 9
3: 8 9
4: 8 9
5: 7 9
6: 7 8
7: 1 2 5 6 8 9
8: 1 3 4 6 7 9
9: 2 3 4 5 7 8

1: 8
2: 9
3: 8 9
4: 5 6 7
5: 4 6 7
6: 4 5 8
7: 4 5 9
8: 1 3 6 9
9: 2 3 7 8

1: 32
2: 31
3: 4 38
4: 3 38
5: 6 37
6: 5 37
7: 8 36
8: 7 36
9: 10 35
10: 9 35
11: 20 40
12: 19 39
13: 22 38
14: 21 37
15: 24 32
16: 23 31
17: 28 39
18: 27 40
19: 12 33 37 39
20: 11 34 38 40
21: 14 33 37 41
22: 13 34 38 42
23: 16 31 36 42
24: 15 32 35 41
25: 29 36 42 44
26: 30 35 41 43
27: 18 29 40 44
28: 17 30 39 43
29: 25 27 30 44
30: 26 28 29 43
31: 2 16 23 36
32: 1 15 24 35
33: 19 21 37 39 41 43
34: 20 22 38 40 42 44
35: 9 10 24 26 32 41
36: 7 8 23 25 31 42
37: 5 6 14 19 21 33
38: 3 4 13 20 22 34
39: 12 17 19 28 33 43
40: 11 18 20 27 34 44
41: 21 24 26 33 35 43
42: 22 23 25 34 36 44
43: 26 28 30 33 39 41
44: 25 27 29 34 40 42

1: 5 14
2: 4 14
3: 10 13
4: 2 12
5: 1 10
6: 9 13 14
7: 8 9 13
8: 7 11 12
9: 6 7 12
10: 3 5 11
11: 8 10 13 14
12: 4 8 9 14
13: 3 6 7 11
14: 1 2 6 11 12

1: 4
2: 4
3: 6 7 8
4: 1 2 5
5: 4 6 7 8
6: 3 5 7 8
7: 3 5 6 8
8: 3 5 6 7

1: 5 7 9
2: 6 8 9
3: 5 8 9
4: 6 7 9
5: 1 3 7 8
6: 2 4 7 8
7: 1 4 5 6 9
8: 2 3 5 6 9
9: 1 2 3 4 7 8

1: 18
2: 17
3: 4 40
4: 3 40
5: 6 39
6: 5 39
7: 8 38
8: 7 38
9: 10 37
10: 9 37
11: 30 31
12: 29 32
13: 20 44
14: 19 43
15: 21 38
16: 22 37
17: 2 32
18: 1 31
19: 14 35 41 43
20: 13 36 42 44
21: 15 33 36 38
22: 16 34 35 37
23: 25 40 41 43
24: 26 39 42 44
25: 23 33 38 41
26: 24 34 37 42
27: 30 31 39 44
28: 29 32 40 43
29: 12 28 32 40
30: 11 27 31 39
31: 11 18 27 30
32: 12 17 28 29
33: 21 25 35 36 38 41
34: 22 26 35 36 37 42
35: 19 22 33 34 36 41
36: 20 21 33 34 35 42
37: 9 10 16 22 26 34
38: 7 8 15 21 25 33
39: 5 6 24 27 30 44
40: 3 4 23 28 29 43
41: 19 23 25 33 35 43
42: 20 24 26 34 36 44
43: 14 19 23 28 40 41
44: 13 20 24 27 39 42

1: 7
2: 8
3: 4 5 7
4: 3 6 7
5: 3 6 8
6: 4 5 8
7: 1 3 4 8
8: 2 5 6 7

1: 2 3 4
2: 1 19 20
3: 1 4 21
4: 1 3 22
5: 6 7 18
6: 5 17 21
7: 5 17 22
8: 9 10 17
9: 8 10 16
10: 8 9 15
11: 12 13 16
12: 11 13 16
13: 11 12 15
14: 15 21 22
15: 10 13 14
16: 9 11 12
17: 6 7 8
18: 5 19 20
19: 2 18 20
20: 2 18 19
21: 3 6 14
22: 4 7 14

1: 2 3 4
2: 1 5 6
3: 1 4 7
4: 1 3 8
5: 2 6 7
6: 2 5 8
7: 3 5 8
8: 4 6 7

1: 2 3 4
2: 1 4 7
3: 1 4 8
4: 1 2 3
5: 6 7 8
6: 5 7 8
7: 2 5 6
8: 3 5 6

1: 7
2: 4
3: 5
4: 2 6 7
5: 3 6 7
6: 4 5 7
7: 1 4 5 6

1: 8
2: 6
3: 7
4: 5 6 8
5: 4 7 8
6: 2 4 8
7: 3 5 8
8: 1 4 5 6 7

1: 7 8
2: 4 7
3: 5 8
4: 2 6 7 8
5: 3 6 7 8
6: 4 5 7 8
7: 1 2 4 5 6 8
8: 1 3 4 5 6 7

1: 2 5 7
2: 1 6 7
3: 4 6 7
4: 3 5 7
5: 1 4 6
6: 2 3 5
7: 1 2 3 4

1: 2 6
2: 1 7
3: 6 7
4: 6 7
5: 6 7
6: 1 3 4 5 7
7: 2 3 4 5 6

1: 7
2: 6 7
3: 5 6 7
4: 5 6 7
5: 3 4 7
6: 2 3 4
7: 1 2 3 4 5

1: 7
2: 5 7
3: 6 7
4: 5 6 7
5: 2 4 6
6: 3 4 5
7: 1 2 3 4

1: 5 7
2: 5 7
3: 6 7
4: 6 7
5: 1 2 6
6: 3 4 5 7
7: 1 2 3 4 6

1: 6 7
2: 6 7
3: 4 6
4: 3 5 7
5: 4 6 7
6: 1 2 3 5 7
7: 1 2 4 5 6

1: 6
2: 4 7
3: 5 7
4: 2 6 7
5: 3 6 7
6: 1 4 5 7
7: 2 3 4 5 6

1: 3 4 5
2: 3 4 6
3: 1 2 7
4: 1 2 8
5: 1 7 8
6: 2 7 8
7: 3 5 6 8
8: 4 5 6 7

1: 5 6 8
2: 5 7 8
3: 6 7 8
4: 5 6 7
5: 1 2 4 8
6: 1 3 4 8
7: 2 3 4 8
8: 1 2 3 5 6 7

1: 5 7
2: 6 8
3: 4 7 8
4: 3 5 6
5: 1 4 8
6: 2 4 7
7: 1 3 6 8
8: 2 3 5 7

1: 6 8
2: 7 8
3: 4 5 8
4: 3 5 6
5: 3 4 7
6: 1 4 7
7: 2 5 6
8: 1 2 3

1: 6 7
2: 3 6 8
3: 2 7 8
4: 5 7 8
5: 4 6 8
6: 1 2 5
7: 1 3 4
8: 2 3 4 5

1: 2 3
2: 1 6 8
3: 1 7 8
4: 5 6 8
5: 4 7 8
6: 2 4 7
7: 3 5 6
8: 2 3 4 5

1: 2 3 8
2: 1 6 8
3: 1 7 8
4: 5 6 8
5: 4 7 8
6: 2 4 7
7: 3 5 6
8: 1 2 3 4 5

1: 2 3 8
2: 1 4 7
3: 1 5 7
4: 2 6 8
5: 3 7 8
6: 4 7 8
7: 2 3 5 6
8: 1 4 5 6

1: 2 3 6
2: 1 4 7
3: 1 5 8
4: 2 5 7
5: 3 4 8
6: 1 7 8
7: 2 4 6 8
8: 3 5 6 7

1: 2 5 6
2: 1 5 7
3: 5 6 8
4: 5 7 8
5: 1 2 3 4
6: 1 3 7 8
7: 2 4 6 8
8: 3 4 6 7

1: 5 7 8
2: 6 7 8
3: 4 5 7
4: 3 6 7
5: 1 3 6 8
6: 2 4 5 8
7: 1 2 3 4 8
8: 1 2 5 6 7

1: 6
2: 7
3: 4 5
4: 3 6 7
5: 3 6 7
6: 1 4 5 7
7: 2 4 5 6

1: 6 7
2: 4 6
3: 4 7
4: 2 3 5
5: 4 6 7
6: 1 2 5 7
7: 1 3 5 6

1: 5 7
2: 6 7
3: 5 6
4: 5 6
5: 1 3 4 7
6: 2 3 4 7
7: 1 2 5 6

1: 5 7
2: 6 7
3: 5 6
4: 5 6 7
5: 1 3 4 7
6: 2 3 4 7
7: 1 2 4 5 6

1: 5 7
2: 6 7
3: 5 6 7
4: 5 6 7
5: 1 3 4 6
6: 2 3 4 5
7: 1 2 3 4

1: 5 7
2: 6 7
3: 5 6 7
4: 5 6 7
5: 1 3 4 6
6: 2 3 4 5 7
7: 1 2 3 4 6

1: 5 6
2: 5 7
3: 6 7
4: 5 6 7
5: 1 2 4 6 7
6: 1 3 4 5 7
7: 2 3 4 5 6

1: 5 6
2: 5 6 7
3: 5 6 7
4: 5 6 7
5: 1 2 3 4 7
6: 1 2 3 4 7
7: 2 3 4 5 6

1: 2 6
2: 1 7
3: 4 7
4: 3 6
5: 6 7
6: 1 4 5 7
7: 2 3 5 6

1: 6 7
2: 4 7
3: 5 7
4: 2 6 7
5: 3 6 7
6: 1 4 5
7: 1 2 3 4 5

1: 7
2: 4 6
3: 5 6
4: 2 5 7
5: 3 4 7
6: 2 3 7
7: 1 4 5 6

1: 7
2: 3 4
3: 2 5 7
4: 2 6 7
5: 3 6 7
6: 4 5 7
7: 1 3 4 5 6

1: 7
2: 3 4 7
3: 2 5 7
4: 2 6 7
5: 3 6 7
6: 4 5 7
7: 1 2 3 4 5 6

1: 6 7
2: 4 6
3: 5 7
4: 2 5 7
5: 3 4 6
6: 1 2 5 7
7: 1 3 4 6

1: 5 7
2: 6 7
3: 4 5 7
4: 3 6 7
5: 1 3 6
6: 2 4 5 7
7: 1 2 3 4 6

1: 6 7
2: 4 5
3: 5 6 7
4: 2 6 7
5: 2 3 7
6: 1 3 4
7: 1 3 4 5

1: 6 7
2: 4 6 7
3: 5 6 7
4: 2 5 7
5: 3 4 7
6: 1 2 3
7: 1 2 3 4 5

1: 6 7
2: 4 6
3: 5 6
4: 2 5 7
5: 3 4 7
6: 1 2 3 7
7: 1 4 5 6

1: 4 7
2: 5 7
3: 6 7
4: 1 5 6
5: 2 4 6 7
6: 3 4 5 7
7: 1 2 3 5 6

1: 6 7
2: 3 4 6
3: 2 5 7
4: 2 6 7
5: 3 6 7
6: 1 2 4 5
7: 1 3 4 5

1: 6 7
2: 3 4 6
3: 2 5 7
4: 2 6 7
5: 3 6 7
6: 1 2 4 5 7
7: 1 3 4 5 6

1: 4 7
2: 5 6 7
3: 5 6 7
4: 1 6 7
5: 2 3 7
6: 2 3 4
7: 1 2 3 4 5

1: 2 5 6
2: 1 5 7
3: 5 6 7
4: 5 6 7
5: 1 2 3 4
6: 1 3 4 7
7: 2 3 4 6

1: 4 5 7
2: 5 6 7
3: 5 6 7
4: 1 6 7
5: 1 2 3 6
6: 2 3 4 5 7
7: 1 2 3 4 6

1: 5 6
2: 3 5 7
3: 2 6 7
4: 5 6 7
5: 1 2 4 6 7
6: 1 3 4 5 7
7: 2 3 4 5 6

1: 6 7
2: 5 7
3: 4 6 7
4: 3 5 6
5: 2 4 6 7
6: 1 3 4 5
7: 1 2 3 5

1: 4 5 6
2: 5 6 7
3: 5 6 7
4: 1 5 6 7
5: 1 2 3 4 7
6: 1 2 3 4 7
7: 2 3 4 5 6

1: 6 7
2: 4 5 6
3: 4 5 7
4: 2 3 6 7
5: 2 3 6 7
6: 1 2 4 5 7
7: 1 3 4 5 6

1: 3 6
2: 4 7
3: 1 5 7
4: 2 5 6
5: 3 4 6 7
6: 1 4 5 7
7: 2 3 5 6

1: 3 5 7
2: 4 5 7
3: 1 6 7
4: 2 6 7
5: 1 2 6
6: 3 4 5 7
7: 1 2 3 4 6

1: 4 5
2: 4 6 7
3: 5 6 7
4: 1 2 6 7
5: 1 3 6 7
6: 2 3 4 5
7: 2 3 4 5

1: 4 5
2: 5 6 7
3: 4 5 7
4: 1 3 6 7
5: 1 2 3 6
6: 2 4 5 7
7: 2 3 4 6

1: 4 5 7
2: 4 6 7
3: 4 5 6
4: 1 2 3 7
5: 1 3 6 7
6: 2 3 5 7
7: 1 2 4 5 6

1: 4 5
2: 4 6 8
3: 5 7 8
4: 1 2 6 7
5: 1 3 6 7
6: 2 4 5 8
7: 3 4 5 8
8: 2 3 6 7

1: 8
2: 6 8
3: 5 8
4: 5 7
5: 3 4
6: 2 7
7: 4 6 8
8: 1 2 3 7

1: 2 3
2: 1 4
3: 1 7
4: 2 8
5: 7 8
6: 7 8
7: 3 5 6
8: 4 5 6

1: 7 8
2: 7 8
3: 4 8
4: 3 6
5: 6 7
6: 4 5 8
7: 1 2 5 8
8: 1 2 3 6 7

1: 7
2: 8
3: 4 5
4: 3 6
5: 3 7 8
6: 4 7 8
7: 1 5 6 8
8: 2 5 6 7

1: 3 6
2: 6 7
3: 1 8
4: 7 8
5: 7 8
6: 1 2 7 8
7: 2 4 5 6 8
8: 3 4 5 6 7

1: 8
2: 7
3: 4 5 7
4: 3 6 8
5: 3 7 8
6: 4 7 8
7: 2 3 5 6 8
8: 1 4 5 6 7

1: 8
2: 7 8
3: 4 7
4: 3 6 8
5: 6 7 8
6: 4 5 7 8
7: 2 3 5 6 8
8: 1 2 4 5 6 7

1: 7 8
2: 7 8
3: 4 7
4: 3 5
5: 4 6 8
6: 5 7 8
7: 1 2 3 6 8
8: 1 2 5 6 7

1: 6
2: 7 8
3: 7 8
4: 5 8
5: 4 6 7 8
6: 1 5 7 8
7: 2 3 5 6
8: 2 3 4 5 6

1: 7 8
2: 7 8
3: 5 7
4: 6 8
5: 3 6 7 8
6: 4 5 7 8
7: 1 2 3 5 6
8: 1 2 4 5 6

1: 6 7
2: 7 8
3: 7 8
4: 5 6 8
5: 4 7 8
6: 1 4 7 8
7: 1 2 3 5 6 8
8: 2 3 4 5 6 7

1: 2 3
2: 1 7
3: 1 8
4: 5 7
5: 4 8
6: 7 8
7: 2 4 6
8: 3 5 6

1: 2 3
2: 1 7
3: 1 8
4: 5 7
5: 4 8
6: 7 8
7: 2 4 6 8
8: 3 5 6 7

1: 8
2: 4 8
3: 7 8
4: 2 6
5: 6 7 8
6: 4 5 7
7: 3 5 6
8: 1 2 3 5

1: 7
2: 6 8
3: 4 5
4: 3 7 8
5: 3 7 8
6: 2 7 8
7: 1 4 5 6
8: 2 4 5 6

1: 6 7
2: 6 8
3: 4 7
4: 3 8
5: 7 8
6: 1 2 7 8
7: 1 3 5 6 8
8: 2 4 5 6 7

1: 7
2: 8
3: 4 6
4: 3 7 8
5: 6 7 8
6: 3 5 7 8
7: 1 4 5 6
8: 2 4 5 6

1: 7 8
2: 5 8
3: 6 8
4: 5 6 8
5: 2 4 7 8
6: 3 4 7 8
7: 1 5 6 8
8: 1 2 3 4 5 6 7

1: 7 8
2: 4 7
3: 6 8
4: 2 6
5: 6 7 8
6: 3 4 5
7: 1 2 5 8
8: 1 3 5 7

1: 6 8
2: 7 8
3: 4 6
4: 3 7
5: 6 7 8
6: 1 3 5 8
7: 2 4 5 8
8: 1 2 5 6 7

1: 6
2: 7 8
3: 6 7
4: 5 7 8
5: 4 6 8
6: 1 3 5 8
7: 2 3 4 8
8: 2 4 5 6 7

1: 7 8
2: 6 8
3: 4 6
4: 3 7 8
5: 6 7 8
6: 2 3 5 8
7: 1 4 5 8
8: 1 2 4 5 6 7

1: 6 8
2: 7 8
3: 6 7
4: 5 6 8
5: 4 7 8
6: 1 3 4 8
7: 2 3 5 8
8: 1 2 4 5 6 7

1: 6 8
2: 7 8
3: 4 6 8
4: 3 7 8
5: 6 7 8
6: 1 3 5 8
7: 2 4 5 8
8: 1 2 3 4 5 6 7

1: 7 8
2: 7 8
3: 6 8
4: 5 6 8
5: 4 6 7
6: 3 4 5 7 8
7: 1 2 5 6 8
8: 1 2 3 4 6 7

1: 7
2: 6 8
3: 5 6 8
4: 6 7 8
5: 3 7 8
6: 2 3 4 7
7: 1 4 5 6 8
8: 2 3 4 5 7

1: 6
2: 6 7
3: 7 8
4: 5 6 8
5: 4 7 8
6: 1 2 4 7 8
7: 2 3 5 6 8
8: 3 4 5 6 7

1: 6 8
2: 7 8
3: 6 7
4: 5 6 8
5: 4 7 8
6: 1 3 4 7 8
7: 2 3 5 6 8
8: 1 2 4 5 6 7

1: 2 7
2: 1 8
3: 6 7
4: 6 8
5: 6 7 8
6: 3 4 5
7: 1 3 5 8
8: 2 4 5 7

1: 2 8
2: 1 7
3: 6 8
4: 6 7
5: 6 7
6: 3 4 5 8
7: 2 4 5 8
8: 1 3 6 7

1: 7 8
2: 5 8
3: 6 7 8
4: 6 7 8
5: 2 6 8
6: 3 4 5
7: 1 3 4
8: 1 2 3 4 5

1: 6 8
2: 3 8
3: 2 7
4: 6 7
5: 6 7 8
6: 1 4 5 8
7: 3 4 5 8
8: 1 2 5 6 7

1: 2 6
2: 1 7
3: 6 8
4: 7 8
5: 6 7 8
6: 1 3 5 7 8
7: 2 4 5 6 8
8: 3 4 5 6 7

1: 8
2: 6 8
3: 5 7 8
4: 6 7 8
5: 3 6 7
6: 2 4 5 8
7: 3 4 5 8
8: 1 2 3 4 6 7

1: 7 8
2: 7 8
3: 5 8
4: 5 6 8
5: 3 4 6
6: 4 5 7
7: 1 2 6 8
8: 1 2 3 4 7

1: 4 8
2: 7 8
3: 7 8
4: 1 5 6
5: 4 6 7
6: 4 5 7 8
7: 2 3 5 6 8
8: 1 2 3 6 7

1: 4 5
2: 7 8
3: 7 8
4: 1 6 7
5: 1 6 8
6: 4 5 7 8
7: 2 3 4 6 8
8: 2 3 5 6 7

1: 7 8
2: 7 8
3: 4 5 7
4: 3 6 8
5: 3 6 7
6: 4 5 8
7: 1 2 3 5 8
8: 1 2 4 6 7

1: 8
2: 3 7
3: 2 5
4: 5 6
5: 3 4 8
6: 4 7 8
7: 2 6 8
8: 1 5 6 7

1: 8
2: 3 6
3: 2 7
4: 5 6 8
5: 4 7 8
6: 2 4 8
7: 3 5 8
8: 1 4 5 6 7

1: 8
2: 4 5
3: 6 7
4: 2 6 8
5: 2 7 8
6: 3 4 8
7: 3 5 8
8: 1 4 5 6 7

1: 8
2: 3 4
3: 2 6 8
4: 2 7 8
5: 6 7 8
6: 3 5 8
7: 4 5 8
8: 1 3 4 5 6 7

1: 8
2: 3 4 8
3: 2 6 8
4: 2 7 8
5: 6 7 8
6: 3 5 8
7: 4 5 8
8: 1 2 3 4 5 6 7

1: 7
2: 4 6
3: 5 6
4: 2 7 8
5: 3 7 8
6: 2 3 8
7: 1 4 5 8
8: 4 5 6 7

1: 8
2: 5 6
3: 4 6 8
4: 3 7 8
5: 2 7 8
6: 2 3 7
7: 4 5 6 8
8: 1 3 4 5 7

1: 7 8
2: 3 6
3: 2 5
4: 6 7 8
5: 3 7 8
6: 2 4 8
7: 1 4 5
8: 1 4 5 6

1: 7 8
2: 3 5
3: 2 7 8
4: 6 7 8
5: 2 6 8
6: 4 5 8
7: 1 3 4
8: 1 3 4 5 6

1: 6 8
2: 7 8
3: 4 5
4: 3 6 8
5: 3 7 8
6: 1 4 7 8
7: 2 5 6 8
8: 1 2 4 5 6 7

1: 8
2: 6 7
3: 4 7 8
4: 3 5 8
5: 4 6 7 8
6: 2 5 7 8
7: 2 3 5 6
8: 1 3 4 5 6

1: 7 8
2: 5 8
3: 4 6
4: 3 7 8
5: 2 6 7 8
6: 3 5 7 8
7: 1 4 5 6
8: 1 2 4 5 6

1: 6
2: 7 8
3: 4 7 8
4: 3 5 8
5: 4 6 7 8
6: 1 5 7 8
7: 2 3 5 6
8: 2 3 4 5 6

1: 7
2: 6 8
3: 4 6 7
4: 3 5 8
5: 4 7 8
6: 2 3 7 8
7: 1 3 5 6 8
8: 2 4 5 6 7

1: 7 8
2: 5 6
3: 5 7 8
4: 6 7 8
5: 2 3 7
6: 2 4 8
7: 1 3 4 5
8: 1 3 4 6

1: 7 8
2: 5 6
3: 5 7 8
4: 6 7 8
5: 2 3 7
6: 2 4 8
7: 1 3 4 5 8
8: 1 3 4 6 7

1: 8
2: 5 7 8
3: 6 7 8
4: 5 6 8
5: 2 4 7 8
6: 3 4 7 8
7: 2 3 5 6
8: 1 2 3 4 5 6

1: 8
2: 5 6 8
3: 5 7 8
4: 6 7 8
5: 2 3 7
6: 2 4 7 8
7: 3 4 5 6 8
8: 1 2 3 4 6 7

1: 6
2: 7 8
3: 4 8
4: 3 5 7 8
5: 4 6 7 8
6: 1 5 7 8
7: 2 4 5 6
8: 2 3 4 5 6

1: 6 8
2: 5 8
3: 7 8
4: 5 6 7
5: 2 4 7
6: 1 4 7 8
7: 3 4 5 6 8
8: 1 2 3 6 7

1: 4 8
2: 6 8
3: 7 8
4: 1 5 7
5: 4 6 7 8
6: 2 5 7 8
7: 3 4 5 6 8
8: 1 2 3 5 6 7

1: 7 8
2: 5 8
3: 6 8
4: 5 6 7
5: 2 4 7 8
6: 3 4 7 8
7: 1 4 5 6 8
8: 1 2 3 5 6 7

1: 7 8
2: 4 8
3: 5 8
4: 2 6 7 8
5: 3 6 7 8
6: 4 5 7 8
7: 1 4 5 6 8
8: 1 2 3 4 5 6 7

1: 7 8
2: 4 6 7
3: 5 6 8
4: 2 7 8
5: 3 7 8
6: 2 3 7 8
7: 1 2 4 5 6 8
8: 1 3 4 5 6 7

1: 7 8
2: 5 7
3: 4 6 8
4: 3 7 8
5: 2 6 7 8
6: 3 5 7 8
7: 1 2 4 5 6
8: 1 3 4 5 6

1: 7 8
2: 4 7
3: 5 8
4: 2 6 7 8
5: 3 6 7 8
6: 4 5 7 8
7: 1 2 4 5 6
8: 1 3 4 5 6

1: 7 8
2: 5 7 8
3: 6 7 8
4: 5 6 8
5: 2 4 7 8
6: 3 4 7 8
7: 1 2 3 5 6
8: 1 2 3 4 5 6

1: 7 8
2: 7 8
3: 4 5
4: 3 6
5: 3 6 7
6: 4 5 8
7: 1 2 5 8
8: 1 2 6 7

1: 7 8
2: 7 8
3: 5 6
4: 5 6 8
5: 3 4 8
6: 3 4 7
7: 1 2 6 8
8: 1 2 4 5 7

1: 7
2: 8
3: 4 5
4: 3 6 7 8
5: 3 6 7 8
6: 4 5 7 8
7: 1 4 5 6
8: 2 4 5 6

1: 7 8
2: 4 8
3: 5 6
4: 2 5 6
5: 3 4 7 8
6: 3 4 7 8
7: 1 5 6 8
8: 1 2 5 6 7

1: 6 8
2: 7 8
3: 4 5
4: 3 6 7 8
5: 3 6 7 8
6: 1 4 5 8
7: 2 4 5 8
8: 1 2 4 5 6 7

1: 7 8
2: 4 7
3: 5 6 8
4: 2 5 6
5: 3 4 7 8
6: 3 4 7 8
7: 1 2 5 6 8
8: 1 3 5 6 7

1: 4 8
2: 7 8
3: 5 6 7
4: 1 5 6
5: 3 4 7 8
6: 3 4 7 8
7: 2 3 5 6
8: 1 2 5 6

1: 7 8
2: 4 6
3: 6 7 8
4: 2 5 8
5: 4 6 7 8
6: 2 3 5 7
7: 1 3 5 6 8
8: 1 3 4 5 7

1: 7 8
2: 7 8
3: 4 5 6
4: 3 6 7
5: 3 6 8
6: 3 4 5 7 8
7: 1 2 4 6 8
8: 1 2 5 6 7

1: 2 3
2: 1 6 8
3: 1 7 8
4: 6 7 8
5: 6 7 8
6: 2 4 5 7 8
7: 3 4 5 6 8
8: 2 3 4 5 6 7

1: 7 8
2: 7 8
3: 4 5
4: 3 5 6 7
5: 3 4 6 8
6: 4 5 7 8
7: 1 2 4 6 8
8: 1 2 5 6 7

1: 7
2: 5 7 8
3: 6 7 8
4: 5 6 8
5: 2 4 6
6: 3 4 5
7: 1 2 3 8
8: 2 3 4 7

1: 6 7
2: 4 6
3: 5 7
4: 2 5 8
5: 3 4 8
6: 1 2 7 8
7: 1 3 6 8
8: 4 5 6 7

1: 4 8
2: 6 8
3: 4 5 8
4: 1 3 7
5: 3 6 7
6: 2 5 7 8
7: 4 5 6 8
8: 1 2 3 6 7

1: 4 8
2: 6 8
3: 6 7 8
4: 1 5 7
5: 4 6 7
6: 2 3 5 8
7: 3 4 5 8
8: 1 2 3 6 7

1: 5
2: 7 8
3: 6 7 8
4: 5 6 7
5: 1 4 6 8
6: 3 4 5 8
7: 2 3 4 8
8: 2 3 5 6 7

1: 7 8
2: 6 8
3: 5 7 8
4: 5 6 7
5: 3 4 6 8
6: 2 4 5 8
7: 1 3 4 8
8: 1 2 3 5 6 7

1: 6 8
2: 5 7
3: 5 6 8
4: 6 7 8
5: 2 3 7 8
6: 1 3 4 7
7: 2 4 5 6 8
8: 1 3 4 5 7

1: 5 8
2: 7 8
3: 6 7 8
4: 5 6 7
5: 1 4 6
6: 3 4 5 7 8
7: 2 3 4 6 8
8: 1 2 3 6 7

1: 6 8
2: 5 6 8
3: 6 7 8
4: 5 7 8
5: 2 4 7 8
6: 1 2 3 7
7: 3 4 5 6 8
8: 1 2 3 4 5 7

1: 8
2: 6
3: 7 8
4: 7 8
5: 6 7
6: 2 5 8
7: 3 4 5 8
8: 1 3 4 6 7

1: 5 8
2: 6 7
3: 5 7 8
4: 6 7 8
5: 1 3 6
6: 2 4 5 7 8
7: 2 3 4 6 8
8: 1 3 4 6 7

1: 5 7
2: 6 8
3: 5 7 8
4: 6 7 8
5: 1 3 6 7
6: 2 4 5 8
7: 1 3 4 5 8
8: 2 3 4 6 7

1: 5 8
2: 5 7 8
3: 6 7 8
4: 6 7 8
5: 1 2 6 8
6: 3 4 5 7 8
7: 2 3 4 6 8
8: 1 2 3 4 5 6 7

1: 7
2: 6 7 8
3: 5 6 8
4: 5 6 8
5: 3 4 7 8
6: 2 3 4 7
7: 1 2 5 6 8
8: 2 3 4 5 7

1: 6 8
2: 7 8
3: 5 6 8
4: 5 7 8
5: 3 4 6 7
6: 1 3 5 7 8
7: 2 4 5 6 8
8: 1 2 3 4 6 7

1: 6 8
2: 4 7
3: 6 7 8
4: 2 5 7 8
5: 4 6 7 8
6: 1 3 5 7 8
7: 2 3 4 5 6
8: 1 3 4 5 6

1: 5
2: 6
3: 4 8
4: 3 7 8
5: 1 7 8
6: 2 7 8
7: 4 5 6
8: 3 4 5 6

1: 4 8
2: 5 8
3: 6 8
4: 1 7
5: 2 7 8
6: 3 7 8
7: 4 5 6 8
8: 1 2 3 5 6 7

1: 4 8
2: 5 8
3: 6 8
4: 1 7 8
5: 2 7 8
6: 3 7 8
7: 4 5 6 8
8: 1 2 3 4 5 6 7

1: 4
2: 5 7
3: 6 8
4: 1 7 8
5: 2 7 8
6: 3 7 8
7: 2 4 5 6
8: 3 4 5 6

1: 3 8
2: 4 8
3: 1 6
4: 2 7
5: 6 7
6: 3 5 7 8
7: 4 5 6 8
8: 1 2 6 7

1: 2 5
2: 1 6
3: 5 7
4: 5 8
5: 1 3 4
6: 2 7 8
7: 3 6 8
8: 4 6 7

1: 2 7
2: 1 8
3: 4 5
4: 3 6
5: 3 7 8
6: 4 7 8
7: 1 5 6 8
8: 2 5 6 7

1: 8
2: 7
3: 6 8
4: 6 8
5: 7 8
6: 3 4 7
7: 2 5 6 8
8: 1 3 4 5 7

1: 7 8
2: 3 7
3: 2 6
4: 5 7
5: 4 6 8
6: 3 5 8
7: 1 2 4 8
8: 1 5 6 7

1: 4 8
2: 6 8
3: 7 8
4: 1 5
5: 4 6 7
6: 2 5 7 8
7: 3 5 6 8
8: 1 2 3 6 7

1: 4 8
2: 6 8
3: 7 8
4: 1 5
5: 4 6 7 8
6: 2 5 7 8
7: 3 5 6 8
8: 1 2 3 5 6 7

1: 2 8
2: 1 7
3: 4 5 7
4: 3 6 8
5: 3 7 8
6: 4 7 8
7: 2 3 5 6 8
8: 1 4 5 6 7

1: 5 8
2: 3 7
3: 2 6 8
4: 6 7 8
5: 1 7 8
6: 3 4 7 8
7: 2 4 5 6 8
8: 1 3 4 5 6 7

1: 2 3
2: 1 7
3: 1 8
4: 7 8
5: 7 8
6: 7 8
7: 2 4 5 6 8
8: 3 4 5 6 7

1: 8
2: 7
3: 6 8
4: 7 8
5: 6 7 8
6: 3 5 7
7: 2 4 5 6 8
8: 1 3 4 5 7

1: 5 7
2: 6 8
3: 4 7 8
4: 3 5 6
5: 1 4 7 8
6: 2 4 7 8
7: 1 3 5 6 8
8: 2 3 5 6 7

1: 5 8
2: 3 7
3: 2 5 6
4: 6 7 8
5: 1 3 7 8
6: 3 4 7 8
7: 2 4 5 6 8
8: 1 4 5 6 7

1: 5 8
2: 4 7
3: 6 7 8
4: 2 5 6 8
5: 1 4 7 8
6: 3 4 7 8
7: 2 3 5 6 8
8: 1 3 4 5 6 7

1: 6
2: 5 7
3: 4 7 8
4: 3 5 7 8
5: 2 4 6 8
6: 1 5 7 8
7: 2 3 4 6 8
8: 3 4 5 6 7

1: 4 8
2: 5 7
3: 6 7
4: 1 6 7 8
5: 2 6 7 8
6: 3 4 5 8
7: 2 3 4 5 8
8: 1 4 5 6 7

1: 6 8
2: 5 7
3: 4 6 8
4: 3 7 8
5: 2 6 7 8
6: 1 3 5 7
7: 2 4 5 6 8
8: 1 3 4 5 7

1: 6
2: 4 6 7
3: 5 6 8
4: 2 7 8
5: 3 7 8
6: 1 2 3 7 8
7: 2 4 5 6 8
8: 3 4 5 6 7

1: 7 8
2: 5 6 8
3: 4 7 8
4: 3 6 8
5: 2 6 7
6: 2 4 5 7 8
7: 1 3 5 6 8
8: 1 2 3 4 6 7

1: 6 8
2: 4 7 8
3: 5 7 8
4: 2 6 7 8
5: 3 6 7 8
6: 1 4 5 7 8
7: 2 3 4 5 6
8: 1 2 3 4 5 6

1: 6
2: 4 8
3: 5 7
4: 2 5 6
5: 3 4 7 8
6: 1 4 7 8
7: 3 5 6 8
8: 2 5 6 7

1: 5
2: 4 8
3: 6 7 8
4: 2 5 6
5: 1 4 7 8
6: 3 4 7 8
7: 3 5 6 8
8: 2 3 5 6 7

1: 8
2: 4 6 8
3: 5 7 8
4: 2 6 7
5: 3 6 7
6: 2 4 5 8
7: 3 4 5 8
8: 1 2 3 6 7

1: 7
2: 4 6 8
3: 5 6 8
4: 2 7 8
5: 3 6 7 8
6: 2 3 5 7
7: 1 4 5 6 8
8: 2 3 4 5 7

1: 3 8
2: 5 6 8
3: 1 7 8
4: 6 7 8
5: 2 6 7
6: 2 4 5 8
7: 3 4 5 8
8: 1 2 3 4 6 7

1: 6 7
2: 6 8
3: 7 8
4: 7 8
5: 7 8
6: 1 2 7 8
7: 1 3 4 5 6 8
8: 2 3 4 5 6 7

1: 7 8
2: 5 8
3: 4 6 7
4: 3 6 7 8
5: 2 6 7 8
6: 3 4 5 7 8
7: 1 3 4 5 6
8: 1 2 4 5 6

1: 3 6 8
2: 4 7 8
3: 1 6 7
4: 2 6 7
5: 6 7 8
6: 1 3 4 5 8
7: 2 3 4 5 8
8: 1 2 5 6 7

1: 6 7
2: 4 6 8
3: 5 7 8
4: 2 6 7 8
5: 3 6 7 8
6: 1 2 4 5 8
7: 1 3 4 5 8
8: 2 3 4 5 6 7

1: 2 5
2: 1 6
3: 5 7
4: 6 7
5: 1 3 8
6: 2 4 8
7: 3 4 8
8: 5 6 7

1: 4 6
2: 5 7
3: 6 7
4: 1 5 8
5: 2 4 8
6: 1 3 8
7: 2 3 8
8: 4 5 6 7

1: 2 3
2: 1 6 8
3: 1 4 8
4: 3 7 8
5: 6 7 8
6: 2 5 7
7: 4 5 6
8: 2 3 4 5

1: 2 3
2: 1 6 8
3: 1 7 8
4: 5 6 8
5: 4 7 8
6: 2 4 7 8
7: 3 5 6 8
8: 2 3 4 5 6 7

1: 2 6
2: 1 4
3: 5 7
4: 2 7 8
5: 3 6 8
6: 1 5 7 8
7: 3 4 6 8
8: 4 5 6 7

1: 6 7
2: 3 5
3: 2 7 8
4: 5 6 8
5: 2 4 7 8
6: 1 4 7 8
7: 1 3 5 6 8
8: 3 4 5 6 7

1: 6
2: 6 7
3: 6 8
4: 7 8
5: 7 8
6: 1 2 3
7: 2 4 5 8
8: 3 4 5 7

1: 8
2: 8
3: 7 8
4: 6 7
5: 6 7
6: 4 5 7 8
7: 3 4 5 6
8: 1 2 3 6

1: 5 7
2: 6 8
3: 4 5 8
4: 3 6 7
5: 1 3 7 8
6: 2 4 7 8
7: 1 4 5 6 8
8: 2 3 5 6 7

1: 2 3 7
2: 1 4 7
3: 1 5 8
4: 2 6 8
5: 3 7 8
6: 4 7 8
7: 1 2 5 6
8: 3 4 5 6

1: 6 8
2: 3 8
3: 2 5 7
4: 5 6 7 8
5: 3 4 7 8
6: 1 4 7 8
7: 3 4 5 6
8: 1 2 4 5 6

1: 5 8
2: 6 8
3: 4 5 7 8
4: 3 6 7 8
5: 1 3 7 8
6: 2 4 7 8
7: 3 4 5 6
8: 1 2 3 4 5 6

1: 2 7
2: 1 4 8
3: 6 7 8
4: 2 5 7 8
5: 4 6 7 8
6: 3 5 7 8
7: 1 3 4 5 6 8
8: 2 3 4 5 6 7

1: 6 7 8
2: 4 7 8
3: 4 5 8
4: 2 3 7 8
5: 3 6 7 8
6: 1 5 7 8
7: 1 2 4 5 6
8: 1 2 3 4 5 6

1: 6
2: 7 8
3: 7 8
4: 6 8
5: 6 7
6: 1 4 5 8
7: 2 3 5 8
8: 2 3 4 6 7

1: 6 8
2: 7 8
3: 7 8
4: 6 8
5: 6 7
6: 1 4 5 8
7: 2 3 5 8
8: 1 2 3 4 6 7

1: 7 8
2: 4 6 7
3: 5 6 8
4: 2 5 7
5: 3 4 8
6: 2 3 7 8
7: 1 2 4 6 8
8: 1 3 5 6 7

1: 7 8
2: 5 6 8
3: 4 6 7
4: 3 5 6
5: 2 4 7 8
6: 2 3 4 8
7: 1 3 5 8
8: 1 2 5 6 7

1: 6 8
2: 3 5 8
3: 2 5 7
4: 5 6 7
5: 2 3 4 8
6: 1 4 7 8
7: 3 4 6 8
8: 1 2 5 6 7

1: 7 8
2: 4 6 8
3: 5 6 7
4: 2 5 6 8
5: 3 4 7 8
6: 2 3 4 7
7: 1 3 5 6 8
8: 1 2 4 5 7

1: 6
2: 6 7
3: 6 8
4: 7 8
5: 7 8
6: 1 2 3 7 8
7: 2 4 5 6 8
8: 3 4 5 6 7

1: 6 8
2: 7 8
3: 7 8
4: 6 8
5: 6 7
6: 1 4 5 7 8
7: 2 3 5 6 8
8: 1 2 3 4 6 7

1: 4 7 8
2: 5 6 8
3: 5 6 7
4: 1 6 7 8
5: 2 3 7 8
6: 2 3 4 8
7: 1 3 4 5
8: 1 2 4 5 6

1: 3 8
2: 4 8
3: 1 5 7
4: 2 6 7
5: 3 6 7 8
6: 4 5 7 8
7: 3 4 5 6
8: 1 2 5 6

1: 6 7 8
2: 3 6 8
3: 2 4 8
4: 3 5 7
5: 4 6 7
6: 1 2 5 8
7: 1 4 5 8
8: 1 2 3 6 7

1: 2 7
2: 1 5 8
3: 5 6 8
4: 5 6 7
5: 2 3 4 8
6: 3 4 7 8
7: 1 4 6 8
8: 2 3 5 6 7

1: 2 7 8
2: 1 5 8
3: 5 6 8
4: 5 6 7
5: 2 3 4 8
6: 3 4 7 8
7: 1 4 6 8
8: 1 2 3 5 6 7

1: 2 3 6
2: 1 4 7
3: 1 6 8
4: 2 7 8
5: 6 7 8
6: 1 3 5 7 8
7: 2 4 5 6 8
8: 3 4 5 6 7

1: 4 7
2: 4 6 8
3: 5 6 8
4: 1 2 7 8
5: 3 6 7 8
6: 2 3 5 7
7: 1 4 5 6 8
8: 2 3 4 5 7

1: 5 6 8
2: 4 6 8
3: 5 7 8
4: 2 6 7 8
5: 1 3 7 8
6: 1 2 4 7
7: 3 4 5 6 8
8: 1 2 3 4 5 7

1: 7 8
2: 5 7 8
3: 4 5 6
4: 3 6 8
5: 2 3 6 7
6: 3 4 5 7 8
7: 1 2 5 6 8
8: 1 2 4 6 7

1: 4 8
2: 6 7
3: 5 7 8
4: 1 5 6
5: 3 4 6 7 8
6: 2 4 5 7 8
7: 2 3 5 6 8
8: 1 3 5 6 7

1: 6 7
2: 4 5 8
3: 5 7 8
4: 2 6 8
5: 2 3 6 7
6: 1 4 5 7 8
7: 1 3 5 6 8
8: 2 3 4 6 7

1: 5 6 8
2: 5 7 8
3: 4 6 8
4: 3 7 8
5: 1 2 6 7
6: 1 3 5 7 8
7: 2 4 5 6 8
8: 1 2 3 4 6 7

1: 2 5 8
2: 1 6 8
3: 5 7 8
4: 6 7 8
5: 1 3 6 7 8
6: 2 4 5 7 8
7: 3 4 5 6 8
8: 1 2 3 4 5 6 7

1: 4 5
2: 4 6
3: 5 6
4: 1 2 5 6
5: 1 3 4 6
6: 2 3 4 5

1: 4 7
2: 5 7
3: 6 7
4: 1 5 6 7
5: 2 4 6 7
6: 3 4 5 7
7: 1 2 3 4 5 6

1: 4 5 7
2: 4 6 7
3: 5 6 7
4: 1 2 5 6
5: 1 3 4 6 7
6: 2 3 4 5 7
7: 1 2 3 5 6

1: 2 3
2: 1 6 9
3: 1 7 8
4: 5 6 9
5: 4 7 8
6: 2 4 7
7: 3 5 6
8: 3 5 9
9: 2 4 8

1: 11 12
2: 13 15
3: 10 14
4: 16 22
5: 17 25
6: 19 26
7: 18 27
8: 20 24
9: 21 23
10: 3 14 16
11: 1 12 17
12: 1 11 18
13: 2 15 19
14: 3 10 21
15: 2 13 20
16: 4 10 22
17: 5 11 25
18: 7 12 27
19: 6 13 26
20: 8 15 24
21: 9 14 23
22: 4 16 23 24
23: 9 21 22 27
24: 8 20 22 26
25: 5 17 26 27
26: 6 19 24 25
27: 7 18 23 25

1: 34 35
2: 36 37
3: 38 39
4: 40 70
5: 41 71
6: 42 72
7: 43 73
8: 44 75
9: 45 74
10: 46 76
11: 47 77
12: 48 78
13: 49 79
14: 50 81
15: 51 80
16: 52 58
17: 53 59
18: 54 60
19: 55 61
20: 56 63
21: 57 62
22: 28 60 65
23: 29 61 66
24: 30 58 67
25: 31 62 68
26: 32 63 69
27: 33 59 64
28: 22 29 65
29: 23 28 66
30: 24 31 67
31: 25 30 68
32: 26 33 69
33: 27 32 64
34: 1 35 45
35: 1 34 44
36: 2 37 40
37: 2 36 41
38: 3 39 42
39: 3 38 43
40: 4 36 70
41: 5 37 71
42: 6 38 72
43: 7 39 73
44: 8 35 75
45: 9 34 74
46: 10 53 76
47: 11 54 77
48: 12 55 78
49: 13 52 79
50: 14 57 81
51: 15 56 80
52: 16 49 58
53: 17 46 59
54: 18 47 60
55: 19 48 61
56: 20 51 63
57: 21 50 62
58: 16 24 52
59: 17 27 53
60: 18 22 54
61: 19 23 55
62: 21 25 57
63: 20 26 56
64: 27 33 65 76
65: 22 28 64 77
66: 23 29 67 78
67: 24 30 66 79
68: 25 31 69 81
69: 26 32 68 80
70: 4 40 71 76
71: 5 41 70 77
72: 6 42 73 78
73: 7 43 72 79
74: 9 45 75 81
75: 8 44 74 80
76: 10 46 64 70
77: 11 47 65 71
78: 12 48 66 72
79: 13 49 67 73
80: 15 51 69 75
81: 14 50 68 74

1: 2 3 4
2: 1 11 12
3: 1 11 12
4: 1 9 10
5: 6 7 9
6: 5 8 9
7: 5 10 11
8: 6 10 12
9: 4 5 6
10: 4 7 8
11: 2 3 7
12: 2 3 8

1: 2 3 4
2: 1 9 12
3: 1 10 12
4: 1 11 12
5: 7 8 9
6: 7 8 9
7: 5 6 10
8: 5 6 11
9: 2 5 6
10: 3 7 11
11: 4 8 10
12: 2 3 4

1: 2 3 4
2: 1 11 14
3: 1 12 13
4: 1 15 16
5: 7 8 15
6: 9 10 16
7: 5 11 14
8: 5 12 13
9: 6 11 14
10: 6 12 13
11: 2 7 9
12: 3 8 10
13: 3 8 10
14: 2 7 9
15: 4 5 16
16: 4 6 15

1: 2 3 4
2: 1 15 16
3: 1 15 16
4: 1 13 14
5: 6 7 9
6: 5 8 9
7: 5 10 12
8: 6 11 12
9: 5 6 13
10: 7 14 16
11: 8 14 15
12: 7 8 13
13: 4 9 12
14: 4 10 11
15: 2 3 11
16: 2 3 10

1: 2 3 4
2: 1 12 16
3: 1 11 15
4: 1 13 14
5: 7 8 11
6: 7 8 11
7: 5 6 12
8: 5 6 15
9: 13 14 16
10: 12 13 14
11: 3 5 6
12: 2 7 10
13: 4 9 10
14: 4 9 10
15: 3 8 16
16: 2 9 15

1: 2 3 4
2: 1 15 20
3: 1 16 19
4: 1 17 18
5: 9 11 12
6: 10 13 14
7: 8 10 15
8: 7 9 15
9: 5 8 20
10: 6 7 20
11: 5 16 19
12: 5 17 18
13: 6 16 19
14: 6 17 18
15: 2 7 8
16: 3 11 13
17: 4 12 14
18: 4 12 14
19: 3 11 13
20: 2 9 10

1: 2 3 4
2: 1 19 20
3: 1 19 20
4: 1 17 18
5: 6 7 10
6: 5 8 9
7: 5 11 19
8: 6 12 20
9: 6 13 14
10: 5 13 14
11: 7 15 16
12: 8 15 16
13: 9 10 17
14: 9 10 17
15: 11 12 18
16: 11 12 18
17: 4 13 14
18: 4 15 16
19: 2 3 7
20: 2 3 8

1: 2 3 4
2: 1 17 20
3: 1 19 20
4: 1 18 20
5: 10 11 12
6: 10 11 12
7: 8 9 13
8: 7 9 14
9: 7 8 15
10: 5 6 13
11: 5 6 14
12: 5 6 15
13: 7 10 17
14: 8 11 18
15: 9 12 19
16: 17 18 19
17: 2 13 16
18: 4 14 16
19: 3 15 16
20: 2 3 4

1: 2 3 4
2: 1 15 16
3: 1 19 20
4: 1 17 18
5: 7 9 10
6: 8 9 10
7: 5 11 13
8: 6 11 14
9: 5 6 12
10: 5 6 12
11: 7 8 16
12: 9 10 16
13: 7 15 18
14: 8 15 17
15: 2 13 14
16: 2 11 12
17: 4 14 20
18: 4 13 19
19: 3 18 20
20: 3 17 19

1: 2 3 4
2: 1 15 20
3: 1 16 17
4: 1 18 19
5: 6 7 11
6: 5 8 12
7: 5 9 10
8: 6 9 10
9: 7 8 20
10: 7 8 20
11: 5 15 19
12: 6 15 18
13: 16 17 19
14: 16 17 18
15: 2 11 12
16: 3 13 14
17: 3 13 14
18: 4 12 14
19: 4 11 13
20: 2 9 10

1: 2 3 4
2: 1 17 20
3: 1 19 20
4: 1 18 20
5: 6 9 12
6: 5 10 11
7: 9 12 15
8: 10 11 15
9: 5 7 13
10: 6 8 14
11: 6 8 14
12: 5 7 13
13: 9 12 19
14: 10 11 18
15: 7 8 17
16: 17 18 19
17: 2 15 16
18: 4 14 16
19: 3 13 16
20: 2 3 4

1: 2 3 4
2: 1 17 20
3: 1 19 20
4: 1 18 20
5: 7 8 9
6: 7 8 9
7: 5 6 10
8: 5 6 11
9: 5 6 13
10: 7 12 14
11: 8 12 15
12: 10 11 13
13: 9 12 17
14: 10 15 19
15: 11 14 18
16: 17 18 19
17: 2 13 16
18: 4 15 16
19: 3 14 16
20: 2 3 4

1: 2 3 4
2: 1 19 20
3: 1 23 24
4: 1 21 22
5: 9 10 15
6: 7 8 16
7: 6 11 14
8: 6 12 13
9: 5 11 14
10: 5 12 13
11: 7 9 21
12: 8 10 22
13: 8 10 22
14: 7 9 21
15: 5 17 23
16: 6 18 24
17: 15 19 20
18: 16 19 20
19: 2 17 18
20: 2 17 18
21: 4 11 14
22: 4 12 13
23: 3 15 24
24: 3 16 23

1: 2 3 4
2: 1 19 22
3: 1 20 24
4: 1 21 23
5: 7 8 9
6: 7 8 9
7: 5 6 13
8: 5 6 15
9: 5 6 14
10: 13 14 15
11: 16 17 18
12: 16 17 18
13: 7 10 19
14: 9 10 20
15: 8 10 21
16: 11 12 19
17: 11 12 20
18: 11 12 21
19: 2 13 16
20: 3 14 17
21: 4 15 18
22: 2 23 24
23: 4 22 24
24: 3 22 23

1: 2 3 4
2: 1 23 24
3: 1 19 22
4: 1 20 21
5: 12 15 16
6: 13 17 18
7: 8 10 11
8: 7 9 11
9: 8 13 14
10: 7 12 14
11: 7 8 23
12: 5 10 24
13: 6 9 24
14: 9 10 23
15: 5 19 22
16: 5 20 21
17: 6 19 22
18: 6 20 21
19: 3 15 17
20: 4 16 18
21: 4 16 18
22: 3 15 17
23: 2 11 14
24: 2 12 13

1: 2 3 4
2: 1 23 24
3: 1 23 24
4: 1 21 22
5: 12 15 23
6: 7 8 12
7: 6 10 11
8: 6 10 11
9: 14 16 24
10: 7 8 13
11: 7 8 20
12: 5 6 19
13: 10 14 20
14: 9 13 19
15: 5 17 18
16: 9 17 18
17: 15 16 22
18: 15 16 22
19: 12 14 21
20: 11 13 21
21: 4 19 20
22: 4 17 18
23: 2 3 5
24: 2 3 9

1: 2 3 4
2: 1 23 24
3: 1 23 24
4: 1 21 22
5: 6 7 23
6: 5 8 10
7: 5 8 10
8: 6 7 9
9: 8 12 24
10: 6 7 11
11: 10 15 16
12: 9 13 14
13: 12 17 20
14: 12 18 19
15: 11 17 20
16: 11 18 19
17: 13 15 21
18: 14 16 22
19: 14 16 22
20: 13 15 21
21: 4 17 20
22: 4 18 19
23: 2 3 5
24: 2 3 9

1: 2 3 4
2: 1 19 24
3: 1 22 23
4: 1 20 21
5: 12 13 18
6: 8 14 17
7: 8 15 16
8: 6 7 18
9: 12 13 24
10: 14 17 19
11: 15 16 19
12: 5 9 22
13: 5 9 22
14: 6 10 20
15: 7 11 21
16: 7 11 21
17: 6 10 20
18: 5 8 23
19: 2 10 11
20: 4 14 17
21: 4 15 16
22: 3 12 13
23: 3 18 24
24: 2 9 23

1: 2 3 4
2: 1 21 24
3: 1 22 24
4: 1 23 24
5: 9 10 11
6: 9 10 11
7: 12 13 18
8: 12 13 18
9: 5 6 15
10: 5 6 17
11: 5 6 16
12: 7 8 20
13: 7 8 19
14: 15 16 17
15: 9 14 21
16: 11 14 22
17: 10 14 23
18: 7 8 21
19: 13 20 22
20: 12 19 23
21: 2 15 18
22: 3 16 19
23: 4 17 20
24: 2 3 4

1: 2 3 4
2: 1 23 24
3: 1 23 24
4: 1 21 22
5: 7 8 10
6: 7 8 9
7: 5 6 12
8: 5 6 12
9: 6 11 13
10: 5 11 14
11: 9 10 19
12: 7 8 19
13: 9 15 17
14: 10 16 18
15: 13 16 20
16: 14 15 20
17: 13 22 24
18: 14 22 23
19: 11 12 21
20: 15 16 21
21: 4 19 20
22: 4 17 18
23: 2 3 18
24: 2 3 17

1: 2 3 4
2: 1 21 24
3: 1 23 24
4: 1 22 24
5: 10 11 12
6: 10 11 12
7: 8 9 13
8: 7 9 14
9: 7 8 15
10: 5 6 13
11: 5 6 14
12: 5 6 15
13: 7 10 17
14: 8 11 18
15: 9 12 19
16: 17 18 19
17: 13 16 21
18: 14 16 23
19: 15 16 22
20: 21 22 23
21: 2 17 20
22: 4 19 20
23: 3 18 20
24: 2 3 4

1: 2 3 4
2: 1 19 20
3: 1 23 24
4: 1 21 22
5: 7 8 9
6: 7 8 10
7: 5 6 14
8: 5 6 14
9: 5 11 13
10: 6 12 13
11: 9 16 18
12: 10 16 17
13: 9 10 15
14: 7 8 15
15: 13 14 20
16: 11 12 20
17: 12 19 22
18: 11 19 21
19: 2 17 18
20: 2 15 16
21: 4 18 24
22: 4 17 23
23: 3 22 24
24: 3 21 23

1: 2 3 4
2: 1 22 24
3: 1 19 23
4: 1 20 21
5: 7 8 16
6: 7 8 11
7: 5 6 14
8: 5 6 14
9: 12 13 17
10: 12 13 15
11: 6 18 23
12: 9 10 24
13: 9 10 24
14: 7 8 23
15: 10 20 22
16: 5 19 21
17: 9 21 22
18: 11 19 20
19: 3 16 18
20: 4 15 18
21: 4 16 17
22: 2 15 17
23: 3 11 14
24: 2 12 13

1: 2 3 4
2: 1 19 24
3: 1 20 23
4: 1 21 22
5: 6 7 15
6: 5 8 10
7: 5 8 10
8: 6 7 9
9: 8 12 16
10: 6 7 11
11: 10 13 14
12: 9 13 14
13: 11 12 24
14: 11 12 24
15: 5 19 23
16: 9 19 20
17: 20 21 22
18: 21 22 23
19: 2 15 16
20: 3 16 17
21: 4 17 18
22: 4 17 18
23: 3 15 18
24: 2 13 14

1: 2 3 4
2: 1 23 24
3: 1 23 24
4: 1 21 22
5: 7 8 9
6: 7 8 10
7: 5 6 12
8: 5 6 12
9: 5 11 13
10: 6 11 14
11: 9 10 19
12: 7 8 19
13: 9 16 20
14: 10 15 20
15: 14 16 18
16: 13 15 17
17: 16 22 24
18: 15 22 23
19: 11 12 21
20: 13 14 21
21: 4 19 20
22: 4 17 18
23: 2 3 18
24: 2 3 17

1: 2 3 4
2: 1 20 22
3: 1 21 24
4: 1 19 23
5: 6 7 8
6: 5 10 15
7: 5 9 11
8: 5 9 11
9: 7 8 14
10: 6 12 13
11: 7 8 23
12: 10 16 24
13: 10 16 24
14: 9 15 22
15: 6 14 23
16: 12 13 22
17: 19 20 21
18: 19 20 21
19: 4 17 18
20: 2 17 18
21: 3 17 18
22: 2 14 16
23: 4 11 15
24: 3 12 13

1: 2 3 4
2: 1 5 6
3: 1 4 7
4: 1 3 8
5: 2 7 8
6: 2 7 8
7: 3 5 6
8: 4 5 6

1: 10
2: 12
3: 11
4: 6 8 10
5: 7 9 10
6: 4 7 11
7: 5 6 12
8: 4 9 12
9: 5 8 11
10: 1 4 5
11: 3 6 9
12: 2 7 8

1: 2 3 4
2: 1 11 12
3: 1 13 16
4: 1 14 15
5: 6 11 12
6: 5 11 12
7: 8 13 16
8: 7 13 16
9: 10 14 15
10: 9 14 15
11: 2 5 6
12: 2 5 6
13: 3 7 8
14: 4 9 10
15: 4 9 10
16: 3 7 8

1: 16 18
2: 12 18
3: 10 15
4: 11 17
5: 14 16
6: 13 15
7: 8 11 15
8: 7 13 17
9: 12 14 17
10: 3 11 18
11: 4 7 10
12: 2 9 16
13: 6 8 14
14: 5 9 13
15: 3 6 7
16: 1 5 12
17: 4 8 9 18
18: 1 2 10 17

1: 16 17
2: 15 18
3: 14 17
4: 13 18
5: 12 15
6: 11 16
7: 8 9 17
8: 7 10 18
9: 7 12 14
10: 8 11 13
11: 6 10 17
12: 5 9 18
13: 4 10 16
14: 3 9 15
15: 2 5 14
16: 1 6 13
17: 1 3 7 11
18: 2 4 8 12

1: 15 18
2: 9 15
3: 13 16
4: 14 16
5: 11 14
6: 10 12
7: 8 9 12
8: 7 10 15
9: 2 7 18
10: 6 8 13
11: 5 16 17
12: 6 7 17
13: 3 10 17
14: 4 5 18
15: 1 2 8
16: 3 4 11
17: 11 12 13 18
18: 1 9 14 17

1: 11 18
2: 10 18
3: 12 16
4: 14 17
5: 16 17
6: 13 15
7: 12 14 15
8: 9 13 18
9: 8 11 15
10: 2 13 17
11: 1 9 12
12: 3 7 11
13: 6 8 10
14: 4 7 16
15: 6 7 9
16: 3 5 14
17: 4 5 10
18: 1 2 8

1: 15 18
2: 9 10
3: 14 16
4: 11 15
5: 13 16
6: 12 14
7: 8 9 15
8: 7 10 11
9: 2 7 18
10: 2 8 17
11: 4 8 13
12: 6 16 17
13: 5 11 17
14: 3 6 18
15: 1 4 7
16: 3 5 12
17: 10 12 13 18
18: 1 9 14 17

1: 2 5 8
2: 1 5 9
3: 4 6 7
4: 3 6 7
5: 1 2 8 9
6: 3 4 8 9
7: 3 4 8 9
8: 1 5 6 7 9
9: 2 5 6 7 8

1: 2 7 10
2: 1 7 10
3: 4 8 11
4: 3 8 11
5: 6 9 12
6: 5 9 12
7: 1 2 13
8: 3 4 14
9: 5 6 14
10: 1 2 14
11: 3 4 13
12: 5 6 13
13: 7 11 12 14
14: 8 9 10 13

1: 5 6
2: 7 9
3: 10 12
4: 8 11
5: 1 6 12
6: 1 5 11
7: 2 8 10
8: 4 7 9
9: 2 8 12
10: 3 7 11
11: 4 6 10
12: 3 5 9

1: 4 5
2: 3 4 6
3: 2 5 6
4: 1 2 5 6
5: 1 3 4 6
6: 2 3 4 5

1: 3 5 6
2: 4 5 6
3: 1 4 5 6
4: 2 3 5 6
5: 1 2 3 4
6: 1 2 3 4

1: 5 8
2: 4 7
3: 6 7 8
4: 2 7 8
5: 1 6 8
6: 3 5 7 8
7: 2 3 4 6
8: 1 3 4 5 6

1: 2 3
2: 1 4 6
3: 1 5 6
4: 2 5 6
5: 3 4 6
6: 2 3 4 5

1: 3 4
2: 5 6
3: 1 4 5 6
4: 1 3 5 6
5: 2 3 4 6
6: 2 3 4 5

1: 3 4 5
2: 6 7 8
3: 1 4 5 9
4: 1 3 6 9
5: 1 3 7 9
6: 2 4 8 9
7: 2 5 8 9
8: 2 6 7 9
9: 3 4 5 6 7 8

1: 5 8
2: 5 7 8
3: 4 7 8
4: 3 6 8
5: 1 2 6
6: 4 5 7
7: 2 3 6
8: 1 2 3 4

1: 2 4 6
2: 1 5 6
3: 4 5 6
4: 1 3 5 6
5: 2 3 4 6
6: 1 2 3 4 5

1: 6
2: 4 5 6
3: 4 5 6
4: 2 3 5 6
5: 2 3 4 6
6: 1 2 3 4 5

1: 5 6
2: 4 5 6
3: 4 5 6
4: 2 3 5 6
5: 1 2 3 4 6
6: 1 2 3 4 5

1: 2 3
2: 1 4 5
3: 1 6 7
4: 2 5 6
5: 2 4 7
6: 3 4 7
7: 3 5 6

1: 4 5
2: 4 5 6
3: 4 5 6
4: 1 2 3 6
5: 1 2 3 6
6: 2 3 4 5

1: 3 6
2: 4 5 6
3: 1 4 5 6
4: 2 3 5 6
5: 2 3 4 6
6: 1 2 3 4 5

1: 5 6
2: 5 6
3: 4 5 6
4: 3 5 6
5: 1 2 3 4 6
6: 1 2 3 4 5

1: 2 3 4
2: 1 6 10
3: 1 8 10
4: 1 7 9
5: 7 8 9
6: 2 7 10
7: 4 5 6
8: 3 5 9
9: 4 5 8
10: 2 3 6

1: 2 3 4
2: 1 7 8
3: 1 4 10
4: 1 3 9
5: 6 7 9
6: 5 8 10
7: 2 5 8
8: 2 6 7
9: 4 5 10
10: 3 6 9

1: 2 3 4
2: 1 11 12
3: 1 4 12
4: 1 3 10
5: 6 7 12
6: 5 7 10
7: 5 6 8
8: 7 9 11
9: 8 10 11
10: 4 6 9
11: 2 8 9
12: 2 3 5

1: 2 3 4
2: 1 8 12
3: 1 9 12
4: 1 10 11
5: 8 9 10
6: 7 9 11
7: 6 10 11
8: 2 5 12
9: 3 5 6
10: 4 5 7
11: 4 6 7
12: 2 3 8

1: 2 3 4
2: 1 8 12
3: 1 9 12
4: 1 10 11
5: 6 8 9
6: 5 7 11
7: 6 10 11
8: 2 5 12
9: 3 5 10
10: 4 7 9
11: 4 6 7
12: 2 3 8

1: 2 3 4
2: 1 10 12
3: 1 4 12
4: 1 3 11
5: 6 7 12
6: 5 7 9
7: 5 6 8
8: 7 9 11
9: 6 8 10
10: 2 9 11
11: 4 8 10
12: 2 3 5

1: 2 3 4
2: 1 11 12
3: 1 10 12
4: 1 9 11
5: 6 7 9
6: 5 8 10
7: 5 9 11
8: 6 10 12
9: 4 5 7
10: 3 6 8
11: 2 4 7
12: 2 3 8

1: 2 3 4
2: 1 11 12
3: 1 9 14
4: 1 10 13
5: 8 11 14
6: 7 8 12
7: 6 8 13
8: 5 6 7
9: 3 10 14
10: 4 9 13
11: 2 5 12
12: 2 6 11
13: 4 7 10
14: 3 5 9

1: 2 3 4
2: 1 15 16
3: 1 4 18
4: 1 3 17
5: 9 14 17
6: 10 11 17
7: 8 9 13
8: 7 10 13
9: 5 7 14
10: 6 8 11
11: 6 10 12
12: 11 15 18
13: 7 8 16
14: 5 9 16
15: 2 12 18
16: 2 13 14
17: 4 5 6
18: 3 12 15

1: 2 3 4
2: 1 15 16
3: 1 4 18
4: 1 3 17
5: 6 8 18
6: 5 8 17
7: 12 13 17
8: 5 6 9
9: 8 10 11
10: 9 11 14
11: 9 10 12
12: 7 11 13
13: 7 12 14
14: 10 13 16
15: 2 16 18
16: 2 14 15
17: 4 6 7
18: 3 5 15

1: 2 3 4
2: 1 15 16
3: 1 4 18
4: 1 3 17
5: 6 8 18
6: 5 8 17
7: 11 13 17
8: 5 6 9
9: 8 10 11
10: 9 12 14
11: 7 9 13
12: 10 13 14
13: 7 11 12
14: 10 12 16
15: 2 16 18
16: 2 14 15
17: 4 6 7
18: 3 5 15

1: 2 3 4
2: 1 12 15
3: 1 14 16
4: 1 11 13
5: 6 7 10
6: 5 7 9
7: 5 6 8
8: 7 9 14
9: 6 8 13
10: 5 11 12
11: 4 10 15
12: 2 10 15
13: 4 9 16
14: 3 8 16
15: 2 11 12
16: 3 13 14

1: 2 3 4
2: 1 11 15
3: 1 12 13
4: 1 14 16
5: 6 7 11
6: 5 7 12
7: 5 6 13
8: 9 10 14
9: 8 10 16
10: 8 9 15
11: 2 5 12
12: 3 6 11
13: 3 7 14
14: 4 8 13
15: 2 10 16
16: 4 9 15

1: 2 3 4
2: 1 15 16
3: 1 12 16
4: 1 13 14
5: 6 12 15
6: 5 10 14
7: 8 9 14
8: 7 11 13
9: 7 10 11
10: 6 9 11
11: 8 9 10
12: 3 5 16
13: 4 8 15
14: 4 6 7
15: 2 5 13
16: 2 3 12

1: 2 5 9
2: 1 6 9
3: 5 7 9
4: 6 7 9
5: 1 3 8
6: 2 4 8
7: 3 4 8
8: 5 6 7
9: 1 2 3 4

1: 22
2: 20
3: 21
4: 19
5: 24
6: 23
7: 18
8: 17
9: 13
10: 14
11: 16
12: 15
13: 9 17 18
14: 10 19 21
15: 12 22 24
16: 11 20 23
17: 8 13 18 24
18: 7 13 17 23
19: 4 14 20 22
20: 2 16 19 21
21: 3 14 20 24
22: 1 15 19 23
23: 6 16 18 22
24: 5 15 17 21

1: 2 3 4
2: 1 12 14
3: 1 4 14
4: 1 3 13
5: 6 7 14
6: 5 7 11
7: 5 6 10
8: 9 11 12
9: 8 10 11
10: 7 9 13
11: 6 8 9
12: 2 8 13
13: 4 10 12
14: 2 3 5

1: 2 3 4
2: 1 13 14
3: 1 10 14
4: 1 11 12
5: 8 9 13
6: 7 10 12
7: 6 8 12
8: 5 7 9
9: 5 8 11
10: 3 6 14
11: 4 9 13
12: 4 6 7
13: 2 5 11
14: 2 3 10

1: 2 3 4
2: 1 11 12
3: 1 4 14
4: 1 3 13
5: 6 10 14
6: 5 9 10
7: 8 9 13
8: 7 12 13
9: 6 7 12
10: 5 6 11
11: 2 10 14
12: 2 8 9
13: 4 7 8
14: 3 5 11

1: 4 5 7
2: 3 6 7
3: 2 5 6 7
4: 1 5 6 7
5: 1 3 4 6
6: 2 3 4 5 7
7: 1 2 3 4 6

1: 4 5 6
2: 3 5 7
3: 2 6 7
4: 1 5 6 7
5: 1 2 4 6 7
6: 1 3 4 5 7
7: 2 3 4 5 6

1: 4 5
2: 6 9
3: 7 8
4: 1 6 8
5: 1 7 9
6: 2 4 7
7: 3 5 6
8: 3 4 9
9: 2 5 8

1: 3 4
2: 5 6
3: 1 7 8
4: 1 7 8
5: 2 7 8
6: 2 7 8
7: 3 4 5 6 8
8: 3 4 5 6 7

1: 2 3 4
2: 1 15 16
3: 1 4 18
4: 1 3 17
5: 6 7 14
6: 5 7 13
7: 5 6 12
8: 9 12 17
9: 8 12 17
10: 11 13 18
11: 10 13 18
12: 7 8 9
13: 6 10 11
14: 5 15 16
15: 2 14 16
16: 2 14 15
17: 4 8 9
18: 3 10 11

1: 5 7
2: 6 10
3: 8 11
4: 9 12
5: 1 6 13
6: 2 5 14
7: 1 10 14
8: 3 12 14
9: 4 11 14
10: 2 7 13
11: 3 9 13
12: 4 8 13
13: 5 10 11 12
14: 6 7 8 9

1: 9 14
2: 10 11
3: 17 19
4: 18 20
5: 15 21
6: 16 22
7: 12 23
8: 13 24
9: 1 10 25
10: 2 9 26
11: 2 14 25
12: 7 24 25
13: 8 23 25
14: 1 11 26
15: 5 22 26
16: 6 21 26
17: 3 20 28
18: 4 19 28
19: 3 18 27
20: 4 17 27
21: 5 16 28
22: 6 15 28
23: 7 13 27
24: 8 12 27
25: 9 11 12 13
26: 10 14 15 16
27: 19 20 23 24
28: 17 18 21 22

1: 2 3 4
2: 1 10 12
3: 1 11 12
4: 1 8 9
5: 6 7 12
6: 5 8 10
7: 5 9 11
8: 4 6 10
9: 4 7 11
10: 2 6 8
11: 3 7 9
12: 2 3 5

1: 2 3 4
2: 1 11 12
3: 1 4 14
4: 1 3 13
5: 6 13 14
6: 5 9 10
7: 9 11 13
8: 10 12 14
9: 6 7 11
10: 6 8 12
11: 2 7 9
12: 2 8 10
13: 4 5 7
14: 3 5 8

1: 4 6
2: 5 7
3: 6 7
4: 1 5 7
5: 2 4 6
6: 1 3 5
7: 2 3 4

1: 6 10
2: 7 11
3: 8 9
4: 6 9 11
5: 7 8 10
6: 1 4 7
7: 2 5 6
8: 3 5 11
9: 3 4 10
10: 1 5 9
11: 2 4 8

1: 8 11
2: 6 7
3: 7 10 11
4: 5 10 11
5: 4 9 11
6: 2 9 10
7: 2 3 8
8: 1 7 9
9: 5 6 8
10: 3 4 6
11: 1 3 4 5

1: 5 10 11
2: 6 9 11
3: 7 9 11
4: 8 10 11
5: 1 6 7
6: 2 5 8
7: 3 5 9
8: 4 6 10
9: 2 3 7
10: 1 4 8
11: 1 2 3 4

1: 2 10
2: 1 7 8
3: 9 10 11
4: 6 8 11
5: 8 10 11
6: 4 7 11
7: 2 6 9
8: 2 4 5
9: 3 7 10
10: 1 3 5 9
11: 3 4 5 6

1: 2 3 4
2: 1 5 9
3: 1 7 11
4: 1 6 10
5: 2 9 11
6: 4 9 10
7: 3 10 11
8: 9 10 11
9: 2 5 6 8
10: 4 6 7 8
11: 3 5 7 8

1: 2 5
2: 1 6
3: 5 6
4: 5 6
5: 1 3 4 6
6: 2 3 4 5

1: 2 3 5
2: 1 4 6
3: 1 5 6
4: 2 5 6
5: 1 3 4 6
6: 2 3 4 5

1: 40 59 96
2: 17 18 95
3: 19 37 95
4: 5 20 95
5: 4 20 95
6: 19 38 39
7: 24 53 54
8: 26 27 30
9: 33 35 36
10: 41 42 43
11: 45 47 48
12: 50 51 52
13: 55 56 57
14: 15 16 21
15: 14 21 58
16: 14 22 23
17: 2 18 20
18: 2 17 37
19: 3 6 62
20: 4 5 17
21: 14 15 97
22: 16 23 97
23: 16 22 97
24: 7 31 96
25: 28 29 94
26: 8 27 92
27: 8 26 92
28: 25 29 73
29: 25 28 73
30: 8 49 73
31: 24 59 72
32: 71 74 96
33: 9 34 74
34: 33 58 75
35: 9 36 75
36: 9 35 75
37: 3 18 76
38: 6 39 77
39: 6 38 77
40: 1 41 78
41: 10 40 79
42: 10 43 78
43: 10 42 78
44: 46 64 86
45: 11 46 80
46: 44 45 81
47: 11 48 81
48: 11 47 81
49: 30 50 82
50: 12 49 83
51: 12 52 82
52: 12 51 82
53: 7 54 72
54: 7 53 72
55: 13 63 85
56: 13 57 84
57: 13 56 84
58: 15 34 87
59: 1 31 90
60: 61 83 93
61: 60 83 93
62: 19 76 88
63: 55 77 84
64: 44 80 86
65: 66 85 89
66: 65 85 89
67: 68 86 87
68: 67 80 88
69: 70 79 91
70: 69 79 91
71: 32 74 90
72: 31 53 54 96
73: 28 29 30 92
74: 32 33 71 75
75: 34 35 36 74
76: 37 62 77 95
77: 38 39 63 76
78: 40 42 43 79
79: 41 69 70 78
80: 45 64 68 81
81: 46 47 48 80
82: 49 51 52 83
83: 50 60 61 82
84: 56 57 63 85
85: 55 65 66 84
86: 44 64 67 87
87: 58 67 86 97
88: 62 68 89 97
89: 65 66 88 96
90: 59 71 93 94
91: 69 70 93 94
92: 26 27 73 94
93: 60 61 90 91
94: 25 90 91 92
95: 2 3 4 5 76
96: 1 24 32 72 89
97: 21 22 23 87 88

1: 27 51 97
2: 6 7 68
3: 37 38 96
4: 5 20 96
5: 4 20 96
6: 2 41 42
7: 2 39 40
8: 20 32 33
9: 18 19 62
10: 28 34 35
11: 53 54 55
12: 13 43 44
13: 12 45 46
14: 15 58 59
15: 14 60 61
16: 17 47 48
17: 16 49 50
18: 9 25 26
19: 9 30 31
20: 4 5 8
21: 57 75 97
22: 56 74 97
23: 24 29 77
24: 23 29 77
25: 18 26 91
26: 18 25 91
27: 1 56 69
28: 10 67 69
29: 23 24 69
30: 19 31 70
31: 19 30 70
32: 8 33 83
33: 8 32 83
34: 10 35 82
35: 10 34 82
36: 64 87 96
37: 3 38 90
38: 3 37 90
39: 7 40 80
40: 7 39 80
41: 6 42 81
42: 6 41 81
43: 12 44 88
44: 12 43 88
45: 13 46 89
46: 13 45 89
47: 16 48 85
48: 16 47 85
49: 17 50 86
50: 17 49 86
51: 1 63 71
52: 53 57 72
53: 11 52 73
54: 11 55 72
55: 11 54 72
56: 22 27 74
57: 21 52 74
58: 14 59 78
59: 14 58 78
60: 15 61 79
61: 15 60 79
62: 9 76 92
63: 51 69 71
64: 36 71 87
65: 66 73 75
66: 65 73 75
67: 28 84 93
68: 2 94 95
69: 27 28 29 63
70: 30 31 77 97
71: 51 63 64 83
72: 52 54 55 73
73: 53 65 66 72
74: 22 56 57 75
75: 21 65 66 74
76: 62 77 92 97
77: 23 24 70 76
78: 58 59 91 92
79: 60 61 91 92
80: 39 40 87 90
81: 41 42 88 89
82: 34 35 85 86
83: 32 33 71 84
84: 67 83 93 96
85: 47 48 82 93
86: 49 50 82 93
87: 36 64 80 94
88: 43 44 81 95
89: 45 46 81 95
90: 37 38 80 94
91: 25 26 78 79
92: 62 76 78 79
93: 67 84 85 86
94: 68 87 90 95
95: 68 88 89 94
96: 3 4 5 36 84
97: 1 21 22 70 76

1: 2 3
2: 1 11
3: 1 10
4: 5 6
5: 4 7
6: 4 8
7: 5 9
8: 6 11
9: 7 10
10: 3 9
11: 2 8

1: 2 3
2: 1 13
3: 1 12
4: 5 6
5: 4 7
6: 4 8
7: 5 9
8: 6 11
9: 7 10
10: 9 13
11: 8 12
12: 3 11
13: 2 10

1: 2 3
2: 1 15
3: 1 14
4: 5 6
5: 4 7
6: 4 8
7: 5 9
8: 6 11
9: 7 10
10: 9 13
11: 8 12
12: 11 15
13: 10 14
14: 3 13
15: 2 12

1: 2 3
2: 1 17
3: 1 16
4: 5 6
5: 4 7
6: 4 8
7: 5 9
8: 6 11
9: 7 10
10: 9 13
11: 8 12
12: 11 15
13: 10 14
14: 13 17
15: 12 16
16: 3 15
17: 2 14

1: 2 3
2: 1 19
3: 1 18
4: 5 6
5: 4 7
6: 4 8
7: 5 9
8: 6 11
9: 7 10
10: 9 13
11: 8 12
12: 11 15
13: 10 14
14: 13 17
15: 12 16
16: 15 19
17: 14 18
18: 3 17
19: 2 16

1: 2 3
2: 1 21
3: 1 20
4: 5 6
5: 4 7
6: 4 8
7: 5 9
8: 6 11
9: 7 10
10: 9 13
11: 8 12
12: 11 15
13: 10 14
14: 13 17
15: 12 16
16: 15 19
17: 14 18
18: 17 21
19: 16 20
20: 3 19
21: 2 18

1: 2 3
2: 1 23
3: 1 22
4: 5 6
5: 4 7
6: 4 8
7: 5 9
8: 6 11
9: 7 10
10: 9 13
11: 8 12
12: 11 15
13: 10 14
14: 13 17
15: 12 16
16: 15 19
17: 14 18
18: 17 21
19: 16 20
20: 19 23
21: 18 22
22: 3 21
23: 2 20

1: 2 3
2: 1 25
3: 1 24
4: 5 6
5: 4 7
6: 4 8
7: 5 9
8: 6 11
9: 7 10
10: 9 13
11: 8 12
12: 11 15
13: 10 14
14: 13 17
15: 12 16
16: 15 19
17: 14 18
18: 17 21
19: 16 20
20: 19 23
21: 18 22
22: 21 25
23: 20 24
24: 3 23
25: 2 22

1: 2 3
2: 1 27
3: 1 26
4: 5 6
5: 4 7
6: 4 8
7: 5 9
8: 6 11
9: 7 10
10: 9 13
11: 8 12
12: 11 15
13: 10 14
14: 13 17
15: 12 16
16: 15 19
17: 14 18
18: 17 21
19: 16 20
20: 19 23
21: 18 22
22: 21 25
23: 20 24
24: 23 27
25: 22 26
26: 3 25
27: 2 24

1: 2 3
2: 1 29
3: 1 28
4: 5 6
5: 4 7
6: 4 8
7: 5 9
8: 6 11
9: 7 10
10: 9 13
11: 8 12
12: 11 15
13: 10 14
14: 13 17
15: 12 16
16: 15 19
17: 14 18
18: 17 21
19: 16 20
20: 19 23
21: 18 22
22: 21 25
23: 20 24
24: 23 27
25: 22 26
26: 25 29
27: 24 28
28: 3 27
29: 2 26

1: 2 3
2: 1 31
3: 1 30
4: 5 6
5: 4 7
6: 4 8
7: 5 9
8: 6 11
9: 7 10
10: 9 13
11: 8 12
12: 11 15
13: 10 14
14: 13 17
15: 12 16
16: 15 19
17: 14 18
18: 17 21
19: 16 20
20: 19 23
21: 18 22
22: 21 25
23: 20 24
24: 23 27
25: 22 26
26: 25 29
27: 24 28
28: 27 31
29: 26 30
30: 3 29
31: 2 28

1: 2 3
2: 1 33
3: 1 32
4: 5 6
5: 4 7
6: 4 8
7: 5 9
8: 6 11
9: 7 10
10: 9 13
11: 8 12
12: 11 15
13: 10 14
14: 13 17
15: 12 16
16: 15 19
17: 14 18
18: 17 21
19: 16 20
20: 19 23
21: 18 22
22: 21 25
23: 20 24
24: 23 27
25: 22 26
26: 25 29
27: 24 28
28: 27 31
29: 26 30
30: 29 33
31: 28 32
32: 3 31
33: 2 30

1: 2 3
2: 1 35
3: 1 34
4: 5 6
5: 4 7
6: 4 8
7: 5 9
8: 6 11
9: 7 10
10: 9 13
11: 8 12
12: 11 15
13: 10 14
14: 13 17
15: 12 16
16: 15 19
17: 14 18
18: 17 21
19: 16 20
20: 19 23
21: 18 22
22: 21 25
23: 20 24
24: 23 27
25: 22 26
26: 25 29
27: 24 28
28: 27 31
29: 26 30
30: 29 33
31: 28 32
32: 31 35
33: 30 34
34: 3 33
35: 2 32

1: 2 3
2: 1 37
3: 1 36
4: 5 6
5: 4 7
6: 4 8
7: 5 9
8: 6 11
9: 7 10
10: 9 13
11: 8 12
12: 11 15
13: 10 14
14: 13 17
15: 12 16
16: 15 19
17: 14 18
18: 17 21
19: 16 20
20: 19 23
21: 18 22
22: 21 25
23: 20 24
24: 23 27
25: 22 26
26: 25 29
27: 24 28
28: 27 31
29: 26 30
30: 29 33
31: 28 32
32: 31 35
33: 30 34
34: 33 37
35: 32 36
36: 3 35
37: 2 34

1: 2 3
2: 1 39
3: 1 38
4: 5 6
5: 4 7
6: 4 8
7: 5 9
8: 6 11
9: 7 10
10: 9 13
11: 8 12
12: 11 15
13: 10 14
14: 13 17
15: 12 16
16: 15 19
17: 14 18
18: 17 21
19: 16 20
20: 19 23
21: 18 22
22: 21 25
23: 20 24
24: 23 27
25: 22 26
26: 25 29
27: 24 28
28: 27 31
29: 26 30
30: 29 33
31: 28 32
32: 31 35
33: 30 34
34: 33 37
35: 32 36
36: 35 39
37: 34 38
38: 3 37
39: 2 36

1: 2 3
2: 1 41
3: 1 40
4: 5 6
5: 4 7
6: 4 8
7: 5 9
8: 6 11
9: 7 10
10: 9 13
11: 8 12
12: 11 15
13: 10 14
14: 13 17
15: 12 16
16: 15 19
17: 14 18
18: 17 21
19: 16 20
20: 19 23
21: 18 22
22: 21 25
23: 20 24
24: 23 27
25: 22 26
26: 25 29
27: 24 28
28: 27 31
29: 26 30
30: 29 33
31: 28 32
32: 31 35
33: 30 34
34: 33 37
35: 32 36
36: 35 39
37: 34 38
38: 37 41
39: 36 40
40: 3 39
41: 2 38

1: 2 3
2: 1 43
3: 1 42
4: 5 6
5: 4 7
6: 4 8
7: 5 9
8: 6 11
9: 7 10
10: 9 13
11: 8 12
12: 11 15
13: 10 14
14: 13 17
15: 12 16
16: 15 19
17: 14 18
18: 17 21
19: 16 20
20: 19 23
21: 18 22
22: 21 25
23: 20 24
24: 23 27
25: 22 26
26: 25 29
27: 24 28
28: 27 31
29: 26 30
30: 29 33
31: 28 32
32: 31 35
33: 30 34
34: 33 37
35: 32 36
36: 35 39
37: 34 38
38: 37 41
39: 36 40
40: 39 43
41: 38 42
42: 3 41
43: 2 40

1: 2 3
2: 1 45
3: 1 44
4: 5 6
5: 4 7
6: 4 8
7: 5 9
8: 6 11
9: 7 10
10: 9 13
11: 8 12
12: 11 15
13: 10 14
14: 13 17
15: 12 16
16: 15 19
17: 14 18
18: 17 21
19: 16 20
20: 19 23
21: 18 22
22: 21 25
23: 20 24
24: 23 27
25: 22 26
26: 25 29
27: 24 28
28: 27 31
29: 26 30
30: 29 33
31: 28 32
32: 31 35
33: 30 34
34: 33 37
35: 32 36
36: 35 39
37: 34 38
38: 37 41
39: 36 40
40: 39 43
41: 38 42
42: 41 45
43: 40 44
44: 3 43
45: 2 42

1: 2 3
2: 1 47
3: 1 46
4: 5 6
5: 4 7
6: 4 8
7: 5 9
8: 6 11
9: 7 10
10: 9 13
11: 8 12
12: 11 15
13: 10 14
14: 13 17
15: 12 16
16: 15 19
17: 14 18
18: 17 21
19: 16 20
20: 19 23
21: 18 22
22: 21 25
23: 20 24
24: 23 27
25: 22 26
26: 25 29
27: 24 28
28: 27 31
29: 26 30
30: 29 33
31: 28 32
32: 31 35
33: 30 34
34: 33 37
35: 32 36
36: 35 39
37: 34 38
38: 37 41
39: 36 40
40: 39 43
41: 38 42
42: 41 45
43: 40 44
44: 43 47
45: 42 46
46: 3 45
47: 2 44

1: 66 94 97
2: 68 70 97
3: 67 69 97
4: 5 6 94
5: 4 63 74
6: 4 64 65
7: 12 75 93
8: 22 57 96
9: 48 49 96
10: 11 50 96
11: 10 50 96
12: 7 77 78
13: 14 61 62
14: 13 62 95
15: 16 61 95
16: 15 61 95
17: 18 19 92
18: 17 19 92
19: 17 18 60
20: 21 75 77
21: 20 30 75
22: 8 49 76
23: 24 25 57
24: 23 25 83
25: 23 24 83
26: 27 28 91
27: 26 83 84
28: 26 53 54
29: 30 31 77
30: 21 29 85
31: 29 51 52
32: 33 80 90
33: 32 80 90
34: 35 40 89
35: 34 40 89
36: 37 47 86
37: 36 47 86
38: 39 40 86
39: 38 44 88
40: 34 35 38
41: 42 43 88
42: 41 43 88
43: 41 42 44
44: 39 43 87
45: 46 82 87
46: 45 82 87
47: 36 37 81
48: 9 49 50
49: 9 22 48
50: 10 11 48
51: 31 52 85
52: 31 51 85
53: 28 54 84
54: 28 53 84
55: 56 72 91
56: 55 72 91
57: 8 23 71
58: 59 68 73
59: 58 68 73
60: 19 67 80
61: 13 15 16
62: 13 14 63
63: 5 62 93
64: 6 65 74
65: 6 64 74
66: 1 79 94
67: 3 60 92
68: 2 58 59
69: 3 70 79
70: 2 69 73
71: 57 76 78 97
72: 55 56 78 97
73: 58 59 70 97
74: 5 64 65 94
75: 7 20 21 93
76: 22 71 83 96
77: 12 20 29 85
78: 12 71 72 95
79: 66 69 81 82
80: 32 33 60 92
81: 47 79 89 90
82: 45 46 79 90
83: 24 25 27 76
84: 27 53 54 91
85: 30 51 52 77
86: 36 37 38 89
87: 44 45 46 88
88: 39 41 42 87
89: 34 35 81 86
90: 32 33 81 82
91: 26 55 56 84
92: 17 18 67 80
93: 7 63 75 95
94: 1 4 66 74
95: 14 15 16 78 93
96: 8 9 10 11 76
97: 1 2 3 71 72 73

1: 5
2: 3
3: 2 6
4: 5 6
5: 1 4 6
6: 3 4 5

1: 10 13
2: 9 13
3: 7 12
4: 8 11
5: 7 9 11
6: 8 10 12
7: 3 5 13
8: 4 6 13
9: 2 5 12
10: 1 6 11
11: 4 5 10 12
12: 3 6 9 11
13: 1 2 7 8

1: 2 8
2: 1 7
3: 7 9
4: 8 10
5: 7 10
6: 8 9
7: 2 3 5
8: 1 4 6
9: 3 6 10
10: 4 5 9

1: 2 7
2: 1 8
3: 6 9
4: 6 7
5: 6 8
6: 3 4 5
7: 1 4 9
8: 2 5 9
9: 3 7 8

1: 2 3 4
2: 1 18 19
3: 1 4 20
4: 1 3 20
5: 6 7 20
6: 5 16 17
7: 5 14 15
8: 9 12 18
9: 8 11 12
10: 11 15 18
11: 9 10 14
12: 8 9 14
13: 15 17 19
14: 7 11 12
15: 7 10 13
16: 6 17 19
17: 6 13 16
18: 2 8 10
19: 2 13 16
20: 3 4 5

1: 2 3 4
2: 1 15 19
3: 1 18 20
4: 1 16 17
5: 6 8 10
6: 5 7 13
7: 6 11 12
8: 5 9 18
9: 8 10 16
10: 5 9 16
11: 7 12 17
12: 7 11 17
13: 6 15 18
14: 15 19 20
15: 2 13 14
16: 4 9 10
17: 4 11 12
18: 3 8 13
19: 2 14 20
20: 3 14 19

1: 2 3 4
2: 1 19 20
3: 1 16 20
4: 1 17 18
5: 6 7 20
6: 5 15 19
7: 5 13 14
8: 13 14 19
9: 11 12 15
10: 15 17 18
11: 9 12 16
12: 9 11 16
13: 7 8 14
14: 7 8 13
15: 6 9 10
16: 3 11 12
17: 4 10 18
18: 4 10 17
19: 2 6 8
20: 2 3 5

1: 2 3 4
2: 1 15 16
3: 1 17 18
4: 1 19 20
5: 6 9 12
6: 5 7 8
7: 6 8 11
8: 6 7 11
9: 5 10 13
10: 9 14 16
11: 7 8 15
12: 5 15 16
13: 9 19 20
14: 10 17 18
15: 2 11 12
16: 2 10 12
17: 3 14 18
18: 3 14 17
19: 4 13 20
20: 4 13 19

1: 2 3 4
2: 1 15 16
3: 1 4 18
4: 1 3 17
5: 6 7 14
6: 5 11 18
7: 5 12 13
8: 9 10 18
9: 8 11 17
10: 8 11 17
11: 6 9 10
12: 7 13 15
13: 7 12 16
14: 5 15 16
15: 2 12 14
16: 2 13 14
17: 4 9 10
18: 3 6 8

1: 2 3 4
2: 1 13 18
3: 1 14 15
4: 1 16 17
5: 6 8 11
6: 5 9 10
7: 8 12 13
8: 5 7 13
9: 6 10 14
10: 6 9 15
11: 5 14 15
12: 7 16 17
13: 2 7 8
14: 3 9 11
15: 3 10 11
16: 4 12 18
17: 4 12 18
18: 2 16 17

1: 2 3 4
2: 1 15 18
3: 1 13 14
4: 1 16 17
5: 6 7 9
6: 5 7 8
7: 5 6 8
8: 6 7 18
9: 5 12 14
10: 11 13 16
11: 10 13 17
12: 9 14 15
13: 3 10 11
14: 3 9 12
15: 2 12 18
16: 4 10 17
17: 4 11 16
18: 2 8 15

1: 2 3 4
2: 1 16 17
3: 1 4 18
4: 1 3 18
5: 6 16 18
6: 5 9 16
7: 8 9 17
8: 7 13 17
9: 6 7 10
10: 9 11 12
11: 10 12 14
12: 10 11 15
13: 8 14 15
14: 11 13 15
15: 12 13 14
16: 2 5 6
17: 2 7 8
18: 3 4 5

1: 2 3 4
2: 1 16 18
3: 1 4 18
4: 1 3 17
5: 6 16 18
6: 5 9 10
7: 8 15 17
8: 7 16 17
9: 6 11 13
10: 6 12 14
11: 9 13 15
12: 10 14 15
13: 9 11 14
14: 10 12 13
15: 7 11 12
16: 2 5 8
17: 4 7 8
18: 2 3 5

1: 2 3 4
2: 1 16 18
3: 1 4 18
4: 1 3 17
5: 16 17 18
6: 7 8 10
7: 6 9 11
8: 6 10 12
9: 7 11 13
10: 6 8 14
11: 7 9 14
12: 8 13 15
13: 9 12 15
14: 10 11 17
15: 12 13 16
16: 2 5 15
17: 4 5 14
18: 2 3 5

1: 2 3 4
2: 1 17 18
3: 1 4 18
4: 1 3 16
5: 16 17 18
6: 7 8 10
7: 6 9 11
8: 6 10 12
9: 7 11 13
10: 6 8 14
11: 7 9 14
12: 8 13 15
13: 9 12 15
14: 10 11 17
15: 12 13 16
16: 4 5 15
17: 2 5 14
18: 2 3 5

1: 2 7
2: 1 7
3: 4 8
4: 3 8
5: 6 9
6: 5 9
7: 1 2 8 9
8: 3 4 7 9
9: 5 6 7 8

1: 24
2: 23
3: 12
4: 11
5: 20 21
6: 19 22
7: 9 16
8: 10 15
9: 7 18
10: 8 17
11: 4 13
12: 3 14
13: 11 21 23
14: 12 22 24
15: 8 18 22
16: 7 17 21
17: 10 16 20
18: 9 15 19
19: 6 18 24
20: 5 17 23
21: 5 13 16
22: 6 14 15
23: 2 13 20
24: 1 14 19

1: 5
2: 4 5 6
3: 4 5 6
4: 2 3 6
5: 1 2 3 6
6: 2 3 4 5

1: 6
2: 7
3: 5 6 7
4: 5 6 7
5: 3 4 6 7
6: 1 3 4 5
7: 2 3 4 5

1: 2
2: 1 6
3: 5 6 7
4: 5 6 7
5: 3 4 7
6: 2 3 4 7
7: 3 4 5 6

1: 6
2: 7
3: 4 5 6
4: 3 5 7
5: 3 4 6 7
6: 1 3 5 7
7: 2 4 5 6

1: 4
2: 6 7
3: 4 5 6
4: 1 3 5 7
5: 3 4 6 7
6: 2 3 5 7
7: 2 4 5 6

1: 2
2: 1 5 6
3: 4 5 7
4: 3 6 7
5: 2 3 6 7
6: 2 4 5 7
7: 3 4 5 6

1: 4 5
2: 6 7
3: 4 5 6 7
4: 1 3 5 6
5: 1 3 4 7
6: 2 3 4 7
7: 2 3 5 6

1: 7
2: 3 4 5
3: 2 4 5 6
4: 2 3 6 7
5: 2 3 6 7
6: 3 4 5 7
7: 1 4 5 6

1: 2 3 4
2: 1 13 14
3: 1 4 16
4: 1 3 15
5: 6 7 8
6: 5 7 16
7: 5 6 15
8: 5 9 10
9: 8 11 13
10: 8 12 14
11: 9 13 15
12: 10 14 16
13: 2 9 11
14: 2 10 12
15: 4 7 11
16: 3 6 12

1: 4 6
2: 5 6
3: 4 5
4: 1 3 6
5: 2 3 6
6: 1 2 4 5

1: 5 6 9
2: 5 7 9
3: 6 8 9
4: 7 8 9
5: 1 2 6 7
6: 1 3 5 8
7: 2 4 5 8
8: 3 4 6 7
9: 1 2 3 4

1: 7 8
2: 9 11
3: 10 12
4: 10 12
5: 9 11
6: 7 8
7: 1 6 12
8: 1 6 11
9: 2 5 10
10: 3 4 9
11: 2 5 8
12: 3 4 7

1: 2 3 7
2: 1 5 7
3: 1 6 7
4: 5 6 7
5: 2 4 6
6: 3 4 5
7: 1 2 3 4

1: 2 8
2: 1 7
3: 6 7 8
4: 6 7 8
5: 6 7 8
6: 3 4 5 8
7: 2 3 4 5
8: 1 3 4 5 6

1: 7 8
2: 9 11
3: 10 12
4: 6 7 9 11
5: 6 8 10 12
6: 4 5 11 12
7: 1 4 8 9
8: 1 5 7 10
9: 2 4 7 11
10: 3 5 8 12
11: 2 4 6 9
12: 3 5 6 10

1: 3 22
2: 4 21
3: 1 20 22
4: 2 19 21
5: 6 7 11 15
6: 5 7 10 14
7: 5 6 10 11
8: 10 12 14 16
9: 11 13 15 17
10: 6 7 8 12
11: 5 7 9 13
12: 8 10 16 22
13: 9 11 17 21
14: 6 8 18 20
15: 5 9 18 19
16: 8 12 20 22
17: 9 13 19 21
18: 14 15 19 20
19: 4 15 17 18
20: 3 14 16 18
21: 2 4 13 17
22: 1 3 12 16

1: 44
2: 36
3: 40
4: 41
5: 42
6: 38
7: 39
8: 39
9: 39
10: 38
11: 38
12: 28
13: 26
14: 26
15: 30
16: 29
17: 31
18: 32
19: 34
20: 33
21: 25
22: 24
23: 43 44
24: 22 36
25: 21 37
26: 13 14 42
27: 28 40 44
28: 12 27 41
29: 16 30 41
30: 15 29 42
31: 17 33 37
32: 18 34 37
33: 20 31 35
34: 19 32 35
35: 33 34 42
36: 2 24 40
37: 25 31 32
38: 6 10 11 43
39: 7 8 9 43
40: 3 27 36 43
41: 4 28 29 44
42: 5 26 30 35
43: 23 38 39 40
44: 1 23 27 41

1: 27
2: 27
3: 23
4: 21
5: 25
6: 25
7: 26
8: 26
9: 19
10: 17
11: 17
12: 13
13: 12 25
14: 26 27
15: 22 23
16: 21 24
17: 10 11 24
18: 20 23 27
19: 9 20 24
20: 18 19 22
21: 4 16 22
22: 15 20 21
23: 3 15 18
24: 16 17 19
25: 5 6 13 26
26: 7 8 14 25
27: 1 2 14 18

1: 23
2: 32
3: 32
4: 28
5: 31
6: 31
7: 29
8: 27
9: 25
10: 24
11: 21
12: 22
13: 14
14: 13 33
15: 29 30
16: 27 28
17: 26 28
18: 19 30
19: 18 29
20: 21 22 33
21: 11 20 24
22: 12 20 25
23: 1 24 25
24: 10 21 23
25: 9 22 23
26: 17 27 32
27: 8 16 26
28: 4 16 17
29: 7 15 19
30: 15 18 31
31: 5 6 30 33
32: 2 3 26 33
33: 14 20 31 32

1: 60
2: 59
3: 58
4: 58
5: 49
6: 49
7: 50
8: 50
9: 51
10: 51
11: 52
12: 52
13: 55
14: 55
15: 56
16: 57
17: 57
18: 54
19: 54
20: 53
21: 53
22: 48
23: 47
24: 37
25: 38
26: 38
27: 44
28: 39
29: 46
30: 45
31: 42
32: 43
33: 36
34: 35
35: 34 48
36: 33 47
37: 24 59 60
38: 25 26 57
39: 28 40 60
40: 39 55 56
41: 42 43 58
42: 31 41 45
43: 32 41 46
44: 27 45 46
45: 30 42 44
46: 29 43 44
47: 23 36 59
48: 22 35 56
49: 5 6 51 60
50: 7 8 58 59
51: 9 10 49 52
52: 11 12 51 57
53: 20 21 54 55
54: 18 19 53 56
55: 13 14 40 53
56: 15 40 48 54
57: 16 17 38 52
58: 3 4 41 50
59: 2 37 47 50
60: 1 37 39 49

1: 5 6
2: 5 7
3: 6 8
4: 7 8
5: 1 2 6 7
6: 1 3 5 8
7: 2 4 5 8
8: 3 4 6 7

1: 6 7
2: 4 6
3: 5 7
4: 2 5 6
5: 3 4 7
6: 1 2 4 7
7: 1 3 5 6

1: 7 8
2: 9 10
3: 9 11
4: 10 12
5: 7 11
6: 8 12
7: 1 5 8 11 13
8: 1 6 7 12 13
9: 2 3 10 11 13
10: 2 4 9 12 13
11: 3 5 7 9 13
12: 4 6 8 10 13
13: 7 8 9 10 11 12

1: 5 6 7
2: 5 7 8
3: 6 7 8
4: 5 6 8
5: 1 2 4 7 8
6: 1 3 4 7 8
7: 1 2 3 5 6
8: 2 3 4 5 6

1: 3 4
2: 5 6
3: 1 4 5
4: 1 3 6
5: 2 3 6
6: 2 4 5

1: 13
2: 9
3: 11
4: 11
5: 12
6: 12
7: 10
8: 9 12
9: 2 8 10
10: 7 9 13
11: 3 4 13
12: 5 6 8 13
13: 1 10 11 12

1: 35
2: 35
3: 35
4: 25
5: 26
6: 27
7: 28
8: 31
9: 34
10: 34
11: 33
12: 32
13: 29
14: 30
15: 23 34
16: 17 24
17: 16 18
18: 17 19 35
19: 18 20 24
20: 19 21 25
21: 20 23 28
22: 23 29 30
23: 15 21 22
24: 16 19 34
25: 4 20 26
26: 5 25 27
27: 6 26 28
28: 7 21 27
29: 13 22 32
30: 14 22 33
31: 8 32 33
32: 12 29 31
33: 11 30 31
34: 9 10 15 24
35: 1 2 3 18

1: 41
2: 41
3: 40
4: 40
5: 40
6: 39
7: 39
8: 39
9: 43
10: 43
11: 43
12: 42
13: 42
14: 42
15: 34
16: 31
17: 25
18: 29
19: 30
20: 28
21: 35 37
22: 38 43
23: 36 42
24: 33 34
25: 17 37 41
26: 34 36 40
27: 33 36 39
28: 20 32 38
29: 18 32 37
30: 19 31 38
31: 16 30 35
32: 28 29 35
33: 24 27 41
34: 15 24 26
35: 21 31 32
36: 23 26 27
37: 21 25 29
38: 22 28 30
39: 6 7 8 27
40: 3 4 5 26
41: 1 2 25 33
42: 12 13 14 23
43: 9 10 11 22

1: 22
2: 23
3: 36
4: 42
5: 42
6: 41
7: 41
8: 39
9: 39
10: 40
11: 40
12: 37
13: 38
14: 38
15: 37
16: 29
17: 27
18: 32
19: 31
20: 26
21: 25
22: 1 23
23: 2 22 24
24: 23 25 26
25: 21 24 35
26: 20 24 34
27: 17 41 42
28: 32 34 35
29: 16 31 35
30: 33 39 40
31: 19 29 33
32: 18 28 33
33: 30 31 32
34: 26 28 36
35: 25 28 29
36: 3 34 37 38
37: 12 15 36 38
38: 13 14 36 37
39: 8 9 30 41
40: 10 11 30 42
41: 6 7 27 39
42: 4 5 27 40

1: 30
2: 32
3: 32
4: 29
5: 21
6: 22
7: 24
8: 24
9: 25
10: 23
11: 26
12: 31
13: 31
14: 19
15: 16
16: 15 30
17: 28 29
18: 19 20 30
19: 14 18 27
20: 18 25 26
21: 5 26 27
22: 6 23 29
23: 10 22 28
24: 7 8 31
25: 9 20 32
26: 11 20 21
27: 19 21 31
28: 17 23 32
29: 4 17 22
30: 1 16 18
31: 12 13 24 27
32: 2 3 25 28

1: 40
2: 40
3: 41
4: 41
5: 44
6: 44
7: 37
8: 39
9: 39
10: 42
11: 43
12: 43
13: 43
14: 42
15: 42
16: 33
17: 35
18: 34
19: 31
20: 32
21: 27
22: 26
23: 24
24: 23 38
25: 44 45
26: 22 37 38
27: 21 36 38
28: 36 37 45
29: 41 42 43
30: 31 32 45
31: 19 30 34
32: 20 30 35
33: 16 34 35
34: 18 31 33
35: 17 32 33
36: 27 28 44
37: 7 26 28
38: 24 26 27
39: 8 9 40 45
40: 1 2 39 41
41: 3 4 29 40
42: 10 14 15 29
43: 11 12 13 29
44: 5 6 25 36
45: 25 28 30 39

1: 67
2: 74
3: 68
4: 68
5: 76
6: 73
7: 73
8: 75
9: 72
10: 72
11: 71
12: 71
13: 69
14: 70
15: 70
16: 70
17: 69
18: 69
19: 58
20: 57
21: 60
22: 59
23: 56
24: 55
25: 52
26: 51
27: 42
28: 43
29: 44
30: 45
31: 46
32: 47
33: 50
34: 49
35: 48
36: 39
37: 41
38: 40
39: 36 67
40: 38 76
41: 37 75
42: 27 48 57
43: 28 48 58
44: 29 49 59
45: 30 49 60
46: 31 50 51
47: 32 50 52
48: 35 42 43
49: 34 44 45
50: 33 46 47
51: 26 46 64
52: 25 47 64
53: 54 65 73
54: 53 62 74
55: 24 56 61
56: 23 55 62
57: 20 42 63
58: 19 43 63
59: 22 44 61
60: 21 45 61
61: 55 59 60
62: 54 56 66
63: 57 58 66
64: 51 52 65
65: 53 64 66
66: 62 63 65
67: 1 39 68
68: 3 4 67 75
69: 13 17 18 74
70: 14 15 16 74
71: 11 12 73 76
72: 9 10 75 76
73: 6 7 53 71
74: 2 54 69 70
75: 8 41 68 72
76: 5 40 71 72

1: 61
2: 53
3: 45
4: 45
5: 56
6: 56
7: 60
8: 46
9: 46
10: 47
11: 47
12: 47
13: 50
14: 54
15: 55
16: 59
17: 59
18: 59
19: 52
20: 52
21: 52
22: 51
23: 51
24: 49
25: 49
26: 49
27: 48
28: 48
29: 58
30: 57
31: 44
32: 43
33: 41
34: 39
35: 40
36: 60 61
37: 59 61
38: 55 56
39: 34 54
40: 35 58
41: 33 57
42: 51 52 53
43: 32 44 53
44: 31 43 50
45: 3 4 53 55
46: 8 9 47 56
47: 10 11 12 46
48: 27 28 49 50
49: 24 25 26 48
50: 13 44 48 60
51: 22 23 42 55
52: 19 20 21 42
53: 2 42 43 45
54: 14 39 58 61
55: 15 38 45 51
56: 5 6 38 46
57: 30 41 58 60
58: 29 40 54 57
59: 16 17 18 37
60: 7 36 50 57
61: 1 36 37 54

1: 49
2: 49
3: 39
4: 39
5: 39
6: 40
7: 40
8: 41
9: 42
10: 46
11: 46
12: 47
13: 43
14: 43
15: 44
16: 44
17: 44
18: 48
19: 48
20: 52
21: 52
22: 33
23: 38
24: 32
25: 36
26: 37
27: 35
28: 31
29: 30
30: 29 52
31: 28 51
32: 24 47 48
33: 22 51 52
34: 38 49 50
35: 27 37 50
36: 25 37 38
37: 26 35 36
38: 23 34 36
39: 3 4 5 50
40: 6 7 41 49
41: 8 40 42 47
42: 9 41 43 45
43: 13 14 42 46
44: 15 16 17 45
45: 42 44 48 51
46: 10 11 43 51
47: 12 32 41 50
48: 18 19 32 45
49: 1 2 34 40
50: 34 35 39 47
51: 31 33 45 46
52: 20 21 30 33

1: 6
2: 4 6
3: 5 6
4: 2 5
5: 3 4 6
6: 1 2 3 5

1: 8
2: 7
3: 6
4: 5 6
5: 4 7 8
6: 3 4 8
7: 2 5 8
8: 1 5 6 7

1: 8
2: 6
3: 7 8
4: 5 8
5: 4 6 7
6: 2 5 7 8
7: 3 5 6 8
8: 1 3 4 6 7

1: 7
2: 8
3: 5
4: 6
5: 3 7 8
6: 4 7 8
7: 1 5 6 8
8: 2 5 6 7

1: 7
2: 8
3: 5 6
4: 6 7 8
5: 3 7 8
6: 3 4 7 8
7: 1 4 5 6 8
8: 2 4 5 6 7

1: 8
2: 5
3: 6
4: 7
5: 2 8
6: 3 7 8
7: 4 6 8
8: 1 5 6 7

1: 8
2: 5
3: 6 8
4: 7 8
5: 2 8
6: 3 7
7: 4 6 8
8: 1 3 4 5 7

1: 8
2: 5 8
3: 6 8
4: 7 8
5: 2 7
6: 3 7 8
7: 4 5 6 8
8: 1 2 3 4 6 7

1: 8
2: 5 8
3: 6 8
4: 7 8
5: 2 6 7 8
6: 3 5 7 8
7: 4 5 6 8
8: 1 2 3 4 5 6 7

1: 6
2: 5 8
3: 7 8
4: 6 7
5: 2 6 7
6: 1 4 5 8
7: 3 4 5 8
8: 2 3 6 7

1: 5 8
2: 6 7
3: 5 7 8
4: 6 7 8
5: 1 3 6 7
6: 2 4 5 8
7: 2 3 4 5
8: 1 3 4 6

1: 7
2: 7 8
3: 4 8
4: 3 6
5: 6 7 8
6: 4 5 8
7: 1 2 5
8: 2 3 5 6

1: 8
2: 7
3: 4 5 7
4: 3 6 8
5: 3 7 8
6: 4 7 8
7: 2 3 5 6
8: 1 4 5 6

1: 7
2: 6 8
3: 4 5
4: 3 6 8
5: 3 7 8
6: 2 4 7
7: 1 5 6 8
8: 2 4 5 7

1: 5 8
2: 4 8
3: 4 6 8
4: 2 3 7
5: 1 6 7
6: 3 5 7 8
7: 4 5 6 8
8: 1 2 3 6 7

1: 10
2: 9
3: 8
4: 7 10
5: 6 8
6: 5 9 10
7: 4 8 9
8: 3 5 7 10
9: 2 6 7 10
10: 1 4 6 8 9

1: 10
2: 8 10
3: 9 10
4: 7 8
5: 6 9
6: 5 8 10
7: 4 9 10
8: 2 4 6 9
9: 3 5 7 8 10
10: 1 2 3 6 7 9

1: 8
2: 10
3: 9
4: 7 8 10
5: 6 7 10
6: 5 9 10
7: 4 5 9
8: 1 4 9
9: 3 6 7 8 10
10: 2 4 5 6 9

1: 10
2: 9
3: 7
4: 8
5: 6 7
6: 5 8 10
7: 3 5 9 10
8: 4 6 9 10
9: 2 7 8 10
10: 1 6 7 8 9

1: 10
2: 7 10
3: 9 10
4: 7 8
5: 6 8
6: 5 9 10
7: 2 4 9
8: 4 5 9 10
9: 3 6 7 8 10
10: 1 2 3 6 8 9

1: 7
2: 10
3: 8
4: 9
5: 6 8
6: 5 7 10
7: 1 6 9
8: 3 5 9 10
9: 4 7 8 10
10: 2 6 8 9

1: 7
2: 8
3: 8 10
4: 9 10
5: 6 8 10
6: 5 7 9
7: 1 6 9 10
8: 2 3 5 9
9: 4 6 7 8 10
10: 3 4 5 7 9

1: 7
2: 10
3: 9
4: 8
5: 6 7 9
6: 5 8 10
7: 1 5 8 9
8: 4 6 7 10
9: 3 5 7 10
10: 2 6 8 9

1: 10
2: 9 10
3: 8 10
4: 6 10
5: 7 10
6: 4 8
7: 5 9
8: 3 6 10
9: 2 7 10
10: 1 2 3 4 5 8 9

1: 10
2: 9
3: 8
4: 6
5: 7
6: 4 8 10
7: 5 9 10
8: 3 6 9 10
9: 2 7 8 10
10: 1 6 7 8 9

1: 10
2: 8
3: 9
4: 6
5: 7
6: 4 10
7: 5 10
8: 2 9 10
9: 3 8 10
10: 1 6 7 8 9

1: 10
2: 8
3: 9
4: 6 10
5: 7 10
6: 4 8 9
7: 5 8 9
8: 2 6 7 9 10
9: 3 6 7 8 10
10: 1 4 5 8 9

1: 10
2: 8
3: 9 10
4: 6 10
5: 7 10
6: 4 8 9
7: 5 8 9 10
8: 2 6 7 9 10
9: 3 6 7 8 10
10: 1 3 4 5 7 8 9

1: 10
2: 8 10
3: 9 10
4: 6 9
5: 7 9
6: 4 8 10
7: 5 8 10
8: 2 6 7 9
9: 3 4 5 8 10
10: 1 2 3 6 7 9

1: 8
2: 10
3: 9
4: 6
5: 7
6: 4 9
7: 5 10
8: 1 9 10
9: 3 6 8 10
10: 2 7 8 9

1: 8
2: 9
3: 10
4: 6 9
5: 7 9
6: 4 10
7: 5 10
8: 1 9 10
9: 2 4 5 8 10
10: 3 6 7 8 9

1: 8
2: 9
3: 10
4: 6
5: 7
6: 4 8 9 10
7: 5 8 9 10
8: 1 6 7 9 10
9: 2 6 7 8 10
10: 3 6 7 8 9

1: 8
2: 10
3: 9
4: 6 8
5: 7 10
6: 4 10
7: 5 9
8: 1 4 9
9: 3 7 8 10
10: 2 5 6 9

1: 10
2: 8
3: 9
4: 6 10
5: 7 10
6: 4 7
7: 5 6 10
8: 2 9 10
9: 3 8 10
10: 1 4 5 7 8 9

1: 10
2: 8 10
3: 9 10
4: 6 10
5: 7 10
6: 4 7
7: 5 6
8: 2 9 10
9: 3 8 10
10: 1 2 3 4 5 8 9

1: 10
2: 8
3: 9
4: 6 10
5: 7 9
6: 4 7 8
7: 5 6 8 10
8: 2 6 7 9
9: 3 5 8 10
10: 1 4 7 9

1: 10
2: 8
3: 9 10
4: 6 10
5: 7 8
6: 4 7 9 10
7: 5 6 9 10
8: 2 5 9 10
9: 3 6 7 8
10: 1 3 4 6 7 8

1: 10
2: 9
3: 7
4: 6 10
5: 8 10
6: 4 8
7: 3 9
8: 5 6 10
9: 2 7 10
10: 1 4 5 8 9

1: 10
2: 9
3: 7
4: 6 10
5: 8 9
6: 4 8
7: 3 9 10
8: 5 6 10
9: 2 5 7
10: 1 4 7 8

1: 10
2: 9
3: 7
4: 6 9 10
5: 8 9 10
6: 4 8 10
7: 3 8 10
8: 5 6 7 9
9: 2 4 5 8
10: 1 4 5 6 7

1: 10
2: 9 10
3: 7 10
4: 6 8
5: 7 8
6: 4 9 10
7: 3 5 9 10
8: 4 5 9 10
9: 2 6 7 8
10: 1 2 3 6 7 8

1: 10
2: 7
3: 9
4: 6 8 10
5: 8 9 10
6: 4 9 10
7: 2 8 10
8: 4 5 7 9
9: 3 5 6 8 10
10: 1 4 5 6 7 9

1: 7
2: 10
3: 7 8
4: 6 10
5: 9 10
6: 4 8 9
7: 1 3 9
8: 3 6 9 10
9: 5 6 7 8 10
10: 2 4 5 8 9

1: 10
2: 8
3: 9
4: 6
5: 6 7
6: 4 5 10
7: 5 9 10
8: 2 9 10
9: 3 7 8 10
10: 1 6 7 8 9

1: 8
2: 7
3: 9 10
4: 6 7
5: 6 8 10
6: 4 5 9 10
7: 2 4 9 10
8: 1 5 9 10
9: 3 6 7 8
10: 3 5 6 7 8

1: 7
2: 8
3: 9 10
4: 6 10
5: 6 7 8
6: 4 5 9 10
7: 1 5 9 10
8: 2 5 9 10
9: 3 6 7 8
10: 3 4 6 7 8

1: 9
2: 10
3: 6 8
4: 8 9 10
5: 7 9 10
6: 3 9 10
7: 5 8 9 10
8: 3 4 7 9 10
9: 1 4 5 6 7 8
10: 2 4 5 6 7 8

1: 9
2: 10
3: 6 8
4: 8 9 10
5: 7 9 10
6: 3 9 10
7: 5 8 9 10
8: 3 4 7 9 10
9: 1 4 5 6 7 8 10
10: 2 4 5 6 7 8 9

1: 10
2: 8
3: 6
4: 9 10
5: 7 10
6: 3 10
7: 5 8 9
8: 2 7 9 10
9: 4 7 8 10
10: 1 4 5 6 8 9

1: 10
2: 8
3: 6 10
4: 9 10
5: 7 8
6: 3 7 9
7: 5 6 9 10
8: 2 5 9 10
9: 4 6 7 8 10
10: 1 3 4 7 8 9

1: 10
2: 8
3: 6 9 10
4: 8 9 10
5: 7 9 10
6: 3 7 10
7: 5 6 8 9 10
8: 2 4 7 9 10
9: 3 4 5 7 8
10: 1 3 4 5 6 7 8

1: 8
2: 9
3: 6 10
4: 8 10
5: 7 8 10
6: 3 7 9
7: 5 6 9 10
8: 1 4 5 9
9: 2 6 7 8 10
10: 3 4 5 7 9

1: 9
2: 10
3: 6
4: 7
5: 8
6: 3 9 10
7: 4 9 10
8: 5 9 10
9: 1 6 7 8 10
10: 2 6 7 8 9

1: 10
2: 9
3: 6
4: 7
5: 8
6: 3 9 10
7: 4 8 9
8: 5 7 10
9: 2 6 7 10
10: 1 6 8 9

1: 10
2: 9
3: 6 10
4: 7 10
5: 8 10
6: 3 9
7: 4 8 9
8: 5 7 9 10
9: 2 6 7 8 10
10: 1 3 4 5 8 9

1: 10
2: 9
3: 6
4: 7 9 10
5: 8 9 10
6: 3 8 10
7: 4 8 9
8: 5 6 7 10
9: 2 4 5 7
10: 1 4 5 6 8

1: 10
2: 9
3: 6
4: 7 9 10
5: 8 9 10
6: 3 8 10
7: 4 8 9
8: 5 6 7 10
9: 2 4 5 7 10
10: 1 4 5 6 8 9

1: 10
2: 9
3: 6 8 9
4: 7 8 10
5: 8 9 10
6: 3 9 10
7: 4 9 10
8: 3 4 5 9 10
9: 2 3 5 6 7 8
10: 1 4 5 6 7 8

1: 10
2: 9
3: 6 8 9
4: 7 8 10
5: 8 9 10
6: 3 9 10
7: 4 9 10
8: 3 4 5 9 10
9: 2 3 5 6 7 8 10
10: 1 4 5 6 7 8 9

1: 10
2: 8
3: 6
4: 7
5: 8 9 10
6: 3 9 10
7: 4 9 10
8: 2 5 10
9: 5 6 7
10: 1 5 6 7 8

1: 10
2: 7
3: 6 10
4: 9 10
5: 8 10
6: 3 7 8
7: 2 6 9 10
8: 5 6 9 10
9: 4 7 8 10
10: 1 3 4 5 7 8 9

1: 10
2: 7
3: 6 9 10
4: 7 9 10
5: 8 9 10
6: 3 8 10
7: 2 4 8 9
8: 5 6 7 9 10
9: 3 4 5 7 8
10: 1 3 4 5 6 8

1: 10
2: 7
3: 6 8
4: 7 9 10
5: 8 9 10
6: 3 9 10
7: 2 4 10
8: 3 5 9 10
9: 4 5 6 8
10: 1 4 5 6 7 8

1: 7
2: 10
3: 6
4: 8
5: 9
6: 3 10
7: 1 8 9
8: 4 7 9 10
9: 5 7 8 10
10: 2 6 8 9

1: 8
2: 9
3: 6
4: 8 10
5: 6 7
6: 3 5 10
7: 5 9 10
8: 1 4 9
9: 2 7 8 10
10: 4 6 7 9

1: 10
2: 8
3: 6
4: 7 10
5: 6 9
6: 3 5
7: 4 8 9
8: 2 7 9 10
9: 5 7 8 10
10: 1 4 8 9

1: 10
2: 6
3: 8
4: 9 10
5: 7 10
6: 2 8 9
7: 5 8 9
8: 3 6 7 10
9: 4 6 7 10
10: 1 4 5 8 9

1: 10
2: 6
3: 8
4: 9 10
5: 7 10
6: 2 7 8
7: 5 6 9
8: 3 6 9 10
9: 4 7 8 10
10: 1 4 5 8 9

1: 10
2: 6
3: 9
4: 7
5: 8
6: 2 10
7: 4 9 10
8: 5 9 10
9: 3 7 8 10
10: 1 6 7 8 9

1: 10
2: 6
3: 9
4: 7 10
5: 8 10
6: 2 9 10
7: 4 8 9
8: 5 7 9 10
9: 3 6 7 8 10
10: 1 4 5 6 8 9

1: 10
2: 6 10
3: 9 10
4: 7 10
5: 8 10
6: 2 8
7: 4 9 10
8: 5 6 9 10
9: 3 7 8 10
10: 1 2 3 4 5 7 8 9

1: 10
2: 6
3: 9
4: 7
5: 8
6: 2 7 8 10
7: 4 6 9 10
8: 5 6 9 10
9: 3 7 8 10
10: 1 6 7 8 9

1: 10
2: 6 10
3: 9 10
4: 7 10
5: 8 10
6: 2 7 8 10
7: 4 6 9 10
8: 5 6 9 10
9: 3 7 8 10
10: 1 2 3 4 5 6 7 8 9

1: 10
2: 6
3: 7
4: 8 10
5: 9 10
6: 2 10
7: 3 10
8: 4 9
9: 5 8 10
10: 1 4 5 6 7 9

1: 10
2: 6
3: 7 10
4: 8 10
5: 9 10
6: 2 10
7: 3 9
8: 4 9 10
9: 5 7 8 10
10: 1 3 4 5 6 8 9

1: 10
2: 6
3: 7
4: 8
5: 9
6: 2 10
7: 3 8 9 10
8: 4 7 9 10
9: 5 7 8 10
10: 1 6 7 8 9

1: 10
2: 6
3: 7
4: 8 10
5: 9 10
6: 2 9
7: 3 8 10
8: 4 7 9
9: 5 6 8 10
10: 1 4 5 7 9

1: 10
2: 6
3: 7
4: 8 10
5: 9 10
6: 2 8
7: 3 9 10
8: 4 6 9
9: 5 7 8 10
10: 1 4 5 7 9

1: 10
2: 6
3: 7
4: 8 10
5: 9 10
6: 2 8 9 10
7: 3 8 9 10
8: 4 6 7 9
9: 5 6 7 8 10
10: 1 4 5 6 7 9

1: 10
2: 6
3: 7 10
4: 8 10
5: 9 10
6: 2 8 9 10
7: 3 8 9 10
8: 4 6 7 9 10
9: 5 6 7 8 10
10: 1 3 4 5 6 7 8 9

1: 10
2: 6
3: 7
4: 8
5: 9
6: 2 7
7: 3 6 10
8: 4 9 10
9: 5 8 10
10: 1 7 8 9

1: 10
2: 6
3: 7
4: 8
5: 9
6: 2 7 10
7: 3 6 10
8: 4 9 10
9: 5 8 10
10: 1 6 7 8 9

1: 10
2: 6
3: 8
4: 9
5: 6 7 10
6: 2 5 10
7: 5 8 9
8: 3 7 9 10
9: 4 7 8 10
10: 1 5 6 8 9

1: 10
2: 6
3: 9 10
4: 7 10
5: 6 8
6: 2 5 9
7: 4 8 9 10
8: 5 7 9 10
9: 3 6 7 8
10: 1 3 4 7 8

1: 10
2: 6
3: 9 10
4: 7 10
5: 6 8 10
6: 2 5 9
7: 4 8 9 10
8: 5 7 9 10
9: 3 6 7 8 10
10: 1 3 4 5 7 8 9

1: 10
2: 6
3: 9 10
4: 7 10
5: 6 8 10
6: 2 5 9 10
7: 4 8 9 10
8: 5 7 9 10
9: 3 6 7 8 10
10: 1 3 4 5 6 7 8 9

1: 10
2: 6
3: 8
4: 7 10
5: 6 9
6: 2 5 10
7: 4 8 9
8: 3 7 9 10
9: 5 7 8 10
10: 1 4 6 8 9

1: 9
2: 6
3: 7 10
4: 6 10
5: 6 8 10
6: 2 4 5
7: 3 8 9
8: 5 7 9 10
9: 1 7 8 10
10: 3 4 5 8 9

1: 6
2: 9
3: 10
4: 7
5: 8
6: 1 9 10
7: 4 8 9 10
8: 5 7 9 10
9: 2 6 7 8 10
10: 3 6 7 8 9

1: 6
2: 9
3: 10
4: 7 8
5: 8 9 10
6: 1 9 10
7: 4 9 10
8: 4 5 9 10
9: 2 5 6 7 8
10: 3 5 6 7 8

1: 6
2: 9
3: 10
4: 7 8
5: 8 9 10
6: 1 9 10
7: 4 9 10
8: 4 5 9 10
9: 2 5 6 7 8 10
10: 3 5 6 7 8 9

1: 6
2: 9
3: 10
4: 7
5: 8
6: 1 7 8
7: 4 6 9 10
8: 5 6 9 10
9: 2 7 8 10
10: 3 7 8 9

1: 6
2: 9
3: 7 10
4: 9 10
5: 8 9 10
6: 1 7 8 10
7: 3 6 8 9
8: 5 6 7 9 10
9: 2 4 5 7 8 10
10: 3 4 5 6 8 9

1: 10
2: 9
3: 8 10
4: 5 8
5: 4 9 10
6: 7 9 10
7: 6 8 10
8: 3 4 7 9 10
9: 2 5 6 8 10
10: 1 3 5 6 7 8 9

1: 10
2: 8
3: 9 10
4: 5 9
5: 4 8 10
6: 7 8 10
7: 6 9 10
8: 2 5 6 9
9: 3 4 7 8 10
10: 1 3 5 6 7 9

1: 10
2: 8 10
3: 9 10
4: 5 8
5: 4 9
6: 7 8 10
7: 6 9 10
8: 2 4 6 9
9: 3 5 7 8
10: 1 2 3 6 7

1: 10
2: 9 10
3: 8 10
4: 5 9
5: 4 7
6: 7 8 10
7: 5 6 9
8: 3 6 9 10
9: 2 4 7 8
10: 1 2 3 6 8

1: 10
2: 8
3: 9
4: 5 10
5: 4 7
6: 7 9
7: 5 6 10
8: 2 9 10
9: 3 6 8 10
10: 1 4 7 8 9

1: 10
2: 8
3: 9
4: 5 7
5: 4 9 10
6: 7 8 10
7: 4 6 9 10
8: 2 6 9 10
9: 3 5 7 8 10
10: 1 5 6 7 8 9

1: 10
2: 8
3: 8 9
4: 5 7
5: 4 9 10
6: 7 8 9 10
7: 4 6 9 10
8: 2 3 6 10
9: 3 5 6 7
10: 1 5 6 7 8

1: 10
2: 9
3: 7 10
4: 5 9
5: 4 8 10
6: 8 9 10
7: 3 8 10
8: 5 6 7 9
9: 2 4 6 8 10
10: 1 3 5 6 7 9

1: 10
2: 8
3: 7 10
4: 5 10
5: 4 9 10
6: 8 9 10
7: 3 8 9
8: 2 6 7 10
9: 5 6 7 10
10: 1 3 4 5 6 8 9

1: 10
2: 9 10
3: 7 10
4: 5 9
5: 4 8 10
6: 7 8 10
7: 3 6 9 10
8: 5 6 9 10
9: 2 4 7 8 10
10: 1 2 3 5 6 7 8 9

1: 10
2: 7
3: 9
4: 5
5: 4 10
6: 8 10
7: 2 8 9
8: 6 7 9
9: 3 7 8 10
10: 1 5 6 9

1: 10
2: 7
3: 8 10
4: 5 10
5: 4 9 10
6: 7 9 10
7: 2 6 8
8: 3 7 9
9: 5 6 8 10
10: 1 3 4 5 6 9

1: 10
2: 7 10
3: 9 10
4: 5 9
5: 4 7 8
6: 8 9 10
7: 2 5 8 9
8: 5 6 7 9 10
9: 3 4 6 7 8
10: 1 2 3 6 8

1: 10
2: 8
3: 8 9
4: 5 9 10
5: 4 6 10
6: 5 7 9
7: 6 8 9 10
8: 2 3 7 10
9: 3 4 6 7
10: 1 4 5 7 8

1: 10
2: 8
3: 8 9
4: 5 6 10
5: 4 9 10
6: 4 7 9
7: 6 8 9 10
8: 2 3 7 10
9: 3 5 6 7 10
10: 1 4 5 7 8 9

1: 8
2: 10
3: 9
4: 5 6 9
5: 4 7 10
6: 4 9 10
7: 5 9 10
8: 1 9 10
9: 3 4 6 7 8
10: 2 5 6 7 8

1: 8
2: 10
3: 9
4: 5 6 9
5: 4 7 10
6: 4 9 10
7: 5 9 10
8: 1 9 10
9: 3 4 6 7 8 10
10: 2 5 6 7 8 9

1: 7
2: 9 10
3: 8 10
4: 5 6
5: 4 9 10
6: 4 8 9 10
7: 1 8 9 10
8: 3 6 7 9 10
9: 2 5 6 7 8
10: 2 3 5 6 7 8

1: 10
2: 8
3: 6 10
4: 5 8
5: 4 9 10
6: 3 9 10
7: 8 9 10
8: 2 4 7 9
9: 5 6 7 8
10: 1 3 5 6 7

1: 10
2: 9 10
3: 6 10
4: 5 9
5: 4 8
6: 3 7
7: 6 8 10
8: 5 7 9
9: 2 4 8
10: 1 2 3 7

1: 10
2: 9
3: 6
4: 5 8
5: 4 9 10
6: 3 7 10
7: 6 8 10
8: 4 7 9 10
9: 2 5 8 10
10: 1 5 6 7 8 9

1: 10
2: 9
3: 6
4: 5 8
5: 4 9 10
6: 3 7 10
7: 6 8 9
8: 4 7 9 10
9: 2 5 7 8
10: 1 5 6 8

1: 7
2: 9 10
3: 6 8
4: 5 8
5: 4 9 10
6: 3 7 10
7: 1 6 9 10
8: 3 4 9 10
9: 2 5 7 8
10: 2 5 6 7 8

1: 10
2: 6
3: 9 10
4: 5 8
5: 4 9
6: 2 10
7: 8 9 10
8: 4 7 9
9: 3 5 7 8
10: 1 3 6 7

1: 10
2: 6
3: 6 9
4: 5 7
5: 4 9 10
6: 2 3 8
7: 4 8 9 10
8: 6 7 9 10
9: 3 5 7 8
10: 1 5 7 8

1: 6
2: 7
3: 9 10
4: 5 8
5: 4 9 10
6: 1 8 9 10
7: 2 8 9 10
8: 4 6 7 10
9: 3 5 6 7
10: 3 5 6 7 8

1: 10
2: 9
3: 5 10
4: 8 10
5: 3 7
6: 7 9 10
7: 5 6 8 10
8: 4 7 9 10
9: 2 6 8 10
10: 1 3 4 6 7 8 9

1: 10
2: 9
3: 5 10
4: 7 9
5: 3 8
6: 8 9 10
7: 4 8 9 10
8: 5 6 7 10
9: 2 4 6 7
10: 1 3 6 7 8

1: 10
2: 8
3: 5 7
4: 8 9 10
5: 3 9 10
6: 7 8 9
7: 3 6 9 10
8: 2 4 6 10
9: 4 5 6 7
10: 1 4 5 7 8

1: 10
2: 7
3: 5 10
4: 8 10
5: 3 9
6: 7 9 10
7: 2 6 8
8: 4 7 9 10
9: 5 6 8 10
10: 1 3 4 6 8 9

1: 10
2: 9 10
3: 5 10
4: 7 9
5: 3 6
6: 5 8 10
7: 4 8 10
8: 6 7 9 10
9: 2 4 8 10
10: 1 2 3 6 7 8 9

1: 9
2: 9 10
3: 5 10
4: 7 9
5: 3 6
6: 5 8 10
7: 4 8 10
8: 6 7 9
9: 1 2 4 8 10
10: 2 3 6 7 9

1: 10
2: 8 10
3: 5 10
4: 7 8
5: 3 6 10
6: 5 9 10
7: 4 9 10
8: 2 4 9
9: 6 7 8 10
10: 1 2 3 5 6 7 9

1: 10
2: 9
3: 5
4: 6
5: 3 8 9
6: 4 8 10
7: 8 9 10
8: 5 6 7
9: 2 5 7 10
10: 1 6 7 9

1: 10
2: 8
3: 5 9
4: 6 9
5: 3 7 10
6: 4 7 10
7: 5 6 9
8: 2 9 10
9: 3 4 7 8 10
10: 1 5 6 8 9

1: 8
2: 9 10
3: 5 6
4: 7 8
5: 3 9 10
6: 3 7 10
7: 4 6 9 10
8: 1 4 9 10
9: 2 5 7 8
10: 2 5 6 7 8

1: 9
2: 6
3: 5
4: 8 10
5: 3 7
6: 2 8 10
7: 5 9 10
8: 4 6 9
9: 1 7 8 10
10: 4 6 7 9

1: 10
2: 6
3: 5 9
4: 6 9 10
5: 3 8 10
6: 2 4 7
7: 6 8 9 10
8: 5 7 9 10
9: 3 4 7 8 10
10: 1 4 5 7 8 9

1: 10
2: 6
3: 5 9
4: 6 9 10
5: 3 8 10
6: 2 4 7 10
7: 6 8 9 10
8: 5 7 9 10
9: 3 4 7 8 10
10: 1 4 5 6 7 8 9

1: 7
2: 8 10
3: 5 10
4: 5 9 10
5: 3 4 6
6: 5 8 9 10
7: 1 8 9 10
8: 2 6 7 9
9: 4 6 7 8 10
10: 2 3 4 6 7 9

1: 7 9
2: 5 8
3: 8 9 10
4: 7 9 10
5: 2 6 10
6: 5 8 9 10
7: 1 4 8 9 10
8: 2 3 6 7 10
9: 1 3 4 6 7
10: 3 4 5 6 7 8

1: 5
2: 10
3: 9
4: 8 9
5: 1 10
6: 7 9
7: 6 8 10
8: 4 7 9 10
9: 3 4 6 8 10
10: 2 5 7 8 9

1: 5
2: 10
3: 8
4: 9
5: 1 6
6: 5 7 10
7: 6 8 9
8: 3 7 9 10
9: 4 7 8 10
10: 2 6 8 9

1: 5
2: 6
3: 7
4: 9 10
5: 1 8 9 10
6: 2 8 9 10
7: 3 8 9 10
8: 5 6 7 10
9: 4 5 6 7
10: 4 5 6 7 8

1: 5
2: 8
3: 9
4: 5 6 7
5: 1 4 6 10
6: 4 5 8 9
7: 4 8 9 10
8: 2 6 7 10
9: 3 6 7 10
10: 5 7 8 9

1: 5
2: 5 9
3: 7 10
4: 6 8
5: 1 2 8
6: 4 7 10
7: 3 6 9
8: 4 5 9 10
9: 2 7 8 10
10: 3 6 8 9

1: 8 10
2: 9 10
3: 4 8
4: 3 9
5: 8 9 10
6: 7 8 10
7: 6 9 10
8: 1 3 5 6 9
9: 2 4 5 7 8
10: 1 2 5 6 7

1: 10
2: 9
3: 4
4: 3 10
5: 7 8 10
6: 8 9 10
7: 5 9 10
8: 5 6 9
9: 2 6 7 8
10: 1 4 5 6 7

1: 10
2: 9
3: 4
4: 3 10
5: 7 8 10
6: 8 9 10
7: 5 9 10
8: 5 6 9
9: 2 6 7 8 10
10: 1 4 5 6 7 9

1: 10
2: 9
3: 4 10
4: 3 8
5: 7 9
6: 8 9 10
7: 5 8 9 10
8: 4 6 7 10
9: 2 5 6 7 10
10: 1 3 6 7 8 9

1: 10
2: 9
3: 4
4: 3 10
5: 6 8
6: 5 9 10
7: 8 9 10
8: 5 7 9 10
9: 2 6 7 8
10: 1 4 6 7 8

1: 10
2: 9
3: 4
4: 3 10
5: 6 8
6: 5 9 10
7: 8 9 10
8: 5 7 9 10
9: 2 6 7 8 10
10: 1 4 6 7 8 9

1: 9
2: 10
3: 4 8
4: 3 6
5: 8 9 10
6: 4 7 8
7: 6 8 9 10
8: 3 5 6 7
9: 1 5 7 10
10: 2 5 7 9

1: 10
2: 9
3: 4
4: 3 6
5: 7 8 10
6: 4 8 10
7: 5 9 10
8: 5 6 9
9: 2 7 8 10
10: 1 5 6 7 9

1: 7
2: 8
3: 4 10
4: 3 6
5: 7 8 10
6: 4 9 10
7: 1 5 9
8: 2 5 9
9: 6 7 8 10
10: 3 5 6 9

1: 9
2: 6 10
3: 4 8
4: 3 7 10
5: 7 9 10
6: 2 8 9
7: 4 5 8
8: 3 6 7 10
9: 1 5 6 10
10: 2 4 5 8 9

1: 10
2: 6
3: 4 8
4: 3 9 10
5: 6 8 9
6: 2 5 7
7: 6 9 10
8: 3 5 9 10
9: 4 5 7 8
10: 1 4 7 8

1: 10
2: 8 10
3: 4 10
4: 3 5
5: 4 9
6: 7 9
7: 6 8 10
8: 2 7 9
9: 5 6 8 10
10: 1 2 3 7 9

1: 10
2: 5 9
3: 4 7
4: 3 8 10
5: 2 6 10
6: 5 8 9
7: 3 8 9
8: 4 6 7 10
9: 2 6 7 10
10: 1 4 5 8 9

1: 5
2: 6 10
3: 4 5 10
4: 3 8 9
5: 1 3 9
6: 2 7 8
7: 6 8 9 10
8: 4 6 7 10
9: 4 5 7 10
10: 2 3 7 8 9

1: 10
2: 4
3: 9 10
4: 2 10
5: 8 9
6: 7 8
7: 6 9 10
8: 5 6 9 10
9: 3 5 7 8
10: 1 3 4 7 8

1: 10
2: 4
3: 9 10
4: 2 10
5: 6 9
6: 5 8 10
7: 8 9 10
8: 6 7 9 10
9: 3 5 7 8 10
10: 1 3 4 6 7 8 9

1: 8
2: 4 10
3: 6 9
4: 2 5
5: 4 7 10
6: 3 7 8
7: 5 6 9
8: 1 6 9 10
9: 3 7 8 10
10: 2 5 8 9

1: 10
2: 4 8
3: 5 9
4: 2 7 10
5: 3 6 10
6: 5 8 9 10
7: 4 8 9 10
8: 2 6 7 10
9: 3 6 7 10
10: 1 4 5 6 7 8 9

1: 4
2: 6 10
3: 7 10
4: 1 7 9
5: 7 9 10
6: 2 8 9
7: 3 4 5 8
8: 6 7 9 10
9: 4 5 6 8 10
10: 2 3 5 8 9

1: 4 10
2: 7 10
3: 8 10
4: 1 5
5: 4 9 10
6: 7 8 10
7: 2 6 9
8: 3 6 9
9: 5 7 8 10
10: 1 2 3 5 6 9

1: 4
2: 8 10
3: 9 10
4: 1 5 9
5: 4 6 7
6: 5 9 10
7: 5 8 9 10
8: 2 7 9 10
9: 3 4 6 7 8
10: 2 3 6 7 8

1: 4
2: 9
3: 4 10
4: 1 3 8
5: 6 8 10
6: 5 7 9
7: 6 9 10
8: 4 5 9 10
9: 2 6 7 8 10
10: 3 5 7 8 9

1: 10
2: 3
3: 2 10
4: 7 10
5: 8 10
6: 9 10
7: 4 8 9 10
8: 5 7 9 10
9: 6 7 8 10
10: 1 3 4 5 6 7 8 9

1: 10
2: 3
3: 2 10
4: 7 8
5: 6 9
6: 5 8 10
7: 4 9 10
8: 4 6 9
9: 5 7 8 10
10: 1 3 6 7 9

1: 9 10
2: 3 6
3: 2 7
4: 7 8 10
5: 8 9 10
6: 2 7 8 10
7: 3 4 6 9
8: 4 5 6 9
9: 1 5 7 8 10
10: 1 4 5 6 9

1: 10
2: 3
3: 2 7
4: 5 8
5: 4 9 10
6: 8 9 10
7: 3 9 10
8: 4 6 9 10
9: 5 6 7 8
10: 1 5 6 7 8

1: 10
2: 3 9
3: 2 7
4: 5 6 10
5: 4 8 10
6: 4 8 9
7: 3 8 9
8: 5 6 7 10
9: 2 6 7 10
10: 1 4 5 8 9

1: 8
2: 3 7
3: 2 6
4: 5 9
5: 4 8 10
6: 3 7 10
7: 2 6 9
8: 1 5 9 10
9: 4 7 8 10
10: 5 6 8 9

1: 3 9
2: 6 8
3: 1 5
4: 8 9 10
5: 3 9 10
6: 2 7 10
7: 6 8 9 10
8: 2 4 7 10
9: 1 4 5 7
10: 4 5 6 7 8

1: 3 6
2: 5 8
3: 1 7
4: 8 9 10
5: 2 9 10
6: 1 7 10
7: 3 6 9 10
8: 2 4 9 10
9: 4 5 7 8
10: 4 5 6 7 8

1: 3 8
2: 4 7
3: 1 5 9
4: 2 6 10
5: 3 6 8 9
6: 4 5 7 10
7: 2 6 9 10
8: 1 5 9 10
9: 3 5 7 8 10
10: 4 6 7 8 9

1: 2 10
2: 1 6
3: 5 8
4: 5 8 9
5: 3 4 7 9
6: 2 7 9 10
7: 5 6 8 10
8: 3 4 7 9 10
9: 4 5 6 8 10
10: 1 6 7 8 9

1: 2 10
2: 1 8
3: 4 9
4: 3 6 10
5: 7 9 10
6: 4 7 9
7: 5 6 8 10
8: 2 7 9 10
9: 3 5 6 8 10
10: 1 4 5 7 8 9

1: 8
2: 12
3: 11
4: 13
5: 14
6: 10
7: 9
8: 1 9 10
9: 7 8 13
10: 6 8 14
11: 3 12 13
12: 2 11 14
13: 4 9 11
14: 5 10 12

1: 10
2: 14
3: 13
4: 15
5: 16
6: 18
7: 17
8: 12
9: 11
10: 1 11 12
11: 9 10 18
12: 8 10 17
13: 3 14 15
14: 2 13 16
15: 4 13 17
16: 5 14 18
17: 7 12 15
18: 6 11 16

1: 12
2: 16
3: 15
4: 17
5: 18
6: 20
7: 19
8: 22
9: 21
10: 14
11: 13
12: 1 13 14
13: 11 12 22
14: 10 12 21
15: 3 16 17
16: 2 15 18
17: 4 15 19
18: 5 16 20
19: 7 17 22
20: 6 18 21
21: 9 14 20
22: 8 13 19

1: 9
2: 8
3: 8 9
4: 5 6
5: 4 7
6: 4 7 8
7: 5 6 9
8: 2 3 6
9: 1 3 7

1: 2 3
2: 1 5
3: 1 6
4: 5 6
5: 2 4 6
6: 3 4 5

1: 2 5 6
2: 1 5 7
3: 6 7 8
4: 5 6 8
5: 1 2 4 7
6: 1 3 4 8
7: 2 3 5 8
8: 3 4 6 7

1: 5 6 9
2: 5 7 9
3: 6 8 9
4: 7 8 9
5: 1 2 6 7 9
6: 1 3 5 8 9
7: 2 4 5 8 9
8: 3 4 6 7 9
9: 1 2 3 4 5 6 7 8

1: 15
2: 11
3: 11
4: 13
5: 13
6: 14
7: 12 15
8: 11 12
9: 10 15
10: 9 14
11: 2 3 8
12: 7 8 14
13: 4 5 14 15
14: 6 10 12 13
15: 1 7 9 13

1: 11
2: 9
3: 8 11
4: 10 11
5: 6 9
6: 5 7
7: 6 10
8: 3 10
9: 2 5
10: 4 7 8
11: 1 3 4

1: 8
2: 3
3: 2 8
4: 6 8
5: 7 8
6: 4 7
7: 5 6
8: 1 3 4 5

1: 8
2: 6
3: 5 8
4: 7 8
5: 3 7
6: 2 7
7: 4 5 6
8: 1 3 4

1: 8
2: 8
3: 5 7
4: 6 7
5: 3 6
6: 4 5
7: 3 4 8
8: 1 2 7

1: 12
2: 9
3: 11
4: 11
5: 11
6: 10 12
7: 8 10
8: 7 12
9: 2 12
10: 6 7 11
11: 3 4 5 10
12: 1 6 8 9

1: 7
2: 7
3: 9
4: 8 9
5: 6 9
6: 5 8
7: 1 2 8
8: 4 6 7
9: 3 4 5

1: 4 6 7
2: 5 6 7
3: 4 5 7
4: 1 3 6 7
5: 2 3 6 7
6: 1 2 4 5 7
7: 1 2 3 4 5 6

1: 5 7
2: 4 6 7
3: 5 6 7
4: 2 5 6 7
5: 1 3 4 6 7
6: 2 3 4 5 7
7: 1 2 3 4 5 6

1: 2 5
2: 1 8
3: 4 6
4: 3 7
5: 1 9
6: 3 10
7: 4 10
8: 2 9
9: 5 8 10
10: 6 7 9

1: 2 3
2: 1 3 8
3: 1 2 9
4: 5 6 7
5: 4 6 7
6: 4 5 8
7: 4 5 9
8: 2 6 9
9: 3 7 8

1: 7 8 10
2: 7 9 11
3: 8 9 11
4: 7 8 11
5: 7 9 10
6: 8 9 10
7: 1 2 4 5 10 11
8: 1 3 4 6 10 11
9: 2 3 5 6 10 11
10: 1 5 6 7 8 9
11: 2 3 4 7 8 9

1: 11 12
2: 11 13
3: 11 13
4: 11 13
5: 11 12
6: 11 12
7: 8 12 13
8: 7 12 13
9: 10 12 13
10: 9 12 13
11: 1 2 3 4 5 6 12 13
12: 1 5 6 7 8 9 10 11
13: 2 3 4 7 8 9 10 11

1: 9 10 17
2: 11 12 17
3: 14 16 17
4: 13 15 17
5: 7 11 12 17
6: 8 9 10 17
7: 5 13 15 17
8: 6 14 16 17
9: 1 6 10 17
10: 1 6 9 17
11: 2 5 12 17
12: 2 5 11 17
13: 4 7 15 17
14: 3 8 16 17
15: 4 7 13 16 17
16: 3 8 14 15 17
17: 1 2 3 4 5 6 7 8 9 10 11 12 13 14 15 16

1: 4 6
2: 5 6
3: 4 5 6
4: 1 3 5
5: 2 3 4
6: 1 2 3

1: 7 8
2: 7 8
3: 5 7
4: 6 7
5: 3 6 8
6: 4 5 8
7: 1 2 3 4
8: 1 2 5 6

1: 7 8
2: 7 8
3: 5 7
4: 6 7
5: 3 6 8
6: 4 5 8
7: 1 2 3 4 8
8: 1 2 5 6 7

1: 7 8
2: 7 8
3: 5 8
4: 6 8
5: 3 6 7 8
6: 4 5 7 8
7: 1 2 5 6
8: 1 2 3 4 5 6

1: 7 8
2: 7 8
3: 5 8
4: 6 8
5: 3 6 7 8
6: 4 5 7 8
7: 1 2 5 6 8
8: 1 2 3 4 5 6 7

1: 5 7
2: 6 7
3: 6 7
4: 5 7
5: 1 4 6
6: 2 3 5
7: 1 2 3 4

1: 7 10
2: 7 10
3: 8 10
4: 9 10
5: 9 10
6: 8 10
7: 1 2 8 9
8: 3 6 7 9
9: 4 5 7 8
10: 1 2 3 4 5 6

1: 7 10
2: 7 10
3: 8 10
4: 9 10
5: 9 10
6: 8 10
7: 1 2 8 9 10
8: 3 6 7 9 10
9: 4 5 7 8 10
10: 1 2 3 4 5 6 7 8 9

1: 7 11
2: 7 11
3: 8 11
4: 8 11
5: 10 11
6: 9 11
7: 1 2 9
8: 3 4 10
9: 6 7 10
10: 5 8 9
11: 1 2 3 4 5 6

1: 10 11
2: 9 11
3: 7 11
4: 7 11
5: 8 11
6: 8 11
7: 3 4 9
8: 5 6 10
9: 2 7 10 11
10: 1 8 9 11
11: 1 2 3 4 5 6 9 10

1: 10 11
2: 10 11
3: 9 11
4: 9 11
5: 7 11
6: 8 11
7: 5 8 9
8: 6 7 10
9: 3 4 7 11
10: 1 2 8 11
11: 1 2 3 4 5 6 9 10

1: 7 11
2: 7 11
3: 8 11
4: 8 11
5: 10 11
6: 9 11
7: 1 2 9 11
8: 3 4 10 11
9: 6 7 10 11
10: 5 8 9 11
11: 1 2 3 4 5 6 7 8 9 10

1: 9 13
2: 9 13
3: 12 13
4: 12 13
5: 10 13
6: 11 13
7: 11 13
8: 10 13
9: 1 2 10 11
10: 5 8 9 12
11: 6 7 9 12
12: 3 4 10 11
13: 1 2 3 4 5 6 7 8

1: 12 14
2: 10 11
3: 9 16
4: 7 16
5: 8 15
6: 13 15
7: 4 9 12
8: 5 10 12
9: 3 7 11
10: 2 8 14
11: 2 9 13
12: 1 7 8
13: 6 11 16
14: 1 10 15
15: 5 6 14
16: 3 4 13

1: 2 4
2: 1 8
3: 5 7
4: 1 10
5: 3 9
6: 7 8
7: 3 6 10
8: 2 6 9
9: 5 8 10
10: 4 7 9

1: 3 5
2: 4 6
3: 1 7
4: 2 8
5: 1 8
6: 2 7
7: 3 6 8
8: 4 5 7

1: 8 12
2: 9 11
3: 7 14
4: 10 16
5: 13 15
6: 15 16
7: 3 8 9
8: 1 7 10
9: 2 7 12
10: 4 8 11
11: 2 10 13
12: 1 9 14
13: 5 11 16
14: 3 12 15
15: 5 6 14
16: 4 6 13

1: 14 16
2: 15 16
3: 13 15
4: 12 14
5: 9 11
6: 8 10
7: 8 9 14
8: 6 7 13
9: 5 7 12
10: 6 11 15
11: 5 10 13
12: 4 9 16
13: 3 8 11
14: 1 4 7
15: 2 3 10
16: 1 2 12

1: 21
2: 23
3: 26
4: 26
5: 25
6: 16
7: 18
8: 18
9: 17
10: 21 22
11: 25 26
12: 14 24
13: 15 24
14: 12 23
15: 13 23
16: 6 21 24
17: 9 20 22
18: 7 8 19
19: 18 20 26
20: 17 19 25
21: 1 10 16
22: 10 17 25
23: 2 14 15
24: 12 13 16
25: 5 11 20 22
26: 3 4 11 19

1: 23
2: 23
3: 16
4: 20
5: 22
6: 21
7: 11 15
8: 14 19
9: 19 20
10: 19 21
11: 7 12
12: 11 13
13: 12 18
14: 8 20
15: 7 18 23
16: 3 17 23
17: 16 21 22
18: 13 15 22
19: 8 9 10
20: 4 9 14
21: 6 10 17
22: 5 17 18
23: 1 2 15 16

1: 9
2: 10
3: 4 11
4: 3 11
5: 7 9
6: 7 10
7: 5 6 8
8: 7 9 10 11
9: 1 5 8 11
10: 2 6 8 11
11: 3 4 8 9 10

1: 20
2: 20
3: 17
4: 13
5: 16
6: 12
7: 11
8: 18 19
9: 13 17
10: 16 18
11: 7 19
12: 6 14
13: 4 9 20
14: 12 15 20
15: 14 17 18
16: 5 10 19
17: 3 9 15
18: 8 10 15
19: 8 11 16
20: 1 2 13 14

1: 15
2: 19
3: 19
4: 14
5: 14
6: 18
7: 18
8: 19 20
9: 16 18
10: 12 20
11: 13 17
12: 10 13
13: 11 12
14: 4 5 20
15: 1 16 17
16: 9 15 17
17: 11 15 16
18: 6 7 9
19: 2 3 8
20: 8 10 14

1: 20
2: 20
3: 19
4: 19
5: 8 11
6: 7 12
7: 6 14
8: 5 13
9: 15 20
10: 16 19
11: 5 15
12: 6 16
13: 8 18
14: 7 17
15: 9 11 17
16: 10 12 18
17: 14 15 18
18: 13 16 17
19: 3 4 10
20: 1 2 9

1: 2 7
2: 1 8
3: 4 8
4: 3 7
5: 7 8
6: 7 8
7: 1 4 5 6
8: 2 3 5 6

1: 8 9
2: 6 8
3: 7 9
4: 7 9
5: 6 8
6: 2 5 8
7: 3 4 9
8: 1 2 5 6 9
9: 1 3 4 7 8

1: 7 11
2: 7 11
3: 8 11
4: 9 11
5: 8 10
6: 9 10
7: 1 2 11
8: 3 5 10 11
9: 4 6 10 11
10: 5 6 8 9
11: 1 2 3 4 7 8 9

1: 9 15
2: 12 15
3: 10 15
4: 11 15
5: 9 13
6: 10 14
7: 11 14
8: 12 13
9: 1 5 13 15
10: 3 6 14 15
11: 4 7 14 15
12: 2 8 13 15
13: 5 8 9 12
14: 6 7 10 11
15: 1 2 3 4 9 10 11 12

1: 16 17
2: 10 16
3: 11 17
4: 12 17
5: 13 16
6: 10 14
7: 13 14
8: 11 15
9: 12 15
10: 2 6 14 16
11: 3 8 15 17
12: 4 9 15 17
13: 5 7 14 16
14: 6 7 10 13
15: 8 9 11 12
16: 1 2 5 10 13 17
17: 1 3 4 11 12 16

1: 5 6
2: 3 5 9
3: 2 4 8
4: 3 7 8
5: 1 2 6 9
6: 1 5 7 9
7: 4 6 8 9
8: 3 4 7 9
9: 2 5 6 7 8

1: 5
2: 5 6
3: 4 6
4: 3 6
5: 1 2 6
6: 2 3 4 5

1: 9 10
2: 5 6
3: 7 8 11
4: 6 8 11
5: 2 10 11
6: 2 4 11
7: 3 9 10
8: 3 4 9
9: 1 7 8
10: 1 5 7
11: 3 4 5 6

1: 3 6
2: 4 5
3: 1 7
4: 2 8
5: 2 10
6: 1 9
7: 3 11
8: 4 12
9: 6 14
10: 5 13
11: 7 15
12: 8 18
13: 10 17
14: 9 16
15: 11 19
16: 14 20
17: 13 20
18: 12 19
19: 15 18 20
20: 16 17 19

1: 6
2: 7
3: 7
4: 6
5: 6 7
6: 1 4 5 7
7: 2 3 5 6

1: 2 3 9
2: 1 7 9
3: 1 8 9
4: 5 6 9
5: 4 7 9
6: 4 8 9
7: 2 5 9
8: 3 6 9
9: 1 2 3 4 5 6 7 8

1: 17 18 19
2: 16 18 19
3: 4 5 18 19
4: 3 6 18 19
5: 3 7 18 19
6: 4 8 18 19
7: 5 9 18 19
8: 6 11 18 19
9: 7 10 18 19
10: 9 13 18 19
11: 8 12 18 19
12: 11 15 18 19
13: 10 14 18 19
14: 13 17 18 19
15: 12 16 18 19
16: 2 15 18 19
17: 1 14 18 19
18: 1 2 3 4 5 6 7 8 9 10 11 12 13 14 15 16 17 19
19: 1 2 3 4 5 6 7 8 9 10 11 12 13 14 15 16 17 18

1: 40
2: 40
3: 40
4: 37
5: 33
6: 33
7: 31
8: 30
9: 29
10: 28
11: 25
12: 26
13: 23
14: 24
15: 39
16: 39
17: 39
18: 38
19: 38
20: 21 22
21: 20 37 40
22: 20 35 36
23: 13 30 36
24: 14 31 36
25: 11 28 32
26: 12 29 32
27: 28 29 35
28: 10 25 27
29: 9 26 27
30: 8 23 34
31: 7 24 34
32: 25 26 39
33: 5 6 38
34: 30 31 38
35: 22 27 37
36: 22 23 24
37: 4 21 35
38: 18 19 33 34
39: 15 16 17 32
40: 1 2 3 21

1: 42
2: 42
3: 42
4: 39
5: 41
6: 41
7: 41
8: 37
9: 40
10: 40
11: 32
12: 28
13: 26
14: 27
15: 34
16: 33
17: 30
18: 31
19: 20
20: 19 39
21: 22 42
22: 21 38
23: 24 25 41
24: 23 36 37
25: 23 35 40
26: 13 35 38
27: 14 28 36
28: 12 27 38
29: 30 31 37
30: 17 29 33
31: 18 29 34
32: 11 33 34
33: 16 30 32
34: 15 31 32
35: 25 26 36
36: 24 27 35
37: 8 24 29
38: 22 26 28
39: 4 20 40
40: 9 10 25 39
41: 5 6 7 23
42: 1 2 3 21

1: 34
2: 40
3: 40
4: 35
5: 35
6: 36
7: 36
8: 38
9: 38
10: 38
11: 39
12: 39
13: 41
14: 41
15: 37
16: 37
17: 37
18: 28
19: 29
20: 30
21: 27
22: 23
23: 22 34
24: 41 42
25: 26 27 42
26: 25 33 40
27: 21 25 32
28: 18 29 33
29: 19 28 30
30: 20 29 31
31: 30 32 39
32: 27 31 33
33: 26 28 32
34: 1 23 35
35: 4 5 34 42
36: 6 7 37 42
37: 15 16 17 36
38: 8 9 10 39
39: 11 12 31 38
40: 2 3 26 41
41: 13 14 24 40
42: 24 25 35 36

1: 2 3
2: 1 6
3: 1 7
4: 5 6
5: 4 7
6: 2 4 7
7: 3 5 6

1: 4 5
2: 3 6
3: 2 7
4: 1 6 7
5: 1 6 7
6: 2 4 5
7: 3 4 5

1: 3 7
2: 4 7
3: 1 5
4: 2 6
5: 3 6 7
6: 4 5 7
7: 1 2 5 6

1: 4 6 7
2: 5 6 7
3: 4 5 6 7
4: 1 3 6 7
5: 2 3 6 7
6: 1 2 3 4 5 7
7: 1 2 3 4 5 6

1: 6
2: 5 6
3: 4 5 6
4: 3 5 6
5: 2 3 4 6
6: 1 2 3 4 5

1: 7
2: 6 7
3: 5 6 7
4: 5 6 7
5: 3 4 6 7
6: 2 3 4 5 7
7: 1 2 3 4 5 6

1: 5 6 7
2: 5 6 7
3: 4 6 7
4: 3 5 6 7
5: 1 2 4 6 7
6: 1 2 3 4 5 7
7: 1 2 3 4 5 6

1: 5 6
2: 3 4
3: 2 5 6
4: 2 5 6
5: 1 3 4 6
6: 1 3 4 5

1: 5 6
2: 3 5
3: 2 4 6
4: 3 5 6
5: 1 2 4 6
6: 1 3 4 5

1: 5 6
2: 5 6
3: 4 5 6
4: 3 5 6
5: 1 2 3 4
6: 1 2 3 4

1: 2 6
2: 1 5 6
3: 4 5 6
4: 3 5 6
5: 2 3 4
6: 1 2 3 4

1: 5 6
2: 4 5 6
3: 4 5 6
4: 2 3 6
5: 1 2 3
6: 1 2 3 4

1: 5 7
2: 3 6
3: 2 6 7
4: 5 6 7
5: 1 4 7
6: 2 3 4 7
7: 1 3 4 5 6

1: 4 7
2: 6 7
3: 5 6
4: 1 5 7
5: 3 4 6 7
6: 2 3 5 7
7: 1 2 4 5 6

1: 5 6
2: 5 7
3: 6 7
4: 6 7
5: 1 2 6 7
6: 1 3 4 5 7
7: 2 3 4 5 6

1: 6 7
2: 4 6
3: 5 7
4: 2 6 7
5: 3 6 7
6: 1 2 4 5 7
7: 1 3 4 5 6

1: 6 7
2: 6 7
3: 4 5
4: 3 5 7
5: 3 4 6 7
6: 1 2 5 7
7: 1 2 4 5 6

1: 2 3
2: 1 4
3: 1 6
4: 2 7
5: 6 7
6: 3 5 7
7: 4 5 6

1: 2 3
2: 1 4
3: 1 5
4: 2 7
5: 3 8
6: 7 8
7: 4 6 8
8: 5 6 7

1: 5 6 7
2: 5 6 7
3: 4 6 7
4: 3 6 7
5: 1 2 7
6: 1 2 3 4 7
7: 1 2 3 4 5 6

1: 4 8
2: 6 8
3: 4 5
4: 1 3 7 8
5: 3 6 7 8
6: 2 5 7 8
7: 4 5 6 8
8: 1 2 4 5 6 7

1: 4 5
2: 6 8
3: 7 9
4: 1 5 8 10
5: 1 4 9 10
6: 2 7 8 10
7: 3 6 9 10
8: 2 4 6 10
9: 3 5 7 10
10: 4 5 6 7 8 9

1: 3 5 7
2: 4 6 8
3: 1 5 7 8
4: 2 6 7 8
5: 1 3 6 7 8
6: 2 4 5 7 8
7: 1 3 4 5 6 8
8: 2 3 4 5 6 7

1: 4
2: 5
3: 6
4: 1 7
5: 2 8
6: 3 9
7: 4 8 9
8: 5 7 9
9: 6 7 8

1: 5
2: 6
3: 7
4: 8
5: 1 9
6: 2 10
7: 3 11
8: 4 12
9: 5 10 11 12
10: 6 9 11 12
11: 7 9 10 12
12: 8 9 10 11

1: 5 7 8
2: 6 7 8
3: 4 5 7 8
4: 3 6 7 8
5: 1 3 7 8
6: 2 4 7 8
7: 1 2 3 4 5 6 8
8: 1 2 3 4 5 6 7

1: 5 6 8
2: 5 7 8
3: 4 6 7
4: 3 6 7 8
5: 1 2 6 7 8
6: 1 3 4 5 7 8
7: 2 3 4 5 6 8
8: 1 2 4 5 6 7

1: 2 3 4
2: 1 7 8
3: 1 4 9
4: 1 3 10
5: 6 7 8
6: 5 9 10
7: 2 5 9
8: 2 5 10
9: 3 6 7
10: 4 6 8

1: 6 7
2: 6 7
3: 4 5 6
4: 3 5 7
5: 3 4 6 7
6: 1 2 3 5
7: 1 2 4 5

1: 2 3
2: 1 3 6
3: 1 2 7
4: 5 6 7
5: 4 6 7
6: 2 4 5
7: 3 4 5

1: 7 8
2: 7 8
3: 4 5 6
4: 3 5 6
5: 3 4 7
6: 3 4 8
7: 1 2 5 8
8: 1 2 6 7

1: 6
2: 4
3: 5 6
4: 2 5 6
5: 3 4 6
6: 1 3 4 5

1: 3
2: 5 6
3: 1 4 6
4: 3 5 6
5: 2 4 6
6: 2 3 4 5

1: 5
2: 4 6
3: 5 6
4: 2 5 6
5: 1 3 4 6
6: 2 3 4 5

1: 3 6
2: 5 6
3: 1 4
4: 3 5 6
5: 2 4 6
6: 1 2 4 5

1: 7
2: 8
3: 5 7 8
4: 6 7 8
5: 3 6 7 8
6: 4 5 7 8
7: 1 3 4 5 6 8
8: 2 3 4 5 6 7

1: 5 6
2: 5 6
3: 7 8
4: 7 8
5: 1 2 6 7 8
6: 1 2 5 7 8
7: 3 4 5 6 8
8: 3 4 5 6 7

1: 5 7
2: 6 8
3: 4 6 8
4: 3 5 7
5: 1 4 7 8
6: 2 3 7 8
7: 1 4 5 6 8
8: 2 3 5 6 7

1: 2 7
2: 1 8
3: 5 7 8
4: 6 7 8
5: 3 6 7 8
6: 4 5 7 8
7: 1 3 4 5 6
8: 2 3 4 5 6

1: 2 5 6
2: 1 5 7
3: 4 6 8
4: 3 7 8
5: 1 2 6 8
6: 1 3 5 7
7: 2 4 6 8
8: 3 4 5 7

1: 2 5 6
2: 1 5 6
3: 4 7 8
4: 3 7 8
5: 1 2 7 8
6: 1 2 7 8
7: 3 4 5 6
8: 3 4 5 6

1: 2 3 5
2: 1 6 7
3: 1 5 6
4: 5 6 7
5: 1 3 4 7
6: 2 3 4 7
7: 2 4 5 6

1: 3 5 7
2: 4 6 7
3: 1 5 6
4: 2 5 6
5: 1 3 4 7
6: 2 3 4 7
7: 1 2 5 6

1: 6 8
2: 7 8
3: 4 5 8
4: 3 6 8
5: 3 7 8
6: 1 4 8
7: 2 5 8
8: 1 2 3 4 5 6 7

1: 3 7
2: 4 8
3: 1 5 7
4: 2 6 8
5: 3 6 7 8
6: 4 5 7 8
7: 1 3 5 6
8: 2 4 5 6

1: 6 8
2: 3 7
3: 2 7 8
4: 5 7 8
5: 4 6 8
6: 1 5 8
7: 2 3 4 8
8: 1 3 4 5 6 7

1: 3 8
2: 5 7
3: 1 4 8
4: 3 6 8
5: 2 6 7
6: 4 5 7 8
7: 2 5 6 8
8: 1 3 4 6 7

1: 4 6
2: 5 7
3: 6 7 8
4: 1 6 8
5: 2 7 8
6: 1 3 4 8
7: 2 3 5 8
8: 3 4 5 6 7

1: 5 7
2: 6 8
3: 5 8
4: 6 7
5: 1 3 7 8
6: 2 4 7 8
7: 1 4 5 6 8
8: 2 3 5 6 7

1: 6 8
2: 5 8
3: 4 7
4: 3 6 7
5: 2 7 8
6: 1 4 7 8
7: 3 4 5 6 8
8: 1 2 5 6 7

1: 4 7
2: 5 8
3: 7 8
4: 1 6 7
5: 2 6 8
6: 4 5 7 8
7: 1 3 4 6 8
8: 2 3 5 6 7

1: 4 8
2: 5 8
3: 6 7
4: 1 6 8
5: 2 7 8
6: 3 4 7 8
7: 3 5 6 8
8: 1 2 4 5 6 7

1: 6 8
2: 5 8
3: 6 7
4: 5 7 8
5: 2 4 8
6: 1 3 7 8
7: 3 4 6 8
8: 1 2 4 5 6 7

1: 5 8
2: 4 6
3: 5 7
4: 2 6 8
5: 1 3 7 8
6: 2 4 7 8
7: 3 5 6 8
8: 1 4 5 6 7

1: 6 7 8
2: 6 7 8
3: 6 7 8
4: 5 7 8
5: 4 6 7 8
6: 1 2 3 5 7 8
7: 1 2 3 4 5 6 8
8: 1 2 3 4 5 6 7

1: 6 7 8
2: 6 7 8
3: 5 7 8
4: 5 6 7 8
5: 3 4 7 8
6: 1 2 4 7 8
7: 1 2 3 4 5 6 8
8: 1 2 3 4 5 6 7

1: 5 7 8
2: 6 7 8
3: 6 7 8
4: 5 7 8
5: 1 4 6 7 8
6: 2 3 5 7 8
7: 1 2 3 4 5 6 8
8: 1 2 3 4 5 6 7

1: 6 7 8
2: 4 7 8
3: 5 7 8
4: 2 6 7 8
5: 3 6 7 8
6: 1 4 5 7 8
7: 1 2 3 4 5 6 8
8: 1 2 3 4 5 6 7

1: 3 5 7
2: 4 6 7
3: 1 4 5
4: 2 3 6 7
5: 1 3 6 7
6: 2 4 5 7
7: 1 2 4 5 6

1: 8
2: 6
3: 7 8
4: 5 8
5: 4 7
6: 2 7 8
7: 3 5 6
8: 1 3 4 6

1: 8
2: 7 8
3: 6 7
4: 5 6
5: 4 7 8
6: 3 4 8
7: 2 3 5
8: 1 2 5 6

1: 7
2: 8
3: 5 7
4: 6 8
5: 3 6 7
6: 4 5 8
7: 1 3 5 8
8: 2 4 6 7

1: 9
2: 8
3: 4 8
4: 3 7
5: 6 9
6: 5 7 9
7: 4 6 8
8: 2 3 7 9
9: 1 5 6 8

1: 9
2: 8
3: 4 8
4: 3 6
5: 7 9
6: 4 7 9
7: 5 6 8
8: 2 3 7 9
9: 1 5 6 8

1: 2 3 4
2: 1 8 9
3: 1 4 10
4: 1 3 10
5: 6 7 9
6: 5 7 9
7: 5 6 8
8: 2 7 10
9: 2 5 6
10: 3 4 8

1: 2 3 4
2: 1 6 10
3: 1 7 10
4: 1 8 9
5: 7 8 9
6: 2 7 10
7: 3 5 6
8: 4 5 9
9: 4 5 8
10: 2 3 6

1: 2 3 4
2: 1 7 8
3: 1 4 9
4: 1 3 10
5: 6 7 8
6: 5 9 10
7: 2 5 8
8: 2 5 7
9: 3 6 10
10: 4 6 9

1: 2 3 4
2: 1 8 10
3: 1 9 10
4: 1 9 10
5: 6 7 8
6: 5 7 8
7: 5 6 9
8: 2 5 6
9: 3 4 7
10: 2 3 4

1: 2 3 4
2: 1 9 10
3: 1 7 10
4: 1 8 10
5: 6 7 9
6: 5 8 9
7: 3 5 8
8: 4 6 7
9: 2 5 6
10: 2 3 4

1: 2 6
2: 1 3 7
3: 2 6 7
4: 5 6 7
5: 4 6 7
6: 1 3 4 5
7: 2 3 4 5

1: 2 6
2: 1 6 7
3: 5 6 8
4: 6 7 8
5: 3 7 8
6: 1 2 3 4
7: 2 4 5 8
8: 3 4 5 7

1: 2 6
2: 1 6 7
3: 6 7 9
4: 7 8 9
5: 7 8 9
6: 1 2 3 8
7: 2 3 4 5
8: 4 5 6 9
9: 3 4 5 8

1: 7 8
2: 7 8
3: 4 8
4: 3 8
5: 6 8
6: 5 8
7: 1 2
8: 1 2 3 4 5 6

1: 8 10
2: 7 9
3: 5 9 10
4: 6 9 10
5: 3 7 9
6: 4 8 10
7: 2 5 9 10
8: 1 6 9 10
9: 2 3 4 5 7 8 10
10: 1 3 4 6 7 8 9

1: 8 10
2: 6 9
3: 7 9
4: 5 8 10
5: 4 9 10
6: 2 7 9 10
7: 3 6 9 10
8: 1 4 9 10
9: 2 3 5 6 7 8 10
10: 1 4 5 6 7 8 9

1: 2 15
2: 1 17
3: 4 15
4: 3 16
5: 6 17
6: 5 18
7: 8 18
8: 7 19
9: 12 19
10: 14 21
11: 13 21
12: 9 20
13: 11 16
14: 10 20
15: 1 3 16 17
16: 4 13 15 21
17: 2 5 15 18
18: 6 7 17 19
19: 8 9 18 20
20: 12 14 19 21
21: 10 11 16 20

1: 2 3
2: 1 4 6
3: 1 5 7
4: 2 6 7
5: 3 6 7
6: 2 4 5 7
7: 3 4 5 6

1: 2 6
2: 1 6 7
3: 4 5 7
4: 3 5 7
5: 3 4 6
6: 1 2 5 7
7: 2 3 4 6

1: 10 11
2: 12 13
3: 14 15
4: 5 6 10 11
5: 4 9 10 14
6: 4 7 11 12
7: 6 8 12 13
8: 7 9 13 15
9: 5 8 14 15
10: 1 4 5 11
11: 1 4 6 10
12: 2 6 7 13
13: 2 7 8 12
14: 3 5 9 15
15: 3 8 9 14

1: 11 12 14
2: 11 12 13
3: 10 13 14
4: 9 13 14
5: 9 11 13
6: 10 12 14
7: 9 11 14
8: 10 12 13
9: 4 5 7 11 13 14
10: 3 6 8 12 13 14
11: 1 2 5 7 9 12 13 14
12: 1 2 6 8 10 11 13 14
13: 2 3 4 5 8 9 10 11 12 14
14: 1 3 4 6 7 9 10 11 12 13

1: 5 9
2: 7 10
3: 8 10
4: 6 9
5: 1 6 9 10
6: 4 5 9 10
7: 2 8 9 10
8: 3 7 9 10
9: 1 4 5 6 7 8 10
10: 2 3 5 6 7 8 9

1: 9 10
2: 9 10
3: 7 10
4: 8 10
5: 6 7
6: 5 8
7: 3 5
8: 4 6
9: 1 2
10: 1 2 3 4

1: 5 7
2: 6 8
3: 4 10
4: 3 9
5: 1 9
6: 2 10
7: 1 10
8: 2 9
9: 4 5 8
10: 3 6 7

1: 2 3
2: 1 4
3: 1 5
4: 2 6
5: 3 9
6: 4 8
7: 8 9
8: 6 7 9
9: 5 7 8

1: 3 6
2: 3 7
3: 1 2
4: 5 9
5: 4 8
6: 1 8
7: 2 9
8: 5 6 9
9: 4 7 8

1: 4 5
2: 3 6
3: 2 7
4: 1 9
5: 1 8
6: 2 8
7: 3 9
8: 5 6 9
9: 4 7 8

1: 2 5
2: 1 6
3: 4 9
4: 3 8
5: 1 8
6: 2 9
7: 8 9
8: 4 5 7
9: 3 6 7

1: 2 3
2: 1 8
3: 1 9
4: 6 8
5: 7 8
6: 4 9
7: 5 9
8: 2 4 5
9: 3 6 7

1: 2 3
2: 1 4
3: 1 5
4: 2 6
5: 3 7
6: 4 10
7: 5 9
8: 9 10
9: 7 8 10
10: 6 8 9

1: 2 3
2: 1 7
3: 1 8
4: 5 6
5: 4 10
6: 4 9
7: 2 9
8: 3 10
9: 6 7 10
10: 5 8 9

1: 2 3
2: 1 4
3: 1 5
4: 2 6
5: 3 10
6: 4 9
7: 9 10
8: 9 10
9: 6 7 8
10: 5 7 8

1: 3 6
2: 3 7
3: 1 2
4: 5 10
5: 4 9
6: 1 9
7: 2 10
8: 9 10
9: 5 6 8
10: 4 7 8

1: 4 5
2: 3 6
3: 2 7
4: 1 10
5: 1 9
6: 2 9
7: 3 10
8: 9 10
9: 5 6 8
10: 4 7 8

1: 2 3
2: 1 4
3: 1 5
4: 2 6
5: 3 8
6: 4 7
7: 6 11
8: 5 10
9: 10 11
10: 8 9 11
11: 7 9 10

1: 2 3
2: 1 4
3: 1 5
4: 2 6
5: 3 7
6: 4 11
7: 5 10
8: 9 11
9: 8 10
10: 7 9 11
11: 6 8 10

1: 2 3
2: 1 4
3: 1 8
4: 2 9
5: 6 7
6: 5 11
7: 5 10
8: 3 11
9: 4 10
10: 7 9 11
11: 6 8 10

1: 2 3
2: 1 6
3: 1 7
4: 5 9
5: 4 8
6: 2 10
7: 3 11
8: 5 11
9: 4 10
10: 6 9 11
11: 7 8 10

1: 2 3
2: 1 4
3: 1 5
4: 2 6
5: 3 11
6: 4 10
7: 8 11
8: 7 10
9: 10 11
10: 6 8 9
11: 5 7 9

1: 4 5
2: 3 8
3: 2 7
4: 1 6
5: 1 10
6: 4 11
7: 3 11
8: 2 10
9: 10 11
10: 5 8 9
11: 6 7 9

1: 3 8
2: 3 9
3: 1 2
4: 6 11
5: 7 11
6: 4 10
7: 5 10
8: 1 10
9: 2 11
10: 6 7 8
11: 4 5 9

1: 6 7
2: 3 9
3: 2 8
4: 5 10
5: 4 11
6: 1 10
7: 1 11
8: 3 10
9: 2 11
10: 4 6 8
11: 5 7 9

1: 5 7
2: 6 8
3: 4 10
4: 3 9
5: 1 11
6: 2 12
7: 1 12
8: 2 11
9: 4 12
10: 3 11
11: 5 8 10
12: 6 7 9

1: 7
2: 8 9
3: 8 9
4: 5 8
5: 4 6 7 9
6: 5 7 8 9
7: 1 5 6 9
8: 2 3 4 6 9
9: 2 3 5 6 7 8

1: 6
2: 8
3: 7 9
4: 8 9
5: 6 7 9
6: 1 5 8
7: 3 5 8 9
8: 2 4 6 7 9
9: 3 4 5 7 8

1: 7
2: 5 8
3: 6 8
4: 5 6
5: 2 4 7 8
6: 3 4 7 8
7: 1 5 6 8
8: 2 3 5 6 7

1: 8
2: 7
3: 4 7
4: 3 5 8
5: 4 6 8
6: 5 7 8
7: 2 3 6 8
8: 1 4 5 6 7

1: 6
2: 5 6
3: 4 7
4: 3 7
5: 2 6 7
6: 1 2 5 7
7: 3 4 5 6

1: 5
2: 8
3: 8
4: 6 7
5: 1 7
6: 4 7 8
7: 4 5 6 8
8: 2 3 6 7

1: 8
2: 6
3: 7
4: 5 8
5: 4 8
6: 2 7 8
7: 3 6 8
8: 1 4 5 6 7

1: 8
2: 7
3: 7
4: 7
5: 6 8
6: 5 8
7: 2 3 4 8
8: 1 5 6 7

1: 6
2: 6
3: 4
4: 3 8
5: 7 8
6: 1 2 7
7: 5 6 8
8: 4 5 7

1: 47
2: 47
3: 47
4: 45
5: 45
6: 46
7: 46
8: 41
9: 42
10: 44
11: 44
12: 44
13: 36
14: 30
15: 33
16: 35
17: 34
18: 31
19: 32
20: 27
21: 26
22: 23
23: 22 41
24: 43 47
25: 42 46
26: 21 40 43
27: 20 36 43
28: 29 40 45
29: 28 38 44
30: 14 38 39
31: 18 34 39
32: 19 35 39
33: 15 34 35
34: 17 31 33
35: 16 32 33
36: 13 27 37
37: 36 38 40
38: 29 30 37
39: 30 31 32
40: 26 28 37
41: 8 23 46
42: 9 25 45
43: 24 26 27
44: 10 11 12 29
45: 4 5 28 42
46: 6 7 25 41
47: 1 2 3 24

1: 34
2: 34
3: 34
4: 33
5: 33
6: 33
7: 31
8: 32
9: 32
10: 32
11: 31
12: 31
13: 22
14: 25
15: 27
16: 26
17: 23
18: 24
19: 28 31 32
20: 21 30 34
21: 20 28 33
22: 13 28 30
23: 17 26 29
24: 18 27 29
25: 14 26 27
26: 16 23 25
27: 15 24 25
28: 19 21 22
29: 23 24 30
30: 20 22 29
31: 7 11 12 19
32: 8 9 10 19
33: 4 5 6 21
34: 1 2 3 20

1: 35
2: 35
3: 30
4: 22
5: 29
6: 31
7: 34
8: 34
9: 26
10: 28
11: 27
12: 24
13: 25
14: 20
15: 18
16: 33 35
17: 32 33
18: 15 31
19: 20 21 32
20: 14 19 30
21: 19 29 33
22: 4 29 30
23: 24 25 34
24: 12 23 27
25: 13 23 28
26: 9 27 28
27: 11 24 26
28: 10 25 26
29: 5 21 22
30: 3 20 22
31: 6 18 35
32: 17 19 34
33: 16 17 21
34: 7 8 23 32
35: 1 2 16 31

1: 33
2: 28
3: 32
4: 32
5: 32
6: 27
7: 26
8: 25
9: 23
10: 21
11: 22
12: 19
13: 20
14: 17
15: 30 31
16: 29 31
17: 14 28
18: 19 20 31
19: 12 18 26
20: 13 18 27
21: 10 26 27
22: 11 25 30
23: 9 24 29
24: 23 25 33
25: 8 22 24
26: 7 19 21
27: 6 20 21
28: 2 17 33
29: 16 23 30
30: 15 22 29
31: 15 16 18
32: 3 4 5 33
33: 1 24 28 32

1: 41
2: 41
3: 41
4: 24
5: 34
6: 34
7: 33
8: 32
9: 31
10: 30
11: 27
12: 28
13: 22
14: 23
15: 40
16: 40
17: 39
18: 39
19: 39
20: 38 41
21: 36 37
22: 13 32 38
23: 14 33 38
24: 4 25 37
25: 24 26 36
26: 25 32 33
27: 11 30 35
28: 12 31 35
29: 30 31 36
30: 10 27 29
31: 9 28 29
32: 8 22 26
33: 7 23 26
34: 5 6 40
35: 27 28 40
36: 21 25 29
37: 21 24 39
38: 20 22 23
39: 17 18 19 37
40: 15 16 34 35
41: 1 2 3 20

1: 29
2: 29
3: 29
4: 31
5: 31
6: 31
7: 28
8: 28
9: 28
10: 30
11: 30
12: 30
13: 21
14: 20
15: 26 27
16: 27 30
17: 25 26
18: 24 31
19: 22 23
20: 14 25 27
21: 13 23 24
22: 19 24 26
23: 19 21 29
24: 18 21 22
25: 17 20 28
26: 15 17 22
27: 15 16 20
28: 7 8 9 25
29: 1 2 3 23
30: 10 11 12 16
31: 4 5 6 18

1: 24
2: 24
3: 14
4: 19
5: 22
6: 21
7: 20
8: 17
9: 18
10: 13
11: 15 23
12: 22 23
13: 10 14
14: 3 13 24
15: 11 22 24
16: 17 18 23
17: 8 16 20
18: 9 16 21
19: 4 20 21
20: 7 17 19
21: 6 18 19
22: 5 12 15
23: 11 12 16
24: 1 2 14 15

1: 58
2: 58
3: 53
4: 56
5: 56
6: 56
7: 57
8: 59
9: 59
10: 59
11: 60
12: 61
13: 63
14: 63
15: 62
16: 39
17: 39
18: 43
19: 50
20: 42
21: 44
22: 45
23: 46
24: 49
25: 48
26: 38
27: 37
28: 33
29: 36
30: 34
31: 35
32: 55 59
33: 28 60
34: 30 61
35: 31 63
36: 29 62
37: 27 54 55
38: 26 53 55
39: 16 17 57
40: 47 54 58
41: 51 53 54
42: 20 43 58
43: 18 42 57
44: 21 45 46
45: 22 44 48
46: 23 44 49
47: 40 51 56
48: 25 45 52
49: 24 46 52
50: 19 51 52
51: 41 47 50
52: 48 49 50
53: 3 38 41
54: 37 40 41
55: 32 37 38
56: 4 5 6 47
57: 7 39 43 60
58: 1 2 40 42
59: 8 9 10 32
60: 11 33 57 61
61: 12 34 60 62
62: 15 36 61 63
63: 13 14 35 62

1: 42
2: 41
3: 41
4: 41
5: 39
6: 39
7: 40
8: 40
9: 22
10: 27
11: 30
12: 28
13: 29
14: 26
15: 25
16: 31
17: 34
18: 33
19: 32
20: 24
21: 23
22: 9 40 41
23: 21 38 42
24: 20 37 42
25: 15 27 30
26: 14 28 29
27: 10 25 31
28: 12 26 32
29: 13 26 33
30: 11 25 34
31: 16 27 35
32: 19 28 36
33: 18 29 36
34: 17 30 35
35: 31 34 38
36: 32 33 37
37: 24 36 38
38: 23 35 37
39: 5 6 40 42
40: 7 8 22 39
41: 2 3 4 22
42: 1 23 24 39

1: 35
2: 35
3: 19
4: 17
5: 24
6: 32
7: 29
8: 31
9: 30
10: 27
11: 28
12: 34
13: 33
14: 25
15: 26
16: 20 21
17: 4 19
18: 20 24 35
19: 3 17 35
20: 16 18 22
21: 16 23 24
22: 20 27 28
23: 21 25 26
24: 5 18 21
25: 14 23 33
26: 15 23 34
27: 10 22 30
28: 11 22 31
29: 7 30 31
30: 9 27 29
31: 8 28 29
32: 6 33 34
33: 13 25 32
34: 12 26 32
35: 1 2 18 19

1: 26
2: 25
3: 21
4: 20
5: 18
6: 19
7: 23
8: 23
9: 23
10: 24
11: 24
12: 15
13: 22 26
14: 24 25
15: 12 21 22
16: 19 20 22
17: 19 25 26
18: 5 20 21
19: 6 16 17
20: 4 16 18
21: 3 15 18
22: 13 15 16
23: 7 8 9 25
24: 10 11 14 26
25: 2 14 17 23
26: 1 13 17 24

1: 55
2: 55
3: 54
4: 54
5: 54
6: 48
7: 48
8: 53
9: 49
10: 50
11: 50
12: 50
13: 51
14: 51
15: 51
16: 52
17: 52
18: 42
19: 39
20: 41
21: 40
22: 37
23: 38
24: 44
25: 43
26: 34
27: 35
28: 33
29: 48 49
30: 52 53 55
31: 32 33 55
32: 31 45 54
33: 28 31 47
34: 26 43 46
35: 27 44 46
36: 37 38 49
37: 22 36 40
38: 23 36 41
39: 19 40 41
40: 21 37 39
41: 20 38 39
42: 18 43 44
43: 25 34 42
44: 24 35 42
45: 32 47 51
46: 34 35 47
47: 33 45 46
48: 6 7 29 52
49: 9 29 36 53
50: 10 11 12 53
51: 13 14 15 45
52: 16 17 30 48
53: 8 30 49 50
54: 3 4 5 32
55: 1 2 30 31

1: 37
2: 37
3: 32
4: 36
5: 36
6: 22
7: 25
8: 23
9: 24
10: 21
11: 20
12: 26
13: 29
14: 28
15: 27
16: 19
17: 34 35
18: 33 35
19: 16 32
20: 11 22 25
21: 10 23 24
22: 6 20 26
23: 8 21 27
24: 9 21 28
25: 7 20 29
26: 12 22 30
27: 15 23 31
28: 14 24 31
29: 13 25 30
30: 26 29 34
31: 27 28 33
32: 3 19 37
33: 18 31 34
34: 17 30 33
35: 17 18 36
36: 4 5 35 37
37: 1 2 32 36

1: 43
2: 42
3: 42
4: 42
5: 41
6: 41
7: 39
8: 39
9: 40
10: 40
11: 27
12: 30
13: 28
14: 29
15: 26
16: 25
17: 31
18: 34
19: 33
20: 32
21: 24
22: 23
23: 22 38 43
24: 21 37 43
25: 16 27 30
26: 15 28 29
27: 11 25 31
28: 13 26 32
29: 14 26 33
30: 12 25 34
31: 17 27 35
32: 20 28 36
33: 19 29 36
34: 18 30 35
35: 31 34 38
36: 32 33 37
37: 24 36 38
38: 23 35 37
39: 7 8 41 43
40: 9 10 41 42
41: 5 6 39 40
42: 2 3 4 40
43: 1 23 24 39

1: 19
2: 36
3: 36
4: 34
5: 34
6: 35
7: 35
8: 35
9: 32
10: 31
11: 30
12: 23
13: 24
14: 29
15: 28
16: 25
17: 26
18: 19 34
19: 1 18 20
20: 19 21 22
21: 20 33 34
22: 20 31 32
23: 12 30 31
24: 13 30 32
25: 16 28 33
26: 17 29 33
27: 28 29 36
28: 15 25 27
29: 14 26 27
30: 11 23 24
31: 10 22 23
32: 9 22 24
33: 21 25 26
34: 4 5 18 21
35: 6 7 8 36
36: 2 3 27 35

1: 36
2: 36
3: 35
4: 35
5: 35
6: 19
7: 19
8: 27
9: 29
10: 28
11: 25
12: 26
13: 31
14: 30
15: 22
16: 23
17: 18 33
18: 17 34
19: 6 7 36
20: 32 33 34
21: 22 23 36
22: 15 21 30
23: 16 21 31
24: 25 26 34
25: 11 24 28
26: 12 24 29
27: 8 28 29
28: 10 25 27
29: 9 26 27
30: 14 22 32
31: 13 23 32
32: 20 30 31
33: 17 20 35
34: 18 20 24
35: 3 4 5 33
36: 1 2 19 21

1: 32
2: 35
3: 35
4: 33
5: 34
6: 34
7: 34
8: 22
9: 23
10: 24
11: 25
12: 29
13: 27
14: 21
15: 20
16: 17
17: 16 32
18: 30 31
19: 29 31 35
20: 15 28 35
21: 14 27 31
22: 8 23 30
23: 9 22 24
24: 10 23 25
25: 11 24 28
26: 27 29 33
27: 13 21 26
28: 20 25 30
29: 12 19 26
30: 18 22 28
31: 18 19 21
32: 1 17 33
33: 4 26 32 34
34: 5 6 7 33
35: 2 3 19 20

1: 37
2: 37
3: 37
4: 35
5: 36
6: 36
7: 32
8: 31
9: 28
10: 30
11: 29
12: 26
13: 27
14: 24
15: 24
16: 21
17: 22
18: 19 20
19: 18 35 37
20: 18 33 34
21: 16 31 34
22: 17 32 34
23: 31 32 36
24: 14 15 36
25: 26 27 33
26: 12 25 29
27: 13 25 30
28: 9 29 30
29: 11 26 28
30: 10 27 28
31: 8 21 23
32: 7 22 23
33: 20 25 35
34: 20 21 22
35: 4 19 33
36: 5 6 23 24
37: 1 2 3 19

1: 25
2: 26
3: 49
4: 49
5: 44
6: 44
7: 48
8: 48
9: 46
10: 47
11: 47
12: 47
13: 46
14: 46
15: 37
16: 34
17: 36
18: 35
19: 32
20: 33
21: 39
22: 38
23: 30
24: 31
25: 1 26
26: 2 25 44
27: 29 43 49
28: 29 42 44
29: 27 28 48
30: 23 38 41
31: 24 39 41
32: 19 35 40
33: 20 36 40
34: 16 35 36
35: 18 32 34
36: 17 33 34
37: 15 38 39
38: 22 30 37
39: 21 31 37
40: 32 33 43
41: 30 31 42
42: 28 41 43
43: 27 40 42
44: 5 6 26 28
45: 46 47 48 49
46: 9 13 14 45
47: 10 11 12 45
48: 7 8 29 45
49: 3 4 27 45

1: 2 5 9
2: 1 8 9
3: 4 6 10
4: 3 7 10
5: 1 6 8 10
6: 3 5 7 10
7: 4 6 8 9
8: 2 5 7 9
9: 1 2 7 8
10: 3 4 5 6

1: 2 7 13
2: 1 8 13
3: 4 9 14
4: 3 10 14
5: 6 12 15
6: 5 11 15
7: 1 8 12 15
8: 2 7 9 13
9: 3 8 10 13
10: 4 9 11 14
11: 6 10 12 14
12: 5 7 11 15
13: 1 2 8 9
14: 3 4 10 11
15: 5 6 7 12

1: 4 6
2: 5 6
3: 4 5 6
4: 1 3 5 6
5: 2 3 4 6
6: 1 2 3 4 5

1: 2 6
2: 1 5 6
3: 4 5 6
4: 3 5 6
5: 2 3 4 6
6: 1 2 3 4 5

1: 2 4
2: 1 5 6
3: 4 5 6
4: 1 3 5 6
5: 2 3 4 6
6: 2 3 4 5

1: 4
2: 5 6
3: 4 5 6
4: 1 3 5 6
5: 2 3 4 6
6: 2 3 4 5

1: 2 5
2: 1 6
3: 4 5 6
4: 3 5 6
5: 1 3 4 6
6: 2 3 4 5

1: 5
2: 6
3: 4 5 6
4: 3 5 6
5: 1 3 4 6
6: 2 3 4 5

1: 4
2: 5 6
3: 5 6
4: 1 5 6
5: 2 3 4 6
6: 2 3 4 5

1: 6
2: 3 4
3: 2 5 6
4: 2 5 6
5: 3 4 6
6: 1 3 4 5

1: 6
2: 5 6
3: 4 5 6
4: 3 5 6
5: 2 3 4
6: 1 2 3 4

1: 5 6
2: 5 6
3: 4 6
4: 3 5 6
5: 1 2 4
6: 1 2 3 4

1: 6
2: 5 6
3: 5 6
4: 5 6
5: 2 3 4 6
6: 1 2 3 4 5

1: 6
2: 6
3: 4 5
4: 3 5 6
5: 3 4 6
6: 1 2 4 5

1: 2
2: 1 6
3: 4 5
4: 3 5 6
5: 3 4 6
6: 2 4 5

1: 6
2: 6
3: 6
4: 5 6
5: 4 6
6: 1 2 3 4 5

1: 6
2: 6
3: 5
4: 5 6
5: 3 4 6
6: 1 2 4 5

1: 2 5 6
2: 1 5 6
3: 4 7 8
4: 3 7 8
5: 1 2 6 7 8
6: 1 2 5 7 8
7: 3 4 5 6 8
8: 3 4 5 6 7

1: 9 10
2: 4 7
3: 4 8
4: 2 3
5: 6 15
6: 5 16
7: 2 14
8: 3 17
9: 1 15
10: 1 13
11: 14 18
12: 13 16
13: 10 12 19
14: 7 11 19
15: 5 9 19
16: 6 12 19
17: 8 18 19
18: 11 17 19
19: 13 14 15 16 17 18

1: 2 3
2: 1 20
3: 1 16
4: 5 12
5: 4 17
6: 7 13
7: 6 14
8: 12 18
9: 13 15
10: 14 15
11: 16 19
12: 4 8 22
13: 6 9 22
14: 7 10 22
15: 9 10 22
16: 3 11 22
17: 5 21 22
18: 8 21 22
19: 11 20 22
20: 2 19 22
21: 17 18 22
22: 12 13 14 15 16 17 18 19 20 21

1: 7 10
2: 8 9
3: 4 12
4: 3 11
5: 6 23
6: 5 17
7: 1 20
8: 2 15
9: 2 18
10: 1 17
11: 4 22
12: 3 16
13: 15 19
14: 16 21
15: 8 13 25
16: 12 14 25
17: 6 10 25
18: 9 24 25
19: 13 24 25
20: 7 23 25
21: 14 22 25
22: 11 21 25
23: 5 20 25
24: 18 19 25
25: 15 16 17 18 19 20 21 22 23 24

1: 2 3 4
2: 1 12 14
3: 1 13 14
4: 1 13 14
5: 6 7 12
6: 5 8 9
7: 5 10 11
8: 6 10 11
9: 6 10 11
10: 7 8 9
11: 7 8 9
12: 2 5 13
13: 3 4 12
14: 2 3 4

1: 2 3 4
2: 1 13 14
3: 1 15 16
4: 1 11 12
5: 6 7 10
6: 5 8 9
7: 5 8 9
8: 6 7 11
9: 6 7 12
10: 5 11 12
11: 4 8 10
12: 4 9 10
13: 2 15 16
14: 2 15 16
15: 3 13 14
16: 3 13 14

1: 2 3 4
2: 1 17 18
3: 1 17 18
4: 1 15 16
5: 6 7 9
6: 5 8 10
7: 5 8 10
8: 6 7 9
9: 5 8 12
10: 6 7 12
11: 14 17 18
12: 9 10 13
13: 12 15 16
14: 11 15 16
15: 4 13 14
16: 4 13 14
17: 2 3 11
18: 2 3 11

1: 2 3 4
2: 1 19 20
3: 1 19 20
4: 1 17 18
5: 7 8 9
6: 7 8 9
7: 5 6 10
8: 5 6 10
9: 5 6 11
10: 7 8 12
11: 9 12 20
12: 10 11 19
13: 14 15 17
14: 13 16 18
15: 13 16 18
16: 14 15 17
17: 4 13 16
18: 4 14 15
19: 2 3 12
20: 2 3 11

1: 2 3 4
2: 1 19 20
3: 1 19 20
4: 1 17 18
5: 6 7 12
6: 5 8 9
7: 5 10 11
8: 6 10 11
9: 6 10 11
10: 7 8 9
11: 7 8 9
12: 5 19 20
13: 14 15 17
14: 13 16 18
15: 13 16 18
16: 14 15 17
17: 4 13 16
18: 4 14 15
19: 2 3 12
20: 2 3 12

1: 2 3 4
2: 1 20 22
3: 1 21 22
4: 1 21 22
5: 6 7 20
6: 5 18 19
7: 5 18 19
8: 9 10 17
9: 8 13 16
10: 8 14 15
11: 12 13 16
12: 11 14 15
13: 9 11 14
14: 10 12 13
15: 10 12 16
16: 9 11 15
17: 8 18 19
18: 6 7 17
19: 6 7 17
20: 2 5 21
21: 3 4 20
22: 2 3 4

1: 2 3 4
2: 1 22 24
3: 1 23 24
4: 1 23 24
5: 6 7 22
6: 5 20 21
7: 5 20 21
8: 9 10 15
9: 8 11 12
10: 8 13 14
11: 9 13 14
12: 9 13 14
13: 10 11 12
14: 10 11 12
15: 8 16 17
16: 15 18 19
17: 15 18 19
18: 16 17 20
19: 16 17 21
20: 6 7 18
21: 6 7 19
22: 2 5 23
23: 3 4 22
24: 2 3 4

1: 2 3 4
2: 1 23 24
3: 1 21 24
4: 1 22 24
5: 6 7 12
6: 5 8 9
7: 5 10 11
8: 6 10 11
9: 6 10 11
10: 7 8 9
11: 7 8 9
12: 5 13 14
13: 12 15 16
14: 12 15 16
15: 13 14 23
16: 13 14 23
17: 19 20 21
18: 19 20 21
19: 17 18 22
20: 17 18 22
21: 3 17 18
22: 4 19 20
23: 2 15 16
24: 2 3 4

1: 2 3 4
2: 1 23 24
3: 1 25 26
4: 1 21 22
5: 6 7 18
6: 5 16 17
7: 5 16 17
8: 10 11 12
9: 10 11 12
10: 8 9 13
11: 8 9 13
12: 8 9 14
13: 10 11 15
14: 12 15 17
15: 13 14 16
16: 6 7 15
17: 6 7 14
18: 5 19 20
19: 18 21 22
20: 18 21 22
21: 4 19 20
22: 4 19 20
23: 2 25 26
24: 2 25 26
25: 3 23 24
26: 3 23 24

1: 2 3 4
2: 1 23 24
3: 1 25 26
4: 1 21 22
5: 6 7 12
6: 5 8 9
7: 5 10 11
8: 6 10 11
9: 6 10 11
10: 7 8 9
11: 7 8 9
12: 5 13 14
13: 12 15 16
14: 12 15 16
15: 13 14 17
16: 13 14 18
17: 15 18 19
18: 16 17 20
19: 17 21 22
20: 18 21 22
21: 4 19 20
22: 4 19 20
23: 2 25 26
24: 2 25 26
25: 3 23 24
26: 3 23 24

1: 2 3 4
2: 1 24 26
3: 1 25 26
4: 1 25 26
5: 20 21 24
6: 22 23 24
7: 8 9 25
8: 7 18 19
9: 7 18 19
10: 11 12 17
11: 10 13 14
12: 10 15 16
13: 11 15 16
14: 11 15 16
15: 12 13 14
16: 12 13 14
17: 10 18 19
18: 8 9 17
19: 8 9 17
20: 5 22 23
21: 5 22 23
22: 6 20 21
23: 6 20 21
24: 2 5 6
25: 3 4 7
26: 2 3 4

1: 24
2: 24
3: 24
4: 18
5: 16
6: 22
7: 22
8: 22
9: 23
10: 23
11: 23
12: 14
13: 14 15
14: 12 13 21
15: 13 19 20
16: 5 17 20
17: 16 18 24
18: 4 17 19
19: 15 18 21
20: 15 16 23
21: 14 19 22
22: 6 7 8 21
23: 9 10 11 20
24: 1 2 3 17

1: 19
2: 21
3: 21
4: 21
5: 16
6: 14
7: 20
8: 20
9: 20
10: 12
11: 12 13
12: 10 11 19
13: 11 17 18
14: 6 15 18
15: 14 16 21
16: 5 15 17
17: 13 16 19
18: 13 14 20
19: 1 12 17
20: 7 8 9 18
21: 2 3 4 15

1: 33
2: 33
3: 33
4: 31
5: 21
6: 23
7: 24
8: 25
9: 32
10: 32
11: 30
12: 29
13: 28
14: 26
15: 27
16: 17 32
17: 16 19 20
18: 21 22 33
19: 17 22 31
20: 17 29 30
21: 5 18 32
22: 18 19 23
23: 6 22 25
24: 7 25 31
25: 8 23 24
26: 14 28 29
27: 15 28 30
28: 13 26 27
29: 12 20 26
30: 11 20 27
31: 4 19 24
32: 9 10 16 21
33: 1 2 3 18

1: 18
2: 19
3: 34
4: 34
5: 34
6: 32
7: 32
8: 33
9: 33
10: 33
11: 27
12: 24
13: 23
14: 29
15: 28
16: 25
17: 26
18: 1 19
19: 2 18 32
20: 28 29 33
21: 22 31 34
22: 21 27 32
23: 13 27 31
24: 12 30 31
25: 16 28 30
26: 17 29 30
27: 11 22 23
28: 15 20 25
29: 14 20 26
30: 24 25 26
31: 21 23 24
32: 6 7 19 22
33: 8 9 10 20
34: 3 4 5 21

1: 16
2: 17
3: 32
4: 32
5: 30
6: 31
7: 31
8: 23
9: 24
10: 25
11: 27
12: 26
13: 20
14: 21
15: 22
16: 1 17
17: 2 16 30
18: 19 28 32
19: 18 23 30
20: 13 28 29
21: 14 26 29
22: 15 27 29
23: 8 19 24
24: 9 23 28
25: 10 26 27
26: 12 21 25
27: 11 22 25
28: 18 20 24
29: 20 21 22
30: 5 17 19 31
31: 6 7 30 32
32: 3 4 18 31

1: 2 7 10
2: 1 8 9
3: 4 11 12
4: 3 11 12
5: 6 13 14
6: 5 13 14
7: 1 11 12
8: 2 11 12
9: 2 13 14
10: 1 13 14
11: 3 4 7 8
12: 3 4 7 8
13: 5 6 9 10
14: 5 6 9 10

1: 2 3 13
2: 1 7 14
3: 1 8 14
4: 5 6 13
5: 4 9 14
6: 4 10 14
7: 2 11 13
8: 3 12 13
9: 5 13 14
10: 6 13 14
11: 7 13 14
12: 8 13 14
13: 1 4 7 8 9 10 11 12 14
14: 2 3 5 6 9 10 11 12 13

1: 3 13 14
2: 4 13 14
3: 1 6 14
4: 2 7 14
5: 6 7 14
6: 3 5 13
7: 4 5 13
8: 10 11 12
9: 11 12 13
10: 8 11 12 14
11: 8 9 10 13 14
12: 8 9 10 13 14
13: 1 2 6 7 9 11 12 14
14: 1 2 3 4 5 10 11 12 13

1: 6 8
2: 7 8
3: 5 6 8
4: 5 7 8
5: 3 4 6 7 8
6: 1 3 5 7 8
7: 2 4 5 6 8
8: 1 2 3 4 5 6 7

1: 19
2: 19
3: 18
4: 18
5: 18
6: 15
7: 13
8: 13
9: 14
10: 16 17
11: 12 17
12: 11 16
13: 7 8 19
14: 9 15 17
15: 6 14 18
16: 10 12 19
17: 10 11 14
18: 3 4 5 15
19: 1 2 13 16

1: 14
2: 10
3: 12
4: 13
5: 11
6: 9 14
7: 13 14
8: 9 10 13
9: 6 8 12
10: 2 8 11
11: 5 10 12
12: 3 9 11
13: 4 7 8
14: 1 6 7

1: 23
2: 23
3: 22
4: 13
5: 19
6: 17
7: 17
8: 18
9: 15
10: 16
11: 14 22
12: 20 21
13: 4 18 23
14: 11 15 23
15: 9 14 18
16: 10 19 21
17: 6 7 21
18: 8 13 15
19: 5 16 20
20: 12 19 22
21: 12 16 17
22: 3 11 20
23: 1 2 13 14

1: 13
2: 13
3: 13
4: 12
5: 11
6: 9
7: 10
8: 9 10 13
9: 6 8 11
10: 7 8 12
11: 5 9 12
12: 4 10 11
13: 1 2 3 8

1: 28
2: 28
3: 27
4: 27
5: 27
6: 16
7: 17
8: 18
9: 18
10: 20
11: 21
12: 23
13: 22
14: 15 25
15: 14 26
16: 6 26 28
17: 7 25 26
18: 8 9 24
19: 20 21 28
20: 10 19 22
21: 11 19 23
22: 13 20 24
23: 12 21 24
24: 18 22 23
25: 14 17 27
26: 15 16 17
27: 3 4 5 25
28: 1 2 16 19

1: 52
2: 52
3: 53
4: 53
5: 53
6: 55
7: 45
8: 48
9: 48
10: 48
11: 49
12: 49
13: 54
14: 50
15: 51
16: 51
17: 51
18: 50
19: 50
20: 33
21: 42
22: 44
23: 34
24: 43
25: 41
26: 40
27: 35
28: 36
29: 46 53
30: 47 54
31: 45 55
32: 49 50 51
33: 20 42 47
34: 23 37 55
35: 27 40 46
36: 28 41 46
37: 34 38 52
38: 37 44 47
39: 40 41 54
40: 26 35 39
41: 25 36 39
42: 21 33 43
43: 24 42 44
44: 22 38 43
45: 7 31 48
46: 29 35 36
47: 30 33 38
48: 8 9 10 45
49: 11 12 32 52
50: 14 18 19 32
51: 15 16 17 32
52: 1 2 37 49
53: 3 4 5 29
54: 13 30 39 55
55: 6 31 34 54

1: 44
2: 44
3: 42
4: 42
5: 43
6: 43
7: 37
8: 37
9: 38
10: 39
11: 39
12: 39
13: 38
14: 38
15: 41
16: 41
17: 41
18: 40
19: 40
20: 40
21: 33
22: 29
23: 32
24: 30
25: 31
26: 43 44
27: 35 36
28: 38 39 42
29: 22 34 37
30: 24 34 40
31: 25 34 41
32: 23 33 36
33: 21 32 35
34: 29 30 31
35: 27 33 44
36: 27 32 42
37: 7 8 29 43
38: 9 13 14 28
39: 10 11 12 28
40: 18 19 20 30
41: 15 16 17 31
42: 3 4 28 36
43: 5 6 26 37
44: 1 2 26 35

1: 32
2: 32
3: 33
4: 33
5: 35
6: 35
7: 29
8: 34
9: 34
10: 23
11: 24
12: 24
13: 23
14: 26
15: 26
16: 25
17: 25
18: 30 31
19: 28 31
20: 29 31
21: 33 35
22: 27 34
23: 10 13 30
24: 11 12 30
25: 16 17 27
26: 14 15 34
27: 22 25 32
28: 19 29 35
29: 7 20 28
30: 18 23 24
31: 18 19 20
32: 1 2 27 33
33: 3 4 21 32
34: 8 9 22 26
35: 5 6 21 28

1: 27
2: 50
3: 50
4: 44
5: 44
6: 47
7: 47
8: 47
9: 49
10: 49
11: 48
12: 48
13: 45
14: 45
15: 46
16: 46
17: 32
18: 33
19: 34
20: 35
21: 36
22: 37
23: 39
24: 29
25: 38
26: 27 44
27: 1 26 28
28: 27 45 46
29: 24 43 50
30: 41 48 49
31: 32 40 50
32: 17 31 33
33: 18 32 34
34: 19 33 35
35: 20 34 40
36: 21 37 43
37: 22 36 38
38: 25 37 39
39: 23 38 42
40: 31 35 41
41: 30 40 42
42: 39 41 43
43: 29 36 42
44: 4 5 26 47
45: 13 14 28 48
46: 15 16 28 49
47: 6 7 8 44
48: 11 12 30 45
49: 9 10 30 46
50: 2 3 29 31

1: 30
2: 30
3: 30
4: 25
5: 33
6: 33
7: 33
8: 27
9: 29
10: 29
11: 31
12: 31
13: 32
14: 32
15: 22
16: 24
17: 18
18: 17 25
19: 27 28
20: 26 33
21: 31 32
22: 15 26 29
23: 24 28 30
24: 16 23 27
25: 4 18 26
26: 20 22 25
27: 8 19 24
28: 19 23 31
29: 9 10 22 32
30: 1 2 3 23
31: 11 12 21 28
32: 13 14 21 29
33: 5 6 7 20

1: 26
2: 26
3: 26
4: 18
5: 18
6: 24
7: 22
8: 23
9: 17
10: 19 24
11: 20 22
12: 19 22
13: 17 25
14: 16 20
15: 16 17 26
16: 14 15 25
17: 9 13 15
18: 4 5 25
19: 10 12 21
20: 11 14 21
21: 19 20 23
22: 7 11 12
23: 8 21 24
24: 6 10 23
25: 13 16 18
26: 1 2 3 15

1: 21
2: 38
3: 38
4: 38
5: 34
6: 34
7: 36
8: 36
9: 36
10: 37
11: 37
12: 37
13: 35
14: 35
15: 25
16: 28
17: 30
18: 29
19: 26
20: 27
21: 1 34
22: 31 35 36
23: 24 33 38
24: 23 31 37
25: 15 31 33
26: 19 29 32
27: 20 30 32
28: 16 29 30
29: 18 26 28
30: 17 27 28
31: 22 24 25
32: 26 27 33
33: 23 25 32
34: 5 6 21 35
35: 13 14 22 34
36: 7 8 9 22
37: 10 11 12 24
38: 2 3 4 23

1: 10 15 16
2: 9 15 16
3: 4 8 15
4: 3 7 16
5: 10 11 15
6: 9 12 16
7: 4 14 15
8: 3 13 16
9: 2 6 14
10: 1 5 13
11: 5 13 15
12: 6 14 16
13: 8 10 11 15
14: 7 9 12 16
15: 1 2 3 5 7 11 13 16
16: 1 2 4 6 8 12 14 15

1: 2 3 9
2: 1 4 12
3: 1 4 11
4: 2 3 10
5: 6 13 14
6: 5 13 14
7: 8 15 16
8: 7 15 16
9: 1 13 14
10: 4 15 16
11: 3 13 14
12: 2 15 16
13: 5 6 9 11
14: 5 6 9 11
15: 7 8 10 12
16: 7 8 10 12

1: 2 4 15
2: 1 3 16
3: 2 6 15
4: 1 5 16
5: 4 8 15
6: 3 7 16
7: 6 10 15
8: 5 9 16
9: 8 15 16
10: 7 15 16
11: 13 14 15
12: 13 14 16
13: 11 12 15 16
14: 11 12 15 16
15: 1 3 5 7 9 10 11 13 14 16
16: 2 4 6 8 9 10 12 13 14 15

1: 3 6 16
2: 4 5 15
3: 1 7 15
4: 2 9 16
5: 2 10 16
6: 1 8 15
7: 3 12 16
8: 6 11 16
9: 4 13 15
10: 5 14 15
11: 8 15 16
12: 7 15 16
13: 9 15 16
14: 10 15 16
15: 2 3 6 9 10 11 12 13 14 16
16: 1 4 5 7 8 11 12 13 14 15

1: 33
2: 33
3: 26
4: 26
5: 22
6: 23
7: 25
8: 32
9: 32
10: 32
11: 31
12: 31
13: 30
14: 30
15: 30
16: 29
17: 29
18: 26 28
19: 28 32
20: 31 33
21: 25 27
22: 5 28 29
23: 6 24 25
24: 23 27 30
25: 7 21 23
26: 3 4 18
27: 21 24 31
28: 18 19 22
29: 16 17 22 33
30: 13 14 15 24
31: 11 12 20 27
32: 8 9 10 19
33: 1 2 20 29

1: 53
2: 53
3: 42
4: 34
5: 44
6: 40
7: 48
8: 48
9: 49
10: 49
11: 50
12: 50
13: 52
14: 52
15: 52
16: 51
17: 51
18: 39
19: 38
20: 35
21: 36
22: 32
23: 47
24: 25
25: 24 53
26: 44 45
27: 29 47
28: 29 46
29: 27 28
30: 31 44 53
31: 30 45 49
32: 22 42 43
33: 40 41 43
34: 4 40 42
35: 20 38 41
36: 21 39 41
37: 38 39 49
38: 19 35 37
39: 18 36 37
40: 6 33 34
41: 33 35 36
42: 3 32 34
43: 32 33 46
44: 5 26 30
45: 26 31 48
46: 28 43 47
47: 23 27 46
48: 7 8 45 50
49: 9 10 31 37
50: 11 12 48 51
51: 16 17 50 52
52: 13 14 15 51
53: 1 2 25 30

1: 43
2: 43
3: 41
4: 41
5: 42
6: 42
7: 37
8: 37
9: 38
10: 38
11: 38
12: 39
13: 40
14: 40
15: 40
16: 39
17: 39
18: 32
19: 33
20: 29
21: 28
22: 30
23: 30
24: 31
25: 42 43
26: 35 36
27: 39 40 41
28: 21 34 37
29: 20 34 38
30: 22 23 33
31: 24 32 36
32: 18 31 35
33: 19 30 34
34: 28 29 33
35: 26 32 43
36: 26 31 41
37: 7 8 28 42
38: 9 10 11 29
39: 12 16 17 27
40: 13 14 15 27
41: 3 4 27 36
42: 5 6 25 37
43: 1 2 25 35

1: 69
2: 69
3: 59
4: 64
5: 64
6: 66
7: 66
8: 66
9: 65
10: 65
11: 68
12: 68
13: 68
14: 67
15: 67
16: 67
17: 43
18: 44
19: 45
20: 46
21: 48
22: 52
23: 54
24: 37
25: 50
26: 53
27: 56
28: 55
29: 40
30: 41
31: 32
32: 31 59
33: 60 63
34: 61 62
35: 47 60 69
36: 50 63 67
37: 24 54 62
38: 51 61 68
39: 40 41 69
40: 29 39 55
41: 30 39 56
42: 43 57 59
43: 17 42 44
44: 18 43 45
45: 19 44 46
46: 20 45 57
47: 35 48 63
48: 21 47 49
49: 48 50 61
50: 25 36 49
51: 38 52 62
52: 22 51 53
53: 26 52 54
54: 23 37 53
55: 28 40 58
56: 27 41 58
57: 42 46 58
58: 55 56 57
59: 3 32 42
60: 33 35 64
61: 34 38 49
62: 34 37 51
63: 33 36 47
64: 4 5 60 65
65: 9 10 64 66
66: 6 7 8 65
67: 14 15 16 36
68: 11 12 13 38
69: 1 2 35 39

1: 2 9
2: 1 9
3: 4 9
4: 3 9
5: 6 9
6: 5 9
7: 8 9
8: 7 9
9: 1 2 3 4 5 6 7 8

1: 34
2: 49
3: 53
4: 53
5: 54
6: 54
7: 55
8: 55
9: 57
10: 57
11: 57
12: 56
13: 56
14: 59
15: 59
16: 58
17: 58
18: 51
19: 51
20: 52
21: 52
22: 37
23: 41
24: 42
25: 43
26: 45
27: 44
28: 38
29: 39
30: 48 60
31: 49 50
32: 33 50
33: 32 49
34: 1 35 60
35: 34 48 53
36: 37 46 50
37: 22 36 41
38: 28 44 47
39: 29 45 47
40: 44 45 53
41: 23 37 42
42: 24 41 43
43: 25 42 46
44: 27 38 40
45: 26 39 40
46: 36 43 47
47: 38 39 46
48: 30 35 54
49: 2 31 33
50: 31 32 36
51: 18 19 58 60
52: 20 21 59 60
53: 3 4 35 40
54: 5 6 48 55
55: 7 8 54 56
56: 12 13 55 57
57: 9 10 11 56
58: 16 17 51 59
59: 14 15 52 58
60: 30 34 51 52

1: 50
2: 49
3: 59
4: 59
5: 51
6: 53
7: 53
8: 54
9: 54
10: 56
11: 56
12: 56
13: 55
14: 55
15: 57
16: 58
17: 58
18: 58
19: 57
20: 57
21: 48
22: 47
23: 42
24: 43
25: 45
26: 44
27: 38
28: 39
29: 30
30: 29 50
31: 51 52
32: 33 52
33: 32 51
34: 35 36 50
35: 34 49 59
36: 34 57 58
37: 38 39 59
38: 27 37 47
39: 28 37 48
40: 46 47 48
41: 42 46 52
42: 23 41 43
43: 24 42 44
44: 26 43 45
45: 25 44 46
46: 40 41 45
47: 22 38 40
48: 21 39 40
49: 2 35 53
50: 1 30 34
51: 5 31 33
52: 31 32 41
53: 6 7 49 54
54: 8 9 53 55
55: 13 14 54 56
56: 10 11 12 55
57: 15 19 20 36
58: 16 17 18 36
59: 3 4 35 37

1: 26
2: 25
3: 21
4: 23
5: 23
6: 24
7: 24
8: 19
9: 20
10: 17
11: 17
12: 15
13: 25 26
14: 24 26
15: 12 23
16: 21 22
17: 10 11 22
18: 20 21 25
19: 8 20 22
20: 9 18 19
21: 3 16 18
22: 16 17 19
23: 4 5 15 26
24: 6 7 14 25
25: 2 13 18 24
26: 1 13 14 23

1: 21
2: 21
3: 29
4: 20
5: 25
6: 28
7: 28
8: 26
9: 27
10: 23
11: 19
12: 17
13: 18
14: 23 24
15: 22 24
16: 26 29
17: 12 25
18: 13 28
19: 11 27
20: 4 21 24
21: 1 2 20
22: 15 23 29
23: 10 14 22
24: 14 15 20
25: 5 17 27 29
26: 8 16 27 28
27: 9 19 25 26
28: 6 7 18 26
29: 3 16 22 25

1: 45
2: 43
3: 43
4: 41
5: 41
6: 42
7: 42
8: 44
9: 44
10: 38
11: 37
12: 40
13: 40
14: 40
15: 28
16: 35
17: 29
18: 26
19: 30
20: 31
21: 34
22: 33
23: 38 45
24: 39 44
25: 36 37
26: 18 28 45
27: 35 37 43
28: 15 26 38
29: 17 35 36
30: 19 33 39
31: 20 34 39
32: 33 34 42
33: 22 30 32
34: 21 31 32
35: 16 27 29
36: 25 29 41
37: 11 25 27
38: 10 23 28
39: 24 30 31
40: 12 13 14 43
41: 4 5 36 44
42: 6 7 32 45
43: 2 3 27 40
44: 8 9 24 41
45: 1 23 26 42

1: 22
2: 22
3: 15
4: 21
5: 20
6: 19
7: 18 21
8: 13 21
9: 12 14
10: 11 17
11: 10 12
12: 9 11
13: 8 18
14: 9 17 22
15: 3 16 22
16: 15 19 20
17: 10 14 20
18: 7 13 19
19: 6 16 18
20: 5 16 17
21: 4 7 8
22: 1 2 14 15

1: 17
2: 18
3: 19
4: 22
5: 24
6: 23
7: 20
8: 21
9: 30
10: 30
11: 30
12: 29
13: 29
14: 15
15: 14 28
16: 26 27
17: 1 18 27
18: 2 17 26
19: 3 25 26
20: 7 23 25
21: 8 24 25
22: 4 23 24
23: 6 20 22
24: 5 21 22
25: 19 20 21
26: 16 18 19
27: 16 17 29
28: 15 29 30
29: 12 13 27 28
30: 9 10 11 28

1: 8 9
2: 3 10
3: 2 11
4: 6 17
5: 7 18
6: 4 23
7: 5 22
8: 1 23
9: 1 22
10: 2 21
11: 3 21
12: 16 20
13: 16 19
14: 18 20
15: 17 19
16: 12 13 21
17: 4 15 18
18: 5 14 17
19: 13 15 20
20: 12 14 19
21: 10 11 16
22: 7 9 23
23: 6 8 22

1: 5 21 51
2: 6 22 52
3: 8 24 54
4: 7 23 53
5: 1 21 55
6: 2 22 56
7: 4 23 58
8: 3 24 57
9: 13 27 59
10: 14 28 60
11: 16 29 62
12: 15 30 61
13: 9 27 47
14: 10 28 48
15: 12 30 50
16: 11 29 49
17: 18 33 47
18: 17 33 48
19: 20 34 50
20: 19 34 49
21: 1 5 51 55
22: 2 6 52 56
23: 4 7 53 58
24: 3 8 54 57
25: 51 52 55 56
26: 53 54 57 58
27: 9 13 47 59
28: 10 14 48 60
29: 11 16 49 62
30: 12 15 50 61
31: 47 48 59 60
32: 49 50 61 62
33: 17 18 47 48
34: 19 20 49 50
35: 41 42 59 60
36: 43 44 61 62
37: 41 42 51 52
38: 43 44 53 54
39: 45 46 55 56
40: 45 46 57 58
41: 35 37 42 52 59
42: 35 37 41 51 60
43: 36 38 44 54 62
44: 36 38 43 53 61
45: 39 40 46 55 58
46: 39 40 45 56 57
47: 13 17 27 31 33 48 59
48: 14 18 28 31 33 47 60
49: 16 20 29 32 34 50 62
50: 15 19 30 32 34 49 61
51: 1 21 25 37 42 52 55
52: 2 22 25 37 41 51 56
53: 4 23 26 38 44 54 58
54: 3 24 26 38 43 53 57
55: 5 21 25 39 45 51 56
56: 6 22 25 39 46 52 55
57: 8 24 26 40 46 54 58
58: 7 23 26 40 45 53 57
59: 9 27 31 35 41 47 60
60: 10 28 31 35 42 48 59
61: 12 30 32 36 44 50 62
62: 11 29 32 36 43 49 61

1: 2 3 19
2: 1 17 19
3: 1 18 19
4: 5 6 19
5: 4 14 19
6: 4 15 19
7: 8 9 19
8: 7 11 19
9: 7 12 19
10: 11 12 19
11: 8 10 19
12: 9 10 19
13: 14 15 19
14: 5 13 19
15: 6 13 19
16: 17 18 19
17: 2 16 19
18: 3 16 19
19: 1 2 3 4 5 6 7 8 9 10 11 12 13 14 15 16 17 18

1: 5 7 8
2: 3 6 7
3: 2 5 7
4: 5 6 8
5: 1 3 4 8
6: 2 4 7 8
7: 1 2 3 6 8
8: 1 4 5 6 7

1: 6 7 9
2: 4 7 8
3: 4 5 8
4: 2 3 9
5: 3 8 9
6: 1 8 9
7: 1 2 8 9
8: 2 3 5 6 7
9: 1 4 5 6 7

1: 3 8 9
2: 4 6 9
3: 1 6 9
4: 2 5 9
5: 4 7 8
6: 2 3 7
7: 5 6 8
8: 1 5 7 9
9: 1 2 3 4 8

1: 6 7 11
2: 6 7 11
3: 8 9 11
4: 8 9 11
5: 6 7 10
6: 1 2 5
7: 1 2 5
8: 3 4 10
9: 3 4 10
10: 5 8 9 11
11: 1 2 3 4 10

1: 2 5
2: 1 6
3: 4 7
4: 3 8
5: 1 6 7 8
6: 2 5 7 8
7: 3 5 6 8
8: 4 5 6 7

1: 7
2: 8
3: 5 7
4: 6 8
5: 3 6 7
6: 4 5 8
7: 1 3 5
8: 2 4 6

1: 7 9
2: 8 9
3: 4 6 7
4: 3 6 8
5: 7 8 9
6: 3 4 7 8 9
7: 1 3 5 6 8 9
8: 2 4 5 6 7 9
9: 1 2 5 6 7 8

1: 2 3 4
2: 1 10 11
3: 1 4 12
4: 1 3 12
5: 6 7 12
6: 5 7 8
7: 5 6 8
8: 6 7 9
9: 8 10 11
10: 2 9 11
11: 2 9 10
12: 3 4 5

1: 5 7
2: 6 8
3: 6 8
4: 5 7
5: 1 4 7
6: 2 3 8
7: 1 4 5 8
8: 2 3 6 7

1: 6 8
2: 6 8
3: 7 8
4: 5 7 8
5: 4 7 8
6: 1 2 7
7: 3 4 5 6
8: 1 2 3 4 5

1: 7 8
2: 7 8
3: 4 5 7
4: 3 6 8
5: 3 6 8
6: 4 5 7
7: 1 2 3 6
8: 1 2 4 5

1: 8
2: 9
3: 9
4: 8
5: 7 10
6: 7 10
7: 5 6 10
8: 1 4 9 10
9: 2 3 8 10
10: 5 6 7 8 9

1: 5 8
2: 5 8
3: 6 7
4: 6 7
5: 1 2 8
6: 3 4 7 8
7: 3 4 6 8
8: 1 2 5 6 7

1: 3
2: 7
3: 1 4
4: 3 5 6
5: 4 6 7
6: 4 5 7
7: 2 5 6

1: 7
2: 3 5
3: 2 6
4: 5 6 7
5: 2 4 7
6: 3 4 7
7: 1 4 5 6

1: 5 8
2: 5 8
3: 6 7 8
4: 6 7 8
5: 1 2 7
6: 3 4 7 8
7: 3 4 5 6
8: 1 2 3 4 6

1: 7
2: 8
3: 6 9
4: 6 9
5: 7 8 9
6: 3 4 9
7: 1 5 8 9
8: 2 5 7 9
9: 3 4 5 6 7 8

1: 7
2: 8
3: 6 9
4: 6 9
5: 7 8
6: 3 4 9
7: 1 5 8 9
8: 2 5 7 9
9: 3 4 6 7 8

1: 7
2: 3 6
3: 2 6 7
4: 5 6 7
5: 4 6 7
6: 2 3 4 5
7: 1 3 4 5

1: 7 9
2: 7 9
3: 4 8 9
4: 3 8 9
5: 6 8 9
6: 5 8 9
7: 1 2 9
8: 3 4 5 6
9: 1 2 3 4 5 6 7

1: 8
2: 5 6
3: 7 8
4: 6 7
5: 2 6 7
6: 2 4 5 8
7: 3 4 5 8
8: 1 3 6 7

1: 7
2: 4 8
3: 6 8
4: 2 5 8
5: 4 6 7
6: 3 5 7
7: 1 5 6 8
8: 2 3 4 7

1: 8
2: 3 6
3: 2 6 7
4: 5 7 8
5: 4 6 7
6: 2 3 5 8
7: 3 4 5 8
8: 1 4 6 7

1: 6
2: 7
3: 4 5
4: 3 5 6
5: 3 4 7
6: 1 4 7
7: 2 5 6

1: 6 7
2: 6 8
3: 7 8
4: 5 7 8
5: 4 7 8
6: 1 2 7 8
7: 1 3 4 5 6
8: 2 3 4 5 6

1: 7 8
2: 6 7
3: 4 6
4: 3 5 8
5: 4 7 8
6: 2 3 7 8
7: 1 2 5 6
8: 1 4 5 6

1: 5 6
2: 5 7
3: 6 8
4: 7 8
5: 1 2 7 8
6: 1 3 7 8
7: 2 4 5 6
8: 3 4 5 6

1: 7
2: 8
3: 5 6 7
4: 5 6 8
5: 3 4 6 7
6: 3 4 5 8
7: 1 3 5 8
8: 2 4 6 7

1: 2
2: 1 5
3: 4 6
4: 3 7
5: 2 6 7
6: 3 5 7
7: 4 5 6

1: 7
2: 3 6
3: 2 7 8
4: 5 6 8
5: 4 6 8
6: 2 4 5 7
7: 1 3 6 8
8: 3 4 5 7

1: 8
2: 6 7
3: 4 6 8
4: 3 5 7
5: 4 6 7
6: 2 3 5 8
7: 2 4 5 8
8: 1 3 6 7

1: 5
2: 3 4
3: 2 6
4: 2 7
5: 1 6 7
6: 3 5 7
7: 4 5 6

1: 5
2: 6 7 8
3: 4 6 8
4: 3 7 8
5: 1 6 7 8
6: 2 3 5 7
7: 2 4 5 6
8: 2 3 4 5

1: 7 8
2: 6 8
3: 4 5 7
4: 3 5 6
5: 3 4 7 8
6: 2 4 7 8
7: 1 3 5 6
8: 1 2 5 6

1: 7
2: 8
3: 4
4: 3 7 8
5: 6 7 8
6: 5 7 8
7: 1 4 5 6
8: 2 4 5 6

1: 2 6
2: 1 7 8
3: 4 6 7
4: 3 5 8
5: 4 7 8
6: 1 3 7 8
7: 2 3 5 6
8: 2 4 5 6

1: 6 7
2: 4 7 8
3: 5 7 8
4: 2 5 8
5: 3 4 6
6: 1 5 7 8
7: 1 2 3 6
8: 2 3 4 6

1: 5 7
2: 6 8
3: 4 5 8
4: 3 6 7
5: 1 3 6 7
6: 2 4 5 8
7: 1 4 5 8
8: 2 3 6 7

1: 7
2: 5 8
3: 4 5 6
4: 3 5 6 8
5: 2 3 4 7
6: 3 4 7 8
7: 1 5 6 8
8: 2 4 6 7

1: 9
2: 7 9
3: 7 8
4: 6 8 9
5: 6 7 8
6: 4 5 7 8
7: 2 3 5 6 9
8: 3 4 5 6 9
9: 1 2 4 7 8

1: 7
2: 7 8
3: 6 8 9
4: 5 8 9
5: 4 6 8 9
6: 3 5 7 9
7: 1 2 6 8 9
8: 2 3 4 5 7
9: 3 4 5 6 7

1: 6
2: 4 6 7
3: 5 6 7
4: 2 5 7
5: 3 4 7
6: 1 2 3
7: 2 3 4 5

1: 5
2: 3 6
3: 2 7
4: 6 7
5: 1 6 7
6: 2 4 5
7: 3 4 5

1: 2 7
2: 1 8
3: 4 5 7
4: 3 6 7
5: 3 6 8
6: 4 5 8
7: 1 3 4
8: 2 5 6

1: 2 8
2: 1 7
3: 5 7
4: 6 8
5: 3 6 9
6: 4 5 9
7: 2 3 8 9
8: 1 4 7 9
9: 5 6 7 8

1: 4 5
2: 6 9
3: 7 8
4: 1 6 7
5: 1 8 9
6: 2 4 7
7: 3 4 6
8: 3 5 9
9: 2 5 8

1: 2 6
2: 1 7
3: 4 7 8
4: 3 5 9
5: 4 8 9
6: 1 7 8 9
7: 2 3 6 8 9
8: 3 5 6 7 9
9: 4 5 6 7 8

1: 4 9
2: 3 7
3: 2 8
4: 1 5 6
5: 4 6 7 9
6: 4 5 8 9
7: 2 5 8 9
8: 3 6 7 9
9: 1 5 6 7 8

1: 8 9
2: 7 8
3: 6 9
4: 6 7 8
5: 6 7 9
6: 3 4 5 8
7: 2 4 5 9
8: 1 2 4 6 9
9: 1 3 5 7 8

1: 7 8
2: 6 9
3: 8 9
4: 6 7 8
5: 6 7 9
6: 2 4 5 7 8
7: 1 4 5 6 9
8: 1 3 4 6 9
9: 2 3 5 7 8

1: 2 10
2: 1 9
3: 5 9
4: 6 10
5: 3 8
6: 4 7
7: 6 9 10
8: 5 9 10
9: 2 3 7 8 10
10: 1 4 7 8 9

1: 10
2: 10
3: 9 12
4: 9 12
5: 6 11 12
6: 5 11 12
7: 8 11 12
8: 7 11 12
9: 3 4 12
10: 1 2 11 12
11: 5 6 7 8 10 12
12: 3 4 5 6 7 8 9 10 11

1: 10
2: 11
3: 9 12
4: 9 12
5: 6 10 12
6: 5 10 12
7: 8 11 12
8: 7 11 12
9: 3 4 12
10: 1 5 6 11 12
11: 2 7 8 10 12
12: 3 4 5 6 7 8 9 10 11

1: 2 10
2: 1 6
3: 4 8
4: 3 9
5: 7 9
6: 2 7 10
7: 5 6 10
8: 3 9 10
9: 4 5 8 10
10: 1 6 7 8 9

1: 2 9
2: 1 6
3: 7 9
4: 5 8
5: 4 9 10
6: 2 9 10
7: 3 8 10
8: 4 7 10
9: 1 3 5 6 10
10: 5 6 7 8 9

1: 6 10
2: 4 10
3: 4 7
4: 2 3
5: 6 8 10
6: 1 5 9
7: 3 8 9
8: 5 7 9 10
9: 6 7 8 10
10: 1 2 5 8 9

1: 2 7
2: 1 8
3: 4 9
4: 3 10
5: 6 7 8
6: 5 9 10
7: 1 5 8
8: 2 5 7
9: 3 6 10
10: 4 6 9

1: 6 7
2: 3 4 6
3: 2 5 7
4: 2 5 6
5: 3 4 7
6: 1 2 4 7
7: 1 3 5 6

1: 2 8 9
2: 1 7 9
3: 5 6 8
4: 5 6 7
5: 3 4 8
6: 3 4 7 9
7: 2 4 6 9
8: 1 3 5 9
9: 1 2 6 7 8

1: 5 9
2: 6 9
3: 4 7 8
4: 3 7 8
5: 1 7 9
6: 2 8 9
7: 3 4 5 8
8: 3 4 6 7
9: 1 2 5 6

1: 2 5 6
2: 1 5 6
3: 4 7 8
4: 3 7 8
5: 1 2 6 7
6: 1 2 5 8
7: 3 4 5 8
8: 3 4 6 7

1: 12 13
2: 10 14
3: 11 15
4: 5 6 9
5: 4 6 8
6: 4 5 7
7: 6 12 14
8: 5 13 15
9: 4 10 11
10: 2 9 14
11: 3 9 15
12: 1 7 13 14
13: 1 8 12 15
14: 2 7 10 12
15: 3 8 11 13

1: 5 10
2: 6 11
3: 4 13
4: 3 12
5: 1 15
6: 2 14
7: 10 15
8: 11 14
9: 12 13
10: 1 7 11
11: 2 8 10
12: 4 9 15
13: 3 9 14
14: 6 8 13
15: 5 7 12

1: 8
2: 6
3: 7
4: 6 8
5: 7 8
6: 2 4 7 8
7: 3 5 6 8
8: 1 4 5 6 7

1: 2 5 7
2: 1 6 7
3: 5 6 7
4: 5 6 7
5: 1 3 4
6: 2 3 4
7: 1 2 3 4

1: 13
2: 13
3: 13
4: 12
5: 12
6: 11 12
7: 10 11
8: 9 10
9: 8 11
10: 7 8 13
11: 6 7 9
12: 4 5 6
13: 1 2 3 10

1: 7 8 11
2: 9 10 11
3: 4 5 12
4: 3 6 13
5: 3 6 13
6: 4 5 12
7: 1 12 13
8: 1 12 13
9: 2 12 13
10: 2 12 13
11: 1 2 12 13
12: 3 6 7 8 9 10 11
13: 4 5 7 8 9 10 11

1: 8 11 13
2: 9 11 13
3: 9 11 13
4: 8 11 13
5: 10 12 13
6: 10 12 13
7: 10 12 13
8: 1 4 12
9: 2 3 12
10: 5 6 7
11: 1 2 3 4 12
12: 5 6 7 8 9 11
13: 1 2 3 4 5 6 7

1: 3 4 13
2: 3 4 13
3: 1 2 14
4: 1 2 14
5: 11 13 14
6: 12 13 14
7: 12 13 14
8: 11 13 14
9: 11 12 13
10: 11 12 14
11: 5 8 9 10
12: 6 7 9 10
13: 1 2 5 6 7 8 9
14: 3 4 5 6 7 8 10

1: 7 9 10
2: 8 9 11
3: 4 5 10
4: 3 6 11
5: 3 7 10
6: 4 8 11
7: 1 5 10
8: 2 6 11
9: 1 2 10 11
10: 1 3 5 7 9
11: 2 4 6 8 9

1: 6 7
2: 6 7
3: 4 5
4: 3 6 7
5: 3 6 7
6: 1 2 4 5 7
7: 1 2 4 5 6

1: 4 6
2: 5 7
3: 6 7
4: 1 5 6 7
5: 2 4 6 7
6: 1 3 4 5
7: 2 3 4 5

1: 4 7
2: 6 7
3: 4 5 6
4: 1 3 5
5: 3 4 6 7
6: 2 3 5 7
7: 1 2 5 6

1: 5 7
2: 4 7
3: 5 6 7
4: 2 6 7
5: 1 3 6
6: 3 4 5 7
7: 1 2 3 4 6

1: 5 7
2: 3 4
3: 2 6 7
4: 2 6 7
5: 1 6 7
6: 3 4 5 7
7: 1 3 4 5 6

1: 6 7
2: 5 7
3: 4 5
4: 3 6 7
5: 2 3 6 7
6: 1 4 5 7
7: 1 2 4 5 6

1: 6 7
2: 3 4
3: 2 5 7
4: 2 6 7
5: 3 6 7
6: 1 4 5 7
7: 1 3 4 5 6

1: 2 3
2: 1 5 7
3: 1 6 7
4: 5 6 7
5: 2 4 7
6: 3 4 7
7: 2 3 4 5 6

1: 5 7
2: 3 6
3: 2 4 7
4: 3 6 7
5: 1 6 7
6: 2 4 5 7
7: 1 3 4 5 6

1: 6 7
2: 3 6
3: 2 4 7
4: 3 5 7
5: 4 6 7
6: 1 2 5 7
7: 1 3 4 5 6

1: 6 7
2: 3 4
3: 2 5 6
4: 2 5 7
5: 3 4 6 7
6: 1 3 5 7
7: 1 4 5 6

1: 4 7
2: 6 7
3: 5 6 7
4: 1 5 6
5: 3 4 6 7
6: 2 3 4 5
7: 1 2 3 5

1: 6 7
2: 6 7
3: 5 7
4: 5 6 7
5: 3 4 6 7
6: 1 2 4 5
7: 1 2 3 4 5

1: 2 6
2: 1 3 6
3: 2 4 7
4: 3 5 7
5: 4 6 7
6: 1 2 5 7
7: 3 4 5 6

1: 2 6
2: 1 3 4
3: 2 5 7
4: 2 6 7
5: 3 6 7
6: 1 4 5 7
7: 3 4 5 6

1: 4 6
2: 5 7
3: 5 6 7
4: 1 5 6
5: 2 3 4 7
6: 1 3 4 7
7: 2 3 5 6

1: 4 7
2: 5 6
3: 4 6 7
4: 1 3 5
5: 2 4 6 7
6: 2 3 5 7
7: 1 3 5 6

1: 6 7
2: 4 7
3: 5 6 7
4: 2 5 7
5: 3 4 6
6: 1 3 5 7
7: 1 2 3 4 6

1: 2 3
2: 1 6 7
3: 1 4 6
4: 3 5 7
5: 4 6 7
6: 2 3 5 7
7: 2 4 5 6

1: 4 5
2: 6 7
3: 6 7
4: 1 5 6 7
5: 1 4 6 7
6: 2 3 4 5
7: 2 3 4 5

1: 3 7
2: 4 7
3: 1 5 6
4: 2 5 6
5: 3 4 6 7
6: 3 4 5 7
7: 1 2 5 6

1: 4 5
2: 6 7
3: 4 6 7
4: 1 3 5
5: 1 4 6 7
6: 2 3 5 7
7: 2 3 5 6

1: 5 7
2: 6 7
3: 5 6 7
4: 5 6 7
5: 1 3 4
6: 2 3 4 7
7: 1 2 3 4 6

1: 2 3
2: 1 6 7
3: 1 4 5
4: 3 6 7
5: 3 6 7
6: 2 4 5 7
7: 2 4 5 6

1: 6 7
2: 6 7
3: 6 7
4: 5 6 7
5: 4 6 7
6: 1 2 3 4 5
7: 1 2 3 4 5

1: 4 7
2: 5 6
3: 5 6 7
4: 1 5 6
5: 2 3 4 7
6: 2 3 4 7
7: 1 3 5 6

1: 5 7
2: 6 7
3: 4 6 7
4: 3 6 7
5: 1 6 7
6: 2 3 4 5
7: 1 2 3 4 5

1: 11
2: 16
3: 15
4: 5 11
5: 4 6
6: 5 12
7: 8 12
8: 7 14
9: 13 16
10: 15 16
11: 1 4
12: 6 7 13
13: 9 12 14
14: 8 13 15
15: 3 10 14
16: 2 9 10

1: 6 7
2: 6 7
3: 5 6 7
4: 5 6 7
5: 3 4 7
6: 1 2 3 4
7: 1 2 3 4 5

1: 6 7
2: 6 7
3: 4 5 7
4: 3 5 7
5: 3 4 6
6: 1 2 5 7
7: 1 2 3 4 6

1: 5 7
2: 6 7
3: 4 5 6
4: 3 5 6
5: 1 3 4 7
6: 2 3 4 7
7: 1 2 5 6

1: 2 6
2: 1 6 7
3: 5 6 7
4: 5 6 7
5: 3 4 7
6: 1 2 3 4
7: 2 3 4 5

1: 2 6
2: 1 5 7
3: 4 5 7
4: 3 6 7
5: 2 3 6
6: 1 4 5 7
7: 2 3 4 6

1: 2 6
2: 1 5 7
3: 5 6 7
4: 5 6 7
5: 2 3 4
6: 1 3 4 7
7: 2 3 4 6

1: 5 7
2: 5 6 7
3: 4 6 7
4: 3 6 7
5: 1 2 7
6: 2 3 4
7: 1 2 3 4 5

1: 2 6
2: 1 4 7
3: 5 6 7
4: 2 5 7
5: 3 4 6
6: 1 3 5 7
7: 2 3 4 6

1: 18
2: 18
3: 18
4: 16
5: 17
6: 13 16
7: 13 17
8: 9 10
9: 8 11
10: 8 14
11: 9 14
12: 14 15
13: 6 7 18
14: 10 11 12
15: 12 16 17
16: 4 6 15
17: 5 7 15
18: 1 2 3 13

1: 13
2: 14
3: 15
4: 13 14
5: 13 15
6: 7 8
7: 6 9
8: 6 12
9: 7 12
10: 11 12
11: 10 14 15
12: 8 9 10
13: 1 4 5
14: 2 4 11
15: 3 5 11

1: 23
2: 23
3: 23
4: 22
5: 22
6: 16
7: 15
8: 19 21
9: 17 20
10: 12 19
11: 17 18
12: 10 14
13: 16 21
14: 12 15
15: 7 14
16: 6 13
17: 9 11 23
18: 11 20 21
19: 8 10 22
20: 9 18 22
21: 8 13 18
22: 4 5 19 20
23: 1 2 3 17

1: 2 3 8
2: 1 4 8
3: 1 6 8
4: 2 7 8
5: 6 7 8
6: 3 5 7
7: 4 5 6
8: 1 2 3 4 5

1: 2 3 7
2: 1 5 8
3: 1 6 7
4: 5 6 8
5: 2 4 8
6: 3 4 7
7: 1 3 6 8
8: 2 4 5 7

1: 2 3 9
2: 1 4 9
3: 1 5 9
4: 2 7 9
5: 3 8 9
6: 7 8 9
7: 4 6 8
8: 5 6 7
9: 1 2 3 4 5 6

1: 2 3 9
2: 1 4 9
3: 1 5 9
4: 2 6 9
5: 3 7 8
6: 4 7 8
7: 5 6 8
8: 5 6 7 9
9: 1 2 3 4 8

1: 2 3 9
2: 1 7 9
3: 1 5 9
4: 5 6 9
5: 3 4 8
6: 4 7 8
7: 2 6 8
8: 5 6 7
9: 1 2 3 4

1: 2 5 9
2: 1 6 9
3: 5 7 9
4: 6 8 9
5: 1 3 7
6: 2 4 8
7: 3 5 8
8: 4 6 7
9: 1 2 3 4

1: 5 6 9
2: 5 7 9
3: 6 8 9
4: 7 8 9
5: 1 2 6
6: 1 3 5
7: 2 4 8
8: 3 4 7
9: 1 2 3 4

1: 2 3 10
2: 1 4 10
3: 1 5 10
4: 2 6 10
5: 3 9 10
6: 4 8 10
7: 8 9 10
8: 6 7 9
9: 5 7 8
10: 1 2 3 4 5 6 7

1: 2 3 10
2: 1 4 10
3: 1 5 10
4: 2 6 10
5: 3 7 10
6: 4 8 9
7: 5 8 9
8: 6 7 9
9: 6 7 8 10
10: 1 2 3 4 5 9

1: 2 3 9
2: 1 6 10
3: 1 7 9
4: 5 8 10
5: 4 6 10
6: 2 5 10
7: 3 8 9
8: 4 7 9
9: 1 3 7 8 10
10: 2 4 5 6 9

1: 2 4 10
2: 1 3 10
3: 2 8 10
4: 1 6 10
5: 6 7 10
6: 4 5 9
7: 5 8 9
8: 3 7 9
9: 6 7 8
10: 1 2 3 4 5

1: 2 3 8
2: 1 6 9
3: 1 7 10
4: 5 6 9
5: 4 7 10
6: 2 4 9
7: 3 5 10
8: 1 9 10
9: 2 4 6 8
10: 3 5 7 8

1: 2 7 8
2: 1 6 8
3: 4 5 10
4: 3 6 10
5: 3 7 9
6: 2 4 10
7: 1 5 9
8: 1 2 9
9: 5 7 8 10
10: 3 4 6 9

1: 2 6 8
2: 1 7 8
3: 4 5 10
4: 3 6 10
5: 3 7 10
6: 1 4 9
7: 2 5 9
8: 1 2 9
9: 6 7 8 10
10: 3 4 5 9

1: 2 3 10
2: 1 6 10
3: 1 7 10
4: 6 8 10
5: 7 9 10
6: 2 4 8
7: 3 5 9
8: 4 6 9
9: 5 7 8
10: 1 2 3 4 5

1: 2 8 10
2: 1 9 10
3: 6 7 10
4: 6 8 10
5: 7 9 10
6: 3 4 8
7: 3 5 9
8: 1 4 6
9: 2 5 7
10: 1 2 3 4 5

1: 2 3 11
2: 1 4 11
3: 1 5 11
4: 2 6 11
5: 3 7 11
6: 4 10 11
7: 5 9 11
8: 9 10 11
9: 7 8 10
10: 6 8 9
11: 1 2 3 4 5 6 7 8

1: 2 3 11
2: 1 4 11
3: 1 5 11
4: 2 6 11
5: 3 8 11
6: 4 7 11
7: 6 9 10
8: 5 9 10
9: 7 8 10
10: 7 8 9 11
11: 1 2 3 4 5 6 10

1: 2 3 11
2: 1 4 11
3: 1 5 11
4: 2 6 11
5: 3 7 11
6: 4 9 10
7: 5 8 10
8: 7 9 10
9: 6 8 10
10: 6 7 8 9 11
11: 1 2 3 4 5 10

1: 8 10 11
2: 4 10 11
3: 4 9 11
4: 2 3 11
5: 6 7 10
6: 5 7 9
7: 5 6 8
8: 1 7 9
9: 3 6 8
10: 1 2 5
11: 1 2 3 4

1: 8 10 11
2: 4 10 11
3: 4 9 11
4: 2 3 11
5: 6 8 10
6: 5 7 9
7: 6 8 9
8: 1 5 7
9: 3 6 7
10: 1 2 5
11: 1 2 3 4

1: 6 10 11
2: 7 8 11
3: 4 10 11
4: 3 9 11
5: 7 8 9
6: 1 7 10
7: 2 5 6
8: 2 5 9
9: 4 5 8
10: 1 3 6
11: 1 2 3 4

1: 6 8 11
2: 8 9 11
3: 7 10 11
4: 9 10 11
5: 6 7 8
6: 1 5 7
7: 3 5 6
8: 1 2 5
9: 2 4 10
10: 3 4 9
11: 1 2 3 4

1: 7 10 11
2: 8 9 11
3: 4 10 11
4: 3 9 11
5: 6 8 9
6: 5 7 8
7: 1 6 10
8: 2 5 6
9: 2 4 5
10: 1 3 7
11: 1 2 3 4

1: 2 3 11
2: 1 10 11
3: 1 9 11
4: 5 6 11
5: 4 7 11
6: 4 8 11
7: 5 9 11
8: 6 10 11
9: 3 7 11
10: 2 8 11
11: 1 2 3 4 5 6 7 8 9 10

1: 7 8 11
2: 4 9 11
3: 4 10 11
4: 2 3 11
5: 6 7 9
6: 5 8 10
7: 1 5 9
8: 1 6 10
9: 2 5 7
10: 3 6 8
11: 1 2 3 4

1: 2 3 11
2: 1 5 11
3: 1 4 11
4: 3 9 11
5: 2 7 11
6: 7 8 11
7: 5 6 10
8: 6 9 10
9: 4 8 10
10: 7 8 9
11: 1 2 3 4 5 6

1: 2 5 11
2: 1 4 11
3: 6 10 11
4: 2 7 11
5: 1 6 11
6: 3 5 9
7: 4 8 10
8: 7 9 10
9: 6 8 10
10: 3 7 8 9
11: 1 2 3 4 5

1: 5 6 11
2: 7 9 11
3: 8 10 11
4: 9 10 11
5: 1 6 7
6: 1 5 8
7: 2 5 9
8: 3 6 10
9: 2 4 7
10: 3 4 8
11: 1 2 3 4

1: 4 9 11
2: 3 8 11
3: 2 4 11
4: 1 3 11
5: 7 9 10
6: 7 8 10
7: 5 6 9
8: 2 6 10
9: 1 5 7
10: 5 6 8 11
11: 1 2 3 4 10

1: 3 8 11
2: 4 9 11
3: 1 4 11
4: 2 3 11
5: 6 7 10
6: 5 7 9
7: 5 6 8
8: 1 7 10
9: 2 6 10
10: 5 8 9 11
11: 1 2 3 4 10

1: 2 8 11
2: 1 7 11
3: 4 5 9
4: 3 6 10
5: 3 7 9
6: 4 8 10
7: 2 5 9
8: 1 6 10
9: 3 5 7 11
10: 4 6 8 11
11: 1 2 9 10

1: 5 7 11
2: 6 8 11
3: 5 8 9
4: 6 7 10
5: 1 3 9
6: 2 4 10
7: 1 4 10
8: 2 3 9
9: 3 5 8 11
10: 4 6 7 11
11: 1 2 9 10

1: 7 9 11
2: 4 9 11
3: 4 8 11
4: 2 3 11
5: 6 8 10
6: 5 7 10
7: 1 6 9
8: 3 5 10
9: 1 2 7
10: 5 6 8 11
11: 1 2 3 4 10

1: 8 9 11
2: 6 8 11
3: 4 9 11
4: 3 7 11
5: 6 7 10
6: 2 5 10
7: 4 5 10
8: 1 2 9
9: 1 3 8
10: 5 6 7 11
11: 1 2 3 4 10

1: 2 4 11
2: 1 3 11
3: 2 7 11
4: 1 8 11
5: 7 9 11
6: 8 10 11
7: 3 5 9
8: 4 6 10
9: 5 7 10
10: 6 8 9
11: 1 2 3 4 5 6

1: 2 3 11
2: 1 9 11
3: 1 10 11
4: 7 8 11
5: 7 9 11
6: 8 10 11
7: 4 5 9
8: 4 6 10
9: 2 5 7
10: 3 6 8
11: 1 2 3 4 5 6

1: 4 7 11
2: 3 8 11
3: 2 10 11
4: 1 9 11
5: 7 8 11
6: 9 10 11
7: 1 5 8
8: 2 5 7
9: 4 6 10
10: 3 6 9
11: 1 2 3 4 5 6

1: 6 7
2: 3 4 6
3: 2 5 7
4: 2 5 7
5: 3 4 6
6: 1 2 5 7
7: 1 3 4 6

1: 6 7
2: 3 4 5
3: 2 4 6
4: 2 3 7
5: 2 6 7
6: 1 3 5 7
7: 1 4 5 6

1: 2 3 4
2: 1 23 24
3: 1 22 24
4: 1 21 24
5: 10 11 14
6: 9 12 13
7: 11 14 17
8: 12 13 18
9: 6 10 18
10: 5 9 17
11: 5 7 15
12: 6 8 16
13: 6 8 16
14: 5 7 15
15: 11 14 20
16: 12 13 19
17: 7 10 20
18: 8 9 19
19: 16 18 22
20: 15 17 21
21: 4 20 23
22: 3 19 23
23: 2 21 22
24: 2 3 4

1: 2 3 11
2: 1 3 11
3: 1 2 11
4: 5 6 12
5: 4 6 12
6: 4 5 12
7: 8 9 13
8: 7 9 13
9: 7 8 13
10: 11 12 13
11: 1 2 3 10
12: 4 5 6 10
13: 7 8 9 10

1: 2 3 13
2: 1 3 13
3: 1 2 13
4: 5 6 14
5: 4 6 14
6: 4 5 14
7: 8 9 15
8: 7 9 15
9: 7 8 15
10: 11 12 16
11: 10 12 16
12: 10 11 16
13: 1 2 3 17
14: 4 5 6 17
15: 7 8 9 17
16: 10 11 12 17
17: 13 14 15 16

1: 7 8
2: 7 8
3: 9 10
4: 9 10
5: 7 8 9 10
6: 7 8 9 10
7: 1 2 5 6 8
8: 1 2 5 6 7
9: 3 4 5 6 10
10: 3 4 5 6 9

1: 7 8
2: 9 10
3: 9 10
4: 11 12
5: 11 12
6: 7 8
7: 1 6 8 13 14
8: 1 6 7 13 14
9: 2 3 10 13 14
10: 2 3 9 13 14
11: 4 5 12 13 14
12: 4 5 11 13 14
13: 7 8 9 10 11 12
14: 7 8 9 10 11 12

1: 2 3 10
2: 1 3 10
3: 1 2 10
4: 5 6 11
5: 4 6 11
6: 4 5 11
7: 8 9 12
8: 7 9 12
9: 7 8 12
10: 1 2 3 11 12
11: 4 5 6 10 12
12: 7 8 9 10 11

1: 2 3 10
2: 1 3 10
3: 1 2 10
4: 5 6 10
5: 4 6 10
6: 4 5 10
7: 8 9 10
8: 7 9 10
9: 7 8 10
10: 1 2 3 4 5 6 7 8 9

1: 6 7 8
2: 6 7 8
3: 6 7 8
4: 6 7 8
5: 6 7 8
6: 1 2 3 4 5
7: 1 2 3 4 5 8
8: 1 2 3 4 5 7

1: 5 9
2: 7 12
3: 8 11
4: 6 10
5: 1 13
6: 4 13
7: 2 14
8: 3 14
9: 1 15
10: 4 16
11: 3 16
12: 2 15
13: 5 6 14
14: 7 8 13
15: 9 12 16
16: 10 11 15

1: 4 5
2: 3 6
3: 2 8
4: 1 7
5: 1 9
6: 2 12
7: 4 11
8: 3 10
9: 5 14
10: 8 15
11: 7 15
12: 6 14
13: 14 15
14: 9 12 13
15: 10 11 13

1: 2 3
2: 1 49
3: 1 48
4: 5 6
5: 4 7
6: 4 8
7: 5 9
8: 6 11
9: 7 10
10: 9 13
11: 8 12
12: 11 15
13: 10 14
14: 13 17
15: 12 16
16: 15 19
17: 14 18
18: 17 21
19: 16 20
20: 19 23
21: 18 22
22: 21 25
23: 20 24
24: 23 27
25: 22 26
26: 25 29
27: 24 28
28: 27 31
29: 26 30
30: 29 33
31: 28 32
32: 31 35
33: 30 34
34: 33 37
35: 32 36
36: 35 39
37: 34 38
38: 37 41
39: 36 40
40: 39 43
41: 38 42
42: 41 45
43: 40 44
44: 43 47
45: 42 46
46: 45 49
47: 44 48
48: 3 47
49: 2 46

1: 2 3
2: 1 51
3: 1 50
4: 5 6
5: 4 7
6: 4 8
7: 5 9
8: 6 11
9: 7 10
10: 9 13
11: 8 12
12: 11 15
13: 10 14
14: 13 17
15: 12 16
16: 15 19
17: 14 18
18: 17 21
19: 16 20
20: 19 23
21: 18 22
22: 21 25
23: 20 24
24: 23 27
25: 22 26
26: 25 29
27: 24 28
28: 27 31
29: 26 30
30: 29 33
31: 28 32
32: 31 35
33: 30 34
34: 33 37
35: 32 36
36: 35 39
37: 34 38
38: 37 41
39: 36 40
40: 39 43
41: 38 42
42: 41 45
43: 40 44
44: 43 47
45: 42 46
46: 45 49
47: 44 48
48: 47 51
49: 46 50
50: 3 49
51: 2 48

1: 2 3
2: 1 53
3: 1 52
4: 5 6
5: 4 7
6: 4 8
7: 5 9
8: 6 11
9: 7 10
10: 9 13
11: 8 12
12: 11 15
13: 10 14
14: 13 17
15: 12 16
16: 15 19
17: 14 18
18: 17 21
19: 16 20
20: 19 23
21: 18 22
22: 21 25
23: 20 24
24: 23 27
25: 22 26
26: 25 29
27: 24 28
28: 27 31
29: 26 30
30: 29 33
31: 28 32
32: 31 35
33: 30 34
34: 33 37
35: 32 36
36: 35 39
37: 34 38
38: 37 41
39: 36 40
40: 39 43
41: 38 42
42: 41 45
43: 40 44
44: 43 47
45: 42 46
46: 45 49
47: 44 48
48: 47 51
49: 46 50
50: 49 53
51: 48 52
52: 3 51
53: 2 50

1: 2 9
2: 1 9
3: 4 10
4: 3 10
5: 6 11
6: 5 11
7: 8 12
8: 7 12
9: 1 2 13
10: 3 4 13
11: 5 6 13
12: 7 8 13
13: 9 10 11 12

1: 4 5
2: 3 6
3: 2 7
4: 1 5 6 7
5: 1 4 6 7
6: 2 4 5 7
7: 3 4 5 6

1: 5 8
2: 5 8
3: 6 8
4: 7 8
5: 1 2
6: 3 7
7: 4 6
8: 1 2 3 4

