1: 2 3 6 7
2: 1 4 6 7
3: 1 5 6 7
4: 2 5 6 7
5: 3 4 6 7
6: 1 2 3 4 5 7
7: 1 2 3 4 5 6

1: 3 4
2: 3 4
3: 1 2 4
4: 1 2 3

1: 8
2: 8
3: 4 5 6 7 8
4: 3 5 6 7 8
5: 3 4 6 7 8
6: 3 4 5 7 8
7: 3 4 5 6 8
8: 1 2 3 4 5 6 7

1: 7
2: 3 4 5 6 7
3: 2 4 5 6 7
4: 2 3 5 6 7
5: 2 3 4 6 7
6: 2 3 4 5 7
7: 1 2 3 4 5 6

1: 2 3 4 5
2: 1 3 4 6 7
3: 1 2 5 6 7
4: 1 2 5 6 7
5: 1 3 4 6 7
6: 2 3 4 5 7
7: 2 3 4 5 6

1: 2 3 4 5 7
2: 1 3 4 6 7
3: 1 2 5 6 7
4: 1 2 5 6 7
5: 1 3 4 6 7
6: 2 3 4 5 7
7: 1 2 3 4 5 6

1: 3 4 5 6 7
2: 3 4 5 6 7
3: 1 2 4 5 6 7
4: 1 2 3 5 6 7
5: 1 2 3 4 6 7
6: 1 2 3 4 5 7
7: 1 2 3 4 5 6

1: 2 3 4
2: 1 3 4
3: 1 2 4
4: 1 2 3

1: 2 3
2: 1 4
3: 1 5
4: 2 6
5: 3 7
6: 4 8 9
7: 5 8 9
8: 6 7 9
9: 6 7 8

1: 7 8 9 10
2: 7 8 9 10
3: 7 8 9 10
4: 7 8 9 10
5: 7 8 9 10
6: 7 8 9 10
7: 1 2 3 4 5 6 8 9 10
8: 1 2 3 4 5 6 7 9 10
9: 1 2 3 4 5 6 7 8 10
10: 1 2 3 4 5 6 7 8 9

1: 4 5 6
2: 4 5 6
3: 4 5 6
4: 1 2 3 5 6
5: 1 2 3 4 6
6: 1 2 3 4 5

1: 2 3 4 7 8
2: 1 5 6 7 8
3: 1 5 6 7 8
4: 1 5 6 7 8
5: 2 3 4 7 8
6: 2 3 4 7 8
7: 1 2 3 4 5 6
8: 1 2 3 4 5 6

1: 4 5 6 7 8
2: 4 5 6 7 8
3: 4 5 6 7 8
4: 1 2 3 5 6 7 8
5: 1 2 3 4 6 7 8
6: 1 2 3 4 5 7 8
7: 1 2 3 4 5 6 8
8: 1 2 3 4 5 6 7

1: 2 3 7
2: 1 3 7
3: 1 2 7
4: 5 6 8
5: 4 6 8
6: 4 5 8
7: 1 2 3 8
8: 4 5 6 7

1: 6
2: 7
3: 8
4: 10
5: 9
6: 1 7 8
7: 2 6 9
8: 3 6 10
9: 5 7 10
10: 4 8 9

1: 2 5
2: 1 5
3: 4 6
4: 3 6
5: 1 2 6
6: 3 4 5

1: 2 3 4 9
2: 1 3 4 9
3: 1 2 4 9
4: 1 2 3 9
5: 6 7 8 10
6: 5 7 8 10
7: 5 6 8 10
8: 5 6 7 10
9: 1 2 3 4 10
10: 5 6 7 8 9

1: 2 3 4 5
2: 1 3 4 6
3: 1 2 5 7
4: 1 2 6 8
5: 1 3 7 8
6: 2 4 7 8
7: 3 5 6 8
8: 4 5 6 7

1: 2 3 6 7 8
2: 1 4 6 7 8
3: 1 5 6 7 8
4: 2 5 6 7 8
5: 3 4 6 7 8
6: 1 2 3 4 5 7 8
7: 1 2 3 4 5 6 8
8: 1 2 3 4 5 6 7

1: 8 9
2: 8 9
3: 8 9
4: 8 9
5: 8 9
6: 8 9
7: 8 9
8: 1 2 3 4 5 6 7 9
9: 1 2 3 4 5 6 7 8

1: 7
2: 7
3: 7
4: 5 6 7
5: 4 6 7
6: 4 5 7
7: 1 2 3 4 5 6

1: 8
2: 6 8
3: 7 8
4: 5 6
5: 4 7
6: 2 4
7: 3 5
8: 1 2 3

1: 8
2: 6
3: 7 8
4: 5 6
5: 4 7
6: 2 4
7: 3 5 8
8: 1 3 7

1: 2 3 6
2: 1 4 6
3: 1 5 6
4: 2 5 6
5: 3 4 6
6: 1 2 3 4 5

1: 6
2: 3 4 5 6
3: 2 4 5 6
4: 2 3 5 6
5: 2 3 4 6
6: 1 2 3 4 5

1: 2 3 4 5
2: 1 3 4 6
3: 1 2 5 6
4: 1 2 5 6
5: 1 3 4 6
6: 2 3 4 5

1: 5
2: 6
3: 7
4: 8
5: 1 6 7 8
6: 2 5 7 8
7: 3 5 6 8
8: 4 5 6 7

1: 3 4 5 6
2: 3 4 5 6
3: 1 2 4 5 6
4: 1 2 3 5 6
5: 1 2 3 4 6
6: 1 2 3 4 5

1: 2 3 4 5 6
2: 1 3 4 5 6
3: 1 2 4 5 6
4: 1 2 3 5 6
5: 1 2 3 4 6
6: 1 2 3 4 5

1: 5 6 7 8 9
2: 5 6 7 8 9
3: 5 6 7 8 9
4: 5 6 7 8 9
5: 1 2 3 4 6 7 8 9
6: 1 2 3 4 5 7 8 9
7: 1 2 3 4 5 6 8 9
8: 1 2 3 4 5 6 7 9
9: 1 2 3 4 5 6 7 8

1: 2 6
2: 1 6
3: 4 7
4: 3 7
5: 8 9
6: 1 2 8
7: 3 4 9
8: 5 6 9
9: 5 7 8

1: 4
2: 5
3: 4 5
4: 1 3 5
5: 2 3 4

1: 9 10
2: 9 10
3: 9 10
4: 9 10
5: 9 10
6: 9 10
7: 9 10
8: 9 10
9: 1 2 3 4 5 6 7 8 10
10: 1 2 3 4 5 6 7 8 9

1: 6 7 8 9 10
2: 6 7 8 9 10
3: 6 7 8 9 10
4: 6 7 8 9 10
5: 6 7 8 9 10
6: 1 2 3 4 5 7 8 9 10
7: 1 2 3 4 5 6 8 9 10
8: 1 2 3 4 5 6 7 9 10
9: 1 2 3 4 5 6 7 8 10
10: 1 2 3 4 5 6 7 8 9

1: 5
2: 6
3: 4 10
4: 3 10
5: 1 10
6: 2 10
7: 8 9
8: 7 9
9: 7 8 10
10: 3 4 5 6 9

1: 10
2: 9 10
3: 8 10
4: 5 6
5: 4 7
6: 4 8
7: 5 9
8: 3 6
9: 2 7
10: 1 2 3

1: 10
2: 8
3: 9 10
4: 5 8
5: 4 6
6: 5 7
7: 6 9
8: 2 4
9: 3 7 10
10: 1 3 9

1: 4 5
2: 4 5
3: 4 5
4: 1 2 3 5
5: 1 2 3 4

1: 10
2: 10
3: 9
4: 9 10
5: 8 9
6: 7 8
7: 6 8
8: 5 6 7
9: 3 4 5
10: 1 2 4

1: 7 8 9
2: 7 8 9
3: 7 8 9
4: 7 8 9
5: 7 8 9
6: 7 8 9
7: 1 2 3 4 5 6 8 9
8: 1 2 3 4 5 6 7 9
9: 1 2 3 4 5 6 7 8

1: 2 3 4 5
2: 1 3 7 8
3: 1 2 6 9
4: 1 6 7 8
5: 1 6 7 9
6: 3 4 5 8
7: 2 4 5 9
8: 2 4 6 9
9: 3 5 7 8

1: 2
2: 1 5
3: 4 5
4: 3 5
5: 2 3 4

1: 2 3
2: 1 4
3: 1 5
4: 2 5
5: 3 4

1: 6
2: 7
3: 8
4: 9
5: 10
6: 1 7 8 9 10
7: 2 6 8 9 10
8: 3 6 7 9 10
9: 4 6 7 8 10
10: 5 6 7 8 9

1: 5 6 7
2: 7 8 9
3: 7 8 9
4: 7 8 9
5: 1 8 9
6: 1 8 9
7: 1 2 3 4
8: 2 3 4 5 6
9: 2 3 4 5 6

1: 8
2: 8
3: 8
4: 5 6 7 8
5: 4 6 7 8
6: 4 5 7 8
7: 4 5 6 8
8: 1 2 3 4 5 6 7

1: 9
2: 9
3: 9
4: 9
5: 9
6: 7 8 9
7: 6 8 9
8: 6 7 9
9: 1 2 3 4 5 6 7 8

1: 2 3 8
2: 1 3 8
3: 1 2 8
4: 5 6 7 9
5: 4 6 7 9
6: 4 5 7 9
7: 4 5 6 9
8: 1 2 3 9
9: 4 5 6 7 8

1: 2 3 7 9
2: 1 3 7 9
3: 1 2 7 9
4: 5 6 8 9
5: 4 6 8 9
6: 4 5 8 9
7: 1 2 3 8
8: 4 5 6 7
9: 1 2 3 4 5 6

1: 5
2: 6
3: 7
4: 5 6 7
5: 1 4 6 7
6: 2 4 5 7
7: 3 4 5 6

1: 6 7 8 9
2: 6 7 8 9
3: 6 7 8 9
4: 6 7 8 9
5: 6 7 8 9
6: 1 2 3 4 5 7 8 9
7: 1 2 3 4 5 6 8 9
8: 1 2 3 4 5 6 7 9
9: 1 2 3 4 5 6 7 8

1: 7
2: 6
3: 8 9
4: 5 8
5: 4 7
6: 2 9
7: 1 5
8: 3 4 9
9: 3 6 8

1: 5
2: 3 4 5
3: 2 4 5
4: 2 3 5
5: 1 2 3 4

1: 2 3
2: 1 4 5
3: 1 4 5
4: 2 3 5
5: 2 3 4

1: 2 3 5
2: 1 4 5
3: 1 4 5
4: 2 3 5
5: 1 2 3 4

1: 10
2: 10
3: 10
4: 10
5: 10
6: 10
7: 10
8: 9 10
9: 8 10
10: 1 2 3 4 5 6 7 8 9

1: 10
2: 10
3: 8
4: 9 10
5: 6 9
6: 5 7
7: 6 8
8: 3 7
9: 4 5 10
10: 1 2 4 9

1: 3 4 5
2: 3 4 5
3: 1 2 4 5
4: 1 2 3 5
5: 1 2 3 4

1: 2 3 4 5
2: 1 3 4 5
3: 1 2 4 5
4: 1 2 3 5
5: 1 2 3 4

1: 5 6 7
2: 5 6 7
3: 5 6 7
4: 5 6 7
5: 1 2 3 4 6 7
6: 1 2 3 4 5 7
7: 1 2 3 4 5 6

1: 5 6
2: 5 6
3: 5 6
4: 5 6
5: 1 2 3 4 6
6: 1 2 3 4 5

1: 10
2: 10
3: 10
4: 10
5: 10
6: 10
7: 8 9 10
8: 7 9 10
9: 7 8 10
10: 1 2 3 4 5 6 7 8 9

1: 4
2: 5
3: 6 7
4: 1 6
5: 2 7
6: 3 4 7
7: 3 5 6

1: 2 3
2: 1 9
3: 1 8
4: 5 6
5: 4 7
6: 4 8
7: 5 9
8: 3 6
9: 2 7

1: 8 9 10
2: 8 9 10
3: 8 9 10
4: 8 9 10
5: 8 9 10
6: 8 9 10
7: 8 9 10
8: 1 2 3 4 5 6 7 9 10
9: 1 2 3 4 5 6 7 8 10
10: 1 2 3 4 5 6 7 8 9

1: 2 3
2: 1 6
3: 1 7
4: 5 6
5: 4 7
6: 2 4
7: 3 5

1: 6
2: 4 6
3: 5 6
4: 2 5
5: 3 4
6: 1 2 3

1: 4 7
2: 5 7
3: 6 7
4: 1 5 6
5: 2 4 6
6: 3 4 5
7: 1 2 3

1: 10
2: 10
3: 10
4: 10
5: 6 7 8 9 10
6: 5 7 8 9 10
7: 5 6 8 9 10
8: 5 6 7 9 10
9: 5 6 7 8 10
10: 1 2 3 4 5 6 7 8 9

1: 2 3 4
2: 1 5 6
3: 1 7 8
4: 1 7 8
5: 2 7 8
6: 2 7 8
7: 3 4 5 6
8: 3 4 5 6

1: 4
2: 5
3: 6
4: 1 5 6
5: 2 4 6
6: 3 4 5

1: 6
2: 7
3: 4 5
4: 3 5 6 7
5: 3 4 6 7
6: 1 4 5 7
7: 2 4 5 6

1: 7 9
2: 8 9
3: 4 5 9
4: 3 6 9
5: 3 7 8
6: 4 7 8
7: 1 5 6 8
8: 2 5 6 7
9: 1 2 3 4

1: 7
2: 8
3: 9
4: 5 6
5: 4 6 7 8 9
6: 4 5 7 8 9
7: 1 5 6 8 9
8: 2 5 6 7 9
9: 3 5 6 7 8

1: 5 6 7 8
2: 5 6 7 8
3: 5 6 7 8
4: 5 6 7 8
5: 1 2 3 4 6 7 8
6: 1 2 3 4 5 7 8
7: 1 2 3 4 5 6 8
8: 1 2 3 4 5 6 7

1: 2
2: 1 8
3: 4 8
4: 3 8
5: 6 7
6: 5 7
7: 5 6 8
8: 2 3 4 7

1: 6 7
2: 6 7
3: 6 7
4: 6 7
5: 6 7
6: 1 2 3 4 5 7
7: 1 2 3 4 5 6

1: 2 5
2: 1 8
3: 4 6
4: 3 7
5: 1 6 7
6: 3 5 8
7: 4 5 8
8: 2 6 7

1: 5
2: 5 6
3: 4 6
4: 3 6
5: 1 2
6: 2 3 4

1: 9
2: 9
3: 9
4: 9
5: 6 7 8 9
6: 5 7 8 9
7: 5 6 8 9
8: 5 6 7 9
9: 1 2 3 4 5 6 7 8

1: 7
2: 7
3: 4 5 6 7
4: 3 5 6 7
5: 3 4 6 7
6: 3 4 5 7
7: 1 2 3 4 5 6

1: 6
2: 6
3: 4 5 6
4: 3 5 6
5: 3 4 6
6: 1 2 3 4 5

1: 2 3 4
2: 1 5 7
3: 1 6 8
4: 1 7 8
5: 2 6 8
6: 3 5 7
7: 2 4 6
8: 3 4 5

1: 3 6
2: 3 7
3: 1 2
4: 5 6 7
5: 4 6 7
6: 1 4 5
7: 2 4 5

1: 4
2: 3 4
3: 2 4
4: 1 2 3

1: 2 8
2: 1 8
3: 4 9
4: 3 9
5: 6 7 10
6: 5 7 10
7: 5 6 10
8: 1 2 10
9: 3 4 10
10: 5 6 7 8 9

1: 2 3 4
2: 1 5 6
3: 1 7 10
4: 1 8 9
5: 2 7 9
6: 2 8 10
7: 3 5 8
8: 4 6 7
9: 4 5 10
10: 3 6 9

1: 7 8
2: 7 8
3: 7 8
4: 7 8
5: 7 8
6: 7 8
7: 1 2 3 4 5 6 8
8: 1 2 3 4 5 6 7

1: 9
2: 9
3: 9
4: 5 6 7 8 9
5: 4 6 7 8 9
6: 4 5 7 8 9
7: 4 5 6 8 9
8: 4 5 6 7 9
9: 1 2 3 4 5 6 7 8

1: 6 7 8
2: 6 7 8
3: 6 7 8
4: 6 7 8
5: 6 7 8
6: 1 2 3 4 5 7 8
7: 1 2 3 4 5 6 8
8: 1 2 3 4 5 6 7

1: 4 5 6 7
2: 4 5 6 7
3: 4 5 6 7
4: 1 2 3 5 6
5: 1 2 3 4 7
6: 1 2 3 4 7
7: 1 2 3 5 6

1: 4 5 6 7
2: 4 5 6 7
3: 4 5 6 7
4: 1 2 3 5 6 7
5: 1 2 3 4 6 7
6: 1 2 3 4 5 7
7: 1 2 3 4 5 6

1: 2 6
2: 1 6
3: 4 5 7
4: 3 5 7
5: 3 4 7
6: 1 2 7
7: 3 4 5 6

1: 2 5 7
2: 1 5 7
3: 4 6 7
4: 3 6 7
5: 1 2 6
6: 3 4 5
7: 1 2 3 4

1: 2
2: 1 3 4
3: 2 5 6
4: 2 5 6
5: 3 4 6
6: 3 4 5

1: 2 3 4 5
2: 1 3 4 6
3: 1 2 5 7
4: 1 2 6 7
5: 1 3 6 7
6: 2 4 5 7
7: 3 4 5 6

1: 7
2: 3 4 5 6
3: 2 4 5 6 7
4: 2 3 5 6 7
5: 2 3 4 6 7
6: 2 3 4 5 7
7: 1 3 4 5 6

1: 6 7
2: 3 4 5 6 7
3: 2 4 5 6 7
4: 2 3 5 6 7
5: 2 3 4 6 7
6: 1 2 3 4 5 7
7: 1 2 3 4 5 6

1: 5 6 7
2: 3 4 5 6 7
3: 2 4 5 6 7
4: 2 3 5 6 7
5: 1 2 3 4 6 7
6: 1 2 3 4 5 7
7: 1 2 3 4 5 6

1: 4 5 6 7
2: 3 4 5 6 7
3: 2 4 5 6 7
4: 1 2 3 5 6 7
5: 1 2 3 4 6 7
6: 1 2 3 4 5 7
7: 1 2 3 4 5 6

1: 2 6 7
2: 1 3 4 5
3: 2 4 5 6 7
4: 2 3 5 6 7
5: 2 3 4 6 7
6: 1 3 4 5 7
7: 1 3 4 5 6

1: 2 3 5 6 7
2: 1 4 5 6 7
3: 1 4 5 6 7
4: 2 3 5 6 7
5: 1 2 3 4 6 7
6: 1 2 3 4 5 7
7: 1 2 3 4 5 6

1: 7
2: 6
3: 6 7
4: 5 7
5: 4 7
6: 2 3
7: 1 3 4 5

1: 2 3 4
2: 1 5 6
3: 1 5 6
4: 1 5 6
5: 2 3 4 6
6: 2 3 4 5

1: 4 5 6
2: 4 5 6
3: 4 5 6
4: 1 2 3 6
5: 1 2 3 6
6: 1 2 3 4 5

1: 2 6
2: 1 6
3: 4 5
4: 3 5 6
5: 3 4 6
6: 1 2 4 5

1: 7
2: 7
3: 7
4: 5 6
5: 4 6
6: 4 5 7
7: 1 2 3 6

1: 2
2: 1 6
3: 4 5 6
4: 3 5 6
5: 3 4 6
6: 2 3 4 5

1: 2 6
2: 1 6
3: 4 5 6
4: 3 5 6
5: 3 4 6
6: 1 2 3 4 5

1: 2 5 6
2: 1 5 6
3: 4 5 6
4: 3 5 6
5: 1 2 3 4
6: 1 2 3 4

1: 2 5 6
2: 1 5 6
3: 4 5 6
4: 3 5 6
5: 1 2 3 4 6
6: 1 2 3 4 5

1: 2 3 4
2: 1 3 5
3: 1 2 6
4: 1 5 6
5: 2 4 6
6: 3 4 5

1: 3 5 6
2: 4 5 6
3: 1 4 5 6
4: 2 3 5 6
5: 1 2 3 4 6
6: 1 2 3 4 5

1: 6
2: 3 4 5
3: 2 4 5 6
4: 2 3 5 6
5: 2 3 4 6
6: 1 3 4 5

1: 5 6
2: 3 4 5 6
3: 2 4 5 6
4: 2 3 5 6
5: 1 2 3 4 6
6: 1 2 3 4 5

1: 7
2: 7
3: 6 7
4: 5 6
5: 4 6
6: 3 4 5
7: 1 2 3

1: 4 5 6
2: 3 4 5 6
3: 2 4 5 6
4: 1 2 3 5 6
5: 1 2 3 4 6
6: 1 2 3 4 5

1: 2 3 4
2: 1 5 6
3: 1 4 5 6
4: 1 3 5 6
5: 2 3 4 6
6: 2 3 4 5

1: 2 3 5 6
2: 1 4 5 6
3: 1 4 5 6
4: 2 3 5 6
5: 1 2 3 4 6
6: 1 2 3 4 5

1: 7
2: 7
3: 7
4: 7
5: 6 7
6: 5 7
7: 1 2 3 4 5 6

1: 5
2: 5 7
3: 6 7
4: 6 7
5: 1 2
6: 3 4 7
7: 2 3 4 6

1: 2 5
2: 1 5
3: 4 5
4: 3 5
5: 1 2 3 4

1: 5
2: 3 4
3: 2 4 5
4: 2 3 5
5: 1 3 4

1: 7
2: 5 7
3: 6 7
4: 5 6 7
5: 2 4 6 7
6: 3 4 5 7
7: 1 2 3 4 5 6

1: 4 5
2: 3 4 5
3: 2 4 5
4: 1 2 3 5
5: 1 2 3 4

1: 5
2: 6
3: 5 6
4: 5 6
5: 1 3 4 6
6: 2 3 4 5

1: 6 7
2: 3 4 5
3: 2 6 7
4: 2 6 7
5: 2 6 7
6: 1 3 4 5 7
7: 1 3 4 5 6

1: 5 6 7
2: 5 6 7
3: 5 6 7
4: 5 6 7
5: 1 2 3 4
6: 1 2 3 4 7
7: 1 2 3 4 6

1: 2
2: 1 7
3: 5 7
4: 6 7
5: 3 6
6: 4 5
7: 2 3 4

1: 7
2: 5
3: 4 6
4: 3 6
5: 2 7
6: 3 4 7
7: 1 5 6

1: 5
2: 6 7
3: 4 7
4: 3 7
5: 1 6
6: 2 5
7: 2 3 4

1: 4
2: 6
3: 7
4: 1 5
5: 4 6 7
6: 2 5 7
7: 3 5 6

1: 2 6
2: 1 6
3: 4 7
4: 3 7
5: 6 7
6: 1 2 5
7: 3 4 5

1: 2 6
2: 1 6
3: 4 7
4: 3 7
5: 6 7
6: 1 2 5 7
7: 3 4 5 6

1: 6
2: 3
3: 2 6
4: 5 6
5: 4 6
6: 1 3 4 5

1: 7
2: 7
3: 6
4: 6 7
5: 6 7
6: 3 4 5 7
7: 1 2 4 5 6

1: 6
2: 4 6
3: 5 6
4: 2 5 6
5: 3 4 6
6: 1 2 3 4 5

1: 2
2: 1 7
3: 4 5 7
4: 3 6 7
5: 3 6 7
6: 4 5 7
7: 2 3 4 5 6

1: 2 6
2: 1 7
3: 4 5
4: 3 6 7
5: 3 6 7
6: 1 4 5 7
7: 2 4 5 6

1: 3
2: 3 4
3: 1 2 7
4: 2 5 6
5: 4 6 7
6: 4 5 7
7: 3 5 6

1: 2 7
2: 1 7
3: 5 6 7
4: 5 6 7
5: 3 4 6
6: 3 4 5
7: 1 2 3 4

1: 2 7
2: 1 7
3: 5 6 7
4: 5 6 7
5: 3 4 6 7
6: 3 4 5 7
7: 1 2 3 4 5 6

1: 5
2: 5
3: 4 6
4: 3 6
5: 1 2 6
6: 3 4 5

1: 2 3
2: 1 6 7
3: 1 6 7
4: 5 6 7
5: 4 6 7
6: 2 3 4 5
7: 2 3 4 5

1: 5 6
2: 5 6
3: 4 6
4: 3 6
5: 1 2
6: 1 2 3 4

1: 2
2: 1 6
3: 5 6
4: 5 6
5: 3 4 6
6: 2 3 4 5

1: 5
2: 5 6
3: 4 7
4: 3 7
5: 1 2 6
6: 2 5 7
7: 3 4 6

1: 3
2: 3 7
3: 1 2
4: 5 6 7
5: 4 6 7
6: 4 5 7
7: 2 4 5 6

1: 2 3
2: 1 4 5
3: 1 6 7
4: 2 6 7
5: 2 6 7
6: 3 4 5
7: 3 4 5

1: 2 5
2: 1 6
3: 5 6
4: 5 6
5: 1 3 4
6: 2 3 4

1: 5 6 7
2: 5 6 7
3: 4 5 6 7
4: 3 5 6 7
5: 1 2 3 4
6: 1 2 3 4 7
7: 1 2 3 4 6

1: 5 6 7
2: 5 6 7
3: 4 5 6 7
4: 3 5 6 7
5: 1 2 3 4
6: 1 2 3 4
7: 1 2 3 4

1: 2 3 4 7
2: 1 5 6 7
3: 1 5 6 7
4: 1 5 6 7
5: 2 3 4 7
6: 2 3 4 7
7: 1 2 3 4 5 6

1: 2 3 4 5
2: 1 3 4 5
3: 1 2 6 7
4: 1 2 6 7
5: 1 2 6 7
6: 3 4 5 7
7: 3 4 5 6

1: 7
2: 7
3: 5 7
4: 6 7
5: 3 6 7
6: 4 5 7
7: 1 2 3 4 5 6

1: 3 4
2: 5 6
3: 1 4 7
4: 1 3 7
5: 2 6 7
6: 2 5 7
7: 3 4 5 6

1: 2 3
2: 1 3 7
3: 1 2 7
4: 5 6 7
5: 4 6 7
6: 4 5 7
7: 2 3 4 5 6

1: 2 3 7
2: 1 3 7
3: 1 2 7
4: 5 6 7
5: 4 6 7
6: 4 5 7
7: 1 2 3 4 5 6

1: 5
2: 6
3: 4 5 6
4: 3 5 6
5: 1 3 4
6: 2 3 4

1: 2 5 7
2: 1 5 7
3: 4 6 7
4: 3 6 7
5: 1 2 6 7
6: 3 4 5 7
7: 1 2 3 4 5 6

1: 2
2: 1 7
3: 4 5 6
4: 3 5 6 7
5: 3 4 6 7
6: 3 4 5 7
7: 2 4 5 6

1: 2
2: 1 7
3: 4 5 6 7
4: 3 5 6 7
5: 3 4 6 7
6: 3 4 5 7
7: 2 3 4 5 6

1: 2 7
2: 1 7
3: 4 5 6 7
4: 3 5 6 7
5: 3 4 6 7
6: 3 4 5 7
7: 1 2 3 4 5 6

1: 2 6 7
2: 1 6 7
3: 4 5 6 7
4: 3 5 6 7
5: 3 4 6 7
6: 1 2 3 4 5 7
7: 1 2 3 4 5 6

1: 2 3 4 5
2: 1 3 6 7
3: 1 2 6 7
4: 1 5 6 7
5: 1 4 6 7
6: 2 3 4 5 7
7: 2 3 4 5 6

1: 2 5 6 7
2: 1 5 6 7
3: 4 5 6 7
4: 3 5 6 7
5: 1 2 3 4 6 7
6: 1 2 3 4 5 7
7: 1 2 3 4 5 6

1: 4
2: 3 5
3: 2 6
4: 1 5 6
5: 2 4 6
6: 3 4 5

1: 2 3 4
2: 1 34 38
3: 1 33 37
4: 1 35 36
5: 9 15 19
6: 10 16 20
7: 10 11 18
8: 9 12 17
9: 5 8 14
10: 6 7 13
11: 7 13 22
12: 8 14 21
13: 10 11 25
14: 9 12 26
15: 5 17 31
16: 6 18 32
17: 8 15 24
18: 7 16 23
19: 5 26 30
20: 6 25 29
21: 12 24 28
22: 11 23 27
23: 18 22 36
24: 17 21 35
25: 13 20 34
26: 14 19 33
27: 22 28 38
28: 21 27 37
29: 20 32 34
30: 19 31 33
31: 15 30 35
32: 16 29 36
33: 3 26 30
34: 2 25 29
35: 4 24 31
36: 4 23 32
37: 3 28 38
38: 2 27 37

1: 5 6 7
2: 5 6 8
3: 5 7 8
4: 6 7 8
5: 1 2 3 8
6: 1 2 4 7
7: 1 3 4 6
8: 2 3 4 5

1: 2 3 4
2: 1 24 26
3: 1 22 25
4: 1 21 23
5: 9 13 15
6: 7 9 14
7: 6 10 15
8: 11 12 16
9: 5 6 19
10: 7 11 19
11: 8 10 18
12: 8 20 23
13: 5 14 26
14: 6 13 22
15: 5 7 22
16: 8 17 21
17: 16 18 23
18: 11 17 24
19: 9 10 24
20: 12 21 25
21: 4 16 20
22: 3 14 15
23: 4 12 17
24: 2 18 19
25: 3 20 26
26: 2 13 25

1: 5
2: 5
3: 4 5
4: 3 5
5: 1 2 3 4

1: 2 3 4
2: 1 10 11
3: 1 12 14
4: 1 9 13
5: 11 13 14
6: 9 11 12
7: 8 10 14
8: 7 12 13
9: 4 6 10
10: 2 7 9
11: 2 5 6
12: 3 6 8
13: 4 5 8
14: 3 5 7

1: 2 3 4
2: 1 9 14
3: 1 11 12
4: 1 10 13
5: 7 8 14
6: 7 8 14
7: 5 6 12
8: 5 6 13
9: 2 10 11
10: 4 9 12
11: 3 9 13
12: 3 7 10
13: 4 8 11
14: 2 5 6

1: 2 3 4
2: 1 12 14
3: 1 13 14
4: 1 10 11
5: 6 7 10
6: 5 8 11
7: 5 9 11
8: 6 12 13
9: 7 12 13
10: 4 5 14
11: 4 6 7
12: 2 8 9
13: 3 8 9
14: 2 3 10

1: 2 3 4
2: 1 9 10
3: 1 12 14
4: 1 11 13
5: 7 9 13
6: 8 10 14
7: 5 11 14
8: 6 12 13
9: 2 5 12
10: 2 6 11
11: 4 7 10
12: 3 8 9
13: 4 5 8
14: 3 6 7

1: 2 3 4
2: 1 13 15
3: 1 14 17
4: 1 16 18
5: 6 7 15
6: 5 12 16
7: 5 11 14
8: 9 10 13
9: 8 14 16
10: 8 15 17
11: 7 13 18
12: 6 17 18
13: 2 8 11
14: 3 7 9
15: 2 5 10
16: 4 6 9
17: 3 10 12
18: 4 11 12

1: 2 3 4 5
2: 1 3 7 11
3: 1 2 9 12
4: 1 5 8 12
5: 1 4 10 11
6: 7 8 9 10
7: 2 6 9 11
8: 4 6 10 12
9: 3 6 7 12
10: 5 6 8 11
11: 2 5 7 10
12: 3 4 8 9

1: 5
2: 4 5
3: 4 5
4: 2 3 5
5: 1 2 3 4

1: 5 8 10
2: 6 9 10
3: 5 7 9
4: 6 7 8
5: 1 3 8 10
6: 2 4 9 10
7: 3 4 8 9
8: 1 4 5 7 10
9: 2 3 6 7 10
10: 1 2 5 6 8 9

1: 4 5 6 7
2: 4 5 8 9
3: 6 7 8 9
4: 1 2 5 6 8
5: 1 2 4 7 9
6: 1 3 4 7 8
7: 1 3 5 6 9
8: 2 3 4 6 9
9: 2 3 5 7 8

1: 2 3 4
2: 1 10 12
3: 1 4 12
4: 1 3 11
5: 6 7 12
6: 5 7 10
7: 5 6 8
8: 7 9 11
9: 8 10 11
10: 2 6 9
11: 4 8 9
12: 2 3 5

1: 3 5
2: 4 5
3: 1 4 5
4: 2 3 5
5: 1 2 3 4

1: 7 9 10
2: 8 9 11
3: 8 10 11
4: 7 9 11
5: 7 10 11
6: 8 9 10
7: 1 4 5 9 10 11
8: 2 3 6 9 10 11
9: 1 2 4 6 7 8 10 11
10: 1 3 5 6 7 8 9 11
11: 2 3 4 5 7 8 9 10

1: 7 8 10
2: 7 9 10
3: 8 9 10
4: 5 6 7
5: 4 6 8
6: 4 5 9
7: 1 2 4 10
8: 1 3 5 10
9: 2 3 6 10
10: 1 2 3 7 8 9

1: 6 7 11
2: 8 10 11
3: 9 10 11
4: 7 8 11
5: 6 9 11
6: 1 5 8 10
7: 1 4 9 10
8: 2 4 6 9
9: 3 5 7 8
10: 2 3 6 7
11: 1 2 3 4 5

1: 2 3 4 5
2: 1 3 47 52
3: 1 2 46 52
4: 1 5 50 51
5: 1 4 48 49
6: 7 10 43 51
7: 6 10 11 50
8: 11 12 13 50
9: 19 27 42 50
10: 6 7 11 43
11: 7 8 10 12
12: 8 11 13 14
13: 8 12 14 42
14: 12 13 41 42
15: 36 38 39 48
16: 34 35 37 48
17: 18 19 20 41
18: 17 20 21 41
19: 9 17 20 27
20: 17 18 19 21
21: 18 20 22 23
22: 21 23 26 31
23: 21 22 25 26
24: 25 28 29 30
25: 23 24 26 30
26: 22 23 25 31
27: 9 19 31 34
28: 24 29 30 35
29: 24 28 32 35
30: 24 25 28 34
31: 22 26 27 34
32: 29 33 35 37
33: 32 36 37 38
34: 16 27 30 31
35: 16 28 29 32
36: 15 33 38 39
37: 16 32 33 38
38: 15 33 36 37
39: 15 36 40 45
40: 39 44 45 49
41: 14 17 18 42
42: 9 13 14 41
43: 6 10 46 51
44: 40 45 47 49
45: 39 40 44 47
46: 3 43 51 52
47: 2 44 45 52
48: 5 15 16 49
49: 5 40 44 48
50: 4 7 8 9
51: 4 6 43 46
52: 2 3 46 47

1: 2 4
2: 1 5
3: 4 5
4: 1 3 5
5: 2 3 4

1: 2
2: 1 5
3: 6 8 10
4: 7 9 10
5: 2 8 9
6: 3 7 8 10
7: 4 6 9 10
8: 3 5 6 9 10
9: 4 5 7 8 10
10: 3 4 6 7 8 9

1: 6
2: 6
3: 5 6
4: 5 6
5: 3 4 6
6: 1 2 3 4 5

1: 3 7 11
2: 4 8 12
3: 1 10 12
4: 2 9 11
5: 8 11 12
6: 7 11 12
7: 1 6 8 9
8: 2 5 7 10
9: 4 7 10 12
10: 3 8 9 11
11: 1 4 5 6 10
12: 2 3 5 6 9

1: 5 6
2: 8 12
3: 10 11
4: 7 9
5: 1 8 11 12
6: 1 9 10 12
7: 4 10 11 12
8: 2 5 9 10
9: 4 6 8 11
10: 3 6 7 8
11: 3 5 7 9
12: 2 5 6 7

1: 2 3 4
2: 1 11 12
3: 1 13 14
4: 1 15 16
5: 6 11 12
6: 5 11 12
7: 8 13 14
8: 7 13 14
9: 10 15 16
10: 9 15 16
11: 2 5 6 12
12: 2 5 6 11
13: 3 7 8 14
14: 3 7 8 13
15: 4 9 10 16
16: 4 9 10 15

1: 7
2: 4 6 7
3: 5 6 7
4: 2 5 6 7
5: 3 4 6 7
6: 2 3 4 5
7: 1 2 3 4 5

1: 2
2: 1 7
3: 5 7
4: 6 7
5: 3 6 7
6: 4 5 7
7: 2 3 4 5 6

1: 2 3 4 11
2: 1 5 6 11
3: 1 7 10 11
4: 1 8 9 11
5: 2 7 9 11
6: 2 8 10 11
7: 3 5 8 11
8: 4 6 7 11
9: 4 5 10 11
10: 3 6 9 11
11: 1 2 3 4 5 6 7 8 9 10

1: 6 7
2: 4 6
3: 5 7
4: 2 5 6 7
5: 3 4 6 7
6: 1 2 4 5 7
7: 1 3 4 5 6

1: 2 5 7 8
2: 1 6 7 8
3: 4 6 7 8
4: 3 5 7 8
5: 1 4 6 8
6: 2 3 5 8
7: 1 2 3 4
8: 1 2 3 4 5 6

1: 3 5 7 8
2: 4 5 7 8
3: 1 6 7 8
4: 2 6 7 8
5: 1 2 6 8
6: 3 4 5 7 8
7: 1 2 3 4 6
8: 1 2 3 4 5 6

1: 2 3 5
2: 1 3 6
3: 1 2 7
4: 5 6 7
5: 1 4 6 7
6: 2 4 5 7
7: 3 4 5 6

1: 5 6 7
2: 4 5 7
3: 4 6 7
4: 2 3 7
5: 1 2 6
6: 1 3 5 7
7: 1 2 3 4 6

1: 2 3 4
2: 1 5 6
3: 1 5 7
4: 1 6 7
5: 2 3 6 7
6: 2 4 5 7
7: 3 4 5 6

1: 4 7
2: 6 9
3: 5 8
4: 1 7 9
5: 3 7 8
6: 2 8 9
7: 1 4 5 8 9
8: 3 5 6 7 9
9: 2 4 6 7 8

1: 9 10 11
2: 9 10 12
3: 9 11 13
4: 10 11 14
5: 9 12 13
6: 10 12 14
7: 11 13 14
8: 12 13 14
9: 1 2 3 5 10 11 12 13
10: 1 2 4 6 9 11 12 14
11: 1 3 4 7 9 10 13 14
12: 2 5 6 8 9 10 13 14
13: 3 5 7 8 9 11 12 14
14: 4 6 7 8 10 11 12 13

1: 2 3 7 8
2: 1 4 6 7
3: 1 5 6 8
4: 2 6 7 9
5: 3 6 8 9
6: 2 3 4 5 9
7: 1 2 4 8 9
8: 1 3 5 7 9
9: 4 5 6 7 8

1: 9 10 16
2: 8 11 16
3: 6 14 16
4: 7 15 16
5: 12 13 16
6: 3 7 13
7: 4 6 12
8: 2 9 14
9: 1 8 15
10: 1 13 14
11: 2 12 15
12: 5 7 11 14
13: 5 6 10 15
14: 3 8 10 12
15: 4 9 11 13
16: 1 2 3 4 5

1: 2 6
2: 1 7
3: 4 7
4: 3 6
5: 6 7
6: 1 4 5
7: 2 3 5

1: 6 11 20
2: 7 8 20
3: 9 12 20
4: 10 13 20
5: 14 15 20
6: 1 7 16
7: 2 6 18
8: 2 11 16
9: 3 13 17
10: 4 12 17
11: 1 8 18
12: 3 10 19
13: 4 9 19
14: 5 16 19
15: 5 17 18
16: 6 8 14 17
17: 9 10 15 16
18: 7 11 15 19
19: 12 13 14 18
20: 1 2 3 4 5

1: 9 17 31
2: 10 18 32
3: 11 19 32
4: 12 20 32
5: 13 21 32
6: 14 22 31
7: 15 23 31
8: 16 24 31
9: 1 22 27
10: 2 19 30
11: 3 18 30
12: 4 21 29
13: 5 20 29
14: 6 17 27
15: 7 24 28
16: 8 23 28
17: 1 14 25
18: 2 11 26
19: 3 10 26
20: 4 13 25
21: 5 12 25
22: 6 9 25
23: 7 16 26
24: 8 15 26
25: 17 20 21 22
26: 18 19 23 24
27: 9 14 28 29
28: 15 16 27 30
29: 12 13 27 30
30: 10 11 28 29
31: 1 6 7 8 32
32: 2 3 4 5 31

1: 2 9 12
2: 1 13 14
3: 6 10 11
4: 7 15 16
5: 8 17 18
6: 3 19 20
7: 4 23 24
8: 5 21 22
9: 1 10 25
10: 3 9 30
11: 3 12 25
12: 1 11 30
13: 2 19 28
14: 2 20 29
15: 4 17 26
16: 4 18 27
17: 5 15 27
18: 5 16 26
19: 6 13 29
20: 6 14 28
21: 8 23 31
22: 8 24 32
23: 7 21 32
24: 7 22 31
25: 9 11 33
26: 15 18 34
27: 16 17 34
28: 13 20 34
29: 14 19 34
30: 10 12 33
31: 21 24 33
32: 22 23 33
33: 25 30 31 32
34: 26 27 28 29

1: 31 33 41
2: 32 34 41
3: 35 37 41
4: 36 38 41
5: 27 29 41
6: 28 30 41
7: 11 12 39
8: 15 17 40
9: 16 18 40
10: 13 14 39
11: 7 14 21
12: 7 13 22
13: 10 12 21
14: 10 11 22
15: 8 16 19
16: 9 15 20
17: 8 18 20
18: 9 17 19
19: 15 18 24
20: 16 17 23
21: 11 13 25
22: 12 14 26
23: 20 33 34
24: 19 31 32
25: 21 37 38
26: 22 35 36
27: 5 30 40
28: 6 29 40
29: 5 28 39
30: 6 27 39
31: 1 24 34
32: 2 24 33
33: 1 23 32
34: 2 23 31
35: 3 26 38
36: 4 26 37
37: 3 25 36
38: 4 25 35
39: 7 10 29 30
40: 8 9 27 28
41: 1 2 3 4 5 6

1: 13 25 52
2: 14 26 52
3: 23 35 55
4: 24 36 55
5: 15 29 56
6: 16 30 56
7: 17 31 57
8: 18 32 57
9: 19 27 54
10: 20 28 54
11: 21 33 53
12: 22 34 53
13: 1 26 46
14: 2 25 46
15: 5 30 48
16: 6 29 48
17: 7 32 51
18: 8 31 51
19: 9 28 47
20: 10 27 47
21: 11 34 50
22: 12 33 50
23: 3 36 49
24: 4 35 49
25: 1 14 43
26: 2 13 43
27: 9 20 43
28: 10 19 43
29: 5 16 44
30: 6 15 44
31: 7 18 45
32: 8 17 45
33: 11 22 45
34: 12 21 45
35: 3 24 44
36: 4 23 44
37: 38 46 59
38: 37 47 58
39: 40 48 58
40: 39 49 60
41: 42 51 60
42: 41 50 59
43: 25 26 27 28
44: 29 30 35 36
45: 31 32 33 34
46: 13 14 37 47
47: 19 20 38 46
48: 15 16 39 49
49: 23 24 40 48
50: 21 22 42 51
51: 17 18 41 50
52: 1 2 53 54
53: 11 12 52 57
54: 9 10 52 56
55: 3 4 56 57
56: 5 6 54 55
57: 7 8 53 55
58: 38 39 59 60
59: 37 42 58 60
60: 40 41 58 59

1: 2 3 4
2: 1 9 10
3: 1 4 12
4: 1 3 11
5: 6 9 11
6: 5 10 12
7: 8 9 12
8: 7 10 11
9: 2 5 7
10: 2 6 8
11: 4 5 8
12: 3 6 7

1: 5 6 7
2: 5 6 8
3: 5 7 8
4: 6 7 8
5: 1 2 3 6 7 8
6: 1 2 4 5 7 8
7: 1 3 4 5 6 8
8: 2 3 4 5 6 7

1: 2 3
2: 1 3
3: 1 2

1: 2 3 4
2: 1 21 22
3: 1 4 24
4: 1 3 23
5: 6 7 10
6: 5 7 8
7: 5 6 9
8: 6 11 23
9: 7 12 24
10: 5 13 14
11: 8 16 23
12: 9 15 24
13: 10 14 18
14: 10 13 17
15: 12 18 20
16: 11 17 19
17: 14 16 19
18: 13 15 20
19: 16 17 22
20: 15 18 21
21: 2 20 22
22: 2 19 21
23: 4 8 11
24: 3 9 12

1: 2 3 4
2: 1 15 16
3: 1 4 18
4: 1 3 17
5: 6 12 17
6: 5 9 17
7: 8 9 10
8: 7 9 11
9: 6 7 8
10: 7 13 18
11: 8 12 14
12: 5 11 14
13: 10 16 18
14: 11 12 15
15: 2 14 16
16: 2 13 15
17: 4 5 6
18: 3 10 13

1: 2 3 4
2: 1 9 10
3: 1 4 12
4: 1 3 11
5: 6 7 11
6: 5 8 12
7: 5 9 11
8: 6 10 12
9: 2 7 10
10: 2 8 9
11: 4 5 7
12: 3 6 8

1: 2 3 4
2: 1 45 46
3: 1 44 46
4: 1 42 43
5: 6 7 46
6: 5 41 45
7: 5 40 44
8: 9 12 21
9: 8 22 36
10: 11 17 20
11: 10 16 18
12: 8 13 19
13: 12 22 25
14: 20 23 30
15: 19 25 31
16: 11 21 24
17: 10 23 24
18: 11 26 37
19: 12 15 29
20: 10 14 26
21: 8 16 29
22: 9 13 28
23: 14 17 27
24: 16 17 27
25: 13 15 28
26: 18 20 32
27: 23 24 35
28: 22 25 34
29: 19 21 33
30: 14 32 35
31: 15 33 34
32: 26 30 42
33: 29 31 43
34: 28 31 43
35: 27 30 42
36: 9 39 44
37: 18 38 39
38: 37 41 45
39: 36 37 40
40: 7 39 41
41: 6 38 40
42: 4 32 35
43: 4 33 34
44: 3 7 36
45: 2 6 38
46: 2 3 5

1: 2 5 6
2: 1 7 8
3: 4 11 12
4: 3 9 10
5: 1 10 11 12
6: 1 8 9 12
7: 2 9 10 12
8: 2 6 10 11
9: 4 6 7 11
10: 4 5 7 8
11: 3 5 8 9
12: 3 5 6 7

1: 2 3 4
2: 1 33 35
3: 1 34 36
4: 1 31 32
5: 9 12 30
6: 10 11 29
7: 8 13 14
8: 7 15 16
9: 5 13 17
10: 6 15 18
11: 6 16 19
12: 5 14 20
13: 7 9 20
14: 7 12 17
15: 8 10 19
16: 8 11 18
17: 9 14 21
18: 10 16 22
19: 11 15 22
20: 12 13 21
21: 17 20 24
22: 18 19 23
23: 22 27 28
24: 21 25 26
25: 24 27 31
26: 24 28 32
27: 23 25 32
28: 23 26 31
29: 6 35 36
30: 5 33 34
31: 4 25 28
32: 4 26 27
33: 2 30 36
34: 3 30 35
35: 2 29 34
36: 3 29 33

1: 2 3 4
2: 1 16 18
3: 1 15 17
4: 1 13 14
5: 6 10 12
6: 5 8 9
7: 8 10 13
8: 6 7 14
9: 6 11 13
10: 5 7 17
11: 9 14 18
12: 5 15 16
13: 4 7 9
14: 4 8 11
15: 3 12 18
16: 2 12 17
17: 3 10 16
18: 2 11 15

1: 8 10
2: 4 9
3: 7 9 10
4: 2 7 10
5: 6 8 10
6: 5 9 10
7: 3 4 9
8: 1 5 9 10
9: 2 3 6 7 8 10
10: 1 3 4 5 6 8 9

1: 2 3 4
2: 1 87 88
3: 1 85 88
4: 1 84 86
5: 6 7 88
6: 5 83 87
7: 5 81 82
8: 83 84 86
9: 10 11 83
10: 9 80 86
11: 9 79 82
12: 28 29 80
13: 28 45 80
14: 16 19 81
15: 19 78 81
16: 14 17 82
17: 16 18 79
18: 17 19 20
19: 14 15 18
20: 18 77 78
21: 22 23 76
22: 21 72 75
23: 21 73 74
24: 25 34 85
25: 24 26 27
26: 25 33 38
27: 25 32 34
28: 12 13 31
29: 12 30 37
30: 29 31 36
31: 28 30 39
32: 27 33 40
33: 26 32 35
34: 24 27 43
35: 33 38 44
36: 30 37 42
37: 29 36 41
38: 26 35 41
39: 31 42 45
40: 32 43 44
41: 37 38 47
42: 36 39 47
43: 34 40 46
44: 35 40 50
45: 13 39 51
46: 43 65 85
47: 41 42 64
48: 53 57 63
49: 52 56 60
50: 44 52 61
51: 45 53 62
52: 49 50 65
53: 48 51 64
54: 59 63 71
55: 58 60 70
56: 49 58 61
57: 48 59 62
58: 55 56 67
59: 54 57 69
60: 49 55 66
61: 50 56 67
62: 51 57 69
63: 48 54 68
64: 47 53 68
65: 46 52 66
66: 60 65 72
67: 58 61 75
68: 63 64 74
69: 59 62 73
70: 55 72 75
71: 54 73 74
72: 22 66 70
73: 23 69 71
74: 23 68 71
75: 22 67 70
76: 21 77 78
77: 20 76 79
78: 15 20 76
79: 11 17 77
80: 10 12 13
81: 7 14 15
82: 7 11 16
83: 6 8 9
84: 4 8 87
85: 3 24 46
86: 4 8 10
87: 2 6 84
88: 2 3 5

1: 2 3 4
2: 1 21 26
3: 1 22 24
4: 1 23 25
5: 6 7 20
6: 5 15 19
7: 5 14 18
8: 9 10 13
9: 8 16 17
10: 8 11 12
11: 10 15 17
12: 10 14 16
13: 8 14 15
14: 7 12 13
15: 6 11 13
16: 9 12 22
17: 9 11 23
18: 7 21 25
19: 6 21 24
20: 5 22 23
21: 2 18 19
22: 3 16 20
23: 4 17 20
24: 3 19 26
25: 4 18 26
26: 2 24 25

1: 2 3 4
2: 1 30 33
3: 1 29 34
4: 1 31 32
5: 13 15 19
6: 14 16 20
7: 12 15 17
8: 11 16 18
9: 10 27 28
10: 9 17 18
11: 8 14 21
12: 7 13 22
13: 5 12 24
14: 6 11 23
15: 5 7 25
16: 6 8 26
17: 7 10 24
18: 8 10 23
19: 5 22 26
20: 6 21 25
21: 11 20 32
22: 12 19 31
23: 14 18 32
24: 13 17 31
25: 15 20 30
26: 16 19 29
27: 9 30 34
28: 9 29 33
29: 3 26 28
30: 2 25 27
31: 4 22 24
32: 4 21 23
33: 2 28 34
34: 3 27 33

1: 2 3 4
2: 1 32 34
3: 1 31 33
4: 1 29 30
5: 8 9 22
6: 9 20 27
7: 8 21 27
8: 5 7 20
9: 5 6 21
10: 12 14 23
11: 13 15 24
12: 10 15 17
13: 11 14 17
14: 10 13 16
15: 11 12 16
16: 14 15 19
17: 12 13 18
18: 17 20 26
19: 16 21 26
20: 6 8 18
21: 7 9 19
22: 5 28 29
23: 10 25 34
24: 11 25 33
25: 23 24 30
26: 18 19 30
27: 6 7 29
28: 22 31 32
29: 4 22 27
30: 4 25 26
31: 3 28 34
32: 2 28 33
33: 3 24 32
34: 2 23 31

1: 2 3 4
2: 1 29 30
3: 1 32 34
4: 1 31 33
5: 6 7 12
6: 5 11 20
7: 5 10 19
8: 13 14 20
9: 15 16 19
10: 7 11 18
11: 6 10 17
12: 5 17 18
13: 8 21 25
14: 8 22 28
15: 9 24 27
16: 9 23 26
17: 11 12 34
18: 10 12 33
19: 7 9 34
20: 6 8 33
21: 13 28 29
22: 14 25 30
23: 16 27 30
24: 15 26 29
25: 13 22 31
26: 16 24 32
27: 15 23 32
28: 14 21 31
29: 2 21 24
30: 2 22 23
31: 4 25 28
32: 3 26 27
33: 4 18 20
34: 3 17 19

1: 2 3 4
2: 1 32 33
3: 1 29 34
4: 1 30 31
5: 6 7 10
6: 5 8 12
7: 5 9 11
8: 6 11 15
9: 7 12 16
10: 5 13 17
11: 7 8 14
12: 6 9 14
13: 10 18 22
14: 11 12 22
15: 8 19 21
16: 9 19 20
17: 10 23 24
18: 13 25 26
19: 15 16 32
20: 16 28 31
21: 15 27 30
22: 13 14 32
23: 17 26 34
24: 17 25 33
25: 18 24 34
26: 18 23 33
27: 21 29 31
28: 20 29 30
29: 3 27 28
30: 4 21 28
31: 4 20 27
32: 2 19 22
33: 2 24 26
34: 3 23 25

1: 2 3 4
2: 1 31 32
3: 1 30 34
4: 1 29 33
5: 6 7 28
6: 5 21 23
7: 5 20 22
8: 15 16 24
9: 10 17 27
10: 9 13 15
11: 14 16 18
12: 13 14 26
13: 10 12 16
14: 11 12 15
15: 8 10 14
16: 8 11 13
17: 9 18 23
18: 11 17 22
19: 20 21 25
20: 7 19 23
21: 6 19 22
22: 7 18 21
23: 6 17 20
24: 8 26 32
25: 19 27 29
26: 12 24 30
27: 9 25 30
28: 5 29 31
29: 4 25 28
30: 3 26 27
31: 2 28 34
32: 2 24 33
33: 4 32 34
34: 3 31 33

1: 2 3 4
2: 1 32 34
3: 1 30 31
4: 1 29 33
5: 6 14 18
6: 5 7 8
7: 6 11 13
8: 6 10 12
9: 10 11 14
10: 8 9 13
11: 7 9 12
12: 8 11 16
13: 7 10 17
14: 5 9 23
15: 16 17 20
16: 12 15 21
17: 13 15 19
18: 5 19 22
19: 17 18 33
20: 15 28 31
21: 16 27 30
22: 18 25 34
23: 14 24 32
24: 23 26 34
25: 22 26 32
26: 24 25 33
27: 21 29 31
28: 20 29 30
29: 4 27 28
30: 3 21 28
31: 3 20 27
32: 2 23 25
33: 4 19 26
34: 2 22 24

1: 2 3 4
2: 1 30 33
3: 1 29 34
4: 1 31 32
5: 6 7 22
6: 5 12 15
7: 5 13 14
8: 12 16 18
9: 15 17 20
10: 13 16 21
11: 14 17 19
12: 6 8 21
13: 7 10 18
14: 7 11 20
15: 6 9 19
16: 8 10 27
17: 9 11 28
18: 8 13 23
19: 11 15 24
20: 9 14 24
21: 10 12 23
22: 5 25 26
23: 18 21 30
24: 19 20 29
25: 22 28 32
26: 22 27 31
27: 16 26 30
28: 17 25 29
29: 3 24 28
30: 2 23 27
31: 4 26 34
32: 4 25 33
33: 2 32 34
34: 3 31 33

1: 2 3 4
2: 1 34 36
3: 1 33 35
4: 1 31 32
5: 21 23 29
6: 20 22 29
7: 8 9 16
8: 7 12 13
9: 7 11 14
10: 17 18 28
11: 9 13 15
12: 8 14 15
13: 8 11 17
14: 9 12 18
15: 11 12 25
16: 7 25 26
17: 10 13 23
18: 10 14 22
19: 20 21 27
20: 6 19 23
21: 5 19 22
22: 6 18 21
23: 5 17 20
24: 27 30 31
25: 15 16 36
26: 16 28 35
27: 19 24 32
28: 10 26 32
29: 5 6 31
30: 24 33 34
31: 4 24 29
32: 4 27 28
33: 3 30 36
34: 2 30 35
35: 3 26 34
36: 2 25 33

1: 2 3 4
2: 1 32 35
3: 1 33 34
4: 1 31 36
5: 6 7 24
6: 5 17 19
7: 5 16 18
8: 14 15 22
9: 11 13 15
10: 13 14 20
11: 9 12 20
12: 11 14 21
13: 9 10 21
14: 8 10 12
15: 8 9 18
16: 7 19 23
17: 6 18 23
18: 7 15 17
19: 6 16 22
20: 10 11 30
21: 12 13 28
22: 8 19 29
23: 16 17 27
24: 5 25 26
25: 24 27 34
26: 24 29 31
27: 23 25 31
28: 21 30 32
29: 22 26 32
30: 20 28 33
31: 4 26 27
32: 2 28 29
33: 3 30 36
34: 3 25 35
35: 2 34 36
36: 4 33 35

1: 2 3 4
2: 1 34 36
3: 1 33 35
4: 1 31 32
5: 21 23 29
6: 20 22 29
7: 10 17 28
8: 10 14 16
9: 11 13 16
10: 7 8 13
11: 9 14 18
12: 13 14 15
13: 9 10 12
14: 8 11 12
15: 12 26 28
16: 8 9 25
17: 7 18 23
18: 11 17 22
19: 20 21 27
20: 6 19 23
21: 5 19 22
22: 6 18 21
23: 5 17 20
24: 27 30 31
25: 16 26 36
26: 15 25 35
27: 19 24 32
28: 7 15 32
29: 5 6 31
30: 24 33 34
31: 4 24 29
32: 4 27 28
33: 3 30 36
34: 2 30 35
35: 3 26 34
36: 2 25 33

1: 2 3 4
2: 1 33 34
3: 1 32 36
4: 1 31 35
5: 6 7 30
6: 5 25 29
7: 5 24 26
8: 9 10 29
9: 8 21 23
10: 8 20 22
11: 15 18 28
12: 16 17 28
13: 16 18 27
14: 17 19 24
15: 11 16 19
16: 12 13 15
17: 12 14 18
18: 11 13 17
19: 14 15 22
20: 10 23 25
21: 9 22 25
22: 10 19 21
23: 9 20 24
24: 7 14 23
25: 6 20 21
26: 7 27 34
27: 13 26 32
28: 11 12 32
29: 6 8 31
30: 5 31 33
31: 4 29 30
32: 3 27 28
33: 2 30 36
34: 2 26 35
35: 4 34 36
36: 3 33 35

1: 2 3 4
2: 1 32 34
3: 1 35 36
4: 1 31 33
5: 6 7 30
6: 5 26 29
7: 5 27 28
8: 14 15 29
9: 11 13 16
10: 11 12 17
11: 9 10 28
12: 10 16 20
13: 9 17 20
14: 8 19 23
15: 8 18 22
16: 9 12 24
17: 10 13 25
18: 15 21 23
19: 14 21 22
20: 12 13 34
21: 18 19 33
22: 15 19 36
23: 14 18 35
24: 16 25 36
25: 17 24 35
26: 6 27 32
27: 7 26 31
28: 7 11 34
29: 6 8 33
30: 5 31 32
31: 4 27 30
32: 2 26 30
33: 4 21 29
34: 2 20 28
35: 3 23 25
36: 3 22 24

1: 2 3 4
2: 1 33 34
3: 1 32 36
4: 1 31 35
5: 6 27 30
6: 5 7 8
7: 6 23 25
8: 6 22 24
9: 10 11 26
10: 9 14 15
11: 9 13 16
12: 13 14 28
13: 11 12 15
14: 10 12 16
15: 10 13 18
16: 11 14 19
17: 18 19 27
18: 15 17 21
19: 16 17 20
20: 19 21 25
21: 18 20 24
22: 8 25 29
23: 7 24 29
24: 8 21 23
25: 7 20 22
26: 9 28 34
27: 5 17 32
28: 12 26 32
29: 22 23 31
30: 5 31 33
31: 4 29 30
32: 3 27 28
33: 2 30 36
34: 2 26 35
35: 4 34 36
36: 3 33 35

1: 2 3 4
2: 1 32 35
3: 1 31 36
4: 1 33 34
5: 6 7 24
6: 5 15 17
7: 5 14 16
8: 12 20 22
9: 13 21 23
10: 15 18 20
11: 14 19 21
12: 8 17 18
13: 9 16 19
14: 7 11 23
15: 6 10 22
16: 7 13 17
17: 6 12 16
18: 10 12 26
19: 11 13 25
20: 8 10 30
21: 9 11 29
22: 8 15 26
23: 9 14 25
24: 5 27 28
25: 19 23 32
26: 18 22 31
27: 24 30 34
28: 24 29 33
29: 21 28 32
30: 20 27 31
31: 3 26 30
32: 2 25 29
33: 4 28 36
34: 4 27 35
35: 2 34 36
36: 3 33 35

1: 2 3 4
2: 1 31 32
3: 1 34 36
4: 1 33 35
5: 6 7 27
6: 5 15 19
7: 5 16 17
8: 12 13 15
9: 11 14 15
10: 11 12 18
11: 9 10 13
12: 8 10 14
13: 8 11 16
14: 9 12 17
15: 6 8 9
16: 7 13 29
17: 7 14 28
18: 10 19 24
19: 6 18 23
20: 21 22 27
21: 20 24 26
22: 20 23 25
23: 19 22 26
24: 18 21 25
25: 22 24 32
26: 21 23 32
27: 5 20 31
28: 17 29 36
29: 16 28 35
30: 31 33 34
31: 2 27 30
32: 2 25 26
33: 4 30 36
34: 3 30 35
35: 4 29 34
36: 3 28 33

1: 2 3 4
2: 1 31 32
3: 1 34 36
4: 1 33 35
5: 6 7 30
6: 5 23 29
7: 5 27 28
8: 20 22 23
9: 19 21 23
10: 11 13 17
11: 10 14 15
12: 13 15 16
13: 10 12 26
14: 11 16 26
15: 11 12 25
16: 12 14 22
17: 10 21 25
18: 19 20 24
19: 9 18 22
20: 8 18 21
21: 9 17 20
22: 8 16 19
23: 6 8 9
24: 18 28 32
25: 15 17 36
26: 13 14 35
27: 7 29 32
28: 7 24 31
29: 6 27 31
30: 5 33 34
31: 2 28 29
32: 2 24 27
33: 4 30 36
34: 3 30 35
35: 4 26 34
36: 3 25 33

1: 2 3 4
2: 1 34 36
3: 1 33 35
4: 1 31 32
5: 21 23 29
6: 20 22 29
7: 14 17 18
8: 12 13 18
9: 10 12 15
10: 9 13 14
11: 12 14 16
12: 8 9 11
13: 8 10 16
14: 7 10 11
15: 9 25 28
16: 11 13 26
17: 7 23 28
18: 7 8 22
19: 20 21 27
20: 6 19 23
21: 5 19 22
22: 6 18 21
23: 5 17 20
24: 27 30 31
25: 15 26 36
26: 16 25 35
27: 19 24 32
28: 15 17 32
29: 5 6 31
30: 24 33 34
31: 4 24 29
32: 4 27 28
33: 3 30 36
34: 2 30 35
35: 3 26 34
36: 2 25 33

1: 2 3 4
2: 1 31 32
3: 1 34 36
4: 1 33 35
5: 6 7 10
6: 5 9 18
7: 5 8 19
8: 7 11 18
9: 6 11 19
10: 5 20 21
11: 8 9 21
12: 16 17 23
13: 14 15 22
14: 13 17 24
15: 13 16 25
16: 12 15 24
17: 12 14 25
18: 6 8 22
19: 7 9 23
20: 10 26 27
21: 10 11 31
22: 13 18 32
23: 12 19 32
24: 14 16 35
25: 15 17 36
26: 20 30 34
27: 20 29 33
28: 29 30 31
29: 27 28 34
30: 26 28 33
31: 2 21 28
32: 2 22 23
33: 4 27 30
34: 3 26 29
35: 4 24 36
36: 3 25 35

1: 2 3 4
2: 1 34 36
3: 1 33 35
4: 1 31 32
5: 8 9 24
6: 23 28 29
7: 22 27 29
8: 5 18 21
9: 5 19 20
10: 12 15 16
11: 12 14 17
12: 10 11 13
13: 12 18 22
14: 11 16 21
15: 10 17 21
16: 10 14 19
17: 11 15 20
18: 8 13 23
19: 9 16 26
20: 9 17 25
21: 8 14 15
22: 7 13 28
23: 6 18 27
24: 5 30 31
25: 20 26 36
26: 19 25 35
27: 7 23 32
28: 6 22 32
29: 6 7 31
30: 24 33 34
31: 4 24 29
32: 4 27 28
33: 3 30 36
34: 2 30 35
35: 3 26 34
36: 2 25 33

1: 2 3 4
2: 1 33 34
3: 1 32 36
4: 1 31 35
5: 6 27 30
6: 5 7 8
7: 6 23 25
8: 6 22 24
9: 10 11 17
10: 9 13 15
11: 9 12 14
12: 11 15 16
13: 10 14 16
14: 11 13 26
15: 10 12 28
16: 12 13 18
17: 9 18 19
18: 16 17 21
19: 17 20 27
20: 19 21 25
21: 18 20 24
22: 8 25 29
23: 7 24 29
24: 8 21 23
25: 7 20 22
26: 14 28 34
27: 5 19 32
28: 15 26 32
29: 22 23 31
30: 5 31 33
31: 4 29 30
32: 3 27 28
33: 2 30 36
34: 2 26 35
35: 4 34 36
36: 3 33 35

1: 2 3 4
2: 1 31 36
3: 1 33 34
4: 1 32 35
5: 6 8 9
6: 5 7 10
7: 6 11 12
8: 5 11 13
9: 5 12 14
10: 6 13 14
11: 7 8 21
12: 7 9 23
13: 8 10 24
14: 9 10 22
15: 17 18 30
16: 19 20 29
17: 15 21 25
18: 15 22 28
19: 16 24 27
20: 16 23 26
21: 11 17 28
22: 14 18 25
23: 12 20 27
24: 13 19 26
25: 17 22 32
26: 20 24 33
27: 19 23 33
28: 18 21 32
29: 16 31 35
30: 15 31 34
31: 2 29 30
32: 4 25 28
33: 3 26 27
34: 3 30 36
35: 4 29 36
36: 2 34 35

1: 2 3 4
2: 1 33 34
3: 1 31 36
4: 1 32 35
5: 11 12 22
6: 9 10 21
7: 9 11 23
8: 10 12 24
9: 6 7 12
10: 6 8 11
11: 5 7 10
12: 5 8 9
13: 14 17 28
14: 13 18 27
15: 16 19 30
16: 15 20 29
17: 13 22 26
18: 14 21 26
19: 15 24 25
20: 16 23 25
21: 6 18 28
22: 5 17 27
23: 7 20 30
24: 8 19 29
25: 19 20 34
26: 17 18 32
27: 14 22 32
28: 13 21 33
29: 16 24 31
30: 15 23 31
31: 3 29 30
32: 4 26 27
33: 2 28 36
34: 2 25 35
35: 4 34 36
36: 3 33 35

1: 2 3 4
2: 1 32 35
3: 1 31 36
4: 1 33 34
5: 6 7 24
6: 5 15 17
7: 5 14 16
8: 12 20 22
9: 13 21 23
10: 15 18 20
11: 14 19 21
12: 8 17 18
13: 9 16 19
14: 7 11 23
15: 6 10 22
16: 7 13 17
17: 6 12 16
18: 10 12 26
19: 11 13 25
20: 8 10 29
21: 9 11 30
22: 8 15 26
23: 9 14 25
24: 5 27 28
25: 19 23 32
26: 18 22 31
27: 24 30 32
28: 24 29 31
29: 20 28 34
30: 21 27 33
31: 3 26 28
32: 2 25 27
33: 4 30 36
34: 4 29 35
35: 2 34 36
36: 3 33 35

1: 2 3 4
2: 1 33 34
3: 1 32 36
4: 1 31 35
5: 6 7 30
6: 5 23 29
7: 5 24 25
8: 9 10 29
9: 8 22 25
10: 8 21 24
11: 15 16 28
12: 14 17 28
13: 14 15 27
14: 12 13 16
15: 11 13 17
16: 11 14 19
17: 12 15 20
18: 19 20 23
19: 16 18 22
20: 17 18 21
21: 10 20 25
22: 9 19 24
23: 6 18 26
24: 7 10 22
25: 7 9 21
26: 23 27 34
27: 13 26 32
28: 11 12 32
29: 6 8 31
30: 5 31 33
31: 4 29 30
32: 3 27 28
33: 2 30 36
34: 2 26 35
35: 4 34 36
36: 3 33 35

1: 2 3 4
2: 1 34 36
3: 1 33 35
4: 1 31 32
5: 8 9 24
6: 22 28 29
7: 23 27 29
8: 5 25 26
9: 5 20 21
10: 12 14 25
11: 13 15 26
12: 10 15 17
13: 11 14 17
14: 10 13 16
15: 11 12 16
16: 14 15 19
17: 12 13 18
18: 17 19 21
19: 16 18 20
20: 9 19 22
21: 9 18 23
22: 6 20 27
23: 7 21 28
24: 5 30 31
25: 8 10 36
26: 8 11 35
27: 7 22 32
28: 6 23 32
29: 6 7 31
30: 24 33 34
31: 4 24 29
32: 4 27 28
33: 3 30 36
34: 2 30 35
35: 3 26 34
36: 2 25 33

1: 2 3 4
2: 1 31 32
3: 1 33 36
4: 1 34 35
5: 9 10 11
6: 8 10 15
7: 9 12 15
8: 6 9 13
9: 5 7 8
10: 5 6 12
11: 5 14 19
12: 7 10 21
13: 8 16 21
14: 11 17 20
15: 6 7 20
16: 13 26 27
17: 14 24 25
18: 19 22 23
19: 11 18 31
20: 14 15 31
21: 12 13 32
22: 18 25 36
23: 18 24 35
24: 17 23 36
25: 17 22 35
26: 16 30 33
27: 16 29 34
28: 29 30 32
29: 27 28 33
30: 26 28 34
31: 2 19 20
32: 2 21 28
33: 3 26 29
34: 4 27 30
35: 4 23 25
36: 3 22 24

1: 2 3 4
2: 1 34 36
3: 1 33 35
4: 1 31 32
5: 8 9 24
6: 23 28 29
7: 22 27 29
8: 5 25 26
9: 5 20 21
10: 12 15 25
11: 13 16 26
12: 10 14 16
13: 11 14 15
14: 12 13 19
15: 10 13 17
16: 11 12 17
17: 15 16 21
18: 19 20 22
19: 14 18 21
20: 9 18 23
21: 9 17 19
22: 7 18 28
23: 6 20 27
24: 5 30 31
25: 8 10 36
26: 8 11 35
27: 7 23 32
28: 6 22 32
29: 6 7 31
30: 24 33 34
31: 4 24 29
32: 4 27 28
33: 3 30 36
34: 2 30 35
35: 3 26 34
36: 2 25 33

1: 2 3 4
2: 1 35 36
3: 1 31 34
4: 1 32 33
5: 6 12 13
6: 5 11 14
7: 8 9 24
8: 7 10 23
9: 7 13 21
10: 8 14 22
11: 6 17 22
12: 5 18 21
13: 5 9 19
14: 6 10 20
15: 16 28 29
16: 15 27 30
17: 11 20 26
18: 12 19 25
19: 13 18 36
20: 14 17 35
21: 9 12 36
22: 10 11 35
23: 8 28 32
24: 7 27 31
25: 18 30 34
26: 17 29 33
27: 16 24 34
28: 15 23 33
29: 15 26 32
30: 16 25 31
31: 3 24 30
32: 4 23 29
33: 4 26 28
34: 3 25 27
35: 2 20 22
36: 2 19 21

1: 2 3 4
2: 1 31 34
3: 1 35 36
4: 1 32 33
5: 9 10 14
6: 7 8 13
7: 6 10 11
8: 6 9 12
9: 5 8 11
10: 5 7 12
11: 7 9 18
12: 8 10 19
13: 6 15 17
14: 5 15 16
15: 13 14 23
16: 14 17 21
17: 13 16 22
18: 11 20 25
19: 12 20 24
20: 18 19 23
21: 16 29 32
22: 17 30 33
23: 15 20 34
24: 19 28 36
25: 18 27 35
26: 27 28 34
27: 25 26 36
28: 24 26 35
29: 21 31 33
30: 22 31 32
31: 2 29 30
32: 4 21 30
33: 4 22 29
34: 2 23 26
35: 3 25 28
36: 3 24 27

1: 2 3 4
2: 1 33 34
3: 1 32 36
4: 1 31 35
5: 6 27 30
6: 5 7 28
7: 6 15 16
8: 9 10 29
9: 8 23 25
10: 8 22 24
11: 19 20 27
12: 13 14 28
13: 12 16 17
14: 12 15 18
15: 7 14 17
16: 7 13 18
17: 13 15 19
18: 14 16 20
19: 11 17 25
20: 11 18 24
21: 22 23 26
22: 10 21 25
23: 9 21 24
24: 10 20 23
25: 9 19 22
26: 21 29 34
27: 5 11 32
28: 6 12 31
29: 8 26 32
30: 5 31 33
31: 4 28 30
32: 3 27 29
33: 2 30 36
34: 2 26 35
35: 4 34 36
36: 3 33 35

1: 2 11
2: 1 14
3: 4 12
4: 3 13
5: 6 8 17
6: 5 7 16
7: 6 9 15
8: 5 10 15
9: 7 11 14
10: 8 12 13
11: 1 9 16
12: 3 10 17
13: 4 10 17
14: 2 9 16
15: 7 8 16 17
16: 6 11 14 15
17: 5 12 13 15

1: 2 3 13
2: 1 10 17
3: 1 6 14
4: 5 6 13
5: 4 12 18
6: 3 4 15
7: 8 11 18
8: 7 9 17
9: 8 10 16
10: 2 9 14
11: 7 12 16
12: 5 11 15
13: 1 4 14 15
14: 3 10 13 17
15: 6 12 13 18
16: 9 11 17 18
17: 2 8 14 16
18: 5 7 15 16

1: 2 13
2: 1 14
3: 4 15
4: 3 16
5: 6 7 17
6: 5 8 18
7: 5 9 19
8: 6 10 20
9: 7 12 18
10: 8 11 17
11: 10 13 14
12: 9 15 16
13: 1 11 20
14: 2 11 20
15: 3 12 19
16: 4 12 19
17: 5 10 18 20
18: 6 9 17 19
19: 7 15 16 18
20: 8 13 14 17

1: 2 3 15
2: 1 12 20
3: 1 6 16
4: 5 6 15
5: 4 14 21
6: 3 4 17
7: 9 13 21
8: 10 13 18
9: 7 14 18
10: 8 11 20
11: 10 12 19
12: 2 11 16
13: 7 8 19
14: 5 9 17
15: 1 4 16 17
16: 3 12 15 20
17: 6 14 15 21
18: 8 9 19 21
19: 11 13 18 20
20: 2 10 16 19
21: 5 7 17 18

1: 2 15
2: 1 16
3: 4 17
4: 3 18
5: 6 7 21
6: 5 8 20
7: 5 9 19
8: 6 10 19
9: 7 11 22
10: 8 12 23
11: 9 14 21
12: 10 13 20
13: 12 15 16
14: 11 17 18
15: 1 13 23
16: 2 13 23
17: 3 14 22
18: 4 14 22
19: 7 8 20 21
20: 6 12 19 23
21: 5 11 19 22
22: 9 17 18 21
23: 10 15 16 20

1: 2 3 17
2: 1 14 23
3: 1 6 18
4: 5 6 17
5: 4 16 24
6: 3 4 19
7: 9 11 24
8: 11 15 20
9: 7 16 20
10: 12 15 21
11: 7 8 21
12: 10 13 23
13: 12 14 22
14: 2 13 18
15: 8 10 22
16: 5 9 19
17: 1 4 18 19
18: 3 14 17 23
19: 6 16 17 24
20: 8 9 21 24
21: 10 11 20 22
22: 13 15 21 23
23: 2 12 18 22
24: 5 7 19 20

1: 2 3 4 5
2: 1 3 6 7
3: 1 2 8 9
4: 1 5 6 8
5: 1 4 7 9
6: 2 4 7 8
7: 2 5 6 9
8: 3 4 6 9
9: 3 5 7 8

1: 2 19
2: 1 20
3: 4 21
4: 3 22
5: 6 7 10
6: 5 8 9
7: 5 8 11
8: 6 7 14
9: 6 10 12
10: 5 9 13
11: 7 15 16
12: 9 15 16
13: 10 17 18
14: 8 17 18
15: 11 12 19
16: 11 12 20
17: 13 14 21
18: 13 14 22
19: 1 15 20
20: 2 16 19
21: 3 17 22
22: 4 18 21

1: 2 3 4
2: 1 11 12
3: 1 10 12
4: 1 8 9
5: 6 10 12
6: 5 7 11
7: 6 8 9
8: 4 7 11
9: 4 7 10
10: 3 5 9
11: 2 6 8
12: 2 3 5

1: 2 3 4
2: 1 22 26
3: 1 24 26
4: 1 23 25
5: 6 22 26
6: 5 7 8
7: 6 20 21
8: 6 19 21
9: 10 19 21
10: 9 11 12
11: 10 18 19
12: 10 17 23
13: 14 16 25
14: 13 15 24
15: 14 16 18
16: 13 15 17
17: 12 16 18
18: 11 15 17
19: 8 9 11
20: 7 22 23
21: 7 8 9
22: 2 5 20
23: 4 12 20
24: 3 14 25
25: 4 13 24
26: 2 3 5

1: 2 3 4
2: 1 23 24
3: 1 20 24
4: 1 21 22
5: 6 20 24
6: 5 7 8
7: 6 19 23
8: 6 17 18
9: 11 21 22
10: 11 15 22
11: 9 10 19
12: 14 15 19
13: 16 17 18
14: 12 16 18
15: 10 12 16
16: 13 14 15
17: 8 13 20
18: 8 13 14
19: 7 11 12
20: 3 5 17
21: 4 9 23
22: 4 9 10
23: 2 7 21
24: 2 3 5

1: 2 3 4
2: 1 9 10
3: 1 4 12
4: 1 3 11
5: 6 9 11
6: 5 9 12
7: 8 10 12
8: 7 10 11
9: 2 5 6
10: 2 7 8
11: 4 5 8
12: 3 6 7

1: 2 3 4
2: 1 17 18
3: 1 14 16
4: 1 13 15
5: 6 7 12
6: 5 8 11
7: 5 9 15
8: 6 10 16
9: 7 14 15
10: 8 13 16
11: 6 14 18
12: 5 13 17
13: 4 10 12
14: 3 9 11
15: 4 7 9
16: 3 8 10
17: 2 12 18
18: 2 11 17

1: 2 3 4
2: 1 39 40
3: 1 36 40
4: 1 37 38
5: 6 7 40
6: 5 35 39
7: 5 34 39
8: 13 36 38
9: 12 36 37
10: 11 19 37
11: 10 14 16
12: 9 19 38
13: 8 15 18
14: 11 17 18
15: 13 16 17
16: 11 15 21
17: 14 15 20
18: 13 14 21
19: 10 12 20
20: 17 19 23
21: 16 18 22
22: 21 23 25
23: 20 22 24
24: 23 25 27
25: 22 24 26
26: 25 28 29
27: 24 28 29
28: 26 27 30
29: 26 27 31
30: 28 32 34
31: 29 33 35
32: 30 33 35
33: 31 32 34
34: 7 30 33
35: 6 31 32
36: 3 8 9
37: 4 9 10
38: 4 8 12
39: 2 6 7
40: 2 3 5

1: 2 3 4
2: 1 39 40
3: 1 36 40
4: 1 37 38
5: 6 7 40
6: 5 35 39
7: 5 34 39
8: 11 13 38
9: 15 18 36
10: 14 19 38
11: 8 19 37
12: 13 16 36
13: 8 12 17
14: 10 18 37
15: 9 16 17
16: 12 15 21
17: 13 15 20
18: 9 14 21
19: 10 11 20
20: 17 19 23
21: 16 18 22
22: 21 23 25
23: 20 22 24
24: 23 25 27
25: 22 24 26
26: 25 28 29
27: 24 28 29
28: 26 27 30
29: 26 27 31
30: 28 32 34
31: 29 33 35
32: 30 33 35
33: 31 32 34
34: 7 30 33
35: 6 31 32
36: 3 9 12
37: 4 11 14
38: 4 8 10
39: 2 6 7
40: 2 3 5

1: 2 3 4
2: 1 39 40
3: 1 36 40
4: 1 37 38
5: 6 7 40
6: 5 35 39
7: 5 34 39
8: 13 15 38
9: 11 12 37
10: 14 16 36
11: 9 19 38
12: 9 18 36
13: 8 19 37
14: 10 17 18
15: 8 16 17
16: 10 15 21
17: 14 15 20
18: 12 14 21
19: 11 13 20
20: 17 19 23
21: 16 18 22
22: 21 23 25
23: 20 22 24
24: 23 25 27
25: 22 24 26
26: 25 28 29
27: 24 28 29
28: 26 27 30
29: 26 27 31
30: 28 32 34
31: 29 33 35
32: 30 33 35
33: 31 32 34
34: 7 30 33
35: 6 31 32
36: 3 10 12
37: 4 9 13
38: 4 8 11
39: 2 6 7
40: 2 3 5

1: 2 3 4
2: 1 39 40
3: 1 36 40
4: 1 37 38
5: 6 7 40
6: 5 35 39
7: 5 34 39
8: 9 10 38
9: 8 11 37
10: 8 12 36
11: 9 13 36
12: 10 14 37
13: 11 15 38
14: 12 18 19
15: 13 16 17
16: 15 19 20
17: 15 18 21
18: 14 17 20
19: 14 16 21
20: 16 18 22
21: 17 19 23
22: 20 23 25
23: 21 22 24
24: 23 25 27
25: 22 24 26
26: 25 28 29
27: 24 28 29
28: 26 27 30
29: 26 27 31
30: 28 32 34
31: 29 33 35
32: 30 33 35
33: 31 32 34
34: 7 30 33
35: 6 31 32
36: 3 10 11
37: 4 9 12
38: 4 8 13
39: 2 6 7
40: 2 3 5

1: 2 3 4
2: 1 35 40
3: 1 37 38
4: 1 36 39
5: 6 7 18
6: 5 17 19
7: 5 15 16
8: 9 10 14
9: 8 11 13
10: 8 13 20
11: 9 14 21
12: 20 21 27
13: 9 10 16
14: 8 11 15
15: 7 14 17
16: 7 13 17
17: 6 15 16
18: 5 19 33
19: 6 18 25
20: 10 12 24
21: 11 12 24
22: 23 26 34
23: 22 28 32
24: 20 21 30
25: 19 26 32
26: 22 25 31
27: 12 29 30
28: 23 29 31
29: 27 28 37
30: 24 27 37
31: 26 28 36
32: 23 25 36
33: 18 35 39
34: 22 35 38
35: 2 33 34
36: 4 31 32
37: 3 29 30
38: 3 34 40
39: 4 33 40
40: 2 38 39

1: 2 3 4
2: 1 39 40
3: 1 36 40
4: 1 37 38
5: 6 7 40
6: 5 35 39
7: 5 34 39
8: 9 10 38
9: 8 11 36
10: 8 13 37
11: 9 12 37
12: 11 15 38
13: 10 14 36
14: 13 18 19
15: 12 16 17
16: 15 19 20
17: 15 18 21
18: 14 17 20
19: 14 16 21
20: 16 18 22
21: 17 19 23
22: 20 23 25
23: 21 22 24
24: 23 25 27
25: 22 24 26
26: 25 28 29
27: 24 28 29
28: 26 27 30
29: 26 27 31
30: 28 32 34
31: 29 33 35
32: 30 33 35
33: 31 32 34
34: 7 30 33
35: 6 31 32
36: 3 9 13
37: 4 10 11
38: 4 8 12
39: 2 6 7
40: 2 3 5

1: 2 3 4
2: 1 39 40
3: 1 36 40
4: 1 37 38
5: 6 36 40
6: 5 37 38
7: 34 35 39
8: 33 35 39
9: 10 19 20
10: 9 13 21
11: 13 17 20
12: 15 16 18
13: 10 11 14
14: 13 15 34
15: 12 14 33
16: 12 22 25
17: 11 21 24
18: 12 19 23
19: 9 18 25
20: 9 11 26
21: 10 17 26
22: 16 23 24
23: 18 22 28
24: 17 22 27
25: 16 19 28
26: 20 21 27
27: 24 26 30
28: 23 25 29
29: 28 30 32
30: 27 29 31
31: 30 32 38
32: 29 31 37
33: 8 15 34
34: 7 14 33
35: 7 8 36
36: 3 5 35
37: 4 6 32
38: 4 6 31
39: 2 7 8
40: 2 3 5

1: 2 3 4
2: 1 39 40
3: 1 36 40
4: 1 37 38
5: 6 36 40
6: 5 37 38
7: 34 35 39
8: 33 35 39
9: 12 21 22
10: 11 12 33
11: 10 14 34
12: 9 10 13
13: 12 17 18
14: 11 15 16
15: 14 18 19
16: 14 17 20
17: 13 16 19
18: 13 15 20
19: 15 17 23
20: 16 18 24
21: 9 24 25
22: 9 23 26
23: 19 22 28
24: 20 21 27
25: 21 26 28
26: 22 25 27
27: 24 26 30
28: 23 25 29
29: 28 30 32
30: 27 29 31
31: 30 32 38
32: 29 31 37
33: 8 10 34
34: 7 11 33
35: 7 8 36
36: 3 5 35
37: 4 6 32
38: 4 6 31
39: 2 7 8
40: 2 3 5

1: 2 3 4
2: 1 38 40
3: 1 37 39
4: 1 35 36
5: 26 28 29
6: 25 27 29
7: 10 11 24
8: 23 32 33
9: 21 22 33
10: 7 20 31
11: 7 18 19
12: 13 14 17
13: 12 15 16
14: 12 16 21
15: 13 17 22
16: 13 14 19
17: 12 15 18
18: 11 17 20
19: 11 16 20
20: 10 18 19
21: 9 14 23
22: 9 15 23
23: 8 21 22
24: 7 27 31
25: 6 28 34
26: 5 27 34
27: 6 24 26
28: 5 25 30
29: 5 6 39
30: 28 32 37
31: 10 24 38
32: 8 30 35
33: 8 9 35
34: 25 26 36
35: 4 32 33
36: 4 34 40
37: 3 30 40
38: 2 31 39
39: 3 29 38
40: 2 36 37

1: 2 3 4
2: 1 39 40
3: 1 38 40
4: 1 37 39
5: 12 16 17
6: 11 15 18
7: 10 13 18
8: 9 14 17
9: 8 10 16
10: 7 9 15
11: 6 13 19
12: 5 14 19
13: 7 11 22
14: 8 12 21
15: 6 10 22
16: 5 9 21
17: 5 8 20
18: 6 7 20
19: 11 12 25
20: 17 18 23
21: 14 16 26
22: 13 15 24
23: 20 24 27
24: 22 23 28
25: 19 26 30
26: 21 25 29
27: 23 28 33
28: 24 27 36
29: 26 30 35
30: 25 29 34
31: 33 36 40
32: 34 35 39
33: 27 31 37
34: 30 32 38
35: 29 32 38
36: 28 31 37
37: 4 33 36
38: 3 34 35
39: 2 4 32
40: 2 3 31

1: 2 3 4
2: 1 39 40
3: 1 36 40
4: 1 37 38
5: 6 7 40
6: 5 32 35
7: 5 33 34
8: 9 10 13
9: 8 11 12
10: 8 12 37
11: 9 13 38
12: 9 10 15
13: 8 11 14
14: 13 16 17
15: 12 16 17
16: 14 15 19
17: 14 15 18
18: 17 19 21
19: 16 18 20
20: 19 21 31
21: 18 20 30
22: 23 26 28
23: 22 27 29
24: 29 35 39
25: 28 34 39
26: 22 30 34
27: 23 31 35
28: 22 25 33
29: 23 24 32
30: 21 26 33
31: 20 27 32
32: 6 29 31
33: 7 28 30
34: 7 25 26
35: 6 24 27
36: 3 37 38
37: 4 10 36
38: 4 11 36
39: 2 24 25
40: 2 3 5

1: 5 8
2: 5 6
3: 5 7
4: 6 7
5: 1 2 3
6: 2 4 8
7: 3 4 8
8: 1 6 7

1: 10 12
2: 9 11
3: 5 7 9 11
4: 6 8 10 12
5: 3 7 9 11 12
6: 4 8 10 11 12
7: 3 5 8 10 11 12
8: 4 6 7 9 11 12
9: 2 3 5 8 10 11 12
10: 1 4 6 7 9 11 12
11: 2 3 5 6 7 8 9 10 12
12: 1 4 5 6 7 8 9 10 11

1: 2 7 11 12
2: 1 7 11 13
3: 4 8 11 13
4: 3 8 11 12
5: 6 9 10 13
6: 5 9 10 12
7: 1 2 10 12 13
8: 3 4 9 12 13
9: 5 6 8 12 13
10: 5 6 7 12 13
11: 1 2 3 4 12 13
12: 1 4 6 7 8 9 10 11
13: 2 3 5 7 8 9 10 11

1: 2 3 4 7
2: 1 5 7 10
3: 1 8 9 10
4: 1 7 8 9
5: 2 7 8 9
6: 7 8 9 10
7: 1 2 4 5 6
8: 3 4 5 6 10
9: 3 4 5 6 10
10: 2 3 6 8 9

1: 2 3 4
2: 1 24 26
3: 1 23 25
4: 1 21 22
5: 6 16 18
6: 5 9 20
7: 12 17 19
8: 10 13 19
9: 6 10 11
10: 8 9 15
11: 9 13 14
12: 7 13 15
13: 8 11 12
14: 11 15 18
15: 10 12 14
16: 5 17 25
17: 7 16 21
18: 5 14 21
19: 7 8 22
20: 6 23 24
21: 4 17 18
22: 4 19 26
23: 3 20 26
24: 2 20 25
25: 3 16 24
26: 2 22 23

1: 2 3 4
2: 1 15 16
3: 1 12 16
4: 1 13 14
5: 6 7 15
6: 5 10 11
7: 5 10 11
8: 9 13 14
9: 8 13 14
10: 6 7 11
11: 6 7 10
12: 3 15 16
13: 4 8 9
14: 4 8 9
15: 2 5 12
16: 2 3 12

1: 2 3 4
2: 1 17 18
3: 1 16 18
4: 1 15 17
5: 6 7 11
6: 5 8 12
7: 5 9 13
8: 6 10 14
9: 7 11 13
10: 8 12 14
11: 5 9 16
12: 6 10 15
13: 7 9 16
14: 8 10 15
15: 4 12 14
16: 3 11 13
17: 2 4 18
18: 2 3 17

1: 2 7 11
2: 1 9 10
3: 7 8 10 11
4: 5 7 8 9
5: 4 9 10 11
6: 8 9 10 11
7: 1 3 4 9
8: 3 4 6 10 11
9: 2 4 5 6 7
10: 2 3 5 6 8
11: 1 3 5 6 8

1: 2 3 4
2: 1 16 20
3: 1 15 19
4: 1 17 18
5: 6 7 10
6: 5 9 13
7: 5 8 14
8: 7 9 12
9: 6 8 11
10: 5 11 12
11: 9 10 16
12: 8 10 15
13: 6 15 17
14: 7 16 18
15: 3 12 13
16: 2 11 14
17: 4 13 20
18: 4 14 19
19: 3 18 20
20: 2 17 19

1: 2 3 4 5
2: 1 4 8 9
3: 1 5 10 12
4: 1 2 7 11
5: 1 3 11 12
6: 7 8 9 10
7: 4 6 8 12
8: 2 6 7 12
9: 2 6 10 11
10: 3 6 9 11
11: 4 5 9 10
12: 3 5 7 8

1: 2 3 13
2: 1 6 17
3: 1 5 18
4: 5 6 13
5: 3 4 17
6: 2 4 18
7: 9 11 16
8: 10 12 16
9: 7 12 15
10: 8 11 15
11: 7 10 14
12: 8 9 14
13: 1 4 14 15
14: 11 12 13 17
15: 9 10 13 18
16: 7 8 17 18
17: 2 5 14 16
18: 3 6 15 16

1: 2 3 13
2: 1 12 14
3: 1 11 15
4: 7 8 13
5: 9 12 13
6: 10 11 13
7: 4 10 14
8: 4 9 15
9: 5 8 14
10: 6 7 15
11: 3 6 14
12: 2 5 15
13: 1 4 5 6
14: 2 7 9 11
15: 3 8 10 12

1: 2 3 13
2: 1 12 14
3: 1 11 15
4: 7 9 13
5: 8 10 13
6: 11 12 13
7: 4 10 14
8: 5 9 14
9: 4 8 15
10: 5 7 15
11: 3 6 14
12: 2 6 15
13: 1 4 5 6
14: 2 7 8 11
15: 3 9 10 12

1: 5 8
2: 6 7
3: 4 5 7
4: 3 6 8
5: 1 3 7
6: 2 4 8
7: 2 3 5 8
8: 1 4 6 7

1: 25 29 54 62
2: 27 31 55 62
3: 26 32 56 62
4: 28 30 57 62
5: 41 49 54 58
6: 42 50 57 59
7: 43 52 55 61
8: 44 51 56 60
9: 19 41 45 54
10: 17 43 46 55
11: 20 42 48 57
12: 18 44 47 56
13: 33 38 48 59
14: 34 37 45 58
15: 35 39 46 61
16: 36 40 47 60
17: 10 35 43 46
18: 12 36 44 47
19: 9 34 41 45
20: 11 33 42 48
21: 29 37 54 58
22: 30 38 57 59
23: 31 39 55 61
24: 32 40 56 60
25: 1 49 54 59 62
26: 3 51 56 58 62
27: 2 52 55 60 62
28: 4 50 57 61 62
29: 1 21 54 58 62
30: 4 22 57 59 62
31: 2 23 55 61 62
32: 3 24 56 60 62
33: 13 20 42 48 59
34: 14 19 41 45 58
35: 15 17 43 46 61
36: 16 18 44 47 60
37: 14 21 45 54 58
38: 13 22 48 57 59
39: 15 23 46 55 61
40: 16 24 47 56 60
41: 5 9 19 34 54 58
42: 6 11 20 33 57 59
43: 7 10 17 35 55 61
44: 8 12 18 36 56 60
45: 9 14 19 34 37 54
46: 10 15 17 35 39 55
47: 12 16 18 36 40 56
48: 11 13 20 33 38 57
49: 5 25 53 54 58 59
50: 6 28 53 57 59 61
51: 8 26 53 56 58 60
52: 7 27 53 55 60 61
53: 49 50 51 52 58 59 60 61
54: 1 5 9 21 25 29 37 41 45 49
55: 2 7 10 23 27 31 39 43 46 52
56: 3 8 12 24 26 32 40 44 47 51
57: 4 6 11 22 28 30 38 42 48 50
58: 5 14 21 26 29 34 37 41 49 51 53 62
59: 6 13 22 25 30 33 38 42 49 50 53 62
60: 8 16 24 27 32 36 40 44 51 52 53 62
61: 7 15 23 28 31 35 39 43 50 52 53 62
62: 1 2 3 4 25 26 27 28 29 30 31 32 58 59 60 61

1: 31 36 67 77
2: 33 38 69 77
3: 35 39 71 77
4: 32 40 68 77
5: 34 37 70 77
6: 51 61 67 73
7: 52 62 70 74
8: 53 63 69 76
9: 54 64 71 75
10: 55 65 68 72
11: 25 51 56 67
12: 21 55 60 68
13: 22 53 57 69
14: 23 54 58 71
15: 24 52 59 70
16: 41 47 59 74
17: 42 48 57 76
18: 43 49 58 75
19: 45 46 56 73
20: 44 50 60 72
21: 12 44 55 60
22: 13 42 53 57
23: 14 43 54 58
24: 15 41 52 59
25: 11 45 51 56
26: 36 46 67 73
27: 37 47 70 74
28: 38 48 69 76
29: 39 49 71 75
30: 40 50 68 72
31: 1 61 67 72 77
32: 4 65 68 74 77
33: 2 63 69 75 77
34: 5 62 70 76 77
35: 3 64 71 73 77
36: 1 26 67 73 77
37: 5 27 70 74 77
38: 2 28 69 76 77
39: 3 29 71 75 77
40: 4 30 68 72 77
41: 16 24 52 59 74
42: 17 22 53 57 76
43: 18 23 54 58 75
44: 20 21 55 60 72
45: 19 25 51 56 73
46: 19 26 56 67 73
47: 16 27 59 70 74
48: 17 28 57 69 76
49: 18 29 58 71 75
50: 20 30 60 68 72
51: 6 11 25 45 67 73
52: 7 15 24 41 70 74
53: 8 13 22 42 69 76
54: 9 14 23 43 71 75
55: 10 12 21 44 68 72
56: 11 19 25 45 46 67
57: 13 17 22 42 48 69
58: 14 18 23 43 49 71
59: 15 16 24 41 47 70
60: 12 20 21 44 50 68
61: 6 31 66 67 72 73
62: 7 34 66 70 74 76
63: 8 33 66 69 75 76
64: 9 35 66 71 73 75
65: 10 32 66 68 72 74
66: 61 62 63 64 65 72 73 74 75 76
67: 1 6 11 26 31 36 46 51 56 61
68: 4 10 12 30 32 40 50 55 60 65
69: 2 8 13 28 33 38 48 53 57 63
70: 5 7 15 27 34 37 47 52 59 62
71: 3 9 14 29 35 39 49 54 58 64
72: 10 20 30 31 40 44 50 55 61 65 66 77
73: 6 19 26 35 36 45 46 51 61 64 66 77
74: 7 16 27 32 37 41 47 52 62 65 66 77
75: 9 18 29 33 39 43 49 54 63 64 66 77
76: 8 17 28 34 38 42 48 53 62 63 66 77
77: 1 2 3 4 5 31 32 33 34 35 36 37 38 39 40 72 73 74 75 76

1: 37 43 79 92
2: 38 44 80 92
3: 40 45 81 92
4: 39 46 82 92
5: 41 47 84 92
6: 42 48 83 92
7: 61 67 79 85
8: 62 68 80 86
9: 64 69 81 87
10: 63 70 82 88
11: 66 72 83 90
12: 65 71 84 89
13: 25 67 73 79
14: 26 68 74 80
15: 27 69 75 81
16: 28 70 76 82
17: 30 71 77 84
18: 29 72 78 83
19: 49 55 73 85
20: 50 56 74 86
21: 51 57 75 87
22: 52 58 76 88
23: 53 60 78 90
24: 54 59 77 89
25: 13 49 67 73
26: 14 50 68 74
27: 15 51 69 75
28: 16 52 70 76
29: 18 53 72 78
30: 17 54 71 77
31: 43 55 79 85
32: 44 56 80 86
33: 45 57 81 87
34: 46 58 82 88
35: 47 59 84 89
36: 48 60 83 90
37: 1 61 79 87 92
38: 2 62 80 85 92
39: 4 63 82 86 92
40: 3 64 81 90 92
41: 5 65 84 88 92
42: 6 66 83 89 92
43: 1 31 79 85 92
44: 2 32 80 86 92
45: 3 33 81 87 92
46: 4 34 82 88 92
47: 5 35 84 89 92
48: 6 36 83 90 92
49: 19 25 67 73 85
50: 20 26 68 74 86
51: 21 27 69 75 87
52: 22 28 70 76 88
53: 23 29 72 78 90
54: 24 30 71 77 89
55: 19 31 73 79 85
56: 20 32 74 80 86
57: 21 33 75 81 87
58: 22 34 76 82 88
59: 24 35 77 84 89
60: 23 36 78 83 90
61: 7 37 79 85 87 91
62: 8 38 80 85 86 91
63: 10 39 82 86 88 91
64: 9 40 81 87 90 91
65: 12 41 84 88 89 91
66: 11 42 83 89 90 91
67: 7 13 25 49 79 85
68: 8 14 26 50 80 86
69: 9 15 27 51 81 87
70: 10 16 28 52 82 88
71: 12 17 30 54 84 89
72: 11 18 29 53 83 90
73: 13 19 25 49 55 79
74: 14 20 26 50 56 80
75: 15 21 27 51 57 81
76: 16 22 28 52 58 82
77: 17 24 30 54 59 84
78: 18 23 29 53 60 83
79: 1 7 13 31 37 43 55 61 67 73
80: 2 8 14 32 38 44 56 62 68 74
81: 3 9 15 33 40 45 57 64 69 75
82: 4 10 16 34 39 46 58 63 70 76
83: 6 11 18 36 42 48 60 66 72 78
84: 5 12 17 35 41 47 59 65 71 77
85: 7 19 31 38 43 49 55 61 62 67 91 92
86: 8 20 32 39 44 50 56 62 63 68 91 92
87: 9 21 33 37 45 51 57 61 64 69 91 92
88: 10 22 34 41 46 52 58 63 65 70 91 92
89: 12 24 35 42 47 54 59 65 66 71 91 92
90: 11 23 36 40 48 53 60 64 66 72 91 92
91: 61 62 63 64 65 66 85 86 87 88 89 90
92: 1 2 3 4 5 6 37 38 39 40 41 42 43 44 45 46 47 48 85 86 87 88 89 90

1: 2 9 10 17
2: 1 9 10 18
3: 6 11 12 18
4: 7 13 15 18
5: 8 14 16 18
6: 3 11 12 17
7: 4 13 15 17
8: 5 14 16 17
9: 1 2 16 17 18
10: 1 2 15 17 18
11: 3 6 14 17 18
12: 3 6 13 17 18
13: 4 7 12 17 18
14: 5 8 11 17 18
15: 4 7 10 17 18
16: 5 8 9 17 18
17: 1 6 7 8 9 10 11 12 13 14 15 16
18: 2 3 4 5 9 10 11 12 13 14 15 16

1: 2 11 12 21
2: 1 11 12 22
3: 7 13 15 22
4: 8 14 16 22
5: 9 18 20 22
6: 10 17 19 22
7: 3 13 15 21
8: 4 14 16 21
9: 5 18 20 21
10: 6 17 19 21
11: 1 2 20 21 22
12: 1 2 19 21 22
13: 3 7 14 21 22
14: 4 8 13 21 22
15: 3 7 18 21 22
16: 4 8 17 21 22
17: 6 10 16 21 22
18: 5 9 15 21 22
19: 6 10 12 21 22
20: 5 9 11 21 22
21: 1 7 8 9 10 11 12 13 14 15 16 17 18 19 20
22: 2 3 4 5 6 11 12 13 14 15 16 17 18 19 20

1: 2 13 14 25
2: 1 13 14 26
3: 8 15 16 26
4: 9 17 19 26
5: 10 18 20 26
6: 11 22 24 26
7: 12 21 23 26
8: 3 15 16 25
9: 4 17 19 25
10: 5 18 20 25
11: 6 22 24 25
12: 7 21 23 25
13: 1 2 24 25 26
14: 1 2 23 25 26
15: 3 8 18 25 26
16: 3 8 17 25 26
17: 4 9 16 25 26
18: 5 10 15 25 26
19: 4 9 22 25 26
20: 5 10 21 25 26
21: 7 12 20 25 26
22: 6 11 19 25 26
23: 7 12 14 25 26
24: 6 11 13 25 26
25: 1 8 9 10 11 12 13 14 15 16 17 18 19 20 21 22 23 24
26: 2 3 4 5 6 7 13 14 15 16 17 18 19 20 21 22 23 24

1: 2 15 16 29
2: 1 15 16 30
3: 9 17 19 30
4: 10 18 20 30
5: 11 22 24 30
6: 12 21 23 30
7: 13 26 28 30
8: 14 25 27 30
9: 3 17 19 29
10: 4 18 20 29
11: 5 22 24 29
12: 6 21 23 29
13: 7 26 28 29
14: 8 25 27 29
15: 1 2 28 29 30
16: 1 2 27 29 30
17: 3 9 18 29 30
18: 4 10 17 29 30
19: 3 9 22 29 30
20: 4 10 21 29 30
21: 6 12 20 29 30
22: 5 11 19 29 30
23: 6 12 26 29 30
24: 5 11 25 29 30
25: 8 14 24 29 30
26: 7 13 23 29 30
27: 8 14 16 29 30
28: 7 13 15 29 30
29: 1 9 10 11 12 13 14 15 16 17 18 19 20 21 22 23 24 25 26 27 28
30: 2 3 4 5 6 7 8 15 16 17 18 19 20 21 22 23 24 25 26 27 28

1: 2 3 6 7
2: 1 4 6 7
3: 1 5 6 7
4: 2 5 6 7
5: 3 4 6 7
6: 1 2 3 4 5
7: 1 2 3 4 5

1: 5 6 7
2: 3 4 5 6
3: 2 4 5 7
4: 2 3 6 7
5: 1 2 3 6 7
6: 1 2 4 5 7
7: 1 3 4 5 6

1: 4 5 7
2: 4 6 7
3: 5 6 7
4: 1 2 5 6 7
5: 1 3 4 6 7
6: 2 3 4 5 7
7: 1 2 3 4 5 6

1: 2 3 7 8
2: 1 5 7 8
3: 1 6 7 8
4: 5 6 7 8
5: 2 4 7 8
6: 3 4 7 8
7: 1 2 3 4 5 6
8: 1 2 3 4 5 6

1: 5 6 8
2: 3 4 7 8
3: 2 5 7 8
4: 2 6 7 8
5: 1 3 6 7 8
6: 1 4 5 7 8
7: 2 3 4 5 6
8: 1 2 3 4 5 6

1: 5 7 8
2: 6 7 8
3: 4 5 6 7
4: 3 5 6 8
5: 1 3 4 7 8
6: 2 3 4 7 8
7: 1 2 3 5 6 8
8: 1 2 4 5 6 7

1: 2 3 8 9
2: 1 6 8 9
3: 1 7 8 9
4: 5 6 8 9
5: 4 7 8 9
6: 2 4 8 9
7: 3 5 8 9
8: 1 2 3 4 5 6 7
9: 1 2 3 4 5 6 7

1: 6 7 9
2: 3 4 8 9
3: 2 5 8 9
4: 2 6 8 9
5: 3 7 8 9
6: 1 4 7 8 9
7: 1 5 6 8 9
8: 2 3 4 5 6 7
9: 1 2 3 4 5 6 7

1: 6 8 9
2: 7 8 9
3: 5 6 7 8
4: 5 6 7 9
5: 3 4 6 7
6: 1 3 4 5 8 9
7: 2 3 4 5 8 9
8: 1 2 3 6 7 9
9: 1 2 4 6 7 8

1: 7 8 9
2: 5 7 9
3: 6 8 9
4: 5 6 7 8
5: 2 4 6 7 9
6: 3 4 5 8 9
7: 1 2 4 5 8 9
8: 1 3 4 6 7 9
9: 1 2 3 5 6 7 8

1: 5 8 9
2: 6 7 8
3: 6 7 9
4: 7 8 9
5: 1 6 8 9
6: 2 3 5 7 8 9
7: 2 3 4 6 8 9
8: 1 2 4 5 6 7 9
9: 1 3 4 5 6 7 8

1: 2 3 9 10
2: 1 7 9 10
3: 1 8 9 10
4: 5 6 9 10
5: 4 7 9 10
6: 4 8 9 10
7: 2 5 9 10
8: 3 6 9 10
9: 1 2 3 4 5 6 7 8
10: 1 2 3 4 5 6 7 8

1: 7 8 10
2: 3 4 9 10
3: 2 5 9 10
4: 2 6 9 10
5: 3 7 9 10
6: 4 8 9 10
7: 1 5 8 9 10
8: 1 6 7 9 10
9: 2 3 4 5 6 7 8
10: 1 2 3 4 5 6 7 8

1: 7 8 9
2: 7 8 10
3: 4 5 9 10
4: 3 6 9 10
5: 3 7 9 10
6: 4 8 9 10
7: 1 2 5 8 9 10
8: 1 2 6 7 9 10
9: 1 3 4 5 6 7 8
10: 2 3 4 5 6 7 8

1: 6 9 10
2: 7 8 10
3: 8 9 10
4: 5 6 7 9
5: 4 7 8 9
6: 1 4 7 9 10
7: 2 4 5 6 8 10
8: 2 3 5 7 9 10
9: 1 3 4 5 6 8 10
10: 1 2 3 6 7 8 9

1: 6 7 10
2: 6 8 10
3: 7 9 10
4: 8 9 10
5: 6 7 8 9
6: 1 2 5 7 8 10
7: 1 3 5 6 9 10
8: 2 4 5 6 9 10
9: 3 4 5 7 8 10
10: 1 2 3 4 6 7 8 9

1: 2 3 10 11
2: 1 9 10 11
3: 1 8 10 11
4: 5 6 10 11
5: 4 7 10 11
6: 4 8 10 11
7: 5 9 10 11
8: 3 6 10 11
9: 2 7 10 11
10: 1 2 3 4 5 6 7 8 9
11: 1 2 3 4 5 6 7 8 9

1: 8 9 11
2: 3 4 10 11
3: 2 5 10 11
4: 2 6 10 11
5: 3 7 10 11
6: 4 9 10 11
7: 5 8 10 11
8: 1 7 9 10 11
9: 1 6 8 10 11
10: 2 3 4 5 6 7 8 9
11: 1 2 3 4 5 6 7 8 9

1: 8 9 10
2: 8 9 11
3: 4 5 10 11
4: 3 6 10 11
5: 3 7 10 11
6: 4 8 10 11
7: 5 9 10 11
8: 1 2 6 9 10 11
9: 1 2 7 8 10 11
10: 1 3 4 5 6 7 8 9
11: 2 3 4 5 6 7 8 9

1: 7 9 11
2: 8 9 11
3: 8 9 10
4: 6 7 10 11
5: 6 8 10 11
6: 4 5 10 11
7: 1 4 9 10 11
8: 2 3 5 9 10 11
9: 1 2 3 7 8 10 11
10: 3 4 5 6 7 8 9
11: 1 2 4 5 6 7 8 9

1: 7 9 11
2: 8 10 11
3: 7 10 11
4: 8 9 11
5: 6 8 9 10
6: 5 7 9 10
7: 1 3 6 9 10 11
8: 2 4 5 9 10 11
9: 1 4 5 6 7 8 11
10: 2 3 5 6 7 8 11
11: 1 2 3 4 7 8 9 10

1: 2 3 11 12
2: 1 10 11 12
3: 1 9 11 12
4: 5 6 11 12
5: 4 7 11 12
6: 4 8 11 12
7: 5 9 11 12
8: 6 10 11 12
9: 3 7 11 12
10: 2 8 11 12
11: 1 2 3 4 5 6 7 8 9 10
12: 1 2 3 4 5 6 7 8 9 10

1: 9 10 12
2: 3 4 11 12
3: 2 5 11 12
4: 2 6 11 12
5: 3 7 11 12
6: 4 8 11 12
7: 5 10 11 12
8: 6 9 11 12
9: 1 8 10 11 12
10: 1 7 9 11 12
11: 2 3 4 5 6 7 8 9 10
12: 1 2 3 4 5 6 7 8 9 10

1: 9 10 11
2: 9 10 12
3: 4 5 11 12
4: 3 6 11 12
5: 3 7 11 12
6: 4 8 11 12
7: 5 10 11 12
8: 6 9 11 12
9: 1 2 8 10 11 12
10: 1 2 7 9 11 12
11: 1 3 4 5 6 7 8 9 10
12: 2 3 4 5 6 7 8 9 10

1: 8 10 12
2: 9 10 12
3: 9 10 11
4: 5 8 11 12
5: 4 6 11 12
6: 5 7 11 12
7: 6 9 11 12
8: 1 4 10 11 12
9: 2 3 7 10 11 12
10: 1 2 3 8 9 11 12
11: 3 4 5 6 7 8 9 10
12: 1 2 4 5 6 7 8 9 10

1: 8 10 11
2: 9 10 12
3: 8 10 12
4: 9 10 11
5: 7 9 11 12
6: 7 8 11 12
7: 5 6 11 12
8: 1 3 6 10 11 12
9: 2 4 5 10 11 12
10: 1 2 3 4 8 9 11 12
11: 1 4 5 6 7 8 9 10
12: 2 3 5 6 7 8 9 10

1: 8 9 12
2: 8 11 12
3: 9 10 12
4: 7 10 11
5: 10 11 12
6: 7 8 9 11
7: 4 6 9 10 11
8: 1 2 6 9 11 12
9: 1 3 6 7 8 10 12
10: 3 4 5 7 9 11 12
11: 2 4 5 6 7 8 10 12
12: 1 2 3 5 8 9 10 11

1: 2 3 12 13
2: 1 11 12 13
3: 1 10 12 13
4: 5 6 12 13
5: 4 7 12 13
6: 4 8 12 13
7: 5 9 12 13
8: 6 11 12 13
9: 7 10 12 13
10: 3 9 12 13
11: 2 8 12 13
12: 1 2 3 4 5 6 7 8 9 10 11
13: 1 2 3 4 5 6 7 8 9 10 11

1: 10 11 13
2: 3 4 12 13
3: 2 5 12 13
4: 2 6 12 13
5: 3 7 12 13
6: 4 9 12 13
7: 5 8 12 13
8: 7 11 12 13
9: 6 10 12 13
10: 1 9 11 12 13
11: 1 8 10 12 13
12: 2 3 4 5 6 7 8 9 10 11
13: 1 2 3 4 5 6 7 8 9 10 11

1: 10 11 12
2: 10 11 13
3: 4 5 12 13
4: 3 6 12 13
5: 3 7 12 13
6: 4 8 12 13
7: 5 9 12 13
8: 6 11 12 13
9: 7 10 12 13
10: 1 2 9 11 12 13
11: 1 2 8 10 12 13
12: 1 3 4 5 6 7 8 9 10 11
13: 2 3 4 5 6 7 8 9 10 11

1: 9 11 13
2: 10 11 13
3: 10 11 12
4: 5 9 12 13
5: 4 6 12 13
6: 5 7 12 13
7: 6 8 12 13
8: 7 10 12 13
9: 1 4 11 12 13
10: 2 3 8 11 12 13
11: 1 2 3 9 10 12 13
12: 3 4 5 6 7 8 9 10 11
13: 1 2 4 5 6 7 8 9 10 11

1: 9 11 12
2: 10 11 13
3: 9 11 13
4: 10 11 12
5: 8 10 12 13
6: 7 9 12 13
7: 6 8 12 13
8: 5 7 12 13
9: 1 3 6 11 12 13
10: 2 4 5 11 12 13
11: 1 2 3 4 9 10 12 13
12: 1 4 5 6 7 8 9 10 11
13: 2 3 5 6 7 8 9 10 11

1: 8 10 13
2: 9 11 13
3: 10 11 13
4: 9 11 12
5: 10 11 12
6: 7 8 12 13
7: 6 9 12 13
8: 1 6 10 12 13
9: 2 4 7 11 12 13
10: 1 3 5 8 11 12 13
11: 2 3 4 5 9 10 12 13
12: 4 5 6 7 8 9 10 11
13: 1 2 3 6 7 8 9 10 11

1: 2 3 13 14
2: 1 12 13 14
3: 1 11 13 14
4: 5 6 13 14
5: 4 7 13 14
6: 4 8 13 14
7: 5 9 13 14
8: 6 10 13 14
9: 7 12 13 14
10: 8 11 13 14
11: 3 10 13 14
12: 2 9 13 14
13: 1 2 3 4 5 6 7 8 9 10 11 12
14: 1 2 3 4 5 6 7 8 9 10 11 12

1: 11 12 14
2: 3 4 13 14
3: 2 5 13 14
4: 2 6 13 14
5: 3 7 13 14
6: 4 8 13 14
7: 5 10 13 14
8: 6 9 13 14
9: 8 12 13 14
10: 7 11 13 14
11: 1 10 12 13 14
12: 1 9 11 13 14
13: 2 3 4 5 6 7 8 9 10 11 12
14: 1 2 3 4 5 6 7 8 9 10 11 12

1: 11 12 13
2: 11 12 14
3: 4 5 13 14
4: 3 6 13 14
5: 3 7 13 14
6: 4 8 13 14
7: 5 10 13 14
8: 6 9 13 14
9: 8 12 13 14
10: 7 11 13 14
11: 1 2 10 12 13 14
12: 1 2 9 11 13 14
13: 1 3 4 5 6 7 8 9 10 11 12
14: 2 3 4 5 6 7 8 9 10 11 12

1: 10 12 14
2: 11 12 14
3: 11 12 13
4: 5 10 13 14
5: 4 6 13 14
6: 5 7 13 14
7: 6 8 13 14
8: 7 9 13 14
9: 8 11 13 14
10: 1 4 12 13 14
11: 2 3 9 12 13 14
12: 1 2 3 10 11 13 14
13: 3 4 5 6 7 8 9 10 11 12
14: 1 2 4 5 6 7 8 9 10 11 12

1: 10 12 13
2: 11 12 14
3: 10 12 14
4: 11 12 13
5: 6 7 13 14
6: 5 9 13 14
7: 5 8 13 14
8: 7 11 13 14
9: 6 10 13 14
10: 1 3 9 12 13 14
11: 2 4 8 12 13 14
12: 1 2 3 4 10 11 13 14
13: 1 4 5 6 7 8 9 10 11 12
14: 2 3 5 6 7 8 9 10 11 12

1: 9 11 14
2: 10 12 14
3: 11 12 14
4: 10 12 13
5: 11 12 13
6: 8 9 13 14
7: 8 10 13 14
8: 6 7 13 14
9: 1 6 11 13 14
10: 2 4 7 12 13 14
11: 1 3 5 9 12 13 14
12: 2 3 4 5 10 11 13 14
13: 4 5 6 7 8 9 10 11 12
14: 1 2 3 6 7 8 9 10 11 12

1: 9 11 14
2: 10 12 14
3: 11 12 14
4: 10 12 13
5: 11 12 13
6: 8 10 13 14
7: 8 9 11 13
8: 6 7 9 13 14
9: 1 7 8 11 14
10: 2 4 6 12 13 14
11: 1 3 5 7 9 12 13 14
12: 2 3 4 5 10 11 13 14
13: 4 5 6 7 8 10 11 12
14: 1 2 3 6 8 9 10 11 12

1: 8 9 10
2: 8 9 11
3: 7 10 11
4: 8 10 11
5: 6 7 9 10
6: 5 7 9 11
7: 3 5 6 10 11
8: 1 2 4 9 10 11
9: 1 2 5 6 8 10 11
10: 1 3 4 5 7 8 9 11
11: 2 3 4 6 7 8 9 10

1: 9 10 11
2: 7 9 11
3: 8 10 11
4: 7 8 11
5: 6 9 10
6: 5 7 8 9 10
7: 2 4 6 8 9 11
8: 3 4 6 7 10 11
9: 1 2 5 6 7 10 11
10: 1 3 5 6 8 9 11
11: 1 2 3 4 7 8 9 10

1: 6 7 8
2: 6 8 10
3: 7 8 9
4: 6 9 10
5: 7 9 10
6: 1 2 4 7 9
7: 1 3 5 6 10
8: 1 2 3 9 10
9: 3 4 5 6 8
10: 2 4 5 7 8

1: 2 7 9
2: 1 8 10
3: 4 7 10
4: 3 8 9
5: 8 9 10
6: 7 9 10
7: 1 3 6 8
8: 2 4 5 7
9: 1 4 5 6 10
10: 2 3 5 6 9

1: 5 8 9
2: 6 8 10
3: 7 9 10
4: 8 9 10
5: 1 6 7 10
6: 2 5 7 9
7: 3 5 6 8
8: 1 2 4 7
9: 1 3 4 6
10: 2 3 4 5

1: 3 9 10
2: 4 9 10
3: 1 4 7
4: 2 3 8
5: 6 7 8 9
6: 5 7 8 9
7: 3 5 6 10
8: 4 5 6 10
9: 1 2 5 6
10: 1 2 7 8

1: 2 7 8
2: 1 7 8
3: 4 7 9
4: 3 8 10
5: 6 9 10
6: 5 9 10
7: 1 2 3 10
8: 1 2 4 9
9: 3 5 6 8
10: 4 5 6 7

1: 3 7 9
2: 3 6 10
3: 1 2 8
4: 6 7 8 9
5: 6 7 8 10
6: 2 4 5 9
7: 1 4 5 10
8: 3 4 5 9 10
9: 1 4 6 8 10
10: 2 5 7 8 9

1: 2 10 11
2: 1 10 11
3: 6 9 10
4: 5 6 7
5: 4 6 8
6: 3 4 5 11
7: 4 9 10 11
8: 5 9 10 11
9: 3 7 8 11
10: 1 2 3 7 8
11: 1 2 6 7 8 9

1: 2 3 4
2: 1 5 7
3: 1 6 8
4: 1 7 8
5: 2 7 8
6: 3 7 8
7: 2 4 5 6 8
8: 3 4 5 6 7

1: 6 7 8
2: 4 6 8
3: 5 7 8
4: 2 5 7
5: 3 4 6
6: 1 2 5 8
7: 1 3 4 8
8: 1 2 3 6 7

1: 2 3 4
2: 1 3 5
3: 1 2 6
4: 1 7 8
5: 2 7 8
6: 3 7 8
7: 4 5 6 8
8: 4 5 6 7

1: 5 7 9
2: 6 8 9
3: 5 8 9
4: 6 7 9
5: 1 3 6
6: 2 4 5
7: 1 4 8 9
8: 2 3 7 9
9: 1 2 3 4 7 8

1: 6 8 9
2: 7 8 9
3: 4 5 9
4: 3 6 8
5: 3 7 8
6: 1 4 7 9
7: 2 5 6 9
8: 1 2 4 5
9: 1 2 3 6 7

1: 2 8 9
2: 1 8 9
3: 4 6 9
4: 3 7 9
5: 6 7 9
6: 3 5 8
7: 4 5 8
8: 1 2 6 7
9: 1 2 3 4 5

1: 2 6 7
2: 1 8 9
3: 4 6 8
4: 3 7 9
5: 6 7 8 9
6: 1 3 5 9
7: 1 4 5 8
8: 2 3 5 7
9: 2 4 5 6

1: 2 7 9
2: 1 8 10
3: 4 11 12
4: 3 11 12
5: 6 7 8 11
6: 5 9 10 12
7: 1 5 11 12
8: 2 5 11 12
9: 1 6 11 12
10: 2 6 11 12
11: 3 4 5 7 8 9 10
12: 3 4 6 7 8 9 10

1: 13 14 17
2: 12 15 16
3: 9 14 15
4: 10 14 15
5: 11 13 17
6: 11 12 16
7: 9 13 16
8: 10 12 17
9: 3 7 14 16
10: 4 8 15 17
11: 5 6 16 17
12: 2 6 8 15
13: 1 5 7 14
14: 1 3 4 9 13
15: 2 3 4 10 12
16: 2 6 7 9 11
17: 1 5 8 10 11

1: 12 15 17
2: 13 14 16
3: 9 14 15
4: 10 14 15
5: 11 13 17
6: 11 12 16
7: 9 12 16
8: 10 13 17
9: 3 7 14 16
10: 4 8 15 17
11: 5 6 16 17
12: 1 6 7 15
13: 2 5 8 14
14: 2 3 4 9 13
15: 1 3 4 10 12
16: 2 6 7 9 11
17: 1 5 8 10 11

1: 10 18 19
2: 12 15 19
3: 11 15 19
4: 12 13 18
5: 10 14 18
6: 12 13 16
7: 10 11 17
8: 14 16 17
9: 15 16 17
10: 1 5 7 19
11: 3 7 17 19
12: 2 4 6 19
13: 4 6 16 18
14: 5 8 17 18
15: 2 3 9 16
16: 6 8 9 13 15
17: 7 8 9 11 14
18: 1 4 5 13 14
19: 1 2 3 10 11 12

1: 12 16 19
2: 11 18 19
3: 10 17 19
4: 13 15 16
5: 13 14 18
6: 14 15 17
7: 10 15 16
8: 12 13 18
9: 11 14 17
10: 3 7 16 19
11: 2 9 17 19
12: 1 8 18 19
13: 4 5 8 16
14: 5 6 9 18
15: 4 6 7 17
16: 1 4 7 10 13
17: 3 6 9 11 15
18: 2 5 8 12 14
19: 1 2 3 10 11 12

1: 12 15 19
2: 10 15 19
3: 11 14 19
4: 15 16 17
5: 13 16 18
6: 11 14 18
7: 10 16 18
8: 12 14 17
9: 13 14 17
10: 2 7 18 19
11: 3 6 18 19
12: 1 8 17 19
13: 5 9 16 17
14: 3 6 8 9
15: 1 2 4 16
16: 4 5 7 13 15
17: 4 8 9 12 13
18: 5 6 7 10 11
19: 1 2 3 10 11 12

1: 14 16 19
2: 11 17 19
3: 12 17 18
4: 10 15 17
5: 13 15 16
6: 11 15 16
7: 10 15 18
8: 13 14 18
9: 12 14 19
10: 4 7 17 18
11: 2 6 15 19
12: 3 9 17 19
13: 5 8 16 18
14: 1 8 9 16
15: 4 5 6 7 11
16: 1 5 6 13 14
17: 2 3 4 10 12
18: 3 7 8 10 13
19: 1 2 9 11 12

1: 10 13 19
2: 12 15 19
3: 11 14 19
4: 13 16 17
5: 14 16 18
6: 15 17 18
7: 12 13 17
8: 10 14 16
9: 11 15 18
10: 1 8 16 19
11: 3 9 18 19
12: 2 7 17 19
13: 1 4 7 16
14: 3 5 8 18
15: 2 6 9 17
16: 4 5 8 10 13
17: 4 6 7 12 15
18: 5 6 9 11 14
19: 1 2 3 10 11 12

1: 15 16 17
2: 14 17 19
3: 10 18 19
4: 13 16 18
5: 11 16 18
6: 12 15 20
7: 11 15 20
8: 13 14 19
9: 10 12 17
10: 3 9 19 20
11: 5 7 18 20
12: 6 9 17 20
13: 4 8 18 19
14: 2 8 16 17
15: 1 6 7 16
16: 1 4 5 14 15
17: 1 2 9 12 14
18: 3 4 5 11 13
19: 2 3 8 10 13
20: 6 7 10 11 12

1: 11 19 20
2: 11 18 21
3: 14 19 20
4: 15 18 21
5: 12 16 20
6: 13 17 21
7: 13 17 19
8: 12 16 18
9: 15 16 17
10: 14 16 17
11: 1 2 18 19
12: 5 8 18 20
13: 6 7 19 21
14: 3 10 17 20
15: 4 9 16 21
16: 5 8 9 10 15
17: 6 7 9 10 14
18: 2 4 8 11 12
19: 1 3 7 11 13
20: 1 3 5 12 14
21: 2 4 6 13 15

1: 13 17 22
2: 13 17 19
3: 12 17 20
4: 14 19 21
5: 16 18 21
6: 15 19 21
7: 15 17 20
8: 16 18 20
9: 11 14 22
10: 11 12 18
11: 9 10 18 22
12: 3 10 20 22
13: 1 2 19 22
14: 4 9 18 19
15: 6 7 17 21
16: 5 8 20 21
17: 1 2 3 7 15
18: 5 8 10 11 14
19: 2 4 6 13 14
20: 3 7 8 12 16
21: 4 5 6 15 16
22: 1 9 11 12 13

1: 12 20 22
2: 11 17 20
3: 13 18 22
4: 14 17 19
5: 14 18 21
6: 12 17 19
7: 11 17 21
8: 13 18 19
9: 15 16 20
10: 15 16 18
11: 2 7 20 21
12: 1 6 17 22
13: 3 8 19 22
14: 4 5 19 21
15: 9 10 20 22
16: 9 10 18 21
17: 2 4 6 7 12
18: 3 5 8 10 16
19: 4 6 8 13 14
20: 1 2 9 11 15
21: 5 7 11 14 16
22: 1 3 12 13 15

1: 11 19 22
2: 12 20 21
3: 14 19 21
4: 13 20 22
5: 14 17 19
6: 13 18 20
7: 12 17 18
8: 11 17 18
9: 15 16 22
10: 15 16 21
11: 1 8 18 19
12: 2 7 17 20
13: 4 6 18 22
14: 3 5 17 21
15: 9 10 19 22
16: 9 10 20 21
17: 5 7 8 12 14
18: 6 7 8 11 13
19: 1 3 5 11 15
20: 2 4 6 12 16
21: 2 3 10 14 16
22: 1 4 9 13 15

1: 12 17 21
2: 11 18 22
3: 13 17 20
4: 13 18 19
5: 12 17 19
6: 11 18 20
7: 14 17 20
8: 15 18 19
9: 15 16 22
10: 14 16 21
11: 2 6 20 22
12: 1 5 19 21
13: 3 4 19 20
14: 7 10 17 22
15: 8 9 18 21
16: 9 10 21 22
17: 1 3 5 7 14
18: 2 4 6 8 15
19: 4 5 8 12 13
20: 3 6 7 11 13
21: 1 10 12 15 16
22: 2 9 11 14 16

1: 11 19 20
2: 11 20 22
3: 13 18 19
4: 14 18 19
5: 12 18 23
6: 12 18 21
7: 15 17 20
8: 13 15 21
9: 16 17 23
10: 14 16 22
11: 1 2 19 22
12: 5 6 21 23
13: 3 8 18 20
14: 4 10 19 23
15: 7 8 20 21
16: 9 10 22 23
17: 7 9 21 22
18: 3 4 5 6 13
19: 1 3 4 11 14
20: 1 2 7 13 15
21: 6 8 12 15 17
22: 2 10 11 16 17
23: 5 9 12 14 16

1: 11 18 23
2: 11 18 22
3: 12 19 22
4: 13 19 20
5: 13 20 21
6: 12 18 21
7: 14 16 23
8: 15 17 20
9: 15 17 18
10: 14 16 19
11: 1 2 22 23
12: 3 6 21 22
13: 4 5 19 21
14: 7 10 20 23
15: 8 9 20 23
16: 7 10 19 22
17: 8 9 18 21
18: 1 2 6 9 17
19: 3 4 10 13 16
20: 4 5 8 14 15
21: 5 6 12 13 17
22: 2 3 11 12 16
23: 1 7 11 14 15

1: 14 18 19
2: 13 18 19
3: 11 20 22
4: 12 21 23
5: 12 19 21
6: 11 18 20
7: 15 16 22
8: 15 17 23
9: 14 17 20
10: 13 16 21
11: 3 6 18 22
12: 4 5 19 23
13: 2 10 19 22
14: 1 9 18 23
15: 7 8 20 21
16: 7 10 21 22
17: 8 9 20 23
18: 1 2 6 11 14
19: 1 2 5 12 13
20: 3 6 9 15 17
21: 4 5 10 15 16
22: 3 7 11 13 16
23: 4 8 12 14 17

1: 13 19 20
2: 13 18 21
3: 12 19 23
4: 11 18 22
5: 11 18 20
6: 12 19 21
7: 15 17 22
8: 14 16 23
9: 14 16 20
10: 15 17 21
11: 4 5 20 22
12: 3 6 21 23
13: 1 2 18 19
14: 8 9 22 23
15: 7 10 22 23
16: 8 9 19 20
17: 7 10 18 21
18: 2 4 5 13 17
19: 1 3 6 13 16
20: 1 5 9 11 16
21: 2 6 10 12 17
22: 4 7 11 14 15
23: 3 8 12 14 15

1: 16 20 24
2: 18 19 24
3: 17 20 23
4: 18 19 20
5: 12 17 21
6: 13 14 22
7: 14 16 22
8: 13 15 21
9: 13 15 23
10: 11 12 19
11: 10 21 22 24
12: 5 10 19 21
13: 6 8 9 22
14: 6 7 20 23
15: 8 9 21 23
16: 1 7 22 24
17: 3 5 19 23
18: 2 4 20 24
19: 2 4 10 12 17
20: 1 3 4 14 18
21: 5 8 11 12 15
22: 6 7 11 13 16
23: 3 9 14 15 17
24: 1 2 11 16 18

1: 16 19 22
2: 17 23 24
3: 18 19 24
4: 18 19 23
5: 12 15 22
6: 13 17 20
7: 12 15 21
8: 13 15 20
9: 11 14 19
10: 11 14 21
11: 9 10 19 22
12: 5 7 21 22
13: 6 8 21 24
14: 9 10 21 24
15: 5 7 8 20
16: 1 20 22 23
17: 2 6 20 23
18: 3 4 23 24
19: 1 3 4 9 11
20: 6 8 15 16 17
21: 7 10 12 13 14
22: 1 5 11 12 16
23: 2 4 16 17 18
24: 2 3 13 14 18

1: 13 23 25
2: 15 24 25
3: 14 22 25
4: 16 19 21
5: 17 21 23
6: 18 20 24
7: 18 19 24
8: 16 19 22
9: 17 19 20
10: 13 21 22
11: 14 22 24
12: 15 20 23
13: 1 10 21 25
14: 3 11 24 25
15: 2 12 23 25
16: 4 8 21 22
17: 5 9 20 23
18: 6 7 19 20
19: 4 7 8 9 18
20: 6 9 12 17 18
21: 4 5 10 13 16
22: 3 8 10 11 16
23: 1 5 12 15 17
24: 2 6 7 11 14
25: 1 2 3 13 14 15

1: 18 21 22
2: 14 21 22
3: 19 21 23
4: 13 15 22
5: 13 15 25
6: 15 18 24
7: 17 20 25
8: 14 16 25
9: 18 19 24
10: 17 20 24
11: 19 20 23
12: 14 16 23
13: 4 5 22 25
14: 2 8 12 22
15: 4 5 6 24
16: 8 12 23 25
17: 7 10 24 25
18: 1 6 9 21
19: 3 9 11 24
20: 7 10 11 23
21: 1 2 3 18 23
22: 1 2 4 13 14
23: 3 11 12 16 20 21
24: 6 9 10 15 17 19
25: 5 7 8 13 16 17

1: 14 22 25
2: 15 24 25
3: 13 23 25
4: 16 21 22
5: 18 19 23
6: 17 20 24
7: 16 19 21
8: 18 19 20
9: 17 20 21
10: 13 19 22
11: 14 21 24
12: 15 20 23
13: 3 10 22 25
14: 1 11 24 25
15: 2 12 23 25
16: 4 7 19 22
17: 6 9 21 24
18: 5 8 20 23
19: 5 7 8 10 16
20: 6 8 9 12 18
21: 4 7 9 11 17
22: 1 4 10 13 16
23: 3 5 12 15 18
24: 2 6 11 14 17
25: 1 2 3 13 14 15

1: 13 15 22
2: 13 14 24
3: 14 15 23
4: 15 16 22
5: 14 18 23
6: 13 17 24
7: 17 19 25
8: 18 20 25
9: 16 21 25
10: 17 19 22
11: 18 20 24
12: 16 21 23
13: 1 2 6 22
14: 2 3 5 24
15: 1 3 4 23
16: 4 9 12 22
17: 6 7 10 24
18: 5 8 11 23
19: 7 10 22 25
20: 8 11 24 25
21: 9 12 23 25
22: 1 4 10 13 16 19
23: 3 5 12 15 18 21
24: 2 6 11 14 17 20
25: 7 8 9 19 20 21

1: 18 23 25
2: 19 22 24
3: 11 14 24
4: 12 15 25
5: 11 14 22
6: 12 15 23
7: 14 17 21
8: 15 16 20
9: 16 19 20
10: 17 18 21
11: 3 5 22 24
12: 4 6 23 25
13: 20 21 24 25
14: 3 5 7 21
15: 4 6 8 20
16: 8 9 22 23
17: 7 10 22 23
18: 1 10 21 25
19: 2 9 20 24
20: 8 9 13 15 19
21: 7 10 13 14 18
22: 2 5 11 16 17
23: 1 6 12 16 17
24: 2 3 11 13 19
25: 1 4 12 13 18

1: 20 23 24
2: 21 22 25
3: 19 20 23
4: 19 21 22
5: 14 16 25
6: 13 15 25
7: 14 16 24
8: 13 15 24
9: 14 18 23
10: 13 17 22
11: 13 17 20
12: 14 18 21
13: 6 8 10 11
14: 5 7 9 12
15: 6 8 24 25
16: 5 7 24 25
17: 10 11 20 22
18: 9 12 21 23
19: 3 4 22 23
20: 1 3 11 17 24
21: 2 4 12 18 25
22: 2 4 10 17 19
23: 1 3 9 18 19
24: 1 7 8 15 16 20
25: 2 5 6 15 16 21

1: 15 22 24
2: 16 23 25
3: 13 21 24
4: 14 20 25
5: 13 21 23
6: 14 20 22
7: 16 20 21
8: 15 20 21
9: 17 19 24
10: 18 19 25
11: 18 19 22
12: 17 19 23
13: 3 5 23 24
14: 4 6 22 25
15: 1 8 20 24
16: 2 7 21 25
17: 9 12 23 24
18: 10 11 22 25
19: 9 10 11 12
20: 4 6 7 8 15
21: 3 5 7 8 16
22: 1 6 11 14 18
23: 2 5 12 13 17
24: 1 3 9 13 15 17
25: 2 4 10 14 16 18

1: 12 23 26
2: 14 20 21
3: 14 21 25
4: 13 21 22
5: 13 20 24
6: 15 20 24
7: 16 22 23
8: 17 19 23
9: 17 19 25
10: 15 18 26
11: 16 18 22
12: 1 20 25 26
13: 4 5 21 24
14: 2 3 20 25
15: 6 10 24 26
16: 7 11 23 26
17: 8 9 21 22
18: 10 11 22 24
19: 8 9 23 25
20: 2 5 6 12 14
21: 2 3 4 13 17
22: 4 7 11 17 18
23: 1 7 8 16 19
24: 5 6 13 15 18
25: 3 9 12 14 19
26: 1 10 12 15 16

1: 15 21 23
2: 17 21 24
3: 14 22 24
4: 16 20 22
5: 12 21 23
6: 13 20 26
7: 13 20 25
8: 14 15 22
9: 18 19 23
10: 18 19 26
11: 16 17 25
12: 5 21 25 26
13: 6 7 25 26
14: 3 8 21 24
15: 1 8 22 23
16: 4 11 20 24
17: 2 11 24 25
18: 9 10 23 26
19: 9 10 20 22
20: 4 6 7 16 19
21: 1 2 5 12 14
22: 3 4 8 15 19
23: 1 5 9 15 18
24: 2 3 14 16 17
25: 7 11 12 13 17
26: 6 10 12 13 18

1: 18 22 26
2: 17 22 26
3: 16 22 24
4: 20 25 27
5: 19 21 27
6: 12 19 23
7: 13 15 23
8: 16 20 24
9: 16 17 25
10: 13 19 21
11: 14 15 21
12: 6 23 24 27
13: 7 10 21 23
14: 11 25 26 27
15: 7 11 21 26
16: 3 8 9 22
17: 2 9 22 25
18: 1 23 24 26
19: 5 6 10 27
20: 4 8 24 25
21: 5 10 11 13 15
22: 1 2 3 16 17
23: 6 7 12 13 18
24: 3 8 12 18 20
25: 4 9 14 17 20
26: 1 2 14 15 18
27: 4 5 12 14 19

1: 19 22 23
2: 20 23 24
3: 18 24 27
4: 12 16 28
5: 16 21 25
6: 12 16 26
7: 15 16 25
8: 18 19 22
9: 14 17 22
10: 20 21 26
11: 14 17 27
12: 4 6 26 28
13: 24 26 27 28
14: 9 11 23 28
15: 7 23 25 28
16: 4 5 6 7
17: 9 11 22 27
18: 3 8 22 27
19: 1 8 23 24
20: 2 10 24 25
21: 5 10 25 26
22: 1 8 9 17 18
23: 1 2 14 15 19
24: 2 3 13 19 20
25: 5 7 15 20 21
26: 6 10 12 13 21
27: 3 11 13 17 18
28: 4 12 13 14 15

1: 19 26 28
2: 20 26 27
3: 15 22 29
4: 16 23 27
5: 14 22 24
6: 18 23 25
7: 13 23 25
8: 17 22 24
9: 17 21 29
10: 18 21 28
11: 15 20 22
12: 16 19 23
13: 7 25 27 29
14: 5 24 26 28
15: 3 11 27 29
16: 4 12 26 27
17: 8 9 24 29
18: 6 10 25 28
19: 1 12 23 28
20: 2 11 22 26
21: 9 10 24 25
22: 3 5 8 11 20
23: 4 6 7 12 19
24: 5 8 14 17 21
25: 6 7 13 18 21
26: 1 2 14 16 20
27: 2 4 13 15 16
28: 1 10 14 18 19
29: 3 9 13 15 17

1: 15 27 29
2: 17 23 25
3: 13 22 26
4: 14 22 26
5: 19 23 25
6: 21 22 28
7: 18 23 28
8: 20 24 27
9: 14 17 29
10: 16 19 24
11: 15 21 22
12: 18 20 24
13: 3 23 26 28
14: 4 9 26 29
15: 1 11 22 29
16: 10 25 27 29
17: 2 9 25 26
18: 7 12 23 24
19: 5 10 24 25
20: 8 12 27 28
21: 6 11 27 28
22: 3 4 6 11 15
23: 2 5 7 13 18
24: 8 10 12 18 19
25: 2 5 16 17 19
26: 3 4 13 14 17
27: 1 8 16 20 21
28: 6 7 13 20 21
29: 1 9 14 15 16

1: 22 25 26
2: 13 23 26
3: 14 24 28
4: 17 25 28
5: 18 27 29
6: 13 23 27
7: 20 21 30
8: 18 19 30
9: 15 19 23
10: 20 21 29
11: 16 22 24
12: 17 22 24
13: 2 6 26 27
14: 3 27 28 29
15: 9 25 26 30
16: 11 24 26 27
17: 4 12 24 28
18: 5 8 23 29
19: 8 9 23 30
20: 7 10 29 30
21: 7 10 25 28
22: 1 11 12 25
23: 2 6 9 18 19
24: 3 11 12 16 17
25: 1 4 15 21 22
26: 1 2 13 15 16
27: 5 6 13 14 16
28: 3 4 14 17 21
29: 5 10 14 18 20
30: 7 8 15 19 20

1: 13 23 30
2: 22 25 27
3: 13 23 27
4: 17 23 28
5: 14 24 26
6: 18 25 26
7: 19 20 29
8: 16 21 29
9: 19 20 28
10: 15 22 24
11: 18 22 24
12: 16 21 23
13: 1 3 27 30
14: 5 26 29 30
15: 10 24 27 30
16: 8 12 29 30
17: 4 25 27 28
18: 6 11 24 26
19: 7 9 28 29
20: 7 9 25 26
21: 8 12 23 28
22: 2 10 11 25
23: 1 3 4 12 21
24: 5 10 11 15 18
25: 2 6 17 20 22
26: 5 6 14 18 20
27: 2 3 13 15 17
28: 4 9 17 19 21
29: 7 8 14 16 19
30: 1 13 14 15 16

1: 16 24 26
2: 18 26 27
3: 19 27 30
4: 20 28 29
5: 13 17 31
6: 13 17 30
7: 15 17 25
8: 18 19 24
9: 14 19 24
10: 22 23 29
11: 22 23 28
12: 15 20 25
13: 5 6 30 31
14: 9 24 30 31
15: 7 12 29 31
16: 1 26 29 31
17: 5 6 7 25
18: 2 8 24 26
19: 3 8 9 27
20: 4 12 25 28
21: 25 27 28 30
22: 10 11 28 29
23: 10 11 26 27
24: 1 8 9 14 18
25: 7 12 17 20 21
26: 1 2 16 18 23
27: 2 3 19 21 23
28: 4 11 20 21 22
29: 4 10 15 16 22
30: 3 6 13 14 21
31: 5 13 14 15 16

1: 23 25 32
2: 24 28 29
3: 23 24 25
4: 16 19 29
5: 17 20 31
6: 17 20 26
7: 20 21 27
8: 18 20 27
9: 15 22 25
10: 15 22 28
11: 14 21 26
12: 18 19 30
13: 26 29 31 32
14: 11 27 30 32
15: 9 10 30 32
16: 4 28 29 30
17: 5 6 26 31
18: 8 12 27 31
19: 4 12 30 31
20: 5 6 7 8
21: 7 11 26 27
22: 9 10 25 28
23: 1 3 29 32
24: 2 3 25 28
25: 1 3 9 22 24
26: 6 11 13 17 21
27: 7 8 14 18 21
28: 2 10 16 22 24
29: 2 4 13 16 23
30: 12 14 15 16 19
31: 5 13 17 18 19
32: 1 13 14 15 23

1: 23 27 29
2: 16 24 27
3: 14 25 32
4: 15 24 30
5: 17 25 31
6: 15 26 28
7: 21 28 29
8: 19 24 30
9: 20 25 26
10: 18 23 27
11: 19 22 32
12: 21 23 31
13: 20 22 26
14: 3 24 27 32
15: 4 6 28 30
16: 2 24 28 29
17: 5 26 28 31
18: 10 25 27 31
19: 8 11 30 32
20: 9 13 25 32
21: 7 12 29 31
22: 11 13 26 30
23: 1 10 12 29
24: 2 4 8 14 16
25: 3 5 9 18 20
26: 6 9 13 17 22
27: 1 2 10 14 18
28: 6 7 15 16 17
29: 1 7 16 21 23
30: 4 8 15 19 22
31: 5 12 17 18 21
32: 3 11 14 19 20

1: 23 26 28
2: 18 27 29
3: 19 27 30
4: 17 24 25
5: 15 24 25
6: 21 25 29
7: 22 28 30
8: 14 24 31
9: 16 26 32
10: 20 23 26
11: 22 23 31
12: 17 18 27
13: 19 21 32
14: 8 27 30 31
15: 5 25 26 32
16: 9 28 30 32
17: 4 12 24 27
18: 2 12 25 29
19: 3 13 29 30
20: 10 24 26 31
21: 6 13 29 32
22: 7 11 28 31
23: 1 10 11 28
24: 4 5 8 17 20
25: 4 5 6 15 18
26: 1 9 10 15 20
27: 2 3 12 14 17
28: 1 7 16 22 23
29: 2 6 18 19 21
30: 3 7 14 16 19
31: 8 11 14 20 22
32: 9 13 15 16 21

1: 21 30 31
2: 22 29 32
3: 23 27 31
4: 24 28 32
5: 19 25 30
6: 20 26 29
7: 22 24 26
8: 21 23 25
9: 18 24 28
10: 17 23 27
11: 15 20 28
12: 16 19 27
13: 18 20 26
14: 17 19 25
15: 11 28 29 31
16: 12 27 30 32
17: 10 14 25 27
18: 9 13 26 28
19: 5 12 14 30
20: 6 11 13 29
21: 1 8 25 31
22: 2 7 26 32
23: 3 8 10 31
24: 4 7 9 32
25: 5 8 14 17 21
26: 6 7 13 18 22
27: 3 10 12 16 17
28: 4 9 11 15 18
29: 2 6 15 20 31
30: 1 5 16 19 32
31: 1 3 15 21 23 29
32: 2 4 16 22 24 30

1: 24 31 32
2: 23 31 32
3: 23 30 32
4: 24 29 32
5: 18 22 32
6: 17 21 32
7: 22 26 31
8: 21 25 31
9: 21 25 27
10: 22 26 28
11: 20 27 29
12: 19 28 30
13: 19 23 26
14: 20 24 25
15: 17 27 29
16: 18 28 30
17: 6 15 27 32
18: 5 16 28 32
19: 12 13 26 30
20: 11 14 25 29
21: 6 8 9 27
22: 5 7 10 28
23: 2 3 13 30
24: 1 4 14 29
25: 8 9 14 20 31
26: 7 10 13 19 31
27: 9 11 15 17 21
28: 10 12 16 18 22
29: 4 11 15 20 24
30: 3 12 16 19 23
31: 1 2 7 8 25 26
32: 1 2 3 4 5 6 17 18

1: 14 25 30
2: 19 25 29
3: 23 26 27
4: 16 26 27
5: 17 26 28
6: 14 25 32
7: 18 28 33
8: 21 23 31
9: 17 23 31
10: 22 24 25
11: 22 24 29
12: 19 20 30
13: 18 21 27
14: 1 6 30 32
15: 26 28 30 32
16: 4 27 32 33
17: 5 9 28 31
18: 7 13 31 33
19: 2 12 29 30
20: 12 28 29 33
21: 8 13 27 31
22: 10 11 25 29
23: 3 8 9 26
24: 10 11 32 33
25: 1 2 6 10 22
26: 3 4 5 15 23
27: 3 4 13 16 21
28: 5 7 15 17 20
29: 2 11 19 20 22
30: 1 12 14 15 19
31: 8 9 17 18 21
32: 6 14 15 16 24
33: 7 16 18 20 24

1: 20 25 26
2: 24 27 29
3: 21 26 29
4: 18 25 27
5: 17 26 29
6: 20 27 31
7: 23 28 32
8: 14 22 30
9: 15 19 30
10: 14 22 28
11: 19 23 28
12: 17 18 25
13: 15 19 33
14: 8 10 28 30
15: 9 13 30 33
16: 27 30 31 33
17: 5 12 25 26
18: 4 12 27 29
19: 9 11 13 28
20: 1 6 25 31
21: 3 26 31 32
22: 8 10 31 32
23: 7 11 32 33
24: 2 29 32 33
25: 1 4 12 17 20
26: 1 3 5 17 21
27: 2 4 6 16 18
28: 7 10 11 14 19
29: 2 3 5 18 24
30: 8 9 14 15 16
31: 6 16 20 21 22
32: 7 21 22 23 24
33: 13 15 16 23 24

1: 23 28 29
2: 24 27 30
3: 17 26 28
4: 18 25 27
5: 19 23 29
6: 20 24 30
7: 21 26 32
8: 22 25 31
9: 17 21 29
10: 18 22 30
11: 20 22 31
12: 19 21 32
13: 15 23 32
14: 16 24 31
15: 13 28 32 33
16: 14 27 31 33
17: 3 9 26 29
18: 4 10 25 30
19: 5 12 29 32
20: 6 11 30 31
21: 7 9 12 26
22: 8 10 11 25
23: 1 5 13 28
24: 2 6 14 27
25: 4 8 18 22 33
26: 3 7 17 21 33
27: 2 4 16 24 33
28: 1 3 15 23 33
29: 1 5 9 17 19
30: 2 6 10 18 20
31: 8 11 14 16 20
32: 7 12 13 15 19
33: 15 16 25 26 27 28

1: 27 30 32
2: 27 31 33
3: 25 28 32
4: 26 29 33
5: 19 24 32
6: 20 23 33
7: 17 21 32
8: 18 22 33
9: 19 24 31
10: 20 23 30
11: 18 22 31
12: 17 21 30
13: 18 26 28
14: 17 25 29
15: 17 23 29
16: 18 24 28
17: 7 12 14 15
18: 8 11 13 16
19: 5 9 31 32
20: 6 10 30 33
21: 7 12 30 32
22: 8 11 31 33
23: 6 10 15 29
24: 5 9 16 28
25: 3 14 29 32
26: 4 13 28 33
27: 1 2 30 31
28: 3 13 16 24 26
29: 4 14 15 23 25
30: 1 10 12 20 21 27
31: 2 9 11 19 22 27
32: 1 3 5 7 19 21 25
33: 2 4 6 8 20 22 26

1: 21 26 33
2: 22 25 33
3: 24 28 33
4: 23 27 33
5: 21 26 29
6: 22 25 30
7: 23 27 32
8: 24 28 31
9: 17 29 30
10: 18 29 30
11: 19 31 32
12: 20 31 32
13: 17 21 25
14: 18 22 26
15: 19 24 27
16: 20 23 28
17: 9 13 25 29
18: 10 14 26 30
19: 11 15 27 31
20: 12 16 28 32
21: 1 5 13 29
22: 2 6 14 30
23: 4 7 16 32
24: 3 8 15 31
25: 2 6 13 17 33
26: 1 5 14 18 33
27: 4 7 15 19 33
28: 3 8 16 20 33
29: 5 9 10 17 21
30: 6 9 10 18 22
31: 8 11 12 19 24
32: 7 11 12 20 23
33: 1 2 3 4 25 26 27 28

1: 27 30 31
2: 28 29 31
3: 17 30 31
4: 18 29 31
5: 17 28 32
6: 18 27 33
7: 19 26 32
8: 20 25 33
9: 19 26 28
10: 20 25 27
11: 24 25 26
12: 23 25 26
13: 21 24 32
14: 22 23 33
15: 22 23 29
16: 21 24 30
17: 3 5 30 32
18: 4 6 29 33
19: 7 9 28 32
20: 8 10 27 33
21: 13 16 30 32
22: 14 15 29 33
23: 12 14 15 26
24: 11 13 16 25
25: 8 10 11 12 24
26: 7 9 11 12 23
27: 1 6 10 20 31
28: 2 5 9 19 31
29: 2 4 15 18 22
30: 1 3 16 17 21
31: 1 2 3 4 27 28
32: 5 7 13 17 19 21
33: 6 8 14 18 20 22

1: 22 29 32
2: 24 32 33
3: 23 26 31
4: 25 26 30
5: 25 26 34
6: 16 24 28
7: 16 17 27
8: 17 19 28
9: 17 19 29
10: 14 17 27
11: 15 23 30
12: 18 20 31
13: 18 20 26
14: 10 27 29 32
15: 11 31 32 33
16: 6 7 27 28
17: 7 8 9 10
18: 12 13 26 31
19: 8 9 28 29
20: 12 13 33 34
21: 28 29 33 34
22: 1 30 32 34
23: 3 11 30 31
24: 2 6 27 33
25: 4 5 30 34
26: 3 4 5 13 18
27: 7 10 14 16 24
28: 6 8 16 19 21
29: 1 9 14 19 21
30: 4 11 22 23 25
31: 3 12 15 18 23
32: 1 2 14 15 22
33: 2 15 20 21 24
34: 5 20 21 22 25

1: 21 30 34
2: 22 26 32
3: 24 31 32
4: 25 27 30
5: 23 29 31
6: 22 23 26
7: 18 25 27
8: 18 20 28
9: 18 20 33
10: 16 17 27
11: 16 17 28
12: 15 19 26
13: 15 19 29
14: 28 32 33 34
15: 12 13 32 34
16: 10 11 30 34
17: 10 11 27 28
18: 7 8 9 27
19: 12 13 26 29
20: 8 9 28 33
21: 1 29 31 34
22: 2 6 31 32
23: 5 6 26 29
24: 3 30 31 33
25: 4 7 30 33
26: 2 6 12 19 23
27: 4 7 10 17 18
28: 8 11 14 17 20
29: 5 13 19 21 23
30: 1 4 16 24 25
31: 3 5 21 22 24
32: 2 3 14 15 22
33: 9 14 20 24 25
34: 1 14 15 16 21

1: 23 27 31
2: 24 28 34
3: 26 29 33
4: 25 30 32
5: 18 27 28
6: 20 27 29
7: 17 28 30
8: 19 29 30
9: 21 23 31
10: 22 26 33
11: 22 25 32
12: 21 24 34
13: 17 24 31
14: 18 23 34
15: 20 26 32
16: 19 25 33
17: 7 13 28 31
18: 5 14 27 34
19: 8 16 30 33
20: 6 15 29 32
21: 9 12 31 34
22: 10 11 32 33
23: 1 9 14 27
24: 2 12 13 28
25: 4 11 16 30
26: 3 10 15 29
27: 1 5 6 18 23
28: 2 5 7 17 24
29: 3 6 8 20 26
30: 4 7 8 19 25
31: 1 9 13 17 21
32: 4 11 15 20 22
33: 3 10 16 19 22
34: 2 12 14 18 21

1: 21 29 34
2: 23 30 33
3: 26 28 32
4: 25 27 31
5: 19 28 34
6: 17 33 34
7: 20 33 34
8: 18 27 28
9: 21 22 29
10: 22 23 30
11: 24 26 32
12: 24 25 31
13: 17 21 30
14: 20 23 29
15: 18 26 31
16: 19 25 32
17: 6 13 30 34
18: 8 15 28 31
19: 5 16 27 32
20: 7 14 29 33
21: 1 9 13 34
22: 9 10 29 30
23: 2 10 14 33
24: 11 12 31 32
25: 4 12 16 27
26: 3 11 15 28
27: 4 8 19 25 33
28: 3 5 8 18 26
29: 1 9 14 20 22
30: 2 10 13 17 22
31: 4 12 15 18 24
32: 3 11 16 19 24
33: 2 6 7 20 23 27
34: 1 5 6 7 17 21

1: 26 31 34
2: 17 31 34
3: 18 30 34
4: 19 27 31
5: 19 26 30
6: 19 20 27
7: 24 32 33
8: 23 32 33
9: 21 29 32
10: 22 28 33
11: 21 25 29
12: 22 25 28
13: 21 24 28
14: 22 23 29
15: 18 20 30
16: 17 18 27
17: 2 16 27 34
18: 3 15 16 34
19: 4 5 6 31
20: 6 15 27 30
21: 9 11 13 32
22: 10 12 14 33
23: 8 14 29 33
24: 7 13 28 32
25: 11 12 28 29
26: 1 5 30 31
27: 4 6 16 17 20
28: 10 12 13 24 25
29: 9 11 14 23 25
30: 3 5 15 20 26
31: 1 2 4 19 26
32: 7 8 9 21 24 34
33: 7 8 10 22 23 34
34: 1 2 3 17 18 32 33

1: 26 31 35
2: 24 28 31
3: 25 27 34
4: 15 24 29
5: 16 18 33
6: 18 19 32
7: 14 20 28
8: 20 21 29
9: 16 17 27
10: 21 24 28
11: 17 22 30
12: 23 25 30
13: 22 25 27
14: 7 31 33 35
15: 4 29 31 32
16: 5 9 34 35
17: 9 11 27 35
18: 5 6 33 34
19: 6 29 32 33
20: 7 8 28 33
21: 8 10 28 29
22: 11 13 27 30
23: 12 30 32 34
24: 2 4 10 31
25: 3 12 13 34
26: 1 30 32 35
27: 3 9 13 17 22
28: 2 7 10 20 21
29: 4 8 15 19 21
30: 11 12 22 23 26
31: 1 2 14 15 24
32: 6 15 19 23 26
33: 5 14 18 19 20
34: 3 16 18 23 25
35: 1 14 16 17 26

1: 24 28 32
2: 25 31 33
3: 26 29 35
4: 27 30 34
5: 19 32 33
6: 18 32 33
7: 20 34 35
8: 21 34 35
9: 22 24 28
10: 23 27 30
11: 23 26 29
12: 22 25 31
13: 18 25 28
14: 19 24 31
15: 20 27 29
16: 21 26 30
17: 32 33 34 35
18: 6 13 28 33
19: 5 14 31 32
20: 7 15 29 34
21: 8 16 30 35
22: 9 12 28 31
23: 10 11 29 30
24: 1 9 14 32
25: 2 12 13 33
26: 3 11 16 35
27: 4 10 15 34
28: 1 9 13 18 22
29: 3 11 15 20 23
30: 4 10 16 21 23
31: 2 12 14 19 22
32: 1 5 6 17 19 24
33: 2 5 6 17 18 25
34: 4 7 8 17 20 27
35: 3 7 8 17 21 26

1: 21 33 35
2: 33 34 35
3: 19 33 35
4: 18 29 35
5: 20 28 33
6: 20 21 29
7: 20 22 28
8: 26 32 34
9: 25 32 34
10: 23 30 32
11: 24 31 34
12: 24 27 31
13: 23 27 30
14: 24 26 30
15: 23 25 31
16: 18 22 29
17: 18 19 28
18: 4 16 17 35
19: 3 17 28 35
20: 5 6 7 33
21: 1 6 29 33
22: 7 16 28 29
23: 10 13 15 32
24: 11 12 14 34
25: 9 15 31 32
26: 8 14 30 34
27: 12 13 30 31
28: 5 7 17 19 22
29: 4 6 16 21 22
30: 10 13 14 26 27
31: 11 12 15 25 27
32: 8 9 10 23 25 35
33: 1 2 3 5 20 21
34: 2 8 9 11 24 26 35
35: 1 2 3 4 18 19 32 34

1: 27 29 36
2: 26 28 36
3: 18 19 36
4: 26 28 30
5: 27 29 31
6: 24 33 35
7: 25 32 34
8: 20 30 32
9: 21 31 33
10: 21 27 35
11: 20 26 34
12: 23 30 32
13: 22 31 33
14: 22 24 29
15: 23 25 28
16: 18 24 35
17: 19 25 34
18: 3 16 35 36
19: 3 17 34 36
20: 8 11 30 34
21: 9 10 31 35
22: 13 14 29 33
23: 12 15 28 32
24: 6 14 16 33
25: 7 15 17 32
26: 2 4 11 30
27: 1 5 10 31
28: 2 4 15 23 36
29: 1 5 14 22 36
30: 4 8 12 20 26
31: 5 9 13 21 27
32: 7 8 12 23 25
33: 6 9 13 22 24
34: 7 11 17 19 20
35: 6 10 16 18 21
36: 1 2 3 18 19 28 29

1: 15 27 35
2: 16 29 36
3: 18 31 33
4: 24 30 32
5: 16 31 32
6: 21 27 28
7: 17 27 28
8: 25 28 29
9: 23 26 34
10: 19 24 34
11: 21 25 33
12: 20 26 30
13: 22 25 29
14: 23 24 30
15: 1 34 35 36
16: 2 5 31 36
17: 7 27 29 36
18: 3 27 33 35
19: 10 32 34 36
20: 12 31 32 35
21: 6 11 28 33
22: 13 29 31 33
23: 9 14 30 34
24: 4 10 14 32
25: 8 11 13 28
26: 9 12 30 35
27: 1 6 7 17 18
28: 6 7 8 21 25
29: 2 8 13 17 22
30: 4 12 14 23 26
31: 3 5 16 20 22
32: 4 5 19 20 24
33: 3 11 18 21 22
34: 9 10 15 19 23
35: 1 15 18 20 26
36: 2 15 16 17 19

1: 15 27 36
2: 24 29 30
3: 26 27 31
4: 16 28 32
5: 21 33 34
6: 17 30 33
7: 22 28 31
8: 19 28 32
9: 23 25 35
10: 18 24 35
11: 23 24 29
12: 22 26 34
13: 21 26 27
14: 20 25 29
15: 1 28 31 36
16: 4 32 35 36
17: 6 27 33 36
18: 10 30 35 36
19: 8 28 33 34
20: 14 30 32 33
21: 5 13 27 34
22: 7 12 31 34
23: 9 11 29 35
24: 2 10 11 30
25: 9 14 29 32
26: 3 12 13 31
27: 1 3 13 17 21
28: 4 7 8 15 19
29: 2 11 14 23 25
30: 2 6 18 20 24
31: 3 7 15 22 26
32: 4 8 16 20 25
33: 5 6 17 19 20
34: 5 12 19 21 22
35: 9 10 16 18 23
36: 1 15 16 17 18

1: 28 34 36
2: 18 28 36
3: 27 33 36
4: 19 35 36
5: 20 28 29
6: 21 22 32
7: 22 32 33
8: 20 23 30
9: 22 27 35
10: 23 26 31
11: 23 31 34
12: 24 26 30
13: 24 25 31
14: 25 29 34
15: 24 29 30
16: 19 21 35
17: 18 19 32
18: 2 17 32 36
19: 4 16 17 36
20: 5 8 30 34
21: 6 16 32 35
22: 6 7 9 33
23: 8 10 11 34
24: 12 13 15 29
25: 13 14 29 31
26: 10 12 30 31
27: 3 9 33 35
28: 1 2 5 33
29: 5 14 15 24 25
30: 8 12 15 20 26
31: 10 11 13 25 26
32: 6 7 17 18 21
33: 3 7 22 27 28
34: 1 11 14 20 23
35: 4 9 16 21 27
36: 1 2 3 4 18 19

1: 15 29 37
2: 18 32 34
3: 25 35 36
4: 27 33 36
5: 24 28 35
6: 26 29 34
7: 20 21 31
8: 19 21 31
9: 21 23 30
10: 21 23 32
11: 16 22 28
12: 16 22 33
13: 24 27 28
14: 19 26 30
15: 1 33 36 37
16: 11 12 35 37
17: 29 30 32 37
18: 2 34 35 37
19: 8 14 30 31
20: 7 31 32 34
21: 7 8 9 10
22: 11 12 28 33
23: 9 10 30 32
24: 5 13 35 36
25: 3 29 34 36
26: 6 14 29 31
27: 4 13 28 33
28: 5 11 13 22 27
29: 1 6 17 25 26
30: 9 14 17 19 23
31: 7 8 19 20 26
32: 2 10 17 20 23
33: 4 12 15 22 27
34: 2 6 18 20 25
35: 3 5 16 18 24
36: 3 4 15 24 25
37: 1 15 16 17 18

1: 18 35 37
2: 19 34 36
3: 18 31 33
4: 19 30 32
5: 20 28 37
6: 21 29 36
7: 20 28 31
8: 21 29 30
9: 22 31 33
10: 23 30 32
11: 25 27 35
12: 24 26 34
13: 25 27 33
14: 24 26 32
15: 22 27 28
16: 23 26 29
17: 34 35 36 37
18: 1 3 31 35
19: 2 4 30 34
20: 5 7 31 37
21: 6 8 30 36
22: 9 15 28 33
23: 10 16 29 32
24: 12 14 32 34
25: 11 13 33 35
26: 12 14 16 37
27: 11 13 15 36
28: 5 7 15 22 36
29: 6 8 16 23 37
30: 4 8 10 19 21
31: 3 7 9 18 20
32: 4 10 14 23 24
33: 3 9 13 22 25
34: 2 12 17 19 24
35: 1 11 17 18 25
36: 2 6 17 21 27 28
37: 1 5 17 20 26 29

1: 20 36 37
2: 19 35 37
3: 26 29 34
4: 25 30 33
5: 22 27 33
6: 21 28 34
7: 24 27 35
8: 23 28 36
9: 22 27 31
10: 21 28 32
11: 25 27 35
12: 26 28 36
13: 19 30 35
14: 20 29 36
15: 18 30 33
16: 17 29 34
17: 16 32 34 37
18: 15 31 33 37
19: 2 13 30 37
20: 1 14 29 37
21: 6 10 32 34
22: 5 9 31 33
23: 8 31 32 36
24: 7 31 32 35
25: 4 11 27 30
26: 3 12 28 29
27: 5 7 9 11 25
28: 6 8 10 12 26
29: 3 14 16 20 26
30: 4 13 15 19 25
31: 9 18 22 23 24
32: 10 17 21 23 24
33: 4 5 15 18 22
34: 3 6 16 17 21
35: 2 7 11 13 24
36: 1 8 12 14 23
37: 1 2 17 18 19 20

1: 35 36 37
2: 19 36 37
3: 28 33 37
4: 18 32 37
5: 20 29 36
6: 20 21 32
7: 28 33 34
8: 20 23 29
9: 22 27 30
10: 25 27 31
11: 27 31 35
12: 24 26 31
13: 24 34 35
14: 26 30 34
15: 25 26 30
16: 18 23 32
17: 18 19 29
18: 4 16 17 37
19: 2 17 29 37
20: 5 6 8 36
21: 6 28 32 36
22: 9 30 33 35
23: 8 16 29 32
24: 12 13 31 34
25: 10 15 30 31
26: 12 14 15 34
27: 9 10 11 35
28: 3 7 21 36 37
29: 5 8 17 19 23
30: 9 14 15 22 25
31: 10 11 12 24 25
32: 4 6 16 21 23
33: 3 7 22 34 35
34: 7 13 14 24 26 33
35: 1 11 13 22 27 33
36: 1 2 5 20 21 28
37: 1 2 3 4 18 19 28

1: 20 34 37
2: 19 33 37
3: 26 29 32
4: 25 30 31
5: 22 27 33
6: 21 28 34
7: 24 27 35
8: 23 28 36
9: 24 27 31
10: 23 28 32
11: 25 27 33
12: 26 28 34
13: 19 30 33
14: 20 29 34
15: 18 30 31
16: 17 29 32
17: 16 32 36 37
18: 15 31 35 37
19: 2 13 30 37
20: 1 14 29 37
21: 6 34 35 36
22: 5 33 35 36
23: 8 10 32 36
24: 7 9 31 35
25: 4 11 27 30
26: 3 12 28 29
27: 5 7 9 11 25
28: 6 8 10 12 26
29: 3 14 16 20 26
30: 4 13 15 19 25
31: 4 9 15 18 24
32: 3 10 16 17 23
33: 2 5 11 13 22
34: 1 6 12 14 21
35: 7 18 21 22 24 37
36: 8 17 21 22 23 37
37: 1 2 17 18 19 20 35 36

1: 25 34 38
2: 28 34 35
3: 26 29 35
4: 27 32 33
5: 20 21 31
6: 21 24 30
7: 21 23 31
8: 21 24 36
9: 26 27 29
10: 19 22 33
11: 19 22 29
12: 17 23 30
13: 15 18 32
14: 15 17 37
15: 13 14 37 38
16: 32 33 34 38
17: 12 14 31 38
18: 13 32 35 37
19: 10 11 34 35
20: 5 31 36 37
21: 5 6 7 8
22: 10 11 29 33
23: 7 12 30 31
24: 6 8 30 36
25: 1 30 36 38
26: 3 9 32 35
27: 4 9 29 33
28: 2 34 36 37
29: 3 9 11 22 27
30: 6 12 23 24 25
31: 5 7 17 20 23
32: 4 13 16 18 26
33: 4 10 16 22 27
34: 1 2 16 19 28
35: 2 3 18 19 26
36: 8 20 24 25 28
37: 14 15 18 20 28
38: 1 15 16 17 25

1: 27 35 37
2: 28 36 38
3: 29 31 37
4: 30 32 38
5: 25 34 36
6: 26 33 35
7: 23 24 37
8: 23 24 38
9: 22 23 35
10: 21 24 36
11: 19 30 32
12: 20 29 31
13: 19 25 34
14: 20 26 33
15: 21 25 32
16: 22 26 31
17: 28 30 34
18: 27 29 33
19: 11 13 32 34
20: 12 14 31 33
21: 10 15 32 36
22: 9 16 31 35
23: 7 8 9 37
24: 7 8 10 38
25: 5 13 15 36
26: 6 14 16 35
27: 1 18 33 37
28: 2 17 34 38
29: 3 12 18 37
30: 4 11 17 38
31: 3 12 16 20 22
32: 4 11 15 19 21
33: 6 14 18 20 27
34: 5 13 17 19 28
35: 1 6 9 22 26
36: 2 5 10 21 25
37: 1 3 7 23 27 29
38: 2 4 8 24 28 30

1: 27 30 38
2: 28 37 38
3: 20 36 38
4: 21 25 30
5: 27 30 35
6: 28 31 37
7: 23 28 32
8: 22 26 37
9: 20 29 37
10: 19 26 32
11: 26 32 33
12: 21 34 35
13: 24 34 35
14: 25 29 36
15: 25 34 36
16: 24 27 36
17: 22 31 33
18: 23 31 33
19: 10 29 32 38
20: 3 9 29 38
21: 4 12 30 34
22: 8 17 33 37
23: 7 18 31 32
24: 13 16 35 36
25: 4 14 15 34
26: 8 10 11 33
27: 1 5 16 35
28: 2 6 7 31
29: 9 14 19 20 38
30: 1 4 5 21 38
31: 6 17 18 23 28
32: 7 10 11 19 23
33: 11 17 18 22 26
34: 12 13 15 21 25
35: 5 12 13 24 27
36: 3 14 15 16 24
37: 2 6 8 9 22
38: 1 2 3 19 20 29 30

1: 29 30 36
2: 29 30 37
3: 29 35 38
4: 20 35 36
5: 21 31 36
6: 22 34 38
7: 23 29 38
8: 28 37 38
9: 26 33 35
10: 27 32 37
11: 19 26 31
12: 22 24 34
13: 27 28 34
14: 24 27 32
15: 25 26 33
16: 20 21 33
17: 21 25 31
18: 22 23 32
19: 11 30 31 35
20: 4 16 33 36
21: 5 16 17 36
22: 6 12 18 38
23: 7 18 32 38
24: 12 14 32 34
25: 15 17 31 33
26: 9 11 15 35
27: 10 13 14 37
28: 8 13 34 37
29: 1 2 3 7 37
30: 1 2 19 35 36
31: 5 11 17 19 25
32: 10 14 18 23 24
33: 9 15 16 20 25
34: 6 12 13 24 28
35: 3 4 9 19 26 30
36: 1 4 5 20 21 30
37: 2 8 10 27 28 29
38: 3 6 7 8 22 23

1: 20 37 38
2: 22 29 38
3: 27 30 38
4: 19 24 37
5: 21 22 37
6: 24 32 37
7: 20 30 36
8: 21 31 32
9: 22 29 31
10: 23 31 32
11: 27 30 35
12: 25 34 35
13: 26 34 35
14: 28 33 34
15: 28 33 36
16: 23 24 29
17: 25 28 30
18: 26 27 33
19: 4 36 37 38
20: 1 7 36 38
21: 5 8 31 37
22: 2 5 9 31
23: 10 16 29 32
24: 4 6 16 32
25: 12 17 30 34
26: 13 18 33 35
27: 3 11 18 35
28: 14 15 17 34
29: 2 9 16 23 38
30: 3 7 11 17 25
31: 8 9 10 21 22
32: 6 8 10 23 24
33: 14 15 18 26 36
34: 12 13 14 25 28
35: 11 12 13 26 27
36: 7 15 19 20 33 38
37: 1 4 5 6 19 21
38: 1 2 3 19 20 29 36

1: 19 36 38
2: 21 35 38
3: 20 34 38
4: 18 28 29
5: 22 32 33
6: 22 31 36
7: 23 31 36
8: 24 30 37
9: 26 31 32
10: 26 31 34
11: 27 28 29
12: 27 30 35
13: 24 28 30
14: 25 30 35
15: 19 33 36
16: 20 32 33
17: 21 29 35
18: 4 28 37 38
19: 1 15 33 38
20: 3 16 32 38
21: 2 17 29 38
22: 5 6 31 33
23: 7 34 36 37
24: 8 13 28 37
25: 14 34 35 37
26: 9 10 32 34
27: 11 12 29 30
28: 4 11 13 18 24
29: 4 11 17 21 27
30: 8 12 13 14 27
31: 6 7 9 10 22
32: 5 9 16 20 26
33: 5 15 16 19 22
34: 3 10 23 25 26
35: 2 12 14 17 25
36: 1 6 7 15 23
37: 8 18 23 24 25 38
38: 1 2 3 18 19 20 21 37

1: 28 34 39
2: 20 27 39
3: 21 28 39
4: 22 26 32
5: 22 26 35
6: 20 27 36
7: 21 35 36
8: 16 17 30
9: 23 29 33
10: 19 25 38
11: 23 29 38
12: 24 29 37
13: 25 29 37
14: 18 24 31
15: 30 31 35 36
16: 8 30 32 34
17: 8 32 33 38
18: 14 30 31 33
19: 10 31 32 37
20: 2 6 36 39
21: 3 7 36 39
22: 4 5 34 35
23: 9 11 33 38
24: 12 14 33 37
25: 10 13 37 38
26: 4 5 31 32
27: 2 6 30 34
28: 1 3 34 35
29: 9 11 12 13
30: 8 15 16 18 27
31: 14 15 18 19 26
32: 4 16 17 19 26
33: 9 17 18 23 24
34: 1 16 22 27 28
35: 5 7 15 22 28
36: 6 7 15 20 21
37: 12 13 19 24 25
38: 10 11 17 23 25
39: 1 2 3 20 21

1: 28 34 39
2: 22 28 39
3: 21 27 39
4: 17 18 38
5: 22 36 38
6: 23 26 33
7: 19 29 35
8: 25 26 37
9: 24 29 37
10: 25 29 35
11: 24 29 30
12: 21 27 36
13: 16 20 32
14: 15 23 31
15: 14 33 34 38
16: 13 31 32 34
17: 4 32 36 38
18: 4 30 32 33
19: 7 30 33 35
20: 13 30 31 37
21: 3 12 36 39
22: 2 5 36 39
23: 6 14 31 33
24: 9 11 30 37
25: 8 10 35 37
26: 6 8 31 35
27: 3 12 32 34
28: 1 2 34 38
29: 7 9 10 11
30: 11 18 19 20 24
31: 14 16 20 23 26
32: 13 16 17 18 27
33: 6 15 18 19 23
34: 1 15 16 27 28
35: 7 10 19 25 26
36: 5 12 17 21 22
37: 8 9 20 24 25
38: 4 5 15 17 28
39: 1 2 3 21 22

1: 21 38 39
2: 20 37 39
3: 29 36 37
4: 26 32 33
5: 25 30 35
6: 24 30 31
7: 25 30 33
8: 23 34 35
9: 24 34 35
10: 23 32 33
11: 22 31 32
12: 22 31 34
13: 28 29 38
14: 21 27 38
15: 27 29 36
16: 19 28 37
17: 19 26 30
18: 20 21 36
19: 16 17 31 39
20: 2 18 36 39
21: 1 14 18 39
22: 11 12 32 34
23: 8 10 33 34
24: 6 9 31 35
25: 5 7 33 35
26: 4 17 30 32
27: 14 15 36 38
28: 13 16 37 38
29: 3 13 15 37
30: 5 6 7 17 26
31: 6 11 12 19 24
32: 4 10 11 22 26
33: 4 7 10 23 25
34: 8 9 12 22 23
35: 5 8 9 24 25
36: 3 15 18 20 27
37: 2 3 16 28 29
38: 1 13 14 27 28
39: 1 2 19 20 21

1: 19 35 37
2: 20 34 36
3: 19 33 39
4: 20 32 38
5: 22 30 35
6: 23 31 34
7: 22 30 33
8: 23 31 32
9: 29 30 32
10: 28 31 33
11: 25 34 36
12: 24 35 37
13: 27 28 38
14: 26 29 39
15: 26 29 37
16: 27 28 36
17: 24 29 30
18: 25 28 31
19: 1 3 35 39
20: 2 4 34 38
21: 32 33 38 39
22: 5 7 33 35
23: 6 8 32 34
24: 12 17 30 37
25: 11 18 31 36
26: 14 15 37 39
27: 13 16 36 38
28: 10 13 16 18
29: 9 14 15 17
30: 5 7 9 17 24
31: 6 8 10 18 25
32: 4 8 9 21 23
33: 3 7 10 21 22
34: 2 6 11 20 23
35: 1 5 12 19 22
36: 2 11 16 25 27
37: 1 12 15 24 26
38: 4 13 20 21 27
39: 3 14 19 21 26

1: 28 36 39
2: 20 37 39
3: 29 38 39
4: 28 30 31
5: 20 30 37
6: 27 35 38
7: 21 29 38
8: 27 33 38
9: 21 34 35
10: 22 34 35
11: 22 32 33
12: 26 33 37
13: 24 30 31
14: 23 29 32
15: 23 29 34
16: 24 26 37
17: 25 26 31
18: 25 26 36
19: 32 33 36 39
20: 2 5 30 39
21: 7 9 34 38
22: 10 11 32 35
23: 14 15 32 34
24: 13 16 31 37
25: 17 18 31 36
26: 12 16 17 18
27: 6 8 33 35
28: 1 4 30 36
29: 3 7 14 15 39
30: 4 5 13 20 28
31: 4 13 17 24 25
32: 11 14 19 22 23
33: 8 11 12 19 27
34: 9 10 15 21 23
35: 6 9 10 22 27
36: 1 18 19 25 28
37: 2 5 12 16 24
38: 3 6 7 8 21
39: 1 2 3 19 20 29

1: 28 31 38
2: 29 30 39
3: 20 37 39
4: 21 36 38
5: 20 33 35
6: 21 32 34
7: 22 31 39
8: 23 30 38
9: 23 30 32
10: 22 31 33
11: 24 33 35
12: 25 32 34
13: 26 28 37
14: 27 29 36
15: 26 28 35
16: 27 29 34
17: 24 28 31
18: 25 29 30
19: 36 37 38 39
20: 3 5 33 37
21: 4 6 32 36
22: 7 10 33 39
23: 8 9 32 38
24: 11 17 31 35
25: 12 18 30 34
26: 13 15 35 37
27: 14 16 34 36
28: 1 13 15 17 38
29: 2 14 16 18 39
30: 2 8 9 18 25
31: 1 7 10 17 24
32: 6 9 12 21 23
33: 5 10 11 20 22
34: 6 12 16 25 27
35: 5 11 15 24 26
36: 4 14 19 21 27
37: 3 13 19 20 26
38: 1 4 8 19 23 28
39: 2 3 7 19 22 29

1: 20 38 39
2: 19 37 39
3: 21 36 39
4: 22 35 39
5: 28 32 33
6: 27 31 34
7: 24 29 37
8: 23 30 38
9: 26 29 35
10: 25 30 36
11: 26 29 31
12: 25 30 32
13: 27 29 37
14: 28 30 38
15: 19 34 37
16: 20 33 38
17: 22 31 34
18: 21 32 33
19: 2 15 34 39
20: 1 16 33 39
21: 3 18 32 39
22: 4 17 31 39
23: 8 35 36 38
24: 7 35 36 37
25: 10 12 32 36
26: 9 11 31 35
27: 6 13 29 34
28: 5 14 30 33
29: 7 9 11 13 27
30: 8 10 12 14 28
31: 6 11 17 22 26
32: 5 12 18 21 25
33: 5 16 18 20 28
34: 6 15 17 19 27
35: 4 9 23 24 26
36: 3 10 23 24 25
37: 2 7 13 15 24
38: 1 8 14 16 23
39: 1 2 3 4 19 20 21 22

1: 24 34 40
2: 25 31 36
3: 29 31 38
4: 29 35 37
5: 28 35 37
6: 26 31 38
7: 27 30 36
8: 19 24 33
9: 18 20 33
10: 20 21 32
11: 22 23 30
12: 26 27 30
13: 19 20 32
14: 18 20 39
15: 17 23 34
16: 33 35 39 40
17: 15 34 36 40
18: 9 14 33 39
19: 8 13 32 33
20: 9 10 13 14
21: 10 32 34 39
22: 11 30 37 38
23: 11 15 36 37
24: 1 8 32 40
25: 2 31 35 40
26: 6 12 30 38
27: 7 12 31 36
28: 5 34 37 39
29: 3 4 35 38
30: 7 11 12 22 26
31: 2 3 6 25 27
32: 10 13 19 21 24
33: 8 9 16 18 19
34: 1 15 17 21 28
35: 4 5 16 25 29
36: 2 7 17 23 27
37: 4 5 22 23 28
38: 3 6 22 26 29
39: 14 16 18 21 28
40: 1 16 17 24 25

1: 24 31 37
2: 27 31 39
3: 29 31 37
4: 26 36 38
5: 25 30 36
6: 28 34 38
7: 29 35 40
8: 21 24 32
9: 18 21 33
10: 17 27 33
11: 25 28 30
12: 17 21 32
13: 20 22 30
14: 19 26 35
15: 20 22 34
16: 31 36 39 40
17: 10 12 32 33
18: 9 33 35 37
19: 14 33 35 39
20: 13 15 36 40
21: 8 9 12 37
22: 13 15 30 34
23: 34 35 38 40
24: 1 8 31 32
25: 5 11 36 38
26: 4 14 38 39
27: 2 10 32 39
28: 6 11 30 34
29: 3 7 37 40
30: 5 11 13 22 28
31: 1 2 3 16 24
32: 8 12 17 24 27
33: 9 10 17 18 19
34: 6 15 22 23 28
35: 7 14 18 19 23
36: 4 5 16 20 25
37: 1 3 18 21 29
38: 4 6 23 25 26
39: 2 16 19 26 27
40: 7 16 20 23 29

1: 23 31 36
2: 26 32 38
3: 25 34 35
4: 24 33 37
5: 18 31 36
6: 17 32 38
7: 17 34 35
8: 18 33 37
9: 20 29 35
10: 21 28 38
11: 22 27 36
12: 19 30 37
13: 19 30 31
14: 20 29 32
15: 22 27 33
16: 21 28 34
17: 6 7 35 38
18: 5 8 36 37
19: 12 13 31 37
20: 9 14 32 35
21: 10 16 34 38
22: 11 15 33 36
23: 1 27 31 39
24: 4 30 33 40
25: 3 29 34 40
26: 2 28 32 39
27: 11 15 23 39 40
28: 10 16 26 39 40
29: 9 14 25 39 40
30: 12 13 24 39 40
31: 1 5 13 19 23
32: 2 6 14 20 26
33: 4 8 15 22 24
34: 3 7 16 21 25
35: 3 7 9 17 20
36: 1 5 11 18 22
37: 4 8 12 18 19
38: 2 6 10 17 21
39: 23 26 27 28 29 30
40: 24 25 27 28 29 30

1: 30 36 41
2: 29 37 38
3: 30 37 38
4: 28 31 36
5: 27 34 35
6: 21 23 33
7: 23 25 32
8: 23 25 39
9: 27 28 31
10: 21 22 32
11: 19 23 33
12: 20 26 34
13: 17 22 40
14: 18 24 31
15: 18 24 35
16: 34 35 40 41
17: 13 38 40 41
18: 14 15 36 41
19: 11 33 39 40
20: 12 37 39 40
21: 6 10 32 33
22: 10 13 33 38
23: 6 7 8 11
24: 14 15 31 35
25: 7 8 32 39
26: 12 34 36 37
27: 5 9 31 35
28: 4 9 34 36
29: 2 32 38 39
30: 1 3 37 41
31: 4 9 14 24 27
32: 7 10 21 25 29
33: 6 11 19 21 22
34: 5 12 16 26 28
35: 5 15 16 24 27
36: 1 4 18 26 28
37: 2 3 20 26 30
38: 2 3 17 22 29
39: 8 19 20 25 29
40: 13 16 17 19 20
41: 1 16 17 18 30

1: 27 35 41
2: 28 38 39
3: 30 37 42
4: 29 36 40
5: 21 35 41
6: 22 38 39
7: 22 37 42
8: 21 36 40
9: 25 31 41
10: 23 32 39
11: 24 33 42
12: 26 34 40
13: 23 32 35
14: 25 31 38
15: 24 33 36
16: 26 34 37
17: 27 31 32
18: 28 31 32
19: 30 33 34
20: 29 33 34
21: 5 8 39 42
22: 6 7 40 41
23: 10 13 35 39
24: 11 15 36 42
25: 9 14 38 41
26: 12 16 37 40
27: 1 17 31 35
28: 2 18 32 38
29: 4 20 34 36
30: 3 19 33 37
31: 9 14 17 18 27
32: 10 13 17 18 28
33: 11 15 19 20 30
34: 12 16 19 20 29
35: 1 5 13 23 27
36: 4 8 15 24 29
37: 3 7 16 26 30
38: 2 6 14 25 28
39: 2 6 10 21 23
40: 4 8 12 22 26
41: 1 5 9 22 25
42: 3 7 11 21 24

1: 21 22 42
2: 29 39 42
3: 25 38 42
4: 29 32 42
5: 21 22 38
6: 26 31 41
7: 27 31 41
8: 28 31 36
9: 28 31 40
10: 23 30 34
11: 24 27 35
12: 19 24 37
13: 20 25 39
14: 18 26 40
15: 23 30 33
16: 34 36 37 40
17: 32 34 37 39
18: 14 34 35 41
19: 12 33 35 37
20: 13 33 37 38
21: 1 5 38 42
22: 1 5 32 33
23: 10 15 34 35
24: 11 12 35 36
25: 3 13 38 39
26: 6 14 40 41
27: 7 11 36 41
28: 8 9 36 40
29: 2 4 32 39
30: 10 15 32 33
31: 6 7 8 9
32: 4 17 22 29 30
33: 15 19 20 22 30
34: 10 16 17 18 23
35: 11 18 19 23 24
36: 8 16 24 27 28
37: 12 16 17 19 20
38: 3 5 20 21 25
39: 2 13 17 25 29
40: 9 14 16 26 28
41: 6 7 18 26 27
42: 1 2 3 4 21

1: 30 31 40
2: 29 31 41
3: 30 31 37
4: 26 35 42
5: 21 26 42
6: 22 28 42
7: 23 24 40
8: 23 24 41
9: 29 32 41
10: 19 25 33
11: 17 25 34
12: 21 38 39
13: 22 28 38
14: 18 27 39
15: 20 27 36
16: 32 33 35 36
17: 11 33 37 40
18: 14 36 38 39
19: 10 34 35 39
20: 15 32 34 37
21: 5 12 38 42
22: 6 13 38 42
23: 7 8 40 41
24: 7 8 32 33
25: 10 11 33 34
26: 4 5 35 39
27: 14 15 34 36
28: 6 13 35 36
29: 2 9 32 37
30: 1 3 37 40
31: 1 2 3 41
32: 9 16 20 24 29
33: 10 16 17 24 25
34: 11 19 20 25 27
35: 4 16 19 26 28
36: 15 16 18 27 28
37: 3 17 20 29 30
38: 12 13 18 21 22
39: 12 14 18 19 26
40: 1 7 17 23 30
41: 2 8 9 23 31
42: 4 5 6 21 22

1: 22 37 43
2: 21 40 41
3: 24 39 44
4: 23 38 42
5: 21 33 41
6: 22 36 43
7: 24 34 44
8: 23 35 42
9: 25 33 37
10: 26 34 38
11: 26 35 39
12: 25 36 40
13: 27 33 37
14: 29 36 40
15: 28 34 38
16: 30 35 39
17: 27 31 43
18: 29 31 41
19: 30 32 44
20: 28 32 42
21: 2 5 33 40
22: 1 6 36 37
23: 4 8 35 38
24: 3 7 34 39
25: 9 12 33 36
26: 10 11 34 35
27: 13 17 37 41
28: 15 20 38 44
29: 14 18 40 43
30: 16 19 39 42
31: 17 18 41 44
32: 19 20 42 43
33: 5 9 13 21 25
34: 7 10 15 24 26
35: 8 11 16 23 26
36: 6 12 14 22 25
37: 1 9 13 22 27
38: 4 10 15 23 28
39: 3 11 16 24 30
40: 2 12 14 21 29
41: 2 5 18 27 31
42: 4 8 20 30 32
43: 1 6 17 29 32
44: 3 7 19 28 31

1: 2 3 4
2: 1 13 15
3: 1 14 16
4: 1 17 18
5: 8 10 12
6: 7 9 10
7: 6 11 12
8: 5 9 11
9: 6 8 13
10: 5 6 16
11: 7 8 15
12: 5 7 14
13: 2 9 17
14: 3 12 18
15: 2 11 18
16: 3 10 17
17: 4 13 16
18: 4 14 15

1: 2 3 4
2: 1 25 26
3: 1 23 24
4: 1 21 22
5: 6 10 20
6: 5 7 11
7: 6 12 13
8: 9 14 19
9: 8 11 13
10: 5 12 17
11: 6 9 15
12: 7 10 15
13: 7 9 16
14: 8 16 18
15: 11 12 26
16: 13 14 22
17: 10 18 22
18: 14 17 21
19: 8 23 25
20: 5 21 24
21: 4 18 20
22: 4 16 17
23: 3 19 26
24: 3 20 25
25: 2 19 24
26: 2 15 23

1: 2 3 4
2: 1 22 26
3: 1 21 24
4: 1 23 25
5: 6 8 19
6: 5 7 10
7: 6 11 12
8: 5 9 14
9: 8 13 20
10: 6 13 14
11: 7 15 17
12: 7 16 18
13: 9 10 26
14: 8 10 21
15: 11 16 23
16: 12 15 24
17: 11 18 24
18: 12 17 22
19: 5 21 23
20: 9 22 25
21: 3 14 19
22: 2 18 20
23: 4 15 19
24: 3 16 17
25: 4 20 26
26: 2 13 25

1: 2 3 4
2: 1 22 26
3: 1 23 24
4: 1 21 25
5: 8 11 12
6: 12 14 16
7: 10 13 20
8: 5 9 16
9: 8 10 17
10: 7 9 18
11: 5 13 18
12: 5 6 17
13: 7 11 15
14: 6 15 19
15: 13 14 21
16: 6 8 22
17: 9 12 24
18: 10 11 23
19: 14 20 22
20: 7 19 21
21: 4 15 20
22: 2 16 19
23: 3 18 26
24: 3 17 25
25: 4 24 26
26: 2 23 25

1: 2 3 4
2: 1 22 26
3: 1 21 25
4: 1 23 24
5: 6 7 20
6: 5 12 15
7: 5 13 14
8: 9 16 17
9: 8 10 11
10: 9 12 14
11: 9 13 15
12: 6 10 18
13: 7 11 19
14: 7 10 15
15: 6 11 14
16: 8 19 24
17: 8 18 23
18: 12 17 22
19: 13 16 21
20: 5 21 22
21: 3 19 20
22: 2 18 20
23: 4 17 26
24: 4 16 25
25: 3 24 26
26: 2 23 25

1: 2 3 4
2: 1 24 26
3: 1 21 25
4: 1 22 23
5: 10 16 18
6: 10 15 17
7: 9 11 13
8: 9 12 14
9: 7 8 20
10: 5 6 19
11: 7 12 24
12: 8 11 21
13: 7 14 21
14: 8 13 22
15: 6 18 23
16: 5 17 23
17: 6 16 25
18: 5 15 22
19: 10 20 26
20: 9 19 24
21: 3 12 13
22: 4 14 18
23: 4 15 16
24: 2 11 20
25: 3 17 26
26: 2 19 25

1: 2 3 4
2: 1 23 24
3: 1 21 26
4: 1 22 25
5: 6 7 20
6: 5 15 19
7: 5 14 16
8: 13 15 18
9: 10 11 18
10: 9 13 17
11: 9 12 16
12: 11 13 14
13: 8 10 12
14: 7 12 19
15: 6 8 17
16: 7 11 24
17: 10 15 22
18: 8 9 22
19: 6 14 21
20: 5 21 23
21: 3 19 20
22: 4 17 18
23: 2 20 26
24: 2 16 25
25: 4 24 26
26: 3 23 25

1: 2 3 4
2: 1 22 26
3: 1 23 24
4: 1 21 25
5: 6 7 20
6: 5 18 19
7: 5 14 15
8: 9 10 17
9: 8 13 16
10: 8 11 12
11: 10 15 16
12: 10 13 14
13: 9 12 15
14: 7 12 19
15: 7 11 13
16: 9 11 22
17: 8 18 23
18: 6 17 24
19: 6 14 21
20: 5 21 22
21: 4 19 20
22: 2 16 20
23: 3 17 26
24: 3 18 25
25: 4 24 26
26: 2 23 25

1: 2 3 4
2: 1 23 24
3: 1 21 26
4: 1 22 25
5: 6 7 20
6: 5 15 19
7: 5 14 16
8: 9 10 19
9: 8 13 18
10: 8 12 15
11: 12 14 18
12: 10 11 13
13: 9 12 17
14: 7 11 17
15: 6 10 16
16: 7 15 24
17: 13 14 22
18: 9 11 22
19: 6 8 21
20: 5 21 23
21: 3 19 20
22: 4 17 18
23: 2 20 26
24: 2 16 25
25: 4 24 26
26: 3 23 25

1: 2 3 4
2: 1 24 26
3: 1 23 25
4: 1 21 22
5: 6 8 14
6: 5 9 11
7: 8 10 11
8: 5 7 13
9: 6 10 13
10: 7 9 12
11: 6 7 18
12: 10 15 19
13: 8 9 15
14: 5 16 17
15: 12 13 26
16: 14 20 22
17: 14 18 21
18: 11 17 22
19: 12 23 24
20: 16 21 25
21: 4 17 20
22: 4 16 18
23: 3 19 26
24: 2 19 25
25: 3 20 24
26: 2 15 23

1: 2 3 4
2: 1 24 26
3: 1 23 25
4: 1 21 22
5: 7 9 19
6: 9 10 11
7: 5 8 11
8: 7 10 13
9: 5 6 13
10: 6 8 12
11: 6 7 18
12: 10 14 15
13: 8 9 15
14: 12 16 17
15: 12 13 26
16: 14 20 22
17: 14 18 21
18: 11 17 22
19: 5 23 24
20: 16 21 25
21: 4 17 20
22: 4 16 18
23: 3 19 26
24: 2 19 25
25: 3 20 24
26: 2 15 23

1: 2 3 4
2: 1 23 24
3: 1 21 26
4: 1 22 25
5: 6 7 20
6: 5 18 19
7: 5 14 15
8: 9 16 17
9: 8 12 13
10: 13 15 18
11: 12 14 17
12: 9 11 15
13: 9 10 14
14: 7 11 13
15: 7 10 12
16: 8 19 24
17: 8 11 22
18: 6 10 21
19: 6 16 23
20: 5 21 22
21: 3 18 20
22: 4 17 20
23: 2 19 26
24: 2 16 25
25: 4 24 26
26: 3 23 25

1: 2 3 4
2: 1 24 26
3: 1 23 25
4: 1 21 22
5: 6 7 16
6: 5 13 14
7: 5 12 15
8: 9 11 19
9: 8 10 20
10: 9 14 18
11: 8 12 13
12: 7 11 14
13: 6 11 15
14: 6 10 12
15: 7 13 17
16: 5 17 25
17: 15 16 21
18: 10 19 22
19: 8 18 21
20: 9 23 24
21: 4 17 19
22: 4 18 26
23: 3 20 26
24: 2 20 25
25: 3 16 24
26: 2 22 23

1: 2 3 4
2: 1 21 22
3: 1 23 25
4: 1 24 26
5: 8 9 10
6: 7 9 12
7: 6 8 11
8: 5 7 14
9: 5 6 13
10: 5 11 12
11: 7 10 18
12: 6 10 17
13: 9 14 20
14: 8 13 19
15: 16 17 18
16: 15 19 20
17: 12 15 22
18: 11 15 21
19: 14 16 23
20: 13 16 24
21: 2 18 26
22: 2 17 25
23: 3 19 24
24: 4 20 23
25: 3 22 26
26: 4 21 25

1: 2 3 4
2: 1 21 25
3: 1 22 26
4: 1 23 24
5: 8 9 10
6: 7 9 12
7: 6 8 11
8: 5 7 14
9: 5 6 13
10: 5 11 12
11: 7 10 18
12: 6 10 17
13: 9 14 20
14: 8 13 19
15: 16 17 18
16: 15 19 20
17: 12 15 21
18: 11 15 22
19: 14 16 24
20: 13 16 23
21: 2 17 22
22: 3 18 21
23: 4 20 26
24: 4 19 25
25: 2 24 26
26: 3 23 25

1: 2 3 4
2: 1 24 26
3: 1 23 25
4: 1 21 22
5: 7 9 14
6: 9 10 11
7: 5 8 11
8: 7 10 13
9: 5 6 13
10: 6 8 12
11: 6 7 16
12: 10 17 19
13: 8 9 18
14: 5 15 16
15: 14 20 22
16: 11 14 21
17: 12 18 26
18: 13 17 22
19: 12 23 24
20: 15 21 25
21: 4 16 20
22: 4 15 18
23: 3 19 26
24: 2 19 25
25: 3 20 24
26: 2 17 23

1: 2 3 4
2: 1 23 24
3: 1 21 26
4: 1 22 25
5: 6 8 10
6: 5 7 9
7: 6 11 14
8: 5 12 13
9: 6 12 16
10: 5 11 15
11: 7 10 20
12: 8 9 19
13: 8 16 18
14: 7 15 17
15: 10 14 22
16: 9 13 21
17: 14 20 21
18: 13 19 23
19: 12 18 24
20: 11 17 22
21: 3 16 17
22: 4 15 20
23: 2 18 26
24: 2 19 25
25: 4 24 26
26: 3 23 25

1: 2 3 4
2: 1 23 24
3: 1 21 26
4: 1 22 25
5: 6 7 20
6: 5 18 19
7: 5 14 15
8: 11 16 17
9: 10 13 17
10: 9 12 16
11: 8 12 13
12: 10 11 15
13: 9 11 14
14: 7 13 19
15: 7 12 18
16: 8 10 24
17: 8 9 22
18: 6 15 21
19: 6 14 23
20: 5 21 22
21: 3 18 20
22: 4 17 20
23: 2 19 26
24: 2 16 25
25: 4 24 26
26: 3 23 25

1: 2 3 4
2: 1 22 26
3: 1 23 24
4: 1 21 25
5: 11 12 14
6: 9 10 12
7: 8 13 18
8: 7 10 20
9: 6 11 15
10: 6 8 17
11: 5 9 17
12: 5 6 18
13: 7 16 19
14: 5 15 16
15: 9 14 22
16: 13 14 23
17: 10 11 22
18: 7 12 21
19: 13 20 24
20: 8 19 21
21: 4 18 20
22: 2 15 17
23: 3 16 26
24: 3 19 25
25: 4 24 26
26: 2 23 25

1: 2 3 4
2: 1 22 25
3: 1 21 26
4: 1 23 24
5: 6 7 20
6: 5 15 19
7: 5 13 14
8: 12 17 18
9: 11 14 18
10: 11 13 15
11: 9 10 12
12: 8 11 16
13: 7 10 19
14: 7 9 16
15: 6 10 17
16: 12 14 22
17: 8 15 24
18: 8 9 23
19: 6 13 21
20: 5 21 22
21: 3 19 20
22: 2 16 20
23: 4 18 26
24: 4 17 25
25: 2 24 26
26: 3 23 25

1: 2 3 4
2: 1 21 26
3: 1 23 25
4: 1 22 24
5: 8 13 19
6: 12 17 18
7: 10 14 18
8: 5 9 20
9: 8 15 16
10: 7 11 17
11: 10 12 13
12: 6 11 14
13: 5 11 16
14: 7 12 21
15: 9 19 22
16: 9 13 23
17: 6 10 23
18: 6 7 22
19: 5 15 24
20: 8 21 25
21: 2 14 20
22: 4 15 18
23: 3 16 17
24: 4 19 26
25: 3 20 26
26: 2 24 25

1: 2 3 4
2: 1 21 25
3: 1 22 26
4: 1 23 24
5: 6 7 20
6: 5 18 19
7: 5 14 15
8: 11 16 17
9: 10 13 17
10: 9 12 16
11: 8 12 13
12: 10 11 15
13: 9 11 14
14: 7 13 19
15: 7 12 18
16: 8 10 24
17: 8 9 23
18: 6 15 22
19: 6 14 21
20: 5 21 22
21: 2 19 20
22: 3 18 20
23: 4 17 26
24: 4 16 25
25: 2 24 26
26: 3 23 25

1: 2 3 4
2: 1 21 26
3: 1 22 24
4: 1 23 25
5: 8 10 11
6: 7 9 10
7: 6 12 19
8: 5 9 16
9: 6 8 14
10: 5 6 17
11: 5 14 15
12: 7 13 18
13: 12 20 24
14: 9 11 23
15: 11 16 26
16: 8 15 21
17: 10 18 24
18: 12 17 22
19: 7 21 25
20: 13 22 23
21: 2 16 19
22: 3 18 20
23: 4 14 20
24: 3 13 17
25: 4 19 26
26: 2 15 25

1: 2 3 4
2: 1 22 26
3: 1 21 25
4: 1 23 24
5: 6 7 12
6: 5 11 19
7: 5 10 20
8: 9 13 19
9: 8 11 20
10: 7 14 18
11: 6 9 17
12: 5 15 18
13: 8 16 17
14: 10 15 16
15: 12 14 22
16: 13 14 23
17: 11 13 24
18: 10 12 21
19: 6 8 22
20: 7 9 21
21: 3 18 20
22: 2 15 19
23: 4 16 26
24: 4 17 25
25: 3 24 26
26: 2 23 25

1: 2 3 4
2: 1 22 26
3: 1 23 24
4: 1 21 25
5: 9 10 14
6: 7 8 10
7: 6 12 13
8: 6 11 20
9: 5 12 18
10: 5 6 16
11: 8 13 16
12: 7 9 15
13: 7 11 19
14: 5 15 17
15: 12 14 24
16: 10 11 21
17: 14 18 21
18: 9 17 22
19: 13 20 22
20: 8 19 23
21: 4 16 17
22: 2 18 19
23: 3 20 26
24: 3 15 25
25: 4 24 26
26: 2 23 25

1: 2 3 4
2: 1 23 24
3: 1 22 26
4: 1 21 25
5: 6 7 8
6: 5 12 15
7: 5 10 20
8: 5 9 19
9: 8 11 20
10: 7 11 19
11: 9 10 18
12: 6 16 17
13: 14 15 16
14: 13 17 18
15: 6 13 23
16: 12 13 22
17: 12 14 21
18: 11 14 24
19: 8 10 22
20: 7 9 21
21: 4 17 20
22: 3 16 19
23: 2 15 26
24: 2 18 25
25: 4 24 26
26: 3 23 25

1: 2 3 4
2: 1 23 24
3: 1 22 26
4: 1 21 25
5: 6 7 12
6: 5 11 19
7: 5 10 20
8: 9 13 19
9: 8 11 20
10: 7 14 18
11: 6 9 17
12: 5 15 18
13: 8 16 17
14: 10 15 16
15: 12 14 24
16: 13 14 21
17: 11 13 22
18: 10 12 23
19: 6 8 22
20: 7 9 21
21: 4 16 20
22: 3 17 19
23: 2 18 26
24: 2 15 25
25: 4 24 26
26: 3 23 25

1: 2 3 4
2: 1 23 24
3: 1 22 26
4: 1 21 25
5: 6 7 8
6: 5 12 15
7: 5 10 20
8: 5 9 19
9: 8 11 20
10: 7 11 19
11: 9 10 18
12: 6 16 17
13: 14 15 16
14: 13 17 18
15: 6 13 23
16: 12 13 24
17: 12 14 21
18: 11 14 22
19: 8 10 22
20: 7 9 21
21: 4 17 20
22: 3 18 19
23: 2 15 26
24: 2 16 25
25: 4 24 26
26: 3 23 25

1: 2 3 4
2: 1 23 24
3: 1 21 26
4: 1 22 25
5: 6 7 20
6: 5 15 19
7: 5 14 16
8: 9 10 19
9: 8 13 18
10: 8 12 15
11: 12 13 16
12: 10 11 14
13: 9 11 17
14: 7 12 17
15: 6 10 18
16: 7 11 24
17: 13 14 21
18: 9 15 22
19: 6 8 22
20: 5 21 23
21: 3 17 20
22: 4 18 19
23: 2 20 26
24: 2 16 25
25: 4 24 26
26: 3 23 25

1: 2 3 4
2: 1 23 24
3: 1 21 26
4: 1 22 25
5: 6 7 20
6: 5 18 19
7: 5 14 15
8: 9 16 17
9: 8 12 13
10: 13 15 18
11: 12 14 16
12: 9 11 15
13: 9 10 14
14: 7 11 13
15: 7 10 12
16: 8 11 24
17: 8 19 22
18: 6 10 23
19: 6 17 21
20: 5 21 22
21: 3 19 20
22: 4 17 20
23: 2 18 26
24: 2 16 25
25: 4 24 26
26: 3 23 25

1: 2 3 4
2: 1 24 26
3: 1 23 25
4: 1 21 22
5: 13 15 16
6: 12 14 16
7: 8 11 18
8: 7 9 17
9: 8 10 20
10: 9 13 18
11: 7 14 15
12: 6 15 19
13: 5 10 14
14: 6 11 13
15: 5 11 12
16: 5 6 25
17: 8 19 21
18: 7 10 21
19: 12 17 22
20: 9 23 24
21: 4 17 18
22: 4 19 26
23: 3 20 26
24: 2 20 25
25: 3 16 24
26: 2 22 23

1: 2 3 4
2: 1 23 26
3: 1 21 25
4: 1 22 24
5: 7 11 19
6: 7 8 14
7: 5 6 18
8: 6 11 13
9: 10 16 20
10: 9 12 13
11: 5 8 15
12: 10 14 17
13: 8 10 26
14: 6 12 24
15: 11 18 23
16: 9 17 24
17: 12 16 22
18: 7 15 21
19: 5 21 23
20: 9 22 25
21: 3 18 19
22: 4 17 20
23: 2 15 19
24: 4 14 16
25: 3 20 26
26: 2 13 25

1: 2 3 4
2: 1 23 24
3: 1 22 26
4: 1 21 25
5: 6 7 20
6: 5 18 19
7: 5 14 15
8: 9 10 17
9: 8 13 16
10: 8 11 12
11: 10 15 16
12: 10 13 14
13: 9 12 15
14: 7 12 19
15: 7 11 13
16: 9 11 22
17: 8 18 21
18: 6 17 24
19: 6 14 23
20: 5 21 22
21: 4 17 20
22: 3 16 20
23: 2 19 26
24: 2 18 25
25: 4 24 26
26: 3 23 25

1: 2 3 4
2: 1 25 26
3: 1 22 24
4: 1 21 23
5: 10 13 15
6: 10 12 18
7: 10 11 17
8: 9 14 16
9: 8 17 18
10: 5 6 7
11: 7 13 22
12: 6 14 21
13: 5 11 24
14: 8 12 23
15: 5 20 22
16: 8 19 21
17: 7 9 26
18: 6 9 25
19: 16 23 26
20: 15 24 25
21: 4 12 16
22: 3 11 15
23: 4 14 19
24: 3 13 20
25: 2 18 20
26: 2 17 19

1: 2 3 4
2: 1 22 26
3: 1 21 25
4: 1 23 24
5: 9 11 19
6: 10 12 20
7: 8 10 14
8: 7 9 13
9: 5 8 18
10: 6 7 17
11: 5 13 15
12: 6 14 16
13: 8 11 24
14: 7 12 23
15: 11 18 22
16: 12 17 21
17: 10 16 26
18: 9 15 25
19: 5 22 24
20: 6 21 23
21: 3 16 20
22: 2 15 19
23: 4 14 20
24: 4 13 19
25: 3 18 26
26: 2 17 25

1: 2 3 4
2: 1 22 26
3: 1 21 24
4: 1 23 25
5: 8 17 20
6: 9 15 19
7: 9 11 16
8: 5 10 14
9: 6 7 12
10: 8 13 18
11: 7 18 19
12: 9 14 22
13: 10 17 21
14: 8 12 26
15: 6 16 25
16: 7 15 23
17: 5 13 24
18: 10 11 24
19: 6 11 23
20: 5 21 22
21: 3 13 20
22: 2 12 20
23: 4 16 19
24: 3 17 18
25: 4 15 26
26: 2 14 25

1: 2 3 4
2: 1 21 23
3: 1 22 24
4: 1 25 26
5: 9 11 20
6: 9 12 18
7: 10 17 18
8: 10 15 16
9: 5 6 14
10: 7 8 13
11: 5 12 23
12: 6 11 21
13: 10 14 22
14: 9 13 24
15: 8 17 26
16: 8 19 25
17: 7 15 25
18: 6 7 23
19: 16 24 26
20: 5 21 22
21: 2 12 20
22: 3 13 20
23: 2 11 18
24: 3 14 19
25: 4 16 17
26: 4 15 19

1: 2 3 4
2: 1 24 26
3: 1 23 25
4: 1 21 22
5: 9 12 13
6: 9 11 14
7: 10 16 17
8: 10 15 18
9: 5 6 20
10: 7 8 19
11: 6 12 24
12: 5 11 23
13: 5 15 25
14: 6 16 26
15: 8 13 22
16: 7 14 21
17: 7 18 22
18: 8 17 21
19: 10 25 26
20: 9 23 24
21: 4 16 18
22: 4 15 17
23: 3 12 20
24: 2 11 20
25: 3 13 19
26: 2 14 19

1: 2 3 4
2: 1 22 26
3: 1 21 25
4: 1 23 24
5: 6 7 20
6: 5 13 14
7: 5 12 15
8: 9 10 11
9: 8 16 19
10: 8 17 18
11: 8 12 13
12: 7 11 14
13: 6 11 15
14: 6 12 18
15: 7 13 19
16: 9 17 22
17: 10 16 21
18: 10 14 24
19: 9 15 23
20: 5 21 22
21: 3 17 20
22: 2 16 20
23: 4 19 26
24: 4 18 25
25: 3 24 26
26: 2 23 25

1: 2 3 4
2: 1 25 26
3: 1 23 24
4: 1 21 22
5: 8 9 20
6: 9 11 13
7: 10 12 19
8: 5 13 18
9: 5 6 16
10: 7 11 16
11: 6 10 17
12: 7 14 17
13: 6 8 15
14: 12 15 18
15: 13 14 26
16: 9 10 22
17: 11 12 22
18: 8 14 21
19: 7 23 25
20: 5 21 24
21: 4 18 20
22: 4 16 17
23: 3 19 26
24: 3 20 25
25: 2 19 24
26: 2 15 23

1: 2 3 4
2: 1 21 26
3: 1 23 25
4: 1 22 24
5: 8 18 19
6: 10 12 17
7: 11 13 17
8: 5 9 20
9: 8 10 16
10: 6 9 11
11: 7 10 14
12: 6 13 14
13: 7 12 15
14: 11 12 21
15: 13 19 22
16: 9 18 23
17: 6 7 23
18: 5 16 22
19: 5 15 24
20: 8 21 25
21: 2 14 20
22: 4 15 18
23: 3 16 17
24: 4 19 26
25: 3 20 26
26: 2 24 25

1: 2 3 4
2: 1 22 26
3: 1 23 24
4: 1 21 25
5: 10 12 19
6: 7 8 20
7: 6 11 16
8: 6 9 15
9: 8 13 16
10: 5 13 18
11: 7 14 15
12: 5 14 17
13: 9 10 26
14: 11 12 21
15: 8 11 24
16: 7 9 24
17: 12 18 23
18: 10 17 22
19: 5 21 23
20: 6 22 25
21: 4 14 19
22: 2 18 20
23: 3 17 19
24: 3 15 16
25: 4 20 26
26: 2 13 25

1: 2 3 4
2: 1 22 26
3: 1 21 25
4: 1 23 24
5: 6 7 20
6: 5 13 14
7: 5 12 15
8: 9 10 11
9: 8 16 19
10: 8 17 18
11: 8 12 13
12: 7 11 14
13: 6 11 15
14: 6 12 18
15: 7 13 19
16: 9 17 24
17: 10 16 23
18: 10 14 22
19: 9 15 21
20: 5 21 22
21: 3 19 20
22: 2 18 20
23: 4 17 26
24: 4 16 25
25: 3 24 26
26: 2 23 25

1: 2 3 4
2: 1 21 22
3: 1 24 26
4: 1 23 25
5: 7 8 9
6: 7 11 19
7: 5 6 13
8: 5 10 18
9: 5 11 12
10: 8 15 20
11: 6 9 14
12: 9 13 15
13: 7 12 14
14: 11 13 17
15: 10 12 16
16: 15 17 22
17: 14 16 21
18: 8 22 26
19: 6 21 25
20: 10 23 24
21: 2 17 19
22: 2 16 18
23: 4 20 26
24: 3 20 25
25: 4 19 24
26: 3 18 23

1: 2 3 4
2: 1 23 24
3: 1 22 26
4: 1 21 25
5: 6 7 20
6: 5 18 19
7: 5 14 15
8: 9 11 12
9: 8 10 16
10: 9 13 18
11: 8 15 17
12: 8 13 14
13: 10 12 15
14: 7 12 17
15: 7 11 13
16: 9 19 24
17: 11 14 23
18: 6 10 22
19: 6 16 21
20: 5 21 22
21: 4 19 20
22: 3 18 20
23: 2 17 26
24: 2 16 25
25: 4 24 26
26: 3 23 25

1: 2 3 4
2: 1 25 26
3: 1 23 24
4: 1 21 22
5: 6 10 19
6: 5 7 11
7: 6 12 13
8: 9 11 13
9: 8 12 14
10: 5 17 20
11: 6 8 16
12: 7 9 16
13: 7 8 15
14: 9 15 18
15: 13 14 26
16: 11 12 22
17: 10 18 22
18: 14 17 21
19: 5 23 25
20: 10 21 24
21: 4 18 20
22: 4 16 17
23: 3 19 26
24: 3 20 25
25: 2 19 24
26: 2 15 23

1: 2 3 4
2: 1 22 25
3: 1 21 26
4: 1 23 24
5: 6 7 20
6: 5 15 19
7: 5 13 14
8: 12 14 18
9: 11 17 18
10: 11 13 15
11: 9 10 12
12: 8 11 16
13: 7 10 19
14: 7 8 15
15: 6 10 14
16: 12 17 22
17: 9 16 24
18: 8 9 23
19: 6 13 21
20: 5 21 22
21: 3 19 20
22: 2 16 20
23: 4 18 26
24: 4 17 25
25: 2 24 26
26: 3 23 25

1: 2 3 4
2: 1 21 26
3: 1 23 25
4: 1 22 24
5: 13 14 20
6: 10 11 12
7: 14 16 19
8: 9 12 18
9: 8 11 16
10: 6 13 18
11: 6 9 15
12: 6 8 17
13: 5 10 17
14: 5 7 15
15: 11 14 23
16: 7 9 23
17: 12 13 22
18: 8 10 22
19: 7 21 25
20: 5 21 24
21: 2 19 20
22: 4 17 18
23: 3 15 16
24: 4 20 26
25: 3 19 26
26: 2 24 25

1: 2 3 4
2: 1 23 24
3: 1 21 26
4: 1 22 25
5: 6 7 20
6: 5 15 19
7: 5 14 18
8: 11 16 17
9: 10 13 17
10: 9 12 16
11: 8 12 13
12: 10 11 15
13: 9 11 14
14: 7 13 15
15: 6 12 14
16: 8 10 24
17: 8 9 22
18: 7 19 23
19: 6 18 21
20: 5 21 22
21: 3 19 20
22: 4 17 20
23: 2 18 26
24: 2 16 25
25: 4 24 26
26: 3 23 25

1: 2 3 4
2: 1 23 26
3: 1 21 24
4: 1 22 25
5: 6 7 20
6: 5 13 19
7: 5 11 12
8: 9 11 13
9: 8 10 14
10: 9 15 16
11: 7 8 19
12: 7 13 15
13: 6 8 12
14: 9 17 24
15: 10 12 26
16: 10 18 25
17: 14 18 21
18: 16 17 22
19: 6 11 22
20: 5 21 23
21: 3 17 20
22: 4 18 19
23: 2 20 24
24: 3 14 23
25: 4 16 26
26: 2 15 25

1: 2 3 4
2: 1 21 26
3: 1 23 24
4: 1 22 25
5: 10 12 19
6: 7 8 20
7: 6 11 16
8: 6 9 15
9: 8 13 16
10: 5 13 18
11: 7 14 15
12: 5 14 17
13: 9 10 26
14: 11 12 21
15: 8 11 24
16: 7 9 24
17: 12 18 23
18: 10 17 22
19: 5 22 23
20: 6 21 25
21: 2 14 20
22: 4 18 19
23: 3 17 19
24: 3 15 16
25: 4 20 26
26: 2 13 25

1: 2 3 4
2: 1 21 22
3: 1 24 26
4: 1 23 25
5: 6 7 20
6: 5 13 19
7: 5 12 18
8: 9 15 17
9: 8 10 11
10: 9 12 16
11: 9 13 14
12: 7 10 19
13: 6 11 17
14: 11 15 22
15: 8 14 26
16: 10 18 25
17: 8 13 22
18: 7 16 21
19: 6 12 21
20: 5 23 24
21: 2 18 19
22: 2 14 17
23: 4 20 26
24: 3 20 25
25: 4 16 24
26: 3 15 23

1: 2 3 4
2: 1 25 26
3: 1 23 24
4: 1 21 22
5: 6 10 20
6: 5 7 11
7: 6 8 14
8: 7 12 13
9: 10 12 19
10: 5 9 17
11: 6 13 15
12: 8 9 18
13: 8 11 16
14: 7 15 16
15: 11 14 26
16: 13 14 22
17: 10 18 21
18: 12 17 22
19: 9 23 25
20: 5 21 24
21: 4 17 20
22: 4 16 18
23: 3 19 26
24: 3 20 25
25: 2 19 24
26: 2 15 23

1: 2 3 4
2: 1 21 26
3: 1 22 25
4: 1 23 24
5: 6 11 17
6: 5 12 13
7: 10 14 18
8: 9 17 18
9: 8 10 16
10: 7 9 15
11: 5 16 25
12: 6 14 24
13: 6 19 23
14: 7 12 23
15: 10 20 21
16: 9 11 22
17: 5 8 22
18: 7 8 21
19: 13 24 26
20: 15 25 26
21: 2 15 18
22: 3 16 17
23: 4 13 14
24: 4 12 19
25: 3 11 20
26: 2 19 20

1: 2 3 4
2: 1 21 26
3: 1 23 25
4: 1 22 24
5: 12 18 19
6: 11 13 19
7: 11 14 18
8: 10 13 16
9: 10 15 17
10: 8 9 14
11: 6 7 12
12: 5 11 20
13: 6 8 15
14: 7 10 21
15: 9 13 23
16: 8 17 23
17: 9 16 22
18: 5 7 22
19: 5 6 24
20: 12 21 25
21: 2 14 20
22: 4 17 18
23: 3 15 16
24: 4 19 26
25: 3 20 26
26: 2 24 25

1: 2 3 4
2: 1 23 26
3: 1 21 24
4: 1 22 25
5: 8 9 10
6: 7 18 19
7: 6 8 13
8: 5 7 17
9: 5 12 15
10: 5 11 14
11: 10 15 16
12: 9 14 16
13: 7 20 24
14: 10 12 22
15: 9 11 23
16: 11 12 21
17: 8 18 24
18: 6 17 23
19: 6 22 26
20: 13 21 25
21: 3 16 20
22: 4 14 19
23: 2 15 18
24: 3 13 17
25: 4 20 26
26: 2 19 25

1: 2 3 4
2: 1 23 24
3: 1 22 26
4: 1 21 25
5: 6 7 20
6: 5 15 19
7: 5 14 18
8: 9 10 17
9: 8 13 16
10: 8 11 12
11: 10 15 16
12: 10 13 14
13: 9 12 15
14: 7 12 19
15: 6 11 13
16: 9 11 24
17: 8 18 22
18: 7 17 21
19: 6 14 23
20: 5 21 22
21: 4 18 20
22: 3 17 20
23: 2 19 26
24: 2 16 25
25: 4 24 26
26: 3 23 25

1: 2 3 4
2: 1 21 26
3: 1 23 25
4: 1 22 24
5: 8 12 14
6: 7 12 13
7: 6 10 14
8: 5 11 13
9: 10 17 19
10: 7 9 16
11: 8 18 20
12: 5 6 16
13: 6 8 15
14: 5 7 15
15: 13 14 23
16: 10 12 22
17: 9 18 23
18: 11 17 22
19: 9 21 25
20: 11 21 24
21: 2 19 20
22: 4 16 18
23: 3 15 17
24: 4 20 26
25: 3 19 26
26: 2 24 25

1: 2 3 4
2: 1 22 26
3: 1 21 25
4: 1 23 24
5: 6 7 20
6: 5 16 18
7: 5 17 19
8: 11 13 15
9: 10 12 15
10: 9 13 14
11: 8 12 14
12: 9 11 16
13: 8 10 17
14: 10 11 19
15: 8 9 18
16: 6 12 21
17: 7 13 22
18: 6 15 24
19: 7 14 23
20: 5 21 22
21: 3 16 20
22: 2 17 20
23: 4 19 26
24: 4 18 25
25: 3 24 26
26: 2 23 25

1: 2 3 4
2: 1 25 26
3: 1 21 23
4: 1 22 24
5: 8 9 10
6: 7 9 12
7: 6 8 11
8: 5 7 14
9: 5 6 13
10: 5 11 12
11: 7 10 18
12: 6 10 17
13: 9 14 20
14: 8 13 19
15: 16 17 18
16: 15 19 20
17: 12 15 22
18: 11 15 21
19: 14 16 24
20: 13 16 23
21: 3 18 25
22: 4 17 25
23: 3 20 26
24: 4 19 26
25: 2 21 22
26: 2 23 24

1: 2 3 4
2: 1 21 25
3: 1 22 26
4: 1 23 24
5: 6 7 20
6: 5 16 17
7: 5 18 19
8: 11 12 13
9: 10 13 15
10: 9 12 14
11: 8 14 15
12: 8 10 17
13: 8 9 16
14: 10 11 19
15: 9 11 18
16: 6 13 22
17: 6 12 21
18: 7 15 24
19: 7 14 23
20: 5 21 22
21: 2 17 20
22: 3 16 20
23: 4 19 26
24: 4 18 25
25: 2 24 26
26: 3 23 25

1: 2 3 4
2: 1 21 26
3: 1 23 25
4: 1 22 24
5: 13 14 20
6: 10 11 12
7: 12 14 18
8: 9 16 19
9: 8 11 17
10: 6 13 15
11: 6 9 18
12: 6 7 17
13: 5 10 16
14: 5 7 15
15: 10 14 23
16: 8 13 23
17: 9 12 22
18: 7 11 22
19: 8 21 25
20: 5 21 24
21: 2 19 20
22: 4 17 18
23: 3 15 16
24: 4 20 26
25: 3 19 26
26: 2 24 25

1: 2 3 4
2: 1 23 24
3: 1 21 26
4: 1 22 25
5: 6 7 20
6: 5 16 19
7: 5 14 15
8: 13 15 18
9: 10 11 15
10: 9 13 14
11: 9 12 16
12: 11 13 17
13: 8 10 12
14: 7 10 18
15: 7 8 9
16: 6 11 24
17: 12 19 21
18: 8 14 22
19: 6 17 22
20: 5 21 23
21: 3 17 20
22: 4 18 19
23: 2 20 26
24: 2 16 25
25: 4 24 26
26: 3 23 25

1: 2 3 4
2: 1 21 26
3: 1 23 25
4: 1 22 24
5: 6 12 20
6: 5 8 9
7: 10 11 16
8: 6 11 14
9: 6 10 13
10: 7 9 14
11: 7 8 13
12: 5 15 19
13: 9 11 23
14: 8 10 24
15: 12 18 26
16: 7 17 24
17: 16 18 22
18: 15 17 21
19: 12 21 25
20: 5 22 23
21: 2 18 19
22: 4 17 20
23: 3 13 20
24: 4 14 16
25: 3 19 26
26: 2 15 25

1: 2 3 4
2: 1 21 26
3: 1 23 25
4: 1 22 24
5: 13 16 19
6: 11 12 19
7: 11 13 14
8: 9 14 18
9: 8 10 17
10: 9 15 20
11: 6 7 16
12: 6 13 17
13: 5 7 12
14: 7 8 21
15: 10 18 23
16: 5 11 23
17: 9 12 22
18: 8 15 22
19: 5 6 24
20: 10 21 25
21: 2 14 20
22: 4 17 18
23: 3 15 16
24: 4 19 26
25: 3 20 26
26: 2 24 25

1: 2 3 4
2: 1 21 26
3: 1 22 24
4: 1 23 25
5: 10 12 20
6: 8 9 19
7: 8 10 13
8: 6 7 14
9: 6 11 17
10: 5 7 18
11: 9 13 14
12: 5 15 16
13: 7 11 26
14: 8 11 24
15: 12 18 22
16: 12 17 23
17: 9 16 25
18: 10 15 21
19: 6 23 24
20: 5 21 22
21: 2 18 20
22: 3 15 20
23: 4 16 19
24: 3 14 19
25: 4 17 26
26: 2 13 25

1: 2 3 4
2: 1 21 22
3: 1 24 26
4: 1 23 25
5: 6 7 20
6: 5 13 19
7: 5 12 18
8: 14 16 18
9: 11 14 15
10: 11 12 16
11: 9 10 13
12: 7 10 19
13: 6 11 17
14: 8 9 22
15: 9 17 26
16: 8 10 25
17: 13 15 22
18: 7 8 21
19: 6 12 21
20: 5 23 24
21: 2 18 19
22: 2 14 17
23: 4 20 26
24: 3 20 25
25: 4 16 24
26: 3 15 23

1: 2 3 4
2: 1 22 25
3: 1 21 26
4: 1 23 24
5: 9 11 15
6: 8 10 15
7: 10 12 16
8: 6 9 17
9: 5 8 16
10: 6 7 19
11: 5 14 17
12: 7 13 18
13: 12 19 20
14: 11 18 20
15: 5 6 24
16: 7 9 23
17: 8 11 21
18: 12 14 22
19: 10 13 22
20: 13 14 21
21: 3 17 20
22: 2 18 19
23: 4 16 26
24: 4 15 25
25: 2 24 26
26: 3 23 25

1: 2 3 4
2: 1 21 26
3: 1 23 24
4: 1 22 25
5: 10 12 20
6: 8 9 19
7: 8 11 13
8: 6 7 14
9: 6 10 13
10: 5 9 14
11: 7 17 18
12: 5 15 16
13: 7 9 23
14: 8 10 23
15: 12 18 24
16: 12 17 22
17: 11 16 24
18: 11 15 21
19: 6 22 26
20: 5 21 25
21: 2 18 20
22: 4 16 19
23: 3 13 14
24: 3 15 17
25: 4 20 26
26: 2 19 25

1: 2 3 4
2: 1 23 24
3: 1 21 26
4: 1 22 25
5: 6 8 10
6: 5 7 9
7: 6 11 14
8: 5 12 13
9: 6 12 16
10: 5 11 15
11: 7 10 20
12: 8 9 19
13: 8 16 18
14: 7 15 17
15: 10 14 24
16: 9 13 22
17: 14 20 22
18: 13 19 21
19: 12 18 23
20: 11 17 21
21: 3 18 20
22: 4 16 17
23: 2 19 26
24: 2 15 25
25: 4 24 26
26: 3 23 25

1: 2 3 4
2: 1 21 26
3: 1 23 24
4: 1 22 25
5: 6 9 12
6: 5 7 19
7: 6 16 20
8: 10 12 14
9: 5 11 14
10: 8 11 15
11: 9 10 13
12: 5 8 13
13: 11 12 24
14: 8 9 22
15: 10 18 26
16: 7 17 24
17: 16 18 23
18: 15 17 21
19: 6 21 25
20: 7 22 23
21: 2 18 19
22: 4 14 20
23: 3 17 20
24: 3 13 16
25: 4 19 26
26: 2 15 25

1: 2 3 4
2: 1 21 26
3: 1 23 25
4: 1 22 24
5: 10 13 19
6: 11 12 19
7: 9 16 18
8: 9 14 17
9: 7 8 20
10: 5 11 18
11: 6 10 15
12: 6 13 14
13: 5 12 15
14: 8 12 21
15: 11 13 23
16: 7 17 23
17: 8 16 22
18: 7 10 22
19: 5 6 24
20: 9 21 25
21: 2 14 20
22: 4 17 18
23: 3 15 16
24: 4 19 26
25: 3 20 26
26: 2 24 25

1: 2 3 4
2: 1 22 26
3: 1 21 25
4: 1 23 24
5: 6 7 20
6: 5 14 15
7: 5 10 11
8: 9 12 13
9: 8 18 19
10: 7 13 17
11: 7 12 15
12: 8 11 26
13: 8 10 25
14: 6 16 21
15: 6 11 22
16: 14 19 24
17: 10 18 23
18: 9 17 24
19: 9 16 23
20: 5 21 22
21: 3 14 20
22: 2 15 20
23: 4 17 19
24: 4 16 18
25: 3 13 26
26: 2 12 25

1: 2 3 4
2: 1 23 24
3: 1 22 26
4: 1 21 25
5: 6 7 12
6: 5 11 19
7: 5 10 20
8: 9 13 19
9: 8 11 20
10: 7 14 18
11: 6 9 17
12: 5 15 18
13: 8 16 17
14: 10 15 16
15: 12 14 22
16: 13 14 21
17: 11 13 24
18: 10 12 23
19: 6 8 22
20: 7 9 21
21: 4 16 20
22: 3 15 19
23: 2 18 26
24: 2 17 25
25: 4 24 26
26: 3 23 25

1: 2 3 4
2: 1 21 22
3: 1 24 26
4: 1 23 25
5: 6 7 20
6: 5 13 19
7: 5 12 18
8: 9 16 17
9: 8 11 14
10: 11 12 16
11: 9 10 13
12: 7 10 19
13: 6 11 17
14: 9 15 22
15: 14 18 26
16: 8 10 25
17: 8 13 22
18: 7 15 21
19: 6 12 21
20: 5 23 24
21: 2 18 19
22: 2 14 17
23: 4 20 26
24: 3 20 25
25: 4 16 24
26: 3 15 23

1: 2 3 4
2: 1 23 24
3: 1 22 26
4: 1 21 25
5: 6 14 20
6: 5 10 11
7: 12 15 18
8: 9 13 19
9: 8 16 17
10: 6 12 24
11: 6 13 23
12: 7 10 23
13: 8 11 24
14: 5 19 25
15: 7 17 26
16: 9 18 26
17: 9 15 25
18: 7 16 22
19: 8 14 21
20: 5 21 22
21: 4 19 20
22: 3 18 20
23: 2 11 12
24: 2 10 13
25: 4 14 17
26: 3 15 16

1: 2 3 4
2: 1 23 24
3: 1 21 26
4: 1 22 25
5: 8 9 12
6: 7 10 11
7: 6 17 18
8: 5 11 15
9: 5 10 16
10: 6 9 15
11: 6 8 16
12: 5 13 14
13: 12 20 24
14: 12 19 23
15: 8 10 25
16: 9 11 26
17: 7 22 26
18: 7 21 25
19: 14 22 24
20: 13 21 23
21: 3 18 20
22: 4 17 19
23: 2 14 20
24: 2 13 19
25: 4 15 18
26: 3 16 17

1: 2 5 7
2: 1 6 7
3: 4 5 6
4: 3 5 6
5: 1 3 4 7
6: 2 3 4 7
7: 1 2 5 6

1: 3 5 7
2: 4 6 7
3: 1 5 6 7
4: 2 5 6 7
5: 1 3 4 6
6: 2 3 4 5
7: 1 2 3 4

1: 2 3 5
2: 1 4 6
3: 1 5 7
4: 2 6 7
5: 1 3 6 7
6: 2 4 5 7
7: 3 4 5 6

1: 2 4 5
2: 1 6 7
3: 4 5 6 7
4: 1 3 5 6
5: 1 3 4 7
6: 2 3 4 7
7: 2 3 5 6

1: 6 7 8
2: 4 6 8
3: 5 6 8
4: 2 5 7
5: 3 4 7
6: 1 2 3 8
7: 1 4 5 8
8: 1 2 3 6 7

1: 4 7 8
2: 5 7 8
3: 6 7 8
4: 1 5 6
5: 2 4 6 7
6: 3 4 5 8
7: 1 2 3 5 8
8: 1 2 3 6 7

1: 2 5 7
2: 1 6 8
3: 5 7 8
4: 6 7 8
5: 1 3 6 7
6: 2 4 5 8
7: 1 3 4 5 8
8: 2 3 4 6 7

1: 2 8 9
2: 1 8 9
3: 5 6 9
4: 6 7 9
5: 3 7 9
6: 3 4 8
7: 4 5 8 9
8: 1 2 6 7
9: 1 2 3 4 5 7

1: 5 7 9
2: 6 7 9
3: 4 8 9
4: 3 8 9
5: 1 6 8
6: 2 5 8 9
7: 1 2 8 9
8: 3 4 5 6 7
9: 1 2 3 4 6 7

1: 3 7 8
2: 4 7 9
3: 1 4 9
4: 2 3 8
5: 6 8 9
6: 5 8 9
7: 1 2 8 9
8: 1 4 5 6 7
9: 2 3 5 6 7

1: 3 7 9
2: 4 7 9
3: 1 4 8
4: 2 3 8
5: 6 8 9
6: 5 8 9
7: 1 2 8 9
8: 3 4 5 6 7
9: 1 2 5 6 7

1: 3 5 9
2: 4 6 9
3: 1 4 7
4: 2 3 8
5: 1 6 8 9
6: 2 5 7 9
7: 3 6 8 9
8: 4 5 7 9
9: 1 2 5 6 7 8

1: 4 8 9
2: 5 8 9
3: 6 7 9
4: 1 5 6 9
5: 2 4 7 9
6: 3 4 7 8
7: 3 5 6 8
8: 1 2 6 7
9: 1 2 3 4 5

1: 5 6 9
2: 7 8 9
3: 4 5 7 9
4: 3 6 8 9
5: 1 3 8 9
6: 1 4 7 8
7: 2 3 6 8
8: 2 4 5 6 7
9: 1 2 3 4 5

1: 3 8 9
2: 5 7 9
3: 1 4 7
4: 3 5 6 9
5: 2 4 8 9
6: 4 7 8 9
7: 2 3 6 8
8: 1 5 6 7
9: 1 2 4 5 6

1: 6 7 9
2: 4 6 8 9
3: 5 7 8 9
4: 2 5 7 9
5: 3 4 6 9
6: 1 2 5 8
7: 1 3 4 8
8: 2 3 6 7
9: 1 2 3 4 5

1: 6 8 9
2: 7 8 9
3: 5 6 8
4: 5 7 8
5: 3 4 8 9
6: 1 3 7 9
7: 2 4 6 9
8: 1 2 3 4 5
9: 1 2 5 6 7

1: 5 8 9
2: 6 7 9
3: 4 5 7 9
4: 3 6 8 9
5: 1 3 6 7
6: 2 4 5 8
7: 2 3 5 8
8: 1 4 6 7
9: 1 2 3 4

1: 2 3 4 5
2: 1 3 6 7
3: 1 2 8 9
4: 1 6 7 8
5: 1 6 7 9
6: 2 4 5 8
7: 2 4 5 9
8: 3 4 6 9
9: 3 5 7 8

1: 2 5 6 7
2: 1 8 9 10
3: 4 5 7 9
4: 3 6 8 10
5: 1 3 6 7 10
6: 1 4 5 8 9
7: 1 3 5 8 9
8: 2 4 6 7 10
9: 2 3 6 7 10
10: 2 4 5 8 9

1: 4 6 8 10
2: 5 7 9 10
3: 6 7 8 9 10
4: 1 7 8 9 10
5: 2 6 8 9 10
6: 1 3 5 7 9
7: 2 3 4 6 8
8: 1 3 4 5 7
9: 2 3 4 5 6
10: 1 2 3 4 5

1: 2 5 6 10
2: 1 3 9 10
3: 2 4 7 10
4: 3 5 8 9
5: 1 4 7 8
6: 1 7 8 9
7: 3 5 6 9 10
8: 4 5 6 9 10
9: 2 4 6 7 8
10: 1 2 3 7 8

1: 3 7 8 9
2: 4 7 8 10
3: 1 4 6 9
4: 2 3 5 10
5: 4 6 7 8 9
6: 3 5 7 8 10
7: 1 2 5 6 9
8: 1 2 5 6 10
9: 1 3 5 7 10
10: 2 4 6 8 9

1: 5 6 9 10
2: 5 7 9 10
3: 4 6 8 10
4: 3 7 8 9
5: 1 2 6 7 8
6: 1 3 5 7 9
7: 2 4 5 6 10
8: 3 4 5 9 10
9: 1 2 4 6 8
10: 1 2 3 7 8

1: 2 3 8
2: 1 4 6 9
3: 1 5 7 10
4: 2 7 8 10
5: 3 6 8 9
6: 2 5 9 10
7: 3 4 9 10
8: 1 4 5 9 10
9: 2 5 6 7 8
10: 3 4 6 7 8

1: 2 3 6
2: 1 4 7 9
3: 1 5 8 10
4: 2 8 9 10
5: 3 7 9 10
6: 1 7 8 9 10
7: 2 5 6 8 10
8: 3 4 6 7 9
9: 2 4 5 6 8
10: 3 4 5 6 7

1: 4 5 6
2: 5 8 9 10
3: 6 7 9 10
4: 1 7 8 9 10
5: 1 2 6 7 9
6: 1 3 5 8 10
7: 3 4 5 8 10
8: 2 4 6 7 9
9: 2 3 4 5 8
10: 2 3 4 6 7

1: 6 7 8
2: 4 6 8 9
3: 5 7 8 10
4: 2 7 9 10
5: 3 6 9 10
6: 1 2 5 7 10
7: 1 3 4 6 9
8: 1 2 3 9 10
9: 2 4 5 7 8
10: 3 4 5 6 8

1: 2 3 4 9
2: 1 6 8 10
3: 1 5 8 10
4: 1 5 7 9
5: 3 4 6 10
6: 2 5 7 10
7: 4 6 8 9
8: 2 3 7 9
9: 1 4 7 8 10
10: 2 3 5 6 9

1: 3 5 6 8
2: 4 5 6 7
3: 1 4 7 9
4: 2 3 8 10
5: 1 2 6 10
6: 1 2 5 9
7: 2 3 9 10
8: 1 4 9 10
9: 3 6 7 8 10
10: 4 5 7 8 9

1: 2 3 4 10
2: 1 5 6 8
3: 1 4 7 9
4: 1 3 7 8
5: 2 7 9 10
6: 2 7 8 9
7: 3 4 5 6 10
8: 2 4 6 9 10
9: 3 5 6 8 10
10: 1 5 7 8 9

1: 2 5 7 9
2: 1 6 8 10
3: 4 8 9 10
4: 3 7 9 10
5: 1 7 8 9 10
6: 2 7 8 9 10
7: 1 4 5 6 8
8: 2 3 5 6 7
9: 1 3 4 5 6
10: 2 3 4 5 6

1: 6 9 10
2: 3 7 9
3: 2 7 9
4: 5 8 10
5: 4 8 10
6: 1 7 8
7: 2 3 6 10
8: 4 5 6 9
9: 1 2 3 8 10
10: 1 4 5 7 9

1: 2 7 8
2: 1 7 8
3: 4 7 9
4: 3 8 10
5: 6 9 10
6: 5 9 10
7: 1 2 3 9 10
8: 1 2 4 9 10
9: 3 5 6 7 8
10: 4 5 6 7 8

1: 8 9 10
2: 5 9 10
3: 5 6 9
4: 5 7 10
5: 2 3 4 8
6: 3 7 8 10
7: 4 6 8 9
8: 1 5 6 7
9: 1 2 3 7 10
10: 1 2 4 6 9

1: 8 9 10
2: 7 9 10
3: 4 5 7 9
4: 3 6 8 10
5: 3 6 7 10
6: 4 5 8 9
7: 2 3 5 8
8: 1 4 6 7
9: 1 2 3 6 10
10: 1 2 4 5 9

1: 8 9 10
2: 7 9 10
3: 4 5 7 9
4: 3 6 8 10
5: 3 6 7 10
6: 4 5 8 9
7: 2 3 5 8
8: 1 4 6 7
9: 1 2 3 6
10: 1 2 4 5

1: 3 9 10
2: 3 6 7
3: 1 2 8
4: 5 7 8 9
5: 4 7 8 9
6: 2 8 9 10
7: 2 4 5 10
8: 3 4 5 6 10
9: 1 4 5 6 10
10: 1 6 7 8 9

1: 2 3 10
2: 1 6 8
3: 1 7 9
4: 5 8 9 10
5: 4 8 9 10
6: 2 7 9 10
7: 3 6 8 10
8: 2 4 5 7
9: 3 4 5 6
10: 1 4 5 6 7

1: 3 9 10
2: 4 9 10
3: 1 4 5
4: 2 3 6
5: 3 7 8 9
6: 4 7 8 9
7: 5 6 8 10
8: 5 6 7 10
9: 1 2 5 6 10
10: 1 2 7 8 9

1: 6 9 10
2: 7 8 9
3: 7 8 10
4: 5 6 8 9
5: 4 6 7 10
6: 1 4 5 7 8
7: 2 3 5 6 9
8: 2 3 4 6 10
9: 1 2 4 7 10
10: 1 3 5 8 9

1: 7 8 10
2: 6 9 10
3: 5 6 7 8
4: 5 6 7 9
5: 3 4 8 9 10
6: 2 3 4 8 10
7: 1 3 4 9 10
8: 1 3 5 6 9
9: 2 4 5 7 8
10: 1 2 5 6 7

1: 6 8 10
2: 5 6 9
3: 5 7 8 10
4: 5 7 8 9
5: 2 3 4 10
6: 1 2 7 8
7: 3 4 6 9 10
8: 1 3 4 6 9
9: 2 4 7 8 10
10: 1 3 5 7 9

1: 2 6 7
2: 1 3 6 8
3: 2 5 9 10
4: 5 6 8 10
5: 3 4 7 9
6: 1 2 4 9 10
7: 1 5 8 9 10
8: 2 4 7 9 10
9: 3 5 6 7 8
10: 3 4 6 7 8

1: 2 5 10
2: 1 6 9
3: 4 5 7 9
4: 3 6 8 10
5: 1 3 7 8
6: 2 4 7 8
7: 3 5 6 9 10
8: 4 5 6 9 10
9: 2 3 7 8 10
10: 1 4 7 8 9

1: 2 3 8
2: 1 3 7 9
3: 1 2 6 10
4: 6 7 8 9
5: 6 7 8 10
6: 3 4 5 9
7: 2 4 5 10
8: 1 4 5 9 10
9: 2 4 6 8 10
10: 3 5 7 8 9

1: 2 7 9
2: 1 8 9
3: 6 9 10
4: 5 10 11
5: 4 10 11
6: 3 7 8 11
7: 1 6 10 11
8: 2 6 10 11
9: 1 2 3 10 11
10: 3 4 5 7 8 9
11: 4 5 6 7 8 9

1: 2 3 8
2: 1 6 8
3: 1 7 8
4: 5 6 8
5: 4 7 8
6: 2 4 8
7: 3 5 8
8: 1 2 3 4 5 6 7

1: 2 3 7
2: 1 4 8
3: 1 5 7
4: 2 6 8
5: 3 7 8
6: 4 7 8
7: 1 3 5 6 8
8: 2 4 5 6 7

1: 3 8 9
2: 4 8 9
3: 1 6 9
4: 2 7 9
5: 6 7 8
6: 3 5 7
7: 4 5 6
8: 1 2 5 9
9: 1 2 3 4 8

1: 3 7 9
2: 4 8 9
3: 1 6 9
4: 2 6 9
5: 6 7 8
6: 3 4 5
7: 1 5 8 9
8: 2 5 7 9
9: 1 2 3 4 7 8

1: 2 5 9
2: 1 6 9
3: 4 7 9
4: 3 7 9
5: 1 8 9
6: 2 8 9
7: 3 4 8
8: 5 6 7
9: 1 2 3 4 5 6

1: 3 8 9
2: 4 8 9
3: 1 4 9
4: 2 3 9
5: 6 7 9
6: 5 7 8
7: 5 6 8
8: 1 2 6 7
9: 1 2 3 4 5

1: 3 5 9
2: 5 6 9
3: 1 4 9
4: 3 7 8
5: 1 2 8
6: 2 7 8 9
7: 4 6 8 9
8: 4 5 6 7
9: 1 2 3 6 7

1: 2 6 9
2: 1 5 9
3: 4 5 9
4: 3 7 8
5: 2 3 8
6: 1 7 8 9
7: 4 6 8 9
8: 4 5 6 7
9: 1 2 3 6 7

1: 2 7 9
2: 1 8 9
3: 6 7 9
4: 6 8 9
5: 6 7 8
6: 3 4 5
7: 1 3 5 9
8: 2 4 5 9
9: 1 2 3 4 7 8

1: 3 4 9
2: 3 8 9
3: 1 2 9
4: 1 5 9
5: 4 6 7
6: 5 7 8
7: 5 6 8
8: 2 6 7 9
9: 1 2 3 4 8

1: 2 8 9
2: 1 8 9
3: 4 5 9
4: 3 6 9
5: 3 7 9
6: 4 7 8
7: 5 6 8
8: 1 2 6 7
9: 1 2 3 4 5

1: 2 6 9
2: 1 7 9
3: 4 5 9
4: 3 6 8
5: 3 7 8
6: 1 4 8 9
7: 2 5 8 9
8: 4 5 6 7
9: 1 2 3 6 7

1: 2 3 9
2: 1 4 9
3: 1 5 9
4: 2 6 8
5: 3 7 8
6: 4 7 8 9
7: 5 6 8 9
8: 4 5 6 7
9: 1 2 3 6 7

1: 4 6 9
2: 5 7 9
3: 4 5 9
4: 1 3 8
5: 2 3 8
6: 1 7 8 9
7: 2 6 8 9
8: 4 5 6 7
9: 1 2 3 6 7

1: 2 7 9
2: 1 4 9
3: 6 8 9
4: 2 6 9
5: 6 7 8
6: 3 4 5
7: 1 5 8 9
8: 3 5 7 9
9: 1 2 3 4 7 8

1: 2 3 9
2: 1 6 9
3: 1 7 9
4: 6 8 9
5: 7 8 9
6: 2 4 7 8
7: 3 5 6 8
8: 4 5 6 7
9: 1 2 3 4 5

1: 2 5 6
2: 1 3 4
3: 2 4 8
4: 2 3 8
5: 1 7 9
6: 1 7 10
7: 5 6 9 10
8: 3 4 9 10
9: 5 7 8 10
10: 6 7 8 9

1: 2 3 4
2: 1 3 7
3: 1 2 7
4: 1 8 9
5: 7 8 10
6: 7 9 10
7: 2 3 5 6
8: 4 5 9 10
9: 4 6 8 10
10: 5 6 8 9

1: 3 5 6
2: 4 7 8
3: 1 4 9
4: 2 3 10
5: 1 6 10
6: 1 5 10
7: 2 8 9
8: 2 7 9
9: 3 7 8 10
10: 4 5 6 9

1: 2 3 8
2: 1 4 5
3: 1 6 7
4: 2 5 9
5: 2 4 9
6: 3 7 10
7: 3 6 10
8: 1 9 10
9: 4 5 8 10
10: 6 7 8 9

1: 2 3 4
2: 1 8 9
3: 1 4 10
4: 1 3 10
5: 6 7 10
6: 5 7 9
7: 5 6 9
8: 2 9 10
9: 2 6 7 8
10: 3 4 5 8

1: 2 6 10
2: 1 6 10
3: 4 7 10
4: 3 7 10
5: 8 9 10
6: 1 2 8
7: 3 4 9
8: 5 6 9
9: 5 7 8
10: 1 2 3 4 5

1: 2 3 4
2: 1 5 6
3: 1 4 9
4: 1 3 10
5: 2 6 10
6: 2 5 9
7: 8 9 10
8: 7 9 10
9: 3 6 7 8
10: 4 5 7 8

1: 4 6 10
2: 4 7 10
3: 4 8 9
4: 1 2 3
5: 6 7 8 9
6: 1 5 8 10
7: 2 5 9 10
8: 3 5 6 9
9: 3 5 7 8
10: 1 2 6 7

1: 2 3 9
2: 1 4 10
3: 1 8 9
4: 2 8 10
5: 7 8 9
6: 7 8 10
7: 5 6 9 10
8: 3 4 5 6
9: 1 3 5 7 10
10: 2 4 6 7 9

1: 7 9 10
2: 7 8 10
3: 4 6 10
4: 3 6 10
5: 7 8 9
6: 3 4 9
7: 1 2 5
8: 2 5 9 10
9: 1 5 6 8
10: 1 2 3 4 8

1: 6 9 10
2: 3 7 10
3: 2 7 10
4: 6 8 9
5: 6 7 8
6: 1 4 5
7: 2 3 5
8: 4 5 9 10
9: 1 4 8 10
10: 1 2 3 8 9

1: 5 6 7
2: 3 4 9
3: 2 4 7
4: 2 3 7
5: 1 8 10
6: 1 8 9
7: 1 3 4 10
8: 5 6 9 10
9: 2 6 8 10
10: 5 7 8 9

1: 4 8 9
2: 4 8 10
3: 4 9 10
4: 1 2 3
5: 6 7 8 9
6: 5 7 8 10
7: 5 6 9 10
8: 1 2 5 6
9: 1 3 5 7
10: 2 3 6 7

1: 2 3 4
2: 1 5 6
3: 1 4 9
4: 1 3 9
5: 2 6 10
6: 2 5 10
7: 8 9 10
8: 7 9 10
9: 3 4 7 8
10: 5 6 7 8

1: 2 3 4
2: 1 7 8
3: 1 7 9
4: 1 8 9
5: 6 7 10
6: 5 7 10
7: 2 3 5 6
8: 2 4 9 10
9: 3 4 8 10
10: 5 6 8 9

1: 8 9 10
2: 5 6 10
3: 5 6 9
4: 7 8 9
5: 2 3 7
6: 2 3 9 10
7: 4 5 8 10
8: 1 4 7 10
9: 1 3 4 6
10: 1 2 6 7 8

1: 2 9 10
2: 1 3 4
3: 2 8 9
4: 2 8 10
5: 7 8 9
6: 7 8 10
7: 5 6 9 10
8: 3 4 5 6
9: 1 3 5 7 10
10: 1 4 6 7 9

1: 2 3 5
2: 1 4 6
3: 1 7 9
4: 2 8 10
5: 1 7 10
6: 2 8 9
7: 3 5 9 10
8: 4 6 9 10
9: 3 6 7 8 10
10: 4 5 7 8 9

1: 2 3 4
2: 1 7 9
3: 1 8 10
4: 1 9 10
5: 6 7 8
6: 5 7 8
7: 2 5 6 9
8: 3 5 6 10
9: 2 4 7 10
10: 3 4 8 9

1: 6 7 11
2: 8 9 11
3: 8 10 11
4: 6 9 11
5: 7 10 11
6: 1 4 7 9
7: 1 5 6 10
8: 2 3 9 10
9: 2 4 6 8
10: 3 5 7 8
11: 1 2 3 4 5

1: 2 5 11
2: 1 6 11
3: 8 10 11
4: 9 10 11
5: 1 7 11
6: 2 7 11
7: 5 6 10
8: 3 9 10
9: 4 8 10
10: 3 4 7 8 9
11: 1 2 3 4 5 6

1: 2 6 11
2: 1 10 11
3: 9 10 11
4: 5 7 11
5: 4 7 11
6: 1 8 11
7: 4 5 10
8: 6 9 10
9: 3 8 10
10: 2 3 7 8 9
11: 1 2 3 4 5 6

1: 5 9 10
2: 6 9 11
3: 4 5 10
4: 3 6 11
5: 1 3 10
6: 2 4 11
7: 8 10 11
8: 7 10 11
9: 1 2 10 11
10: 1 3 5 7 8 9
11: 2 4 6 7 8 9

1: 3 11 12
2: 4 11 12
3: 1 4 11
4: 2 3 11
5: 6 10 12
6: 5 9 11
7: 8 9 10
8: 7 9 10
9: 6 7 8 12
10: 5 7 8 12
11: 1 2 3 4 6
12: 1 2 5 9 10

1: 3 9 12
2: 4 9 12
3: 1 7 12
4: 2 8 12
5: 6 10 11
6: 5 10 11
7: 3 8 11 12
8: 4 7 10 12
9: 1 2 10 11
10: 5 6 8 9
11: 5 6 7 9
12: 1 2 3 4 7 8

1: 3 8 12
2: 3 10 12
3: 1 2 12
4: 5 11 12
5: 4 11 12
6: 7 9 10
7: 6 9 10
8: 1 9 11 12
9: 6 7 8 11
10: 2 6 7 11
11: 4 5 8 9 10
12: 1 2 3 4 5 8

1: 2 11 12
2: 1 11 12
3: 4 5 10
4: 3 9 11
5: 3 7 11
6: 8 9 10 12
7: 5 8 10 12
8: 6 7 10 12
9: 4 6 11 12
10: 3 6 7 8
11: 1 2 4 5 9
12: 1 2 6 7 8 9

1: 2 11 12
2: 1 11 12
3: 4 9 11
4: 3 7 10
5: 6 9 10 12
6: 5 8 10 12
7: 4 8 11 12
8: 6 7 10 12
9: 3 5 10 11
10: 4 5 6 8 9
11: 1 2 3 7 9
12: 1 2 5 6 7 8

1: 2 11 12
2: 1 11 12
3: 4 6 12
4: 3 5 12
5: 4 10 12
6: 3 9 11
7: 8 9 10
8: 7 9 10
9: 6 7 8 11
10: 5 7 8 11 12
11: 1 2 6 9 10
12: 1 2 3 4 5 10

1: 3 4 11
2: 5 6 11
3: 1 4 9
4: 1 3 9
5: 2 6 10
6: 2 5 10
7: 8 12 13
8: 7 12 13
9: 3 4 10 13
10: 5 6 9 12
11: 1 2 12 13
12: 7 8 10 11
13: 7 8 9 11

1: 2 9 13
2: 1 9 13
3: 5 6 13
4: 9 11 12
5: 3 6 12
6: 3 5 12
7: 8 10 11
8: 7 10 11
9: 1 2 4
10: 7 8 12 13
11: 4 7 8 13
12: 4 5 6 10
13: 1 2 3 10 11

1: 2 10 13
2: 1 10 13
3: 4 9 13
4: 3 9 13
5: 6 11 12
6: 5 11 12
7: 8 9 11
8: 7 10 12
9: 3 4 7
10: 1 2 8
11: 5 6 7 13
12: 5 6 8 13
13: 1 2 3 4 11 12

1: 2 3 6
2: 1 4 7
3: 1 5 8
4: 2 5 7
5: 3 4 8
6: 1 9 10
7: 2 4 9 10
8: 3 5 9 10
9: 6 7 8 10
10: 6 7 8 9

1: 2 5 6
2: 1 3 4
3: 2 4 8
4: 2 3 7
5: 1 7 9
6: 1 8 10
7: 4 5 9 10
8: 3 6 9 10
9: 5 7 8 10
10: 6 7 8 9

1: 5 6 7
2: 7 8 9
3: 6 8 10
4: 5 9 10
5: 1 4 6 8
6: 1 3 5 8
7: 1 2 9 10
8: 2 3 5 6
9: 2 4 7 10
10: 3 4 7 9

1: 2 3 4
2: 1 3 11
3: 1 2 11
4: 1 9 10
5: 6 9 12
6: 5 9 12
7: 8 10 13
8: 7 10 13
9: 4 5 6 13
10: 4 7 8 12
11: 2 3 12 13
12: 5 6 10 11
13: 7 8 9 11

1: 2 3 9
2: 1 4 9
3: 1 7 9
4: 2 8 9
5: 6 7 8
6: 5 7 8
7: 3 5 6 9
8: 4 5 6 9
9: 1 2 3 4 7 8

1: 2 3 9
2: 1 3 9
3: 1 2 4
4: 3 12 13
5: 6 10 12
6: 5 10 12
7: 8 11 13
8: 7 11 13
9: 1 2 10 11
10: 5 6 9 11 13
11: 7 8 9 10 12
12: 4 5 6 11 13
13: 4 7 8 10 12

1: 2 5 10
2: 1 9 10
3: 7 9 10
4: 8 9 10
5: 1 6 10
6: 5 7 8
7: 3 6 8
8: 4 6 7
9: 2 3 4 10
10: 1 2 3 4 5 9

1: 2 3 10
2: 1 8 10
3: 1 9 10
4: 5 6 10
5: 4 7 10
6: 4 8 9
7: 5 8 9
8: 2 6 7 9
9: 3 6 7 8
10: 1 2 3 4 5

1: 3 6 10
2: 3 7 10
3: 1 2 10
4: 6 8 9
5: 7 8 9
6: 1 4 7
7: 2 5 6
8: 4 5 9 10
9: 4 5 8 10
10: 1 2 3 8 9

1: 2 3 4
2: 1 5 6
3: 1 7 9
4: 1 8 10
5: 2 7 10
6: 2 8 9
7: 3 5 9 10
8: 4 6 9 10
9: 3 6 7 8 10
10: 4 5 7 8 9

1: 3 5 7
2: 4 6 7
3: 1 7 8
4: 2 7 9
5: 1 9 10
6: 2 8 10
7: 1 2 3 4
8: 3 6 9 10
9: 4 5 8 10
10: 5 6 8 9

1: 2 3 4
2: 1 5 8
3: 1 7 10
4: 1 6 9
5: 2 8 10
6: 4 8 9
7: 3 9 10
8: 2 5 6 9 10
9: 4 6 7 8 10
10: 3 5 7 8 9

1: 8 9 10
2: 3 4 10
3: 2 5 10
4: 2 6 10
5: 3 7 10
6: 4 8 9
7: 5 8 9
8: 1 6 7 9
9: 1 6 7 8
10: 1 2 3 4 5

1: 2 3 8
2: 1 4 9
3: 1 5 8
4: 2 6 9
5: 3 8 10
6: 4 9 10
7: 8 9 10
8: 1 3 5 7 10
9: 2 4 6 7 10
10: 5 6 7 8 9

1: 9 10 11
2: 6 7 9
3: 8 9 10
4: 5 8 11
5: 4 10 11
6: 2 7 11
7: 2 6 8
8: 3 4 7
9: 1 2 3 10
10: 1 3 5 9 11
11: 1 4 5 6 10

1: 2 7 9
2: 1 6 9
3: 4 9 11
4: 3 9 11
5: 6 8 10
6: 2 5 10
7: 1 10 11
8: 5 10 11
9: 1 2 3 4
10: 5 6 7 8 11
11: 3 4 7 8 10

1: 2 3 4
2: 1 3 7
3: 1 2 8
4: 1 5 6
5: 4 6 11
6: 4 5 11
7: 2 9 10
8: 3 9 10
9: 7 8 10 11
10: 7 8 9 11
11: 5 6 9 10

1: 2 3 6
2: 1 3 9
3: 1 2 9
4: 5 7 9
5: 4 8 9
6: 1 10 11
7: 4 10 11
8: 5 10 11
9: 2 3 4 5
10: 6 7 8 11
11: 6 7 8 10

1: 3 5 10
2: 4 6 11
3: 1 4 7
4: 2 3 8
5: 1 8 10
6: 2 7 11
7: 3 6 9 11
8: 4 5 9 10
9: 7 8 10 11
10: 1 5 8 9 11
11: 2 6 7 9 10

1: 8 10 11
2: 9 10 11
3: 4 5 10
4: 3 6 8
5: 3 7 9
6: 4 7 8
7: 5 6 9
8: 1 4 6 11
9: 2 5 7 11
10: 1 2 3 11
11: 1 2 8 9 10

1: 7 10 11
2: 9 10 11
3: 4 5 10
4: 3 6 7
5: 3 8 9
6: 4 7 8
7: 1 4 6
8: 5 6 9 11
9: 2 5 8 11
10: 1 2 3 11
11: 1 2 8 9 10

1: 2 3 5
2: 1 4 6
3: 1 5 7
4: 2 6 8
5: 1 3 11
6: 2 4 11
7: 3 9 10
8: 4 9 10
9: 7 8 10 11
10: 7 8 9 11
11: 5 6 9 10

1: 5 9 11
2: 7 10 11
3: 6 10 11
4: 7 8 9
5: 1 6 7
6: 3 5 10
7: 2 4 5
8: 4 9 10 11
9: 1 4 8 11
10: 2 3 6 8 11
11: 1 2 3 8 9 10

1: 7 10 11
2: 8 10 11
3: 4 9 11
4: 3 9 11
5: 6 9 10
6: 5 7 8
7: 1 6 8
8: 2 6 7
9: 3 4 5
10: 1 2 5 11
11: 1 2 3 4 10

1: 2 6 7
2: 1 6 8
3: 4 5 10
4: 3 5 9
5: 3 4 9
6: 1 2 9
7: 1 10 11
8: 2 10 11
9: 4 5 6 11
10: 3 7 8 11
11: 7 8 9 10

1: 2 4 7
2: 1 3 11
3: 2 8 11
4: 1 9 10
5: 7 8 9
6: 7 8 10
7: 1 5 6 8
8: 3 5 6 7
9: 4 5 10 11
10: 4 6 9 11
11: 2 3 9 10

1: 4 5 9
2: 3 7 9
3: 2 8 9
4: 1 9 10
5: 1 6 11
6: 5 10 11
7: 2 10 11
8: 3 10 11
9: 1 2 3 4
10: 4 6 7 8 11
11: 5 6 7 8 10

1: 5 6 9
2: 7 9 10
3: 4 9 11
4: 3 9 11
5: 1 8 11
6: 1 7 10
7: 2 6 10
8: 5 10 11
9: 1 2 3 4
10: 2 6 7 8 11
11: 3 4 5 8 10

1: 2 3 11
2: 1 9 11
3: 1 8 11
4: 6 10 11
5: 7 10 11
6: 4 8 10
7: 5 9 10
8: 3 6 9
9: 2 7 8
10: 4 5 6 7 11
11: 1 2 3 4 5 10

1: 8 9 11
2: 6 8 11
3: 7 9 11
4: 5 9 10
5: 4 8 10
6: 2 7 10
7: 3 6 10
8: 1 2 5 11
9: 1 3 4 11
10: 4 5 6 7
11: 1 2 3 8 9

1: 2 3 4
2: 1 5 9
3: 1 8 11
4: 1 7 10
5: 2 7 10
6: 7 8 9
7: 4 5 6 10
8: 3 6 9 11
9: 2 6 8 11
10: 4 5 7 11
11: 3 8 9 10

1: 3 5 9
2: 4 6 9
3: 1 9 11
4: 2 9 10
5: 1 7 10
6: 2 8 11
7: 5 10 11
8: 6 10 11
9: 1 2 3 4
10: 4 5 7 8 11
11: 3 6 7 8 10

1: 2 5 9
2: 1 5 9
3: 7 9 10
4: 8 9 11
5: 1 2 6
6: 5 10 11
7: 3 10 11
8: 4 10 11
9: 1 2 3 4
10: 3 6 7 8 11
11: 4 6 7 8 10

1: 2 4 9
2: 1 4 9
3: 4 5 6
4: 1 2 3
5: 3 7 10
6: 3 8 11
7: 5 10 11
8: 6 10 11
9: 1 2 10 11
10: 5 7 8 9 11
11: 6 7 8 9 10

1: 2 4 9
2: 1 5 9
3: 4 5 6
4: 1 3 7
5: 2 3 8
6: 3 10 11
7: 4 10 11
8: 5 10 11
9: 1 2 10 11
10: 6 7 8 9 11
11: 6 7 8 9 10

1: 2 5 7
2: 1 3 4
3: 2 4 9
4: 2 3 9
5: 1 6 9
6: 5 10 11
7: 1 10 11
8: 9 10 11
9: 3 4 5 8
10: 6 7 8 11
11: 6 7 8 10

1: 2 3 4
2: 1 10 11
3: 1 5 8
4: 1 6 7
5: 3 7 10
6: 4 8 11
7: 4 5 9 10
8: 3 6 9 11
9: 7 8 10 11
10: 2 5 7 9 11
11: 2 6 8 9 10

1: 3 9 11
2: 4 9 10
3: 1 4 5
4: 2 3 6
5: 3 7 10
6: 4 8 11
7: 5 10 11
8: 6 10 11
9: 1 2 10 11
10: 2 5 7 8 9 11
11: 1 6 7 8 9 10

1: 2 10 11
2: 1 8 11
3: 4 7 11
4: 3 7 11
5: 6 10 11
6: 5 9 10
7: 3 4 8
8: 2 7 9
9: 6 8 10
10: 1 5 6 9 11
11: 1 2 3 4 5 10

1: 2 5 9
2: 1 5 9
3: 8 9 11
4: 6 9 10
5: 1 2 11
6: 4 7 10
7: 6 10 11
8: 3 10 11
9: 1 2 3 4
10: 4 6 7 8 11
11: 3 5 7 8 10

1: 4 9 10
2: 5 9 11
3: 6 10 11
4: 1 7 8
5: 2 7 8
6: 3 7 8
7: 4 5 6 8
8: 4 5 6 7
9: 1 2 10 11
10: 1 3 9 11
11: 2 3 9 10

1: 2 10 11
2: 1 10 11
3: 4 5 11
4: 3 6 11
5: 3 7 11
6: 4 8 11
7: 5 9 10
8: 6 9 10
9: 7 8 10
10: 1 2 7 8 9
11: 1 2 3 4 5 6

1: 2 3 4
2: 1 5 6
3: 1 4 7
4: 1 3 8
5: 2 6 9
6: 2 5 10
7: 3 11 12
8: 4 11 12
9: 5 11 12
10: 6 11 12
11: 7 8 9 10 12
12: 7 8 9 10 11

1: 2 5 8
2: 1 6 7
3: 4 9 10
4: 3 11 12
5: 1 9 10
6: 2 9 10
7: 2 11 12
8: 1 11 12
9: 3 5 6 10
10: 3 5 6 9
11: 4 7 8 12
12: 4 7 8 11

1: 2 11 12
2: 1 5 12
3: 4 10 12
4: 3 10 12
5: 2 6 12
6: 5 9 10
7: 8 9 11
8: 7 9 11
9: 6 7 8
10: 3 4 6 11
11: 1 7 8 10
12: 1 2 3 4 5

1: 6 8 12
2: 3 9 12
3: 2 7 12
4: 5 10 11
5: 4 10 11
6: 1 7 10
7: 3 6 11
8: 1 9 11 12
9: 2 8 10 12
10: 4 5 6 9
11: 4 5 7 8
12: 1 2 3 8 9

1: 2 7 8
2: 1 3 4
3: 2 5 9
4: 2 6 10
5: 3 9 11
6: 4 10 12
7: 1 10 12
8: 1 9 11
9: 3 5 8 11 12
10: 4 6 7 11 12
11: 5 8 9 10 12
12: 6 7 9 10 11

1: 2 3 10
2: 1 7 8
3: 1 6 9
4: 8 10 11
5: 9 10 12
6: 3 8 11
7: 2 9 12
8: 2 4 6 11
9: 3 5 7 12
10: 1 4 5 11 12
11: 4 6 8 10 12
12: 5 7 9 10 11

1: 2 10 12
2: 1 10 12
3: 4 11 12
4: 3 11 12
5: 6 7 12
6: 5 8 10
7: 5 9 11
8: 6 9 10
9: 7 8 11
10: 1 2 6 8
11: 3 4 7 9
12: 1 2 3 4 5

1: 2 11 12
2: 1 11 12
3: 5 10 12
4: 6 10 12
5: 3 8 11
6: 4 9 11
7: 8 9 10
8: 5 7 9
9: 6 7 8
10: 3 4 7 12
11: 1 2 5 6
12: 1 2 3 4 10

1: 2 3 4
2: 1 3 7
3: 1 2 8
4: 1 5 6
5: 4 9 11
6: 4 10 12
7: 2 11 12
8: 3 11 12
9: 5 11 12
10: 6 11 12
11: 5 7 8 9 10 12
12: 6 7 8 9 10 11

1: 6 11 12
2: 4 11 12
3: 5 11 12
4: 2 5 7
5: 3 4 8
6: 1 10 11
7: 4 9 10
8: 5 9 10
9: 7 8 10 12
10: 6 7 8 9
11: 1 2 3 6 12
12: 1 2 3 9 11

1: 7 10 12
2: 8 10 12
3: 4 9 12
4: 3 11 12
5: 6 7 11
6: 5 8 11
7: 1 5 9
8: 2 6 9
9: 3 7 8
10: 1 2 11 12
11: 4 5 6 10 12
12: 1 2 3 4 10 11

1: 2 11 12
2: 1 7 8
3: 9 11 12
4: 10 11 12
5: 8 9 11
6: 7 10 12
7: 2 6 9
8: 2 5 10
9: 3 5 7 11
10: 4 6 8 12
11: 1 3 4 5 9 12
12: 1 3 4 6 10 11

1: 6 11 12
2: 5 11 12
3: 4 6 11
4: 3 5 7
5: 2 4 8
6: 1 3 11
7: 4 9 10
8: 5 9 10
9: 7 8 10 12
10: 7 8 9 12
11: 1 2 3 6 12
12: 1 2 9 10 11

1: 2 11 12
2: 1 6 12
3: 8 10 12
4: 7 10 12
5: 8 9 11
6: 2 7 9
7: 4 6 8
8: 3 5 7
9: 5 6 10 11
10: 3 4 9 11 12
11: 1 5 9 10 12
12: 1 2 3 4 10 11

1: 4 11 12
2: 5 11 12
3: 6 11 12
4: 1 5 6
5: 2 4 9
6: 3 4 10
7: 9 10 11
8: 9 10 12
9: 5 7 8 10
10: 6 7 8 9
11: 1 2 3 7 12
12: 1 2 3 8 11

1: 2 8 9
2: 1 7 9
3: 4 10 12
4: 3 9 10
5: 6 9 11
6: 5 10 11
7: 2 9 12
8: 1 11 12
9: 1 2 4 5 7
10: 3 4 6 11 12
11: 5 6 8 10 12
12: 3 7 8 10 11

1: 5 8 10
2: 6 7 9
3: 4 10 12
4: 3 11 12
5: 1 10 12
6: 2 9 10
7: 2 9 11
8: 1 9 11
9: 2 6 7 8 11
10: 1 3 5 6 12
11: 4 7 8 9 12
12: 3 4 5 10 11

1: 8 9 12
2: 6 8 12
3: 7 9 12
4: 7 10 11
5: 6 10 11
6: 2 5 7
7: 3 4 6
8: 1 2 11 12
9: 1 3 10 12
10: 4 5 9 11
11: 4 5 8 10
12: 1 2 3 8 9

1: 7 9 12
2: 8 10 12
3: 6 7 12
4: 5 8 12
5: 4 10 11
6: 3 9 11
7: 1 3 8 12
8: 2 4 7 12
9: 1 6 10 11
10: 2 5 9 11
11: 5 6 9 10
12: 1 2 3 4 7 8

1: 6 10 12
2: 5 9 12
3: 6 9 11
4: 5 8 11
5: 2 4 6
6: 1 3 5
7: 8 10 11 12
8: 4 7 11 12
9: 2 3 10 12
10: 1 7 9 12
11: 3 4 7 8
12: 1 2 7 8 9 10

1: 2 11 12
2: 1 11 12
3: 4 5 7
4: 3 6 8
5: 3 9 11
6: 4 10 12
7: 3 10 12
8: 4 9 11
9: 5 8 10 11
10: 6 7 9 12
11: 1 2 5 8 9
12: 1 2 6 7 10

1: 2 3 6
2: 1 4 7
3: 1 5 8
4: 2 5 10
5: 3 4 9
6: 1 11 12
7: 2 11 12
8: 3 11 12
9: 5 11 12
10: 4 11 12
11: 6 7 8 9 10 12
12: 6 7 8 9 10 11

1: 2 11 12
2: 1 11 12
3: 7 9 12
4: 8 10 12
5: 7 10 11
6: 8 9 11
7: 3 5 8
8: 4 6 7
9: 3 6 10 12
10: 4 5 9 12
11: 1 2 5 6
12: 1 2 3 4 9 10

1: 4 5 12
2: 3 6 12
3: 2 7 12
4: 1 6 11
5: 1 7 10
6: 2 4 10
7: 3 5 11
8: 9 10 11 12
9: 8 10 11 12
10: 5 6 8 9
11: 4 7 8 9
12: 1 2 3 8 9

1: 3 6 11
2: 5 9 12
3: 1 9 12
4: 7 9 12
5: 2 10 12
6: 1 10 11
7: 4 10 11
8: 9 10 11
9: 2 3 4 8 12
10: 5 6 7 8 11
11: 1 6 7 8 10
12: 2 3 4 5 9

1: 2 10 12
2: 1 9 12
3: 8 11 12
4: 6 11 12
5: 7 10 12
6: 4 9 11
7: 5 8 10
8: 3 7 9
9: 2 6 8
10: 1 5 7 11 12
11: 3 4 6 10 12
12: 1 2 3 4 5 10 11

1: 2 3 5
2: 1 4 6
3: 1 7 11
4: 2 10 12
5: 1 9 12
6: 2 8 11
7: 3 11 12
8: 6 11 12
9: 5 11 12
10: 4 11 12
11: 3 6 7 8 9 10 12
12: 4 5 7 8 9 10 11

1: 2 3 12
2: 1 11 12
3: 1 10 12
4: 5 8 12
5: 4 8 12
6: 7 9 12
7: 6 9 12
8: 4 5 10
9: 6 7 11
10: 3 8 11
11: 2 9 10
12: 1 2 3 4 5 6 7

1: 2 11 12
2: 1 5 12
3: 4 10 12
4: 3 10 12
5: 2 9 12
6: 7 8 12
7: 6 8 11
8: 6 7 11
9: 5 10 11
10: 3 4 9
11: 1 7 8 9
12: 1 2 3 4 5 6

1: 2 3 12
2: 1 11 12
3: 1 10 12
4: 6 7 12
5: 8 9 12
6: 4 7 10
7: 4 6 10
8: 5 9 11
9: 5 8 11
10: 3 6 7 11
11: 2 8 9 10
12: 1 2 3 4 5

1: 2 9 10
2: 1 9 11
3: 4 10 12
4: 3 9 12
5: 7 10 12
6: 8 11 12
7: 5 10 11
8: 6 9 11
9: 1 2 4 8 11
10: 1 3 5 7 12
11: 2 6 7 8 9
12: 3 4 5 6 10

1: 7 10 12
2: 7 9 12
3: 5 8 12
4: 6 8 12
5: 3 9 11
6: 4 10 11
7: 1 2 8 12
8: 3 4 7 12
9: 2 5 10 11
10: 1 6 9 11
11: 5 6 9 10
12: 1 2 3 4 7 8

1: 2 6 9
2: 1 9 12
3: 5 9 12
4: 7 11 12
5: 3 10 12
6: 1 10 11
7: 4 10 11
8: 9 10 11
9: 1 2 3 8 12
10: 5 6 7 8 11
11: 4 6 7 8 10
12: 2 3 4 5 9

1: 4 11 12
2: 5 11 12
3: 6 11 12
4: 1 7 11
5: 2 8 12
6: 3 9 10
7: 4 9 10
8: 5 9 10
9: 6 7 8 10
10: 6 7 8 9
11: 1 2 3 4 12
12: 1 2 3 5 11

1: 11 12 13
2: 8 11 13
3: 5 9 13
4: 9 11 13
5: 3 8 12
6: 7 10 12
7: 6 10 12
8: 2 5 10
9: 3 4 10 13
10: 6 7 8 9
11: 1 2 4 12 13
12: 1 5 6 7 11
13: 1 2 3 4 9 11

1: 2 12 13
2: 1 6 13
3: 10 11 13
4: 5 8 13
5: 4 8 13
6: 2 7 13
7: 6 11 12
8: 4 5 12
9: 10 11 12
10: 3 9 11
11: 3 7 9 10 12
12: 1 7 8 9 11
13: 1 2 3 4 5 6

1: 9 12 13
2: 10 11 13
3: 4 7 13
4: 3 7 13
5: 8 11 13
6: 10 11 12
7: 3 4 12
8: 5 9 12
9: 1 8 12
10: 2 6 11
11: 2 5 6 10 13
12: 1 6 7 8 9
13: 1 2 3 4 5 11

1: 7 12 13
2: 8 11 13
3: 5 9 10
4: 6 9 10
5: 3 7 11
6: 4 8 12
7: 1 5 8
8: 2 6 7
9: 3 4 10 13
10: 3 4 9 13
11: 2 5 12 13
12: 1 6 11 13
13: 1 2 9 10 11 12

1: 5 11 12
2: 6 11 13
3: 4 12 13
4: 3 12 13
5: 1 6 9
6: 2 5 10
7: 8 9 10 11
8: 7 9 10 11
9: 5 7 8 13
10: 6 7 8 12
11: 1 2 7 8
12: 1 3 4 10
13: 2 3 4 9

1: 4 5 13
2: 3 6 13
3: 2 7 13
4: 1 5 12
5: 1 4 12
6: 2 8 12
7: 3 9 12
8: 6 10 11
9: 7 10 11
10: 8 9 11 13
11: 8 9 10 13
12: 4 5 6 7
13: 1 2 3 10 11

1: 2 10 13
2: 1 10 13
3: 4 8 13
4: 3 9 13
5: 8 9 10
6: 8 11 12
7: 9 11 12
8: 3 5 6
9: 4 5 7
10: 1 2 5
11: 6 7 12 13
12: 6 7 11 13
13: 1 2 3 4 11 12

1: 8 11 12
2: 11 12 13
3: 11 12 14
4: 5 10 13
5: 4 10 13
6: 7 9 14
7: 6 9 14
8: 1 9 10
9: 6 7 8 13
10: 4 5 8 14
11: 1 2 3 12 13
12: 1 2 3 11 14
13: 2 4 5 9 11
14: 3 6 7 10 12

1: 2 5 9
2: 1 6 10
3: 4 7 8
4: 3 7 8
5: 1 7 9
6: 2 7 10
7: 3 4 5 6
8: 3 4 9 10
9: 1 5 8 10
10: 2 6 8 9

1: 5 7 8
2: 6 7 8
3: 4 9 10
4: 3 9 10
5: 1 6 8 9
6: 2 5 8 10
7: 1 2 9 10
8: 1 2 5 6
9: 3 4 5 7
10: 3 4 6 7

1: 2 3 4 7
2: 1 5 6 7
3: 1 4 5 6 7
4: 1 3 5 6 7
5: 2 3 4 6 7
6: 2 3 4 5 7
7: 1 2 3 4 5 6

1: 3 5 6
2: 4 7 8
3: 1 4 9
4: 2 3 9
5: 1 6 11
6: 1 5 12
7: 2 8 13
8: 2 7 14
9: 3 4 10
10: 9 11 12 13 14
11: 5 10 12 13 14
12: 6 10 11 13 14
13: 7 10 11 12 14
14: 8 10 11 12 13

1: 2 7
2: 1 9
3: 4 7
4: 3 8
5: 6 9
6: 5 8
7: 1 3 8 9
8: 4 6 7 9
9: 2 5 7 8

1: 2 3 4
2: 1 12 14
3: 1 11 14
4: 1 10 13
5: 6 7 14
6: 5 10 12
7: 5 8 9
8: 7 12 13
9: 7 11 13
10: 4 6 11
11: 3 9 10
12: 2 6 8
13: 4 8 9
14: 2 3 5

1: 2 3 4 5
2: 1 4 7 9
3: 1 5 8 10
4: 1 2 5 9
5: 1 3 4 10
6: 7 8 9 10
7: 2 6 8 9
8: 3 6 7 10
9: 2 4 6 7
10: 3 5 6 8

1: 8
2: 9
3: 10
4: 15
5: 14
6: 14
7: 13
8: 1 9
9: 2 8 10
10: 3 9 11
11: 10 12 13
12: 11 13 15
13: 7 11 12
14: 5 6 15
15: 4 12 14

1: 6
2: 7
3: 8
4: 13
5: 13
6: 1 7
7: 2 6 8
8: 3 7 9
9: 8 10 11
10: 9 11 12
11: 9 10 12
12: 10 11 13
13: 4 5 12

1: 2 5
2: 1 6
3: 4 5 6
4: 3 5 6
5: 1 3 4
6: 2 3 4

1: 3 5
2: 4 6
3: 1 5 6
4: 2 5 6
5: 1 3 4 6
6: 2 3 4 5

1: 2
2: 1 5 6
3: 4 5 6
4: 3 5 6
5: 2 3 4 6
6: 2 3 4 5

1: 3 6
2: 4 7
3: 1 5 6
4: 2 5 7
5: 3 4 6 7
6: 1 3 5 7
7: 2 4 5 6

1: 5 6
2: 3 4 7
3: 2 5 7
4: 2 6 7
5: 1 3 6 7
6: 1 4 5 7
7: 2 3 4 5 6

1: 2 5 7
2: 1 6 7
3: 4 6 8
4: 3 5 8
5: 1 4 7 8
6: 2 3 7 8
7: 1 2 5 6 8
8: 3 4 5 6 7

1: 2
2: 1 3 4
3: 2 4 7
4: 2 3 8
5: 6 7 8
6: 5 7 8
7: 3 5 6
8: 4 5 6

1: 5
2: 5 6 7
3: 4 6 7
4: 3 6 7
5: 1 2 7
6: 2 3 4
7: 2 3 4 5

1: 6 7
2: 3 7
3: 2 7
4: 5 6 7
5: 4 6 7
6: 1 4 5 7
7: 1 2 3 4 5 6

1: 8
2: 6 8
3: 7 8
4: 5 6 8
5: 4 7 8
6: 2 4 7 8
7: 3 5 6 8
8: 1 2 3 4 5 6 7

1: 5 6
2: 5 6
3: 4 6
4: 3 6
5: 1 2 6
6: 1 2 3 4 5

1: 4 5
2: 6 8
3: 7 9
4: 1 5 8
5: 1 4 9
6: 2 7 8
7: 3 6 9
8: 2 4 6
9: 3 5 7

1: 5
2: 6
3: 7 8
4: 7 8
5: 1 7
6: 2 8
7: 3 4 5 8
8: 3 4 6 7

1: 10
2: 9
3: 4 18
4: 3 18
5: 6 17
6: 5 17
7: 13 15
8: 14 16
9: 2 16
10: 1 15
11: 13 15 17 18
12: 14 16 17 18
13: 7 11 15 17
14: 8 12 16 18
15: 7 10 11 13
16: 8 9 12 14
17: 5 6 11 12 13 18
18: 3 4 11 12 14 17

1: 2 3 4
2: 1 22 23
3: 1 21 24
4: 1 19 20
5: 7 9 17
6: 8 10 18
7: 5 8 12
8: 6 7 11
9: 5 14 16
10: 6 13 15
11: 8 14 22
12: 7 13 21
13: 10 12 24
14: 9 11 23
15: 10 19 24
16: 9 20 23
17: 5 20 22
18: 6 19 21
19: 4 15 18
20: 4 16 17
21: 3 12 18
22: 2 11 17
23: 2 14 16
24: 3 13 15

1: 6
2: 3 6
3: 2 6
4: 5 6
5: 4 6
6: 1 2 3 4 5

1: 4 6
2: 5 6
3: 5 6
4: 1 5 6
5: 2 3 4 6
6: 1 2 3 4 5

1: 6
2: 3 4 6
3: 2 5 6
4: 2 5 6
5: 3 4 6
6: 1 2 3 4 5

1: 4 6
2: 5 6
3: 4 5 6
4: 1 3 6
5: 2 3 6
6: 1 2 3 4 5

1: 5 6
2: 4 5 6
3: 4 5 6
4: 2 3 6
5: 1 2 3 6
6: 1 2 3 4 5

1: 2 6 7
2: 1 6 7
3: 4 5 7
4: 3 5 6 7
5: 3 4 6 7
6: 1 2 4 5 7
7: 1 2 3 4 5 6

1: 3 4 7
2: 5 6 7
3: 1 4 5 7
4: 1 3 6 7
5: 2 3 6 7
6: 2 4 5 7
7: 1 2 3 4 5 6

1: 2 5 7
2: 1 6 7
3: 4 5 6 7
4: 3 5 6 7
5: 1 3 4 7
6: 2 3 4 7
7: 1 2 3 4 5 6

1: 2 6 7
2: 1 3 6 7
3: 2 4 5 7
4: 3 5 6 7
5: 3 4 6 7
6: 1 2 4 5 7
7: 1 2 3 4 5 6

1: 3 5 7
2: 4 6 7
3: 1 5 6 7
4: 2 5 6 7
5: 1 3 4 6 7
6: 2 3 4 5 7
7: 1 2 3 4 5 6

1: 2 5 6 7
2: 1 5 6 7
3: 4 5 6 7
4: 3 5 6 7
5: 1 2 3 4 7
6: 1 2 3 4 7
7: 1 2 3 4 5 6

1: 2 3 7
2: 1 4 6 7
3: 1 5 6 7
4: 2 5 6 7
5: 3 4 6 7
6: 2 3 4 5 7
7: 1 2 3 4 5 6

1: 2 3 4 7
2: 1 3 5 7
3: 1 2 6 7
4: 1 5 6 7
5: 2 4 6 7
6: 3 4 5 7
7: 1 2 3 4 5 6

1: 2 3 5 7
2: 1 4 6 7
3: 1 5 6 7
4: 2 5 6 7
5: 1 3 4 6 7
6: 2 3 4 5 7
7: 1 2 3 4 5 6

1: 4 5 7
2: 3 4 6 7
3: 2 5 6 7
4: 1 2 5 6 7
5: 1 3 4 6 7
6: 2 3 4 5 7
7: 1 2 3 4 5 6

1: 3 5 6 7
2: 4 5 6 7
3: 1 4 5 6 7
4: 2 3 5 6 7
5: 1 2 3 4 7
6: 1 2 3 4 7
7: 1 2 3 4 5 6

1: 7
2: 7
3: 4 7
4: 3 7
5: 6 7
6: 5 7
7: 1 2 3 4 5 6

1: 7
2: 6 7
3: 6 7
4: 5 7
5: 4 7
6: 2 3 7
7: 1 2 3 4 5 6

1: 7
2: 5 7
3: 6 7
4: 6 7
5: 2 6 7
6: 3 4 5 7
7: 1 2 3 4 5 6

1: 6 7
2: 6 7
3: 6 7
4: 5 7
5: 4 7
6: 1 2 3 7
7: 1 2 3 4 5 6

1: 5 7
2: 6 7
3: 6 7
4: 6 7
5: 1 6 7
6: 2 3 4 5 7
7: 1 2 3 4 5 6

1: 7
2: 7
3: 4 5 7
4: 3 6 7
5: 3 6 7
6: 4 5 7
7: 1 2 3 4 5 6

1: 7
2: 5 7
3: 6 7
4: 5 6 7
5: 2 4 7
6: 3 4 7
7: 1 2 3 4 5 6

1: 5 7
2: 6 7
3: 6 7
4: 5 7
5: 1 4 7
6: 2 3 7
7: 1 2 3 4 5 6

1: 7
2: 6 7
3: 5 6 7
4: 5 6 7
5: 3 4 7
6: 2 3 4 7
7: 1 2 3 4 5 6

1: 6 7
2: 6 7
3: 4 7
4: 3 5 7
5: 4 6 7
6: 1 2 5 7
7: 1 2 3 4 5 6

1: 5 7
2: 6 7
3: 6 7
4: 5 7
5: 1 4 6 7
6: 2 3 5 7
7: 1 2 3 4 5 6

1: 6 7
2: 6 7
3: 5 6 7
4: 5 6 7
5: 3 4 7
6: 1 2 3 4 7
7: 1 2 3 4 5 6

1: 7
2: 5 6 7
3: 5 6 7
4: 5 6 7
5: 2 3 4 7
6: 2 3 4 7
7: 1 2 3 4 5 6

1: 5 7
2: 6 7
3: 5 6 7
4: 5 6 7
5: 1 3 4 7
6: 2 3 4 7
7: 1 2 3 4 5 6

1: 6 7
2: 5 6 7
3: 5 6 7
4: 5 6 7
5: 2 3 4 7
6: 1 2 3 4 7
7: 1 2 3 4 5 6

1: 5 6 7
2: 5 6 7
3: 5 6 7
4: 5 6 7
5: 1 2 3 4 7
6: 1 2 3 4 7
7: 1 2 3 4 5 6

1: 2 7
2: 1 7
3: 4 7
4: 3 7
5: 6 7
6: 5 7
7: 1 2 3 4 5 6

1: 2 7
2: 1 7
3: 5 7
4: 6 7
5: 3 6 7
6: 4 5 7
7: 1 2 3 4 5 6

1: 6 7
2: 4 7
3: 5 7
4: 2 6 7
5: 3 6 7
6: 1 4 5 7
7: 1 2 3 4 5 6

1: 5 7
2: 6 7
3: 4 5 7
4: 3 6 7
5: 1 3 7
6: 2 4 7
7: 1 2 3 4 5 6

1: 5 7
2: 6 7
3: 4 5 7
4: 3 6 7
5: 1 3 6 7
6: 2 4 5 7
7: 1 2 3 4 5 6

1: 2 7
2: 1 7
3: 4 5 7
4: 3 6 7
5: 3 6 7
6: 4 5 7
7: 1 2 3 4 5 6

1: 2 7
2: 1 6 7
3: 5 6 7
4: 5 6 7
5: 3 4 7
6: 2 3 4 7
7: 1 2 3 4 5 6

1: 4 7
2: 5 6 7
3: 5 6 7
4: 1 5 6 7
5: 2 3 4 7
6: 2 3 4 7
7: 1 2 3 4 5 6

1: 2 3 7
2: 1 5 7
3: 1 6 7
4: 5 6 7
5: 2 4 7
6: 3 4 7
7: 1 2 3 4 5 6

1: 2 5 7
2: 1 6 7
3: 4 6 7
4: 3 5 7
5: 1 4 6 7
6: 2 3 5 7
7: 1 2 3 4 5 6

1: 3 4 7
2: 5 6 7
3: 1 5 6 7
4: 1 5 6 7
5: 2 3 4 7
6: 2 3 4 7
7: 1 2 3 4 5 6

1: 8
2: 5 6 8
3: 5 7 8
4: 6 7 8
5: 2 3 6 7 8
6: 2 4 5 7 8
7: 3 4 5 6 8
8: 1 2 3 4 5 6 7

1: 7 8
2: 5 7 8
3: 6 7 8
4: 5 6 8
5: 2 4 6 7 8
6: 3 4 5 7 8
7: 1 2 3 5 6 8
8: 1 2 3 4 5 6 7

1: 5 6 8
2: 5 7 8
3: 6 7 8
4: 6 7 8
5: 1 2 6 7 8
6: 1 3 4 5 7 8
7: 2 3 4 5 6 8
8: 1 2 3 4 5 6 7

1: 8
2: 3 4 8
3: 2 4 8
4: 2 3 8
5: 6 7 8
6: 5 7 8
7: 5 6 8
8: 1 2 3 4 5 6 7

1: 8
2: 3 6 8
3: 2 6 8
4: 5 7 8
5: 4 7 8
6: 2 3 7 8
7: 4 5 6 8
8: 1 2 3 4 5 6 7

1: 7 8
2: 3 7 8
3: 2 7 8
4: 5 6 8
5: 4 6 8
6: 4 5 8
7: 1 2 3 8
8: 1 2 3 4 5 6 7

1: 7 8
2: 3 6 8
3: 2 6 8
4: 5 7 8
5: 4 7 8
6: 2 3 7 8
7: 1 4 5 6 8
8: 1 2 3 4 5 6 7

1: 8
2: 3 7 8
3: 2 7 8
4: 5 6 8
5: 4 6 7 8
6: 4 5 7 8
7: 2 3 5 6 8
8: 1 2 3 4 5 6 7

1: 7 8
2: 3 7 8
3: 2 7 8
4: 5 6 8
5: 4 6 7 8
6: 4 5 7 8
7: 1 2 3 5 6 8
8: 1 2 3 4 5 6 7

1: 8
2: 4 5 8
3: 6 7 8
4: 2 5 6 8
5: 2 4 7 8
6: 3 4 7 8
7: 3 5 6 8
8: 1 2 3 4 5 6 7

1: 8
2: 3 6 8
3: 2 7 8
4: 5 6 7 8
5: 4 6 7 8
6: 2 4 5 8
7: 3 4 5 8
8: 1 2 3 4 5 6 7

1: 7 8
2: 5 7 8
3: 4 6 8
4: 3 6 7 8
5: 2 6 7 8
6: 3 4 5 8
7: 1 2 4 5 8
8: 1 2 3 4 5 6 7

1: 8
2: 3 7 8
3: 2 4 7 8
4: 3 5 6 8
5: 4 6 7 8
6: 4 5 7 8
7: 2 3 5 6 8
8: 1 2 3 4 5 6 7

1: 7 8
2: 3 6 8
3: 2 7 8
4: 5 6 7 8
5: 4 6 7 8
6: 2 4 5 8
7: 1 3 4 5 8
8: 1 2 3 4 5 6 7

1: 8
2: 4 6 8
3: 5 7 8
4: 2 6 7 8
5: 3 6 7 8
6: 2 4 5 7 8
7: 3 4 5 6 8
8: 1 2 3 4 5 6 7

1: 7 8
2: 3 7 8
3: 2 4 7 8
4: 3 5 6 8
5: 4 6 7 8
6: 4 5 7 8
7: 1 2 3 5 6 8
8: 1 2 3 4 5 6 7

1: 7 8
2: 5 6 8
3: 4 7 8
4: 3 6 7 8
5: 2 6 7 8
6: 2 4 5 7 8
7: 1 3 4 5 6 8
8: 1 2 3 4 5 6 7

1: 5 8
2: 5 6 8
3: 4 7 8
4: 3 7 8
5: 1 2 6 8
6: 2 5 7 8
7: 3 4 6 8
8: 1 2 3 4 5 6 7

1: 2 6 8
2: 1 6 8
3: 4 7 8
4: 3 7 8
5: 6 7 8
6: 1 2 5 8
7: 3 4 5 8
8: 1 2 3 4 5 6 7

1: 2 7 8
2: 1 7 8
3: 6 7 8
4: 5 6 8
5: 4 6 7 8
6: 3 4 5 8
7: 1 2 3 5 8
8: 1 2 3 4 5 6 7

1: 4 8
2: 3 7 8
3: 2 7 8
4: 1 5 6 8
5: 4 6 7 8
6: 4 5 7 8
7: 2 3 5 6 8
8: 1 2 3 4 5 6 7

1: 6 8
2: 3 7 8
3: 2 7 8
4: 5 6 8
5: 4 6 7 8
6: 1 4 5 7 8
7: 2 3 5 6 8
8: 1 2 3 4 5 6 7

1: 2 6 8
2: 1 6 8
3: 4 7 8
4: 3 7 8
5: 6 7 8
6: 1 2 5 7 8
7: 3 4 5 6 8
8: 1 2 3 4 5 6 7

1: 2 7 8
2: 1 7 8
3: 4 7 8
4: 3 5 6 8
5: 4 6 7 8
6: 4 5 7 8
7: 1 2 3 5 6 8
8: 1 2 3 4 5 6 7

1: 5 6 8
2: 6 7 8
3: 4 7 8
4: 3 7 8
5: 1 6 7 8
6: 1 2 5 7 8
7: 2 3 4 5 6 8
8: 1 2 3 4 5 6 7

1: 6 7 8
2: 4 6 8
3: 5 7 8
4: 2 6 7 8
5: 3 6 7 8
6: 1 2 4 5 8
7: 1 3 4 5 8
8: 1 2 3 4 5 6 7

1: 6 8
2: 3 7 8
3: 2 6 7 8
4: 5 6 7 8
5: 4 6 7 8
6: 1 3 4 5 8
7: 2 3 4 5 8
8: 1 2 3 4 5 6 7

1: 2 6 8
2: 1 7 8
3: 6 7 8
4: 5 6 7 8
5: 4 6 7 8
6: 1 3 4 5 8
7: 2 3 4 5 8
8: 1 2 3 4 5 6 7

1: 5 7 8
2: 6 7 8
3: 4 6 7 8
4: 3 6 7 8
5: 1 6 7 8
6: 2 3 4 5 8
7: 1 2 3 4 5 8
8: 1 2 3 4 5 6 7

1: 6 7 8
2: 4 6 8
3: 5 7 8
4: 2 6 7 8
5: 3 6 7 8
6: 1 2 4 5 7 8
7: 1 3 4 5 6 8
8: 1 2 3 4 5 6 7

1: 8
2: 3 6 7 8
3: 2 6 7 8
4: 5 6 7 8
5: 4 6 7 8
6: 2 3 4 5 8
7: 2 3 4 5 8
8: 1 2 3 4 5 6 7

1: 7 8
2: 3 6 7 8
3: 2 6 7 8
4: 5 6 7 8
5: 4 6 7 8
6: 2 3 4 5 8
7: 1 2 3 4 5 8
8: 1 2 3 4 5 6 7

1: 6 7 8
2: 3 6 7 8
3: 2 6 7 8
4: 5 6 7 8
5: 4 6 7 8
6: 1 2 3 4 5 8
7: 1 2 3 4 5 8
8: 1 2 3 4 5 6 7

1: 7 8
2: 3 5 8
3: 2 6 8
4: 5 6 7 8
5: 2 4 7 8
6: 3 4 7 8
7: 1 4 5 6 8
8: 1 2 3 4 5 6 7

1: 8
2: 3 4 8
3: 2 5 7 8
4: 2 6 7 8
5: 3 6 7 8
6: 4 5 7 8
7: 3 4 5 6 8
8: 1 2 3 4 5 6 7

1: 7 8
2: 3 4 8
3: 2 5 7 8
4: 2 6 7 8
5: 3 6 7 8
6: 4 5 7 8
7: 1 3 4 5 6 8
8: 1 2 3 4 5 6 7

1: 3 8
2: 6 7 8
3: 1 4 5 8
4: 3 5 6 8
5: 3 4 7 8
6: 2 4 7 8
7: 2 5 6 8
8: 1 2 3 4 5 6 7

1: 8
2: 3 4 5 8
3: 2 4 6 8
4: 2 3 7 8
5: 2 6 7 8
6: 3 5 7 8
7: 4 5 6 8
8: 1 2 3 4 5 6 7

1: 8
2: 3 4 6 8
3: 2 5 7 8
4: 2 6 7 8
5: 3 6 7 8
6: 2 4 5 7 8
7: 3 4 5 6 8
8: 1 2 3 4 5 6 7

1: 7 8
2: 3 5 7 8
3: 2 6 7 8
4: 5 6 7 8
5: 2 4 6 8
6: 3 4 5 8
7: 1 2 3 4 8
8: 1 2 3 4 5 6 7

1: 8
2: 5 6 8
3: 4 5 7 8
4: 3 6 7 8
5: 2 3 6 7 8
6: 2 4 5 7 8
7: 3 4 5 6 8
8: 1 2 3 4 5 6 7

1: 7 8
2: 4 5 6 8
3: 5 6 7 8
4: 2 6 7 8
5: 2 3 7 8
6: 2 3 4 7 8
7: 1 3 4 5 6 8
8: 1 2 3 4 5 6 7

1: 7 8
2: 5 6 8
3: 4 5 7 8
4: 3 6 7 8
5: 2 3 6 7 8
6: 2 4 5 7 8
7: 1 3 4 5 6 8
8: 1 2 3 4 5 6 7

1: 5 6 8
2: 6 7 8
3: 4 6 7 8
4: 3 5 7 8
5: 1 4 7 8
6: 1 2 3 8
7: 2 3 4 5 8
8: 1 2 3 4 5 6 7

1: 2 8
2: 1 3 4 8
3: 2 5 7 8
4: 2 6 7 8
5: 3 6 7 8
6: 4 5 7 8
7: 3 4 5 6 8
8: 1 2 3 4 5 6 7

1: 6 8
2: 3 4 8
3: 2 5 7 8
4: 2 6 7 8
5: 3 6 7 8
6: 1 4 5 7 8
7: 3 4 5 6 8
8: 1 2 3 4 5 6 7

1: 6 7 8
2: 3 4 8
3: 2 5 8
4: 2 6 7 8
5: 3 6 7 8
6: 1 4 5 7 8
7: 1 4 5 6 8
8: 1 2 3 4 5 6 7

1: 2 7 8
2: 1 3 4 8
3: 2 5 7 8
4: 2 6 7 8
5: 3 6 7 8
6: 4 5 7 8
7: 1 3 4 5 6 8
8: 1 2 3 4 5 6 7

1: 4 5 8
2: 6 7 8
3: 4 6 7 8
4: 1 3 7 8
5: 1 6 7 8
6: 2 3 5 7 8
7: 2 3 4 5 6 8
8: 1 2 3 4 5 6 7

1: 5 6 8
2: 6 7 8
3: 4 5 7 8
4: 3 6 7 8
5: 1 3 7 8
6: 1 2 4 7 8
7: 2 3 4 5 6 8
8: 1 2 3 4 5 6 7

1: 3 8
2: 3 7 8
3: 1 2 4 8
4: 3 5 6 8
5: 4 6 7 8
6: 4 5 7 8
7: 2 5 6 8
8: 1 2 3 4 5 6 7

1: 6 8
2: 3 6 8
3: 2 4 7 8
4: 3 5 7 8
5: 4 6 7 8
6: 1 2 5 7 8
7: 3 4 5 6 8
8: 1 2 3 4 5 6 7

1: 7 8
2: 5 7 8
3: 4 6 7 8
4: 3 5 6 8
5: 2 4 6 7 8
6: 3 4 5 7 8
7: 1 2 3 5 6 8
8: 1 2 3 4 5 6 7

1: 4 7 8
2: 5 7 8
3: 6 7 8
4: 1 5 6 8
5: 2 4 6 8
6: 3 4 5 8
7: 1 2 3 8
8: 1 2 3 4 5 6 7

1: 6 7 8
2: 4 6 8
3: 5 6 8
4: 2 5 7 8
5: 3 4 7 8
6: 1 2 3 7 8
7: 1 4 5 6 8
8: 1 2 3 4 5 6 7

1: 4 7 8
2: 5 7 8
3: 6 7 8
4: 1 5 6 8
5: 2 4 6 7 8
6: 3 4 5 7 8
7: 1 2 3 5 6 8
8: 1 2 3 4 5 6 7

1: 6 7 8
2: 5 7 8
3: 4 6 7 8
4: 3 5 6 8
5: 2 4 6 7 8
6: 1 3 4 5 8
7: 1 2 3 5 8
8: 1 2 3 4 5 6 7

1: 5 8
2: 4 5 7 8
3: 5 6 7 8
4: 2 6 7 8
5: 1 2 3 6 8
6: 3 4 5 7 8
7: 2 3 4 6 8
8: 1 2 3 4 5 6 7

1: 4 7 8
2: 6 7 8
3: 5 6 7 8
4: 1 5 6 8
5: 3 4 6 7 8
6: 2 3 4 5 8
7: 1 2 3 5 8
8: 1 2 3 4 5 6 7

1: 6 7 8
2: 3 4 6 8
3: 2 5 7 8
4: 2 6 7 8
5: 3 6 7 8
6: 1 2 4 5 8
7: 1 3 4 5 8
8: 1 2 3 4 5 6 7

1: 5 7 8
2: 4 6 7 8
3: 5 6 7 8
4: 2 5 7 8
5: 1 3 4 6 8
6: 2 3 5 7 8
7: 1 2 3 4 6 8
8: 1 2 3 4 5 6 7

1: 6 7 8
2: 3 4 6 8
3: 2 5 7 8
4: 2 6 7 8
5: 3 6 7 8
6: 1 2 4 5 7 8
7: 1 3 4 5 6 8
8: 1 2 3 4 5 6 7

1: 4 8
2: 5 7 8
3: 4 6 7 8
4: 1 3 5 6 8
5: 2 4 6 7 8
6: 3 4 5 7 8
7: 2 3 5 6 8
8: 1 2 3 4 5 6 7

1: 4 6 8
2: 5 7 8
3: 6 7 8
4: 1 5 6 7 8
5: 2 4 6 7 8
6: 1 3 4 5 8
7: 2 3 4 5 8
8: 1 2 3 4 5 6 7

1: 6 7 8
2: 5 7 8
3: 4 5 7 8
4: 3 5 6 7 8
5: 2 3 4 6 8
6: 1 4 5 7 8
7: 1 2 3 4 6 8
8: 1 2 3 4 5 6 7

1: 6 7 8
2: 5 6 8
3: 4 5 7 8
4: 3 6 7 8
5: 2 3 6 7 8
6: 1 2 4 5 7 8
7: 1 3 4 5 6 8
8: 1 2 3 4 5 6 7

1: 8
2: 4 6 7 8
3: 5 6 7 8
4: 2 5 6 7 8
5: 3 4 6 7 8
6: 2 3 4 5 8
7: 2 3 4 5 8
8: 1 2 3 4 5 6 7

1: 7 8
2: 4 6 7 8
3: 5 6 7 8
4: 2 5 6 7 8
5: 3 4 6 7 8
6: 2 3 4 5 8
7: 1 2 3 4 5 8
8: 1 2 3 4 5 6 7

1: 6 7 8
2: 4 6 7 8
3: 5 6 7 8
4: 2 5 6 7 8
5: 3 4 6 7 8
6: 1 2 3 4 5 8
7: 1 2 3 4 5 8
8: 1 2 3 4 5 6 7

1: 4 6 8
2: 5 7 8
3: 4 5 7 8
4: 1 3 6 8
5: 2 3 7 8
6: 1 4 7 8
7: 2 3 5 6 8
8: 1 2 3 4 5 6 7

1: 2 8
2: 1 3 7 8
3: 2 4 7 8
4: 3 5 6 8
5: 4 6 7 8
6: 4 5 7 8
7: 2 3 5 6 8
8: 1 2 3 4 5 6 7

1: 6 7 8
2: 5 6 8
3: 4 5 7 8
4: 3 5 7 8
5: 2 3 4 8
6: 1 2 7 8
7: 1 3 4 6 8
8: 1 2 3 4 5 6 7

1: 2 7 8
2: 1 3 7 8
3: 2 4 7 8
4: 3 5 6 8
5: 4 6 7 8
6: 4 5 7 8
7: 1 2 3 5 6 8
8: 1 2 3 4 5 6 7

1: 5 6 8
2: 4 7 8
3: 4 6 7 8
4: 2 3 7 8
5: 1 6 7 8
6: 1 3 5 7 8
7: 2 3 4 5 6 8
8: 1 2 3 4 5 6 7

1: 4 6 8
2: 5 7 8
3: 6 7 8
4: 1 5 6 8
5: 2 4 7 8
6: 1 3 4 8
7: 2 3 5 8
8: 1 2 3 4 5 6 7

1: 6 7 8
2: 5 7 8
3: 4 6 7 8
4: 3 5 6 8
5: 2 4 7 8
6: 1 3 4 8
7: 1 2 3 5 8
8: 1 2 3 4 5 6 7

1: 6 8
2: 4 7 8
3: 5 6 7 8
4: 2 5 7 8
5: 3 4 6 8
6: 1 3 5 7 8
7: 2 3 4 6 8
8: 1 2 3 4 5 6 7

1: 6 7 8
2: 4 6 8
3: 5 7 8
4: 2 5 6 8
5: 3 4 7 8
6: 1 2 4 7 8
7: 1 3 5 6 8
8: 1 2 3 4 5 6 7

1: 6 7 8
2: 3 6 8
3: 2 4 8
4: 3 5 7 8
5: 4 6 7 8
6: 1 2 5 7 8
7: 1 4 5 6 8
8: 1 2 3 4 5 6 7

1: 3 8
2: 5 7 8
3: 1 4 6 8
4: 3 6 7 8
5: 2 6 7 8
6: 3 4 5 7 8
7: 2 4 5 6 8
8: 1 2 3 4 5 6 7

1: 4 7 8
2: 5 6 8
3: 4 6 8
4: 1 3 7 8
5: 2 6 7 8
6: 2 3 5 7 8
7: 1 4 5 6 8
8: 1 2 3 4 5 6 7

1: 4 8
2: 5 7 8
3: 6 7 8
4: 1 5 6 8
5: 2 4 6 7 8
6: 3 4 5 7 8
7: 2 3 5 6 8
8: 1 2 3 4 5 6 7

1: 5 8
2: 5 7 8
3: 4 6 8
4: 3 6 7 8
5: 1 2 6 7 8
6: 3 4 5 7 8
7: 2 4 5 6 8
8: 1 2 3 4 5 6 7

1: 5 7 8
2: 6 7 8
3: 4 5 6 8
4: 3 6 7 8
5: 1 3 7 8
6: 2 3 4 7 8
7: 1 2 4 5 6 8
8: 1 2 3 4 5 6 7

1: 5 7 8
2: 4 7 8
3: 4 6 7 8
4: 2 3 6 8
5: 1 6 7 8
6: 3 4 5 7 8
7: 1 2 3 5 6 8
8: 1 2 3 4 5 6 7

1: 4 7 8
2: 6 7 8
3: 5 6 8
4: 1 5 7 8
5: 3 4 6 7 8
6: 2 3 5 7 8
7: 1 2 4 5 6 8
8: 1 2 3 4 5 6 7

1: 5 6 8
2: 3 7 8
3: 2 7 8
4: 5 6 7 8
5: 1 4 6 8
6: 1 4 5 8
7: 2 3 4 8
8: 1 2 3 4 5 6 7

1: 2 7 8
2: 1 7 8
3: 5 6 7 8
4: 5 6 7 8
5: 3 4 6 8
6: 3 4 5 8
7: 1 2 3 4 8
8: 1 2 3 4 5 6 7

1: 2 6 8
2: 1 6 8
3: 4 7 8
4: 3 5 7 8
5: 4 6 7 8
6: 1 2 5 7 8
7: 3 4 5 6 8
8: 1 2 3 4 5 6 7

1: 2 5 8
2: 1 5 8
3: 6 7 8
4: 6 7 8
5: 1 2 6 7 8
6: 3 4 5 7 8
7: 3 4 5 6 8
8: 1 2 3 4 5 6 7

1: 2 7 8
2: 1 7 8
3: 5 6 7 8
4: 5 6 7 8
5: 3 4 6 8
6: 3 4 5 7 8
7: 1 2 3 4 6 8
8: 1 2 3 4 5 6 7

1: 6 7 8
2: 6 7 8
3: 4 5 6 8
4: 3 5 7 8
5: 3 4 7 8
6: 1 2 3 8
7: 1 2 4 5 8
8: 1 2 3 4 5 6 7

1: 6 7 8
2: 6 7 8
3: 4 5 8
4: 3 5 6 8
5: 3 4 7 8
6: 1 2 4 7 8
7: 1 2 5 6 8
8: 1 2 3 4 5 6 7

1: 6 8
2: 6 7 8
3: 4 5 7 8
4: 3 5 7 8
5: 3 4 6 8
6: 1 2 5 7 8
7: 2 3 4 6 8
8: 1 2 3 4 5 6 7

1: 6 7 8
2: 6 7 8
3: 4 5 6 8
4: 3 5 7 8
5: 3 4 7 8
6: 1 2 3 7 8
7: 1 2 4 5 6 8
8: 1 2 3 4 5 6 7

1: 4 5 8
2: 6 7 8
3: 6 7 8
4: 1 5 7 8
5: 1 4 6 7 8
6: 2 3 5 7 8
7: 2 3 4 5 6 8
8: 1 2 3 4 5 6 7

1: 5 6 7 8
2: 5 6 7 8
3: 4 6 7 8
4: 3 6 7 8
5: 1 2 7 8
6: 1 2 3 4 8
7: 1 2 3 4 5 8
8: 1 2 3 4 5 6 7

1: 2 6 8
2: 1 6 7 8
3: 5 6 7 8
4: 5 6 7 8
5: 3 4 7 8
6: 1 2 3 4 8
7: 2 3 4 5 8
8: 1 2 3 4 5 6 7

1: 4 6 8
2: 5 7 8
3: 5 6 7 8
4: 1 5 6 8
5: 2 3 4 7 8
6: 1 3 4 7 8
7: 2 3 5 6 8
8: 1 2 3 4 5 6 7

1: 2 6 8
2: 1 7 8
3: 5 6 7 8
4: 5 6 7 8
5: 3 4 6 7 8
6: 1 3 4 5 8
7: 2 3 4 5 8
8: 1 2 3 4 5 6 7

1: 2 7 8
2: 1 5 7 8
3: 5 6 7 8
4: 5 6 7 8
5: 2 3 4 6 8
6: 3 4 5 7 8
7: 1 2 3 4 6 8
8: 1 2 3 4 5 6 7

1: 2 6 8
2: 1 6 7 8
3: 5 6 7 8
4: 5 6 7 8
5: 3 4 7 8
6: 1 2 3 4 7 8
7: 2 3 4 5 6 8
8: 1 2 3 4 5 6 7

1: 2 6 8
2: 1 3 7 8
3: 2 6 7 8
4: 5 6 7 8
5: 4 6 7 8
6: 1 3 4 5 8
7: 2 3 4 5 8
8: 1 2 3 4 5 6 7

1: 5 8
2: 5 6 7 8
3: 4 6 7 8
4: 3 6 7 8
5: 1 2 6 7 8
6: 2 3 4 5 8
7: 2 3 4 5 8
8: 1 2 3 4 5 6 7

1: 5 7 8
2: 6 7 8
3: 4 5 6 8
4: 3 5 6 8
5: 1 3 4 7 8
6: 2 3 4 7 8
7: 1 2 5 6 8
8: 1 2 3 4 5 6 7

1: 5 7 8
2: 5 6 7 8
3: 4 6 7 8
4: 3 6 7 8
5: 1 2 6 7 8
6: 2 3 4 5 8
7: 1 2 3 4 5 8
8: 1 2 3 4 5 6 7

1: 5 6 7 8
2: 5 6 7 8
3: 4 6 7 8
4: 3 6 7 8
5: 1 2 6 7 8
6: 1 2 3 4 5 8
7: 1 2 3 4 5 8
8: 1 2 3 4 5 6 7

1: 2 3 8
2: 1 3 8
3: 1 2 8
4: 6 7 8
5: 6 7 8
6: 4 5 7 8
7: 4 5 6 8
8: 1 2 3 4 5 6 7

1: 5 7 8
2: 5 7 8
3: 4 6 8
4: 3 6 8
5: 1 2 7 8
6: 3 4 7 8
7: 1 2 5 6 8
8: 1 2 3 4 5 6 7

1: 4 8
2: 4 7 8
3: 5 6 8
4: 1 2 7 8
5: 3 6 7 8
6: 3 5 7 8
7: 2 4 5 6 8
8: 1 2 3 4 5 6 7

1: 4 7 8
2: 4 7 8
3: 5 6 8
4: 1 2 7 8
5: 3 6 7 8
6: 3 5 7 8
7: 1 2 4 5 6 8
8: 1 2 3 4 5 6 7

1: 6 7 8
2: 6 7 8
3: 4 5 6 8
4: 3 5 7 8
5: 3 4 6 7 8
6: 1 2 3 5 8
7: 1 2 4 5 8
8: 1 2 3 4 5 6 7

1: 6 7 8
2: 6 7 8
3: 4 5 6 8
4: 3 5 7 8
5: 3 4 6 7 8
6: 1 2 3 5 7 8
7: 1 2 4 5 6 8
8: 1 2 3 4 5 6 7

1: 2 3 8
2: 1 6 7 8
3: 1 4 5 8
4: 3 6 7 8
5: 3 6 7 8
6: 2 4 5 7 8
7: 2 4 5 6 8
8: 1 2 3 4 5 6 7

1: 5 6 7 8
2: 5 6 7 8
3: 4 6 7 8
4: 3 5 7 8
5: 1 2 4 8
6: 1 2 3 7 8
7: 1 2 3 4 6 8
8: 1 2 3 4 5 6 7

1: 2 5 8
2: 1 6 7 8
3: 5 6 7 8
4: 5 6 7 8
5: 1 3 4 7 8
6: 2 3 4 7 8
7: 2 3 4 5 6 8
8: 1 2 3 4 5 6 7

1: 4 6 7 8
2: 4 5 7 8
3: 4 5 7 8
4: 1 2 3 6 8
5: 2 3 6 7 8
6: 1 4 5 7 8
7: 1 2 3 5 6 8
8: 1 2 3 4 5 6 7

1: 4 5 7 8
2: 5 6 7 8
3: 5 6 7 8
4: 1 6 7 8
5: 1 2 3 6 8
6: 2 3 4 5 7 8
7: 1 2 3 4 6 8
8: 1 2 3 4 5 6 7

1: 4 5 8
2: 5 6 7 8
3: 5 6 7 8
4: 1 5 6 7 8
5: 1 2 3 4 8
6: 2 3 4 7 8
7: 2 3 4 6 8
8: 1 2 3 4 5 6 7

1: 4 6 8
2: 5 6 7 8
3: 5 6 7 8
4: 1 5 6 7 8
5: 2 3 4 7 8
6: 1 2 3 4 7 8
7: 2 3 4 5 6 8
8: 1 2 3 4 5 6 7

1: 4 5 8
2: 5 6 7 8
3: 4 5 7 8
4: 1 3 6 7 8
5: 1 2 3 6 8
6: 2 4 5 7 8
7: 2 3 4 6 8
8: 1 2 3 4 5 6 7

1: 6 7 8
2: 5 6 7 8
3: 4 5 6 8
4: 3 5 6 7 8
5: 2 3 4 7 8
6: 1 2 3 4 7 8
7: 1 2 4 5 6 8
8: 1 2 3 4 5 6 7

1: 2 5 6 8
2: 1 5 7 8
3: 5 6 7 8
4: 5 6 7 8
5: 1 2 3 4 8
6: 1 3 4 7 8
7: 2 3 4 6 8
8: 1 2 3 4 5 6 7

1: 4 5 6 8
2: 5 6 7 8
3: 5 6 7 8
4: 1 5 6 7 8
5: 1 2 3 4 7 8
6: 1 2 3 4 7 8
7: 2 3 4 5 6 8
8: 1 2 3 4 5 6 7

1: 2 6 8
2: 1 3 4 8
3: 2 5 7 8
4: 2 6 7 8
5: 3 6 7 8
6: 1 4 5 7 8
7: 3 4 5 6 8
8: 1 2 3 4 5 6 7

1: 4 5 8
2: 6 7 8
3: 4 6 7 8
4: 1 3 5 8
5: 1 4 6 7 8
6: 2 3 5 7 8
7: 2 3 5 6 8
8: 1 2 3 4 5 6 7

1: 5 8
2: 3 5 6 8
3: 2 4 7 8
4: 3 6 7 8
5: 1 2 6 7 8
6: 2 4 5 7 8
7: 3 4 5 6 8
8: 1 2 3 4 5 6 7

1: 4 7 8
2: 6 7 8
3: 4 5 6 8
4: 1 3 5 8
5: 3 4 6 7 8
6: 2 3 5 7 8
7: 1 2 5 6 8
8: 1 2 3 4 5 6 7

1: 6 7 8
2: 3 4 5 8
3: 2 4 6 8
4: 2 3 7 8
5: 2 6 7 8
6: 1 3 5 7 8
7: 1 4 5 6 8
8: 1 2 3 4 5 6 7

1: 5 7 8
2: 3 4 6 8
3: 2 6 7 8
4: 2 5 7 8
5: 1 4 6 7 8
6: 2 3 5 7 8
7: 1 3 4 5 6 8
8: 1 2 3 4 5 6 7

1: 5 6 8
2: 4 7 8
3: 4 5 7 8
4: 2 3 6 7 8
5: 1 3 6 7 8
6: 1 4 5 7 8
7: 2 3 4 5 6 8
8: 1 2 3 4 5 6 7

1: 5 7 8
2: 4 6 7 8
3: 5 6 7 8
4: 2 5 6 8
5: 1 3 4 7 8
6: 2 3 4 7 8
7: 1 2 3 5 6 8
8: 1 2 3 4 5 6 7

1: 7 8
2: 4 5 6 8
3: 5 6 7 8
4: 2 5 6 7 8
5: 2 3 4 7 8
6: 2 3 4 7 8
7: 1 3 4 5 6 8
8: 1 2 3 4 5 6 7

1: 5 7 8
2: 6 7 8
3: 4 5 6 8
4: 3 5 6 7 8
5: 1 3 4 7 8
6: 2 3 4 7 8
7: 1 2 4 5 6 8
8: 1 2 3 4 5 6 7

1: 4 5 8
2: 3 4 6 8
3: 2 5 7 8
4: 1 2 6 7 8
5: 1 3 6 7 8
6: 2 4 5 7 8
7: 3 4 5 6 8
8: 1 2 3 4 5 6 7

1: 3 7 8
2: 4 5 7 8
3: 1 4 5 6 8
4: 2 3 6 7 8
5: 2 3 6 7 8
6: 3 4 5 7 8
7: 1 2 4 5 6 8
8: 1 2 3 4 5 6 7

1: 6 7 8
2: 4 5 6 8
3: 4 5 7 8
4: 2 3 6 7 8
5: 2 3 6 7 8
6: 1 2 4 5 7 8
7: 1 3 4 5 6 8
8: 1 2 3 4 5 6 7

1: 3 8
2: 4 5 7 8
3: 1 4 5 6 8
4: 2 3 6 7 8
5: 2 3 6 7 8
6: 3 4 5 7 8
7: 2 4 5 6 8
8: 1 2 3 4 5 6 7

1: 8
2: 3 4 5 6 8
3: 2 4 5 7 8
4: 2 3 6 7 8
5: 2 3 6 7 8
6: 2 4 5 7 8
7: 3 4 5 6 8
8: 1 2 3 4 5 6 7

1: 7 8
2: 3 4 6 7 8
3: 2 5 6 7 8
4: 2 5 6 7 8
5: 3 4 6 7 8
6: 2 3 4 5 8
7: 1 2 3 4 5 8
8: 1 2 3 4 5 6 7

1: 6 7 8
2: 3 4 6 7 8
3: 2 5 6 7 8
4: 2 5 6 7 8
5: 3 4 6 7 8
6: 1 2 3 4 5 8
7: 1 2 3 4 5 8
8: 1 2 3 4 5 6 7

1: 6 7 8
2: 3 4 6 8
3: 2 5 7 8
4: 2 5 6 8
5: 3 4 7 8
6: 1 2 4 7 8
7: 1 3 5 6 8
8: 1 2 3 4 5 6 7

1: 2 8
2: 1 5 6 8
3: 4 5 7 8
4: 3 6 7 8
5: 2 3 6 7 8
6: 2 4 5 7 8
7: 3 4 5 6 8
8: 1 2 3 4 5 6 7

1: 5 7 8
2: 4 5 6 8
3: 4 6 7 8
4: 2 3 7 8
5: 1 2 6 7 8
6: 2 3 5 7 8
7: 1 3 4 5 6 8
8: 1 2 3 4 5 6 7

1: 2 7 8
2: 1 5 6 8
3: 4 5 7 8
4: 3 6 7 8
5: 2 3 6 7 8
6: 2 4 5 7 8
7: 1 3 4 5 6 8
8: 1 2 3 4 5 6 7

1: 2 3 8
2: 1 4 5 8
3: 1 6 7 8
4: 2 5 6 8
5: 2 4 7 8
6: 3 4 7 8
7: 3 5 6 8
8: 1 2 3 4 5 6 7

1: 2 3 7 8
2: 1 5 7 8
3: 1 6 7 8
4: 5 6 7 8
5: 2 4 6 8
6: 3 4 5 8
7: 1 2 3 4 8
8: 1 2 3 4 5 6 7

1: 2 3 8
2: 1 4 6 8
3: 1 5 7 8
4: 2 6 7 8
5: 3 6 7 8
6: 2 4 5 7 8
7: 3 4 5 6 8
8: 1 2 3 4 5 6 7

1: 2 6 8
2: 1 3 6 8
3: 2 4 7 8
4: 3 5 7 8
5: 4 6 7 8
6: 1 2 5 7 8
7: 3 4 5 6 8
8: 1 2 3 4 5 6 7

1: 2 6 8
2: 1 4 7 8
3: 5 6 7 8
4: 2 5 7 8
5: 3 4 6 8
6: 1 3 5 7 8
7: 2 3 4 6 8
8: 1 2 3 4 5 6 7

1: 6 7 8
2: 3 4 8
3: 2 5 6 8
4: 2 5 7 8
5: 3 4 6 7 8
6: 1 3 5 7 8
7: 1 4 5 6 8
8: 1 2 3 4 5 6 7

1: 2 6 7 8
2: 1 5 6 8
3: 4 6 7 8
4: 3 5 7 8
5: 2 4 7 8
6: 1 2 3 7 8
7: 1 3 4 5 6 8
8: 1 2 3 4 5 6 7

1: 3 5 7 8
2: 4 6 7 8
3: 1 5 6 8
4: 2 5 6 8
5: 1 3 4 7 8
6: 2 3 4 7 8
7: 1 2 5 6 8
8: 1 2 3 4 5 6 7

1: 2 4 8
2: 1 5 7 8
3: 4 6 7 8
4: 1 3 5 6 8
5: 2 4 6 7 8
6: 3 4 5 7 8
7: 2 3 5 6 8
8: 1 2 3 4 5 6 7

1: 4 5 8
2: 3 5 7 8
3: 2 6 7 8
4: 1 5 6 7 8
5: 1 2 4 6 8
6: 3 4 5 7 8
7: 2 3 4 6 8
8: 1 2 3 4 5 6 7

1: 2 6 7 8
2: 1 4 7 8
3: 4 5 7 8
4: 2 3 5 6 8
5: 3 4 6 7 8
6: 1 4 5 7 8
7: 1 2 3 5 6 8
8: 1 2 3 4 5 6 7

1: 3 5 6 8
2: 4 5 7 8
3: 1 6 7 8
4: 2 6 7 8
5: 1 2 6 7 8
6: 1 3 4 5 7 8
7: 2 3 4 5 6 8
8: 1 2 3 4 5 6 7

1: 4 5 8
2: 6 7 8
3: 4 5 6 7 8
4: 1 3 5 6 8
5: 1 3 4 7 8
6: 2 3 4 7 8
7: 2 3 5 6 8
8: 1 2 3 4 5 6 7

1: 3 7 8
2: 5 6 7 8
3: 1 4 5 7 8
4: 3 5 6 7 8
5: 2 3 4 6 8
6: 2 4 5 7 8
7: 1 2 3 4 6 8
8: 1 2 3 4 5 6 7

1: 2 3 5 8
2: 1 6 7 8
3: 1 5 6 8
4: 5 6 7 8
5: 1 3 4 7 8
6: 2 3 4 7 8
7: 2 4 5 6 8
8: 1 2 3 4 5 6 7

1: 4 5 8
2: 4 6 7 8
3: 5 6 7 8
4: 1 2 5 6 8
5: 1 3 4 7 8
6: 2 3 4 7 8
7: 2 3 5 6 8
8: 1 2 3 4 5 6 7

1: 4 5 8
2: 4 6 7 8
3: 5 6 7 8
4: 1 2 6 7 8
5: 1 3 6 7 8
6: 2 3 4 5 8
7: 2 3 4 5 8
8: 1 2 3 4 5 6 7

1: 4 6 7 8
2: 5 6 7 8
3: 4 5 7 8
4: 1 3 6 7 8
5: 2 3 6 7 8
6: 1 2 4 5 8
7: 1 2 3 4 5 8
8: 1 2 3 4 5 6 7

1: 4 6 7 8
2: 5 6 7 8
3: 4 5 6 7 8
4: 1 3 6 7 8
5: 2 3 6 7 8
6: 1 2 3 4 5 8
7: 1 2 3 4 5 8
8: 1 2 3 4 5 6 7

1: 3 7 8
2: 4 5 6 8
3: 1 4 5 7 8
4: 2 3 6 7 8
5: 2 3 6 7 8
6: 2 4 5 7 8
7: 1 3 4 5 6 8
8: 1 2 3 4 5 6 7

1: 2 3 7 8
2: 1 4 5 6 8
3: 1 5 6 7 8
4: 2 5 6 7 8
5: 2 3 4 7 8
6: 2 3 4 7 8
7: 1 3 4 5 6 8
8: 1 2 3 4 5 6 7

1: 3 4 7 8
2: 5 6 7 8
3: 1 5 6 7 8
4: 1 5 6 7 8
5: 2 3 4 6 8
6: 2 3 4 5 8
7: 1 2 3 4 8
8: 1 2 3 4 5 6 7

1: 5 6 7 8
2: 3 4 7 8
3: 2 5 6 7 8
4: 2 5 6 7 8
5: 1 3 4 6 8
6: 1 3 4 5 7 8
7: 1 2 3 4 6 8
8: 1 2 3 4 5 6 7

1: 5 6 7 8
2: 3 4 5 6 8
3: 2 5 6 7 8
4: 2 5 6 7 8
5: 1 2 3 4 7 8
6: 1 2 3 4 7 8
7: 1 3 4 5 6 8
8: 1 2 3 4 5 6 7

1: 6 7 8
2: 3 4 5 6 8
3: 2 4 5 7 8
4: 2 3 6 7 8
5: 2 3 6 7 8
6: 1 2 4 5 7 8
7: 1 3 4 5 6 8
8: 1 2 3 4 5 6 7

1: 2 4 7 8
2: 1 5 6 8
3: 4 5 7 8
4: 1 3 6 7 8
5: 2 3 6 7 8
6: 2 4 5 7 8
7: 1 3 4 5 6 8
8: 1 2 3 4 5 6 7

1: 4 6 7 8
2: 5 6 7 8
3: 4 5 6 7 8
4: 1 3 5 6 8
5: 2 3 4 7 8
6: 1 2 3 4 8
7: 1 2 3 5 8
8: 1 2 3 4 5 6 7

1: 4 6 7 8
2: 5 6 7 8
3: 4 5 6 7 8
4: 1 3 5 6 8
5: 2 3 4 7 8
6: 1 2 3 4 7 8
7: 1 2 3 5 6 8
8: 1 2 3 4 5 6 7

1: 2 3 4 5 8
2: 1 3 4 5 8
3: 1 2 6 7 8
4: 1 2 6 7 8
5: 1 2 6 7 8
6: 3 4 5 7 8
7: 3 4 5 6 8
8: 1 2 3 4 5 6 7

1: 3 4 5 6 8
2: 3 4 5 7 8
3: 1 2 6 7 8
4: 1 2 6 7 8
5: 1 2 6 7 8
6: 1 3 4 5 7 8
7: 2 3 4 5 6 8
8: 1 2 3 4 5 6 7

1: 4 5 6 7 8
2: 4 5 6 7 8
3: 4 5 6 7 8
4: 1 2 3 5 6 8
5: 1 2 3 4 7 8
6: 1 2 3 4 7 8
7: 1 2 3 5 6 8
8: 1 2 3 4 5 6 7

1: 3 4 8
2: 5 6 8
3: 1 4 7 8
4: 1 3 7 8
5: 2 6 7 8
6: 2 5 7 8
7: 3 4 5 6 8
8: 1 2 3 4 5 6 7

1: 2 7 8
2: 1 5 7 8
3: 4 6 7 8
4: 3 5 6 8
5: 2 4 6 7 8
6: 3 4 5 7 8
7: 1 2 3 5 6 8
8: 1 2 3 4 5 6 7

1: 2 3 8
2: 1 3 6 8
3: 1 2 7 8
4: 5 6 7 8
5: 4 6 7 8
6: 2 4 5 8
7: 3 4 5 8
8: 1 2 3 4 5 6 7

1: 2 6 8
2: 1 6 7 8
3: 4 5 7 8
4: 3 5 7 8
5: 3 4 6 8
6: 1 2 5 7 8
7: 2 3 4 6 8
8: 1 2 3 4 5 6 7

1: 3 6 8
2: 4 7 8
3: 1 5 6 8
4: 2 5 7 8
5: 3 4 6 7 8
6: 1 3 5 7 8
7: 2 4 5 6 8
8: 1 2 3 4 5 6 7

1: 4 5 8
2: 3 6 7 8
3: 2 6 7 8
4: 1 5 6 7 8
5: 1 4 6 7 8
6: 2 3 4 5 8
7: 2 3 4 5 8
8: 1 2 3 4 5 6 7

1: 2 3 5 8
2: 1 4 5 8
3: 1 6 7 8
4: 2 6 7 8
5: 1 2 6 7 8
6: 3 4 5 7 8
7: 3 4 5 6 8
8: 1 2 3 4 5 6 7

1: 2 3 8
2: 1 4 6 7 8
3: 1 5 6 7 8
4: 2 5 6 7 8
5: 3 4 6 7 8
6: 2 3 4 5 8
7: 2 3 4 5 8
8: 1 2 3 4 5 6 7

1: 5 6 7 9
2: 5 6 8 9
3: 5 7 8 9
4: 6 7 8 9
5: 1 2 3 6 7 8 9
6: 1 2 4 5 7 8 9
7: 1 3 4 5 6 8 9
8: 2 3 4 5 6 7 9
9: 1 2 3 4 5 6 7 8

1: 2 7 8 9
2: 1 7 8 9
3: 5 6 7 9
4: 5 6 8 9
5: 3 4 6 7 8 9
6: 3 4 5 7 8 9
7: 1 2 3 5 6 8 9
8: 1 2 4 5 6 7 9
9: 1 2 3 4 5 6 7 8

1: 4 6 7 9
2: 5 6 8 9
3: 5 7 8 9
4: 1 6 7 8 9
5: 2 3 6 7 8 9
6: 1 2 4 5 7 8 9
7: 1 3 4 5 6 8 9
8: 2 3 4 5 6 7 9
9: 1 2 3 4 5 6 7 8

1: 5 6 7 9
2: 5 6 8 9
3: 4 5 7 8 9
4: 3 6 7 8 9
5: 1 2 3 7 8 9
6: 1 2 4 7 8 9
7: 1 3 4 5 6 8 9
8: 2 3 4 5 6 7 9
9: 1 2 3 4 5 6 7 8

1: 5 7 8 9
2: 6 7 8 9
3: 4 5 6 7 9
4: 3 5 6 8 9
5: 1 3 4 6 7 8 9
6: 2 3 4 5 7 8 9
7: 1 2 3 5 6 8 9
8: 1 2 4 5 6 7 9
9: 1 2 3 4 5 6 7 8

1: 5 6 8 9
2: 3 4 7 9
3: 2 5 7 8 9
4: 2 6 7 8 9
5: 1 3 6 7 8 9
6: 1 4 5 7 8 9
7: 2 3 4 5 6 8 9
8: 1 3 4 5 6 7 9
9: 1 2 3 4 5 6 7 8

1: 5 6 8 9
2: 4 5 7 9
3: 4 6 7 8 9
4: 2 3 7 8 9
5: 1 2 6 7 8 9
6: 1 3 5 7 8 9
7: 2 3 4 5 6 8 9
8: 1 3 4 5 6 7 9
9: 1 2 3 4 5 6 7 8

1: 5 6 7 9
2: 3 5 6 8 9
3: 2 4 7 8 9
4: 3 6 7 8 9
5: 1 2 6 7 8 9
6: 1 2 4 5 7 8 9
7: 1 3 4 5 6 8 9
8: 2 3 4 5 6 7 9
9: 1 2 3 4 5 6 7 8

1: 4 6 8 9
2: 5 7 8 9
3: 4 5 6 7 9
4: 1 3 6 7 8 9
5: 2 3 6 7 8 9
6: 1 3 4 5 7 8 9
7: 2 3 4 5 6 8 9
8: 1 2 4 5 6 7 9
9: 1 2 3 4 5 6 7 8

1: 2 5 8 9
2: 1 3 4 8 9
3: 2 5 6 7 9
4: 2 6 7 8 9
5: 1 3 6 7 8 9
6: 3 4 5 7 8 9
7: 3 4 5 6 8 9
8: 1 2 4 5 6 7 9
9: 1 2 3 4 5 6 7 8

1: 4 7 8 9
2: 4 5 6 7 9
3: 4 5 6 8 9
4: 1 2 3 7 8 9
5: 2 3 6 7 8 9
6: 2 3 5 7 8 9
7: 1 2 4 5 6 8 9
8: 1 3 4 5 6 7 9
9: 1 2 3 4 5 6 7 8

1: 2 7 8 9
2: 1 3 4 9
3: 2 5 6 7 9
4: 2 5 6 8 9
5: 3 4 6 7 8 9
6: 3 4 5 7 8 9
7: 1 3 5 6 8 9
8: 1 4 5 6 7 9
9: 1 2 3 4 5 6 7 8

1: 2 3 4 9
2: 1 5 6 8 9
3: 1 5 7 8 9
4: 1 6 7 8 9
5: 2 3 6 7 8 9
6: 2 4 5 7 8 9
7: 3 4 5 6 8 9
8: 2 3 4 5 6 7 9
9: 1 2 3 4 5 6 7 8

1: 2 5 6 9
2: 1 3 4 8 9
3: 2 5 7 8 9
4: 2 6 7 8 9
5: 1 3 6 7 8 9
6: 1 4 5 7 8 9
7: 3 4 5 6 8 9
8: 2 3 4 5 6 7 9
9: 1 2 3 4 5 6 7 8

1: 2 3 4 8 9
2: 1 5 7 8 9
3: 1 6 7 8 9
4: 1 5 6 7 9
5: 2 4 6 7 8 9
6: 3 4 5 7 8 9
7: 2 3 4 5 6 8 9
8: 1 2 3 5 6 7 9
9: 1 2 3 4 5 6 7 8

1: 4 5 7 9
2: 5 6 7 8 9
3: 4 5 6 8 9
4: 1 3 6 7 8 9
5: 1 2 3 7 8 9
6: 2 3 4 7 8 9
7: 1 2 4 5 6 8 9
8: 2 3 4 5 6 7 9
9: 1 2 3 4 5 6 7 8

1: 4 6 7 8 9
2: 4 5 6 7 9
3: 4 5 6 8 9
4: 1 2 3 7 8 9
5: 2 3 6 7 8 9
6: 1 2 3 5 7 8 9
7: 1 2 4 5 6 8 9
8: 1 3 4 5 6 7 9
9: 1 2 3 4 5 6 7 8

1: 5 6 7 9
2: 4 5 7 8 9
3: 4 6 7 8 9
4: 2 3 5 6 8 9
5: 1 2 4 6 7 8 9
6: 1 3 4 5 7 8 9
7: 1 2 3 5 6 8 9
8: 2 3 4 5 6 7 9
9: 1 2 3 4 5 6 7 8

1: 4 5 7 8 9
2: 4 6 7 8 9
3: 5 6 7 8 9
4: 1 2 5 6 7 8 9
5: 1 3 4 6 7 8 9
6: 2 3 4 5 7 8 9
7: 1 2 3 4 5 6 9
8: 1 2 3 4 5 6 9
9: 1 2 3 4 5 6 7 8

1: 2 3 4 9
2: 1 3 4 9
3: 1 2 4 9
4: 1 2 3 9
5: 6 7 8 9
6: 5 7 8 9
7: 5 6 8 9
8: 5 6 7 9
9: 1 2 3 4 5 6 7 8

1: 2 3 7 9
2: 1 3 7 9
3: 1 2 7 9
4: 5 6 8 9
5: 4 6 8 9
6: 4 5 8 9
7: 1 2 3 8 9
8: 4 5 6 7 9
9: 1 2 3 4 5 6 7 8

1: 2 3 8 9
2: 1 3 8 9
3: 1 2 8 9
4: 5 6 7 9
5: 4 6 7 9
6: 4 5 7 8 9
7: 4 5 6 8 9
8: 1 2 3 6 7 9
9: 1 2 3 4 5 6 7 8

1: 2 3 8 9
2: 1 3 8 9
3: 1 2 8 9
4: 5 6 7 9
5: 4 6 7 8 9
6: 4 5 7 8 9
7: 4 5 6 8 9
8: 1 2 3 5 6 7 9
9: 1 2 3 4 5 6 7 8

1: 2 5 6 9
2: 1 5 6 9
3: 4 7 8 9
4: 3 7 8 9
5: 1 2 6 7 9
6: 1 2 5 8 9
7: 3 4 5 8 9
8: 3 4 6 7 9
9: 1 2 3 4 5 6 7 8

1: 4 5 6 9
2: 3 7 8 9
3: 2 7 8 9
4: 1 5 6 7 9
5: 1 4 6 8 9
6: 1 4 5 8 9
7: 2 3 4 8 9
8: 2 3 5 6 7 9
9: 1 2 3 4 5 6 7 8

1: 2 3 7 9
2: 1 3 8 9
3: 1 2 8 9
4: 5 6 7 8 9
5: 4 6 7 8 9
6: 4 5 7 8 9
7: 1 4 5 6 9
8: 2 3 4 5 6 9
9: 1 2 3 4 5 6 7 8

1: 2 5 7 9
2: 1 5 7 9
3: 4 6 8 9
4: 3 6 8 9
5: 1 2 7 8 9
6: 3 4 7 8 9
7: 1 2 5 6 8 9
8: 3 4 5 6 7 9
9: 1 2 3 4 5 6 7 8

1: 2 7 8 9
2: 1 7 8 9
3: 4 5 6 7 9
4: 3 5 6 8 9
5: 3 4 6 8 9
6: 3 4 5 8 9
7: 1 2 3 8 9
8: 1 2 4 5 6 7 9
9: 1 2 3 4 5 6 7 8

1: 2 4 8 9
2: 1 4 8 9
3: 5 6 7 9
4: 1 2 7 8 9
5: 3 6 7 8 9
6: 3 5 7 8 9
7: 3 4 5 6 8 9
8: 1 2 4 5 6 7 9
9: 1 2 3 4 5 6 7 8

1: 3 4 7 9
2: 5 6 8 9
3: 1 4 7 8 9
4: 1 3 7 8 9
5: 2 6 7 8 9
6: 2 5 7 8 9
7: 1 3 4 5 6 9
8: 2 3 4 5 6 9
9: 1 2 3 4 5 6 7 8

1: 2 6 7 9
2: 1 6 8 9
3: 4 5 7 8 9
4: 3 5 7 8 9
5: 3 4 7 8 9
6: 1 2 7 8 9
7: 1 3 4 5 6 9
8: 2 3 4 5 6 9
9: 1 2 3 4 5 6 7 8

1: 2 3 8 9
2: 1 3 7 8 9
3: 1 2 7 8 9
4: 5 6 7 8 9
5: 4 6 7 8 9
6: 4 5 7 8 9
7: 2 3 4 5 6 9
8: 1 2 3 4 5 6 9
9: 1 2 3 4 5 6 7 8

1: 3 4 7 9
2: 5 6 8 9
3: 1 4 7 8 9
4: 1 3 7 8 9
5: 2 6 7 8 9
6: 2 5 7 8 9
7: 1 3 4 5 6 8 9
8: 2 3 4 5 6 7 9
9: 1 2 3 4 5 6 7 8

1: 2 3 7 8 9
2: 1 3 7 8 9
3: 1 2 7 8 9
4: 5 6 7 8 9
5: 4 6 7 8 9
6: 4 5 7 8 9
7: 1 2 3 4 5 6 9
8: 1 2 3 4 5 6 9
9: 1 2 3 4 5 6 7 8

1: 2 4 8 9
2: 1 7 8 9
3: 5 6 7 9
4: 1 5 6 8 9
5: 3 4 6 7 8 9
6: 3 4 5 7 8 9
7: 2 3 5 6 8 9
8: 1 2 4 5 6 7 9
9: 1 2 3 4 5 6 7 8

1: 5 6 7 9
2: 3 7 8 9
3: 2 4 7 8 9
4: 3 5 6 8 9
5: 1 4 6 7 8 9
6: 1 4 5 7 8 9
7: 1 2 3 5 6 8 9
8: 2 3 4 5 6 7 9
9: 1 2 3 4 5 6 7 8

1: 3 4 5 9
2: 6 7 8 9
3: 1 4 5 6 9
4: 1 3 5 7 9
5: 1 3 4 8 9
6: 2 3 7 8 9
7: 2 4 6 8 9
8: 2 5 6 7 9
9: 1 2 3 4 5 6 7 8

1: 3 5 7 9
2: 4 6 8 9
3: 1 4 5 7 9
4: 2 3 6 8 9
5: 1 3 7 8 9
6: 2 4 7 8 9
7: 1 3 5 6 8 9
8: 2 4 5 6 7 9
9: 1 2 3 4 5 6 7 8

1: 2 3 8 9
2: 1 3 6 8 9
3: 1 2 7 8 9
4: 5 6 7 8 9
5: 4 6 7 8 9
6: 2 4 5 7 9
7: 3 4 5 6 9
8: 1 2 3 4 5 9
9: 1 2 3 4 5 6 7 8

1: 2 6 7 9
2: 1 6 7 9
3: 4 5 8 9
4: 3 5 6 8 9
5: 3 4 7 8 9
6: 1 2 4 7 8 9
7: 1 2 5 6 8 9
8: 3 4 5 6 7 9
9: 1 2 3 4 5 6 7 8

1: 2 3 8 9
2: 1 3 6 8 9
3: 1 2 7 8 9
4: 5 6 7 8 9
5: 4 6 7 8 9
6: 2 4 5 7 9
7: 3 4 5 6 8 9
8: 1 2 3 4 5 7 9
9: 1 2 3 4 5 6 7 8

1: 3 4 8 9
2: 5 6 7 9
3: 1 4 6 8 9
4: 1 3 7 8 9
5: 2 6 7 8 9
6: 2 3 5 7 8 9
7: 2 4 5 6 8 9
8: 1 3 4 5 6 7 9
9: 1 2 3 4 5 6 7 8

1: 2 3 4 9
2: 1 3 4 8 9
3: 1 2 7 8 9
4: 1 2 5 6 9
5: 4 6 7 8 9
6: 4 5 7 8 9
7: 3 5 6 8 9
8: 2 3 5 6 7 9
9: 1 2 3 4 5 6 7 8

1: 2 6 8 9
2: 1 5 6 9
3: 4 5 7 8 9
4: 3 5 7 8 9
5: 2 3 4 7 9
6: 1 2 7 8 9
7: 3 4 5 6 8 9
8: 1 3 4 6 7 9
9: 1 2 3 4 5 6 7 8

1: 2 3 4 9
2: 1 5 6 9
3: 1 4 7 8 9
4: 1 3 7 8 9
5: 2 6 7 8 9
6: 2 5 7 8 9
7: 3 4 5 6 8 9
8: 3 4 5 6 7 9
9: 1 2 3 4 5 6 7 8

1: 2 6 8 9
2: 1 6 8 9
3: 4 5 7 8 9
4: 3 5 7 8 9
5: 3 4 6 7 9
6: 1 2 5 7 9
7: 3 4 5 6 8 9
8: 1 2 3 4 7 9
9: 1 2 3 4 5 6 7 8

1: 2 5 7 8 9
2: 1 5 7 8 9
3: 4 6 7 8 9
4: 3 6 7 8 9
5: 1 2 6 8 9
6: 3 4 5 8 9
7: 1 2 3 4 9
8: 1 2 3 4 5 6 9
9: 1 2 3 4 5 6 7 8

1: 2 3 4 9
2: 1 3 7 8 9
3: 1 2 7 8 9
4: 1 5 6 8 9
5: 4 6 7 8 9
6: 4 5 7 8 9
7: 2 3 5 6 8 9
8: 2 3 4 5 6 7 9
9: 1 2 3 4 5 6 7 8

1: 2 3 7 9
2: 1 3 6 8 9
3: 1 2 7 8 9
4: 5 6 7 8 9
5: 4 6 7 8 9
6: 2 4 5 8 9
7: 1 3 4 5 8 9
8: 2 3 4 5 6 7 9
9: 1 2 3 4 5 6 7 8

1: 2 7 8 9
2: 1 7 8 9
3: 4 5 6 7 9
4: 3 5 6 8 9
5: 3 4 6 8 9
6: 3 4 5 7 9
7: 1 2 3 6 9
8: 1 2 4 5 9
9: 1 2 3 4 5 6 7 8

1: 2 7 8 9
2: 1 7 8 9
3: 4 5 6 7 9
4: 3 5 6 8 9
5: 3 4 6 8 9
6: 3 4 5 7 9
7: 1 2 3 6 8 9
8: 1 2 4 5 7 9
9: 1 2 3 4 5 6 7 8

1: 2 5 6 9
2: 1 5 6 9
3: 4 7 8 9
4: 3 7 8 9
5: 1 2 6 7 8 9
6: 1 2 5 7 8 9
7: 3 4 5 6 8 9
8: 3 4 5 6 7 9
9: 1 2 3 4 5 6 7 8

1: 2 7 8 9
2: 1 7 8 9
3: 4 5 6 7 9
4: 3 5 6 8 9
5: 3 4 6 8 9
6: 3 4 5 7 8 9
7: 1 2 3 6 8 9
8: 1 2 4 5 6 7 9
9: 1 2 3 4 5 6 7 8

1: 4 5 6 9
2: 3 7 8 9
3: 2 7 8 9
4: 1 5 6 8 9
5: 1 4 6 7 8 9
6: 1 4 5 7 8 9
7: 2 3 5 6 8 9
8: 2 3 4 5 6 7 9
9: 1 2 3 4 5 6 7 8

1: 2 6 7 9
2: 1 6 7 8 9
3: 4 5 7 8 9
4: 3 5 7 8 9
5: 3 4 6 8 9
6: 1 2 5 7 8 9
7: 1 2 3 4 6 9
8: 2 3 4 5 6 9
9: 1 2 3 4 5 6 7 8

1: 2 3 4 7 9
2: 1 5 6 8 9
3: 1 4 7 8 9
4: 1 3 7 8 9
5: 2 6 7 8 9
6: 2 5 7 8 9
7: 1 3 4 5 6 9
8: 2 3 4 5 6 9
9: 1 2 3 4 5 6 7 8

1: 2 3 7 8 9
2: 1 3 7 8 9
3: 1 2 6 8 9
4: 5 6 7 8 9
5: 4 6 7 8 9
6: 3 4 5 7 8 9
7: 1 2 4 5 6 9
8: 1 2 3 4 5 6 9
9: 1 2 3 4 5 6 7 8

1: 2 6 7 9
2: 1 6 7 8 9
3: 4 5 6 8 9
4: 3 5 7 8 9
5: 3 4 7 8 9
6: 1 2 3 7 8 9
7: 1 2 4 5 6 8 9
8: 2 3 4 5 6 7 9
9: 1 2 3 4 5 6 7 8

1: 2 3 4 7 9
2: 1 5 6 8 9
3: 1 4 7 8 9
4: 1 3 7 8 9
5: 2 6 7 8 9
6: 2 5 7 8 9
7: 1 3 4 5 6 8 9
8: 2 3 4 5 6 7 9
9: 1 2 3 4 5 6 7 8

1: 3 5 7 9
2: 4 6 8 9
3: 1 5 7 8 9
4: 2 6 7 8 9
5: 1 3 6 7 8 9
6: 2 4 5 7 8 9
7: 1 3 4 5 6 9
8: 2 3 4 5 6 9
9: 1 2 3 4 5 6 7 8

1: 2 6 8 9
2: 1 7 8 9
3: 4 5 6 7 9
4: 3 5 6 7 9
5: 3 4 6 7 8 9
6: 1 3 4 5 8 9
7: 2 3 4 5 8 9
8: 1 2 5 6 7 9
9: 1 2 3 4 5 6 7 8

1: 2 3 6 9
2: 1 3 6 8 9
3: 1 2 7 8 9
4: 5 6 7 8 9
5: 4 6 7 8 9
6: 1 2 4 5 7 9
7: 3 4 5 6 8 9
8: 2 3 4 5 7 9
9: 1 2 3 4 5 6 7 8

1: 2 5 8 9
2: 1 5 6 8 9
3: 4 6 7 8 9
4: 3 6 7 8 9
5: 1 2 6 7 8 9
6: 2 3 4 5 7 9
7: 3 4 5 6 8 9
8: 1 2 3 4 5 7 9
9: 1 2 3 4 5 6 7 8

1: 3 5 7 9
2: 4 6 8 9
3: 1 5 7 8 9
4: 2 6 7 8 9
5: 1 3 6 7 8 9
6: 2 4 5 7 8 9
7: 1 3 4 5 6 8 9
8: 2 3 4 5 6 7 9
9: 1 2 3 4 5 6 7 8

1: 2 5 7 8 9
2: 1 5 7 8 9
3: 4 6 7 8 9
4: 3 6 7 8 9
5: 1 2 6 7 8 9
6: 3 4 5 7 8 9
7: 1 2 3 4 5 6 9
8: 1 2 3 4 5 6 9
9: 1 2 3 4 5 6 7 8

1: 2 7 8 9
2: 1 7 8 9
3: 4 5 6 7 9
4: 3 5 6 8 9
5: 3 4 6 7 8 9
6: 3 4 5 7 8 9
7: 1 2 3 5 6 9
8: 1 2 4 5 6 9
9: 1 2 3 4 5 6 7 8

1: 2 7 8 9
2: 1 7 8 9
3: 4 5 6 7 9
4: 3 5 6 8 9
5: 3 4 6 7 8 9
6: 3 4 5 7 8 9
7: 1 2 3 5 6 8 9
8: 1 2 4 5 6 7 9
9: 1 2 3 4 5 6 7 8

1: 2 3 6 9
2: 1 6 7 8 9
3: 1 4 5 6 9
4: 3 5 7 8 9
5: 3 4 7 8 9
6: 1 2 3 7 8 9
7: 2 4 5 6 8 9
8: 2 4 5 6 7 9
9: 1 2 3 4 5 6 7 8

1: 2 3 4 5 9
2: 1 3 6 7 9
3: 1 2 6 8 9
4: 1 5 7 8 9
5: 1 4 7 8 9
6: 2 3 7 8 9
7: 2 4 5 6 8 9
8: 3 4 5 6 7 9
9: 1 2 3 4 5 6 7 8

1: 2 5 6 8 9
2: 1 3 4 6 9
3: 2 4 7 8 9
4: 2 3 7 8 9
5: 1 6 7 8 9
6: 1 2 5 7 8 9
7: 3 4 5 6 8 9
8: 1 3 4 5 6 7 9
9: 1 2 3 4 5 6 7 8

1: 2 5 6 9
2: 1 5 7 8 9
3: 4 6 7 8 9
4: 3 6 7 8 9
5: 1 2 6 7 8 9
6: 1 3 4 5 8 9
7: 2 3 4 5 8 9
8: 2 3 4 5 6 7 9
9: 1 2 3 4 5 6 7 8

1: 2 5 6 9
2: 1 5 6 8 9
3: 4 5 7 8 9
4: 3 6 7 8 9
5: 1 2 3 7 8 9
6: 1 2 4 7 8 9
7: 3 4 5 6 8 9
8: 2 3 4 5 6 7 9
9: 1 2 3 4 5 6 7 8

1: 2 5 6 8 9
2: 1 5 7 8 9
3: 4 6 7 8 9
4: 3 6 7 8 9
5: 1 2 6 7 9
6: 1 3 4 5 8 9
7: 2 3 4 5 8 9
8: 1 2 3 4 6 7 9
9: 1 2 3 4 5 6 7 8

1: 4 5 7 8 9
2: 3 6 7 8 9
3: 2 6 7 8 9
4: 1 5 6 7 8 9
5: 1 4 6 7 8 9
6: 2 3 4 5 8 9
7: 1 2 3 4 5 9
8: 1 2 3 4 5 6 9
9: 1 2 3 4 5 6 7 8

1: 4 5 7 9
2: 3 6 7 8 9
3: 2 6 7 8 9
4: 1 5 6 7 8 9
5: 1 4 6 7 8 9
6: 2 3 4 5 8 9
7: 1 2 3 4 5 8 9
8: 2 3 4 5 6 7 9
9: 1 2 3 4 5 6 7 8

1: 4 5 6 9
2: 3 6 7 8 9
3: 2 6 7 8 9
4: 1 5 6 7 8 9
5: 1 4 6 7 8 9
6: 1 2 3 4 5 9
7: 2 3 4 5 8 9
8: 2 3 4 5 7 9
9: 1 2 3 4 5 6 7 8

1: 2 4 5 9
2: 1 4 5 6 9
3: 4 6 7 8 9
4: 1 2 3 7 8 9
5: 1 2 6 7 8 9
6: 2 3 5 7 8 9
7: 3 4 5 6 8 9
8: 3 4 5 6 7 9
9: 1 2 3 4 5 6 7 8

1: 2 7 8 9
2: 1 4 7 8 9
3: 4 5 6 7 9
4: 2 3 5 6 8 9
5: 3 4 6 7 8 9
6: 3 4 5 7 8 9
7: 1 2 3 5 6 8 9
8: 1 2 4 5 6 7 9
9: 1 2 3 4 5 6 7 8

1: 2 5 6 8 9
2: 1 5 7 8 9
3: 4 5 6 7 9
4: 3 5 6 7 9
5: 1 2 3 4 8 9
6: 1 3 4 7 8 9
7: 2 3 4 6 8 9
8: 1 2 5 6 7 9
9: 1 2 3 4 5 6 7 8

1: 4 5 7 8 9
2: 3 6 7 8 9
3: 2 6 7 8 9
4: 1 5 6 7 9
5: 1 4 6 7 8 9
6: 2 3 4 5 8 9
7: 1 2 3 4 5 8 9
8: 1 2 3 5 6 7 9
9: 1 2 3 4 5 6 7 8

1: 2 6 7 9
2: 1 6 7 8 9
3: 4 5 6 8 9
4: 3 5 7 8 9
5: 3 4 6 7 8 9
6: 1 2 3 5 7 8 9
7: 1 2 4 5 6 8 9
8: 2 3 4 5 6 7 9
9: 1 2 3 4 5 6 7 8

1: 2 6 7 8 9
2: 1 6 7 8 9
3: 4 5 6 7 9
4: 3 5 6 7 8 9
5: 3 4 6 7 8 9
6: 1 2 3 4 5 8 9
7: 1 2 3 4 5 8 9
8: 1 2 4 5 6 7 9
9: 1 2 3 4 5 6 7 8

1: 2 3 6 9
2: 1 3 6 8 9
3: 1 2 4 7 9
4: 3 5 7 8 9
5: 4 6 7 8 9
6: 1 2 5 7 8 9
7: 3 4 5 6 8 9
8: 2 4 5 6 7 9
9: 1 2 3 4 5 6 7 8

1: 3 5 6 9
2: 4 7 8 9
3: 1 4 5 6 9
4: 2 3 7 8 9
5: 1 3 6 7 8 9
6: 1 3 5 7 8 9
7: 2 4 5 6 8 9
8: 2 4 5 6 7 9
9: 1 2 3 4 5 6 7 8

1: 2 5 8 9
2: 1 3 5 8 9
3: 2 4 6 7 9
4: 3 6 7 8 9
5: 1 2 6 7 8 9
6: 3 4 5 7 8 9
7: 3 4 5 6 8 9
8: 1 2 4 5 6 7 9
9: 1 2 3 4 5 6 7 8

1: 3 5 8 9
2: 4 6 7 9
3: 1 4 5 8 9
4: 2 3 6 7 8 9
5: 1 3 6 7 8 9
6: 2 4 5 7 8 9
7: 2 4 5 6 8 9
8: 1 3 4 5 6 7 9
9: 1 2 3 4 5 6 7 8

1: 2 5 8 9
2: 1 5 6 8 9
3: 4 6 7 8 9
4: 3 5 6 7 9
5: 1 2 4 7 8 9
6: 2 3 4 7 8 9
7: 3 4 5 6 8 9
8: 1 2 3 5 6 7 9
9: 1 2 3 4 5 6 7 8

1: 2 4 8 9
2: 1 7 8 9
3: 4 5 6 7 9
4: 1 3 5 6 9
5: 3 4 6 7 8 9
6: 3 4 5 7 8 9
7: 2 3 5 6 8 9
8: 1 2 5 6 7 9
9: 1 2 3 4 5 6 7 8

1: 2 6 8 9
2: 1 7 8 9
3: 4 5 6 7 9
4: 3 5 6 7 8 9
5: 3 4 6 7 8 9
6: 1 3 4 5 8 9
7: 2 3 4 5 8 9
8: 1 2 4 5 6 7 9
9: 1 2 3 4 5 6 7 8

1: 2 3 4 5 9
2: 1 3 4 6 9
3: 1 2 4 7 9
4: 1 2 3 8 9
5: 1 6 7 8 9
6: 2 5 7 8 9
7: 3 5 6 8 9
8: 4 5 6 7 9
9: 1 2 3 4 5 6 7 8

1: 2 3 5 7 9
2: 1 4 6 8 9
3: 1 4 5 7 9
4: 2 3 6 8 9
5: 1 3 7 8 9
6: 2 4 7 8 9
7: 1 3 5 6 8 9
8: 2 4 5 6 7 9
9: 1 2 3 4 5 6 7 8

1: 2 3 4 9
2: 1 5 6 7 9
3: 1 4 6 8 9
4: 1 3 7 8 9
5: 2 6 7 8 9
6: 2 3 5 7 8 9
7: 2 4 5 6 8 9
8: 3 4 5 6 7 9
9: 1 2 3 4 5 6 7 8

1: 2 6 7 9
2: 1 3 6 7 9
3: 2 4 5 8 9
4: 3 5 6 8 9
5: 3 4 7 8 9
6: 1 2 4 7 8 9
7: 1 2 5 6 8 9
8: 3 4 5 6 7 9
9: 1 2 3 4 5 6 7 8

1: 2 3 4 8 9
2: 1 3 6 8 9
3: 1 2 7 8 9
4: 1 5 6 7 9
5: 4 6 7 8 9
6: 2 4 5 7 8 9
7: 3 4 5 6 8 9
8: 1 2 3 5 6 7 9
9: 1 2 3 4 5 6 7 8

1: 5 6 7 9
2: 3 4 5 8 9
3: 2 4 6 8 9
4: 2 3 7 8 9
5: 1 2 6 7 8 9
6: 1 3 5 7 8 9
7: 1 4 5 6 8 9
8: 2 3 4 5 6 7 9
9: 1 2 3 4 5 6 7 8

1: 2 5 6 7 9
2: 1 5 7 8 9
3: 4 6 7 8 9
4: 3 5 6 8 9
5: 1 2 4 7 8 9
6: 1 3 4 7 8 9
7: 1 2 3 5 6 9
8: 2 3 4 5 6 9
9: 1 2 3 4 5 6 7 8

1: 4 5 6 9
2: 3 5 7 8 9
3: 2 6 7 8 9
4: 1 5 6 7 8 9
5: 1 2 4 6 7 9
6: 1 3 4 5 8 9
7: 2 3 4 5 8 9
8: 2 3 4 6 7 9
9: 1 2 3 4 5 6 7 8

1: 2 3 5 6 9
2: 1 3 5 7 9
3: 1 2 6 8 9
4: 5 6 7 8 9
5: 1 2 4 7 8 9
6: 1 3 4 7 8 9
7: 2 4 5 6 8 9
8: 3 4 5 6 7 9
9: 1 2 3 4 5 6 7 8

1: 2 3 5 7 9
2: 1 4 6 8 9
3: 1 5 6 7 9
4: 2 5 6 8 9
5: 1 3 4 7 8 9
6: 2 3 4 7 8 9
7: 1 3 5 6 8 9
8: 2 4 5 6 7 9
9: 1 2 3 4 5 6 7 8

1: 4 5 6 8 9
2: 3 6 7 8 9
3: 2 5 7 8 9
4: 1 5 6 7 8 9
5: 1 3 4 6 7 9
6: 1 2 4 5 8 9
7: 2 3 4 5 8 9
8: 1 2 3 4 6 7 9
9: 1 2 3 4 5 6 7 8

1: 3 5 7 8 9
2: 4 6 7 8 9
3: 1 5 6 8 9
4: 2 5 6 7 9
5: 1 3 4 7 8 9
6: 2 3 4 7 8 9
7: 1 2 4 5 6 8 9
8: 1 2 3 5 6 7 9
9: 1 2 3 4 5 6 7 8

1: 4 5 7 9
2: 3 5 6 8 9
3: 2 6 7 8 9
4: 1 5 6 7 8 9
5: 1 2 4 7 8 9
6: 2 3 4 7 8 9
7: 1 3 4 5 6 8 9
8: 2 3 4 5 6 7 9
9: 1 2 3 4 5 6 7 8

1: 2 3 5 7 9
2: 1 4 6 8 9
3: 1 5 7 8 9
4: 2 6 7 8 9
5: 1 3 6 7 8 9
6: 2 4 5 7 8 9
7: 1 3 4 5 6 8 9
8: 2 3 4 5 6 7 9
9: 1 2 3 4 5 6 7 8

1: 3 4 5 9
2: 6 7 8 9
3: 1 4 5 6 7 9
4: 1 3 5 6 8 9
5: 1 3 4 7 8 9
6: 2 3 4 7 8 9
7: 2 3 5 6 8 9
8: 2 4 5 6 7 9
9: 1 2 3 4 5 6 7 8

1: 3 4 8 9
2: 5 6 7 8 9
3: 1 4 5 7 8 9
4: 1 3 6 7 8 9
5: 2 3 6 7 8 9
6: 2 4 5 7 8 9
7: 2 3 4 5 6 9
8: 1 2 3 4 5 6 9
9: 1 2 3 4 5 6 7 8

1: 3 4 7 9
2: 5 6 8 9
3: 1 4 5 7 8 9
4: 1 3 6 7 8 9
5: 2 3 6 7 8 9
6: 2 4 5 7 8 9
7: 1 3 4 5 6 8 9
8: 2 3 4 5 6 7 9
9: 1 2 3 4 5 6 7 8

1: 3 4 7 8 9
2: 5 6 7 8 9
3: 1 4 5 7 8 9
4: 1 3 6 7 8 9
5: 2 3 6 7 8 9
6: 2 4 5 7 8 9
7: 1 2 3 4 5 6 9
8: 1 2 3 4 5 6 9
9: 1 2 3 4 5 6 7 8

1: 2 3 7 9
2: 1 4 8 9
3: 1 5 6 7 9
4: 2 5 6 8 9
5: 3 4 6 7 8 9
6: 3 4 5 7 8 9
7: 1 3 5 6 8 9
8: 2 4 5 6 7 9
9: 1 2 3 4 5 6 7 8

1: 2 3 8 9
2: 1 4 7 8 9
3: 1 5 6 8 9
4: 2 5 6 7 9
5: 3 4 6 7 8 9
6: 3 4 5 7 8 9
7: 2 4 5 6 8 9
8: 1 2 3 5 6 7 9
9: 1 2 3 4 5 6 7 8

1: 2 3 4 5 9
2: 1 3 4 6 9
3: 1 2 5 7 9
4: 1 2 6 8 9
5: 1 3 7 8 9
6: 2 4 7 8 9
7: 3 5 6 8 9
8: 4 5 6 7 9
9: 1 2 3 4 5 6 7 8

1: 2 3 4 8 9
2: 1 3 4 7 9
3: 1 2 5 7 9
4: 1 2 6 8 9
5: 3 6 7 8 9
6: 4 5 7 8 9
7: 2 3 5 6 8 9
8: 1 4 5 6 7 9
9: 1 2 3 4 5 6 7 8

1: 2 3 5 7 9
2: 1 4 5 8 9
3: 1 4 6 7 9
4: 2 3 6 8 9
5: 1 2 7 8 9
6: 3 4 7 8 9
7: 1 3 5 6 8 9
8: 2 4 5 6 7 9
9: 1 2 3 4 5 6 7 8

1: 2 3 6 9
2: 1 4 6 7 9
3: 1 5 6 8 9
4: 2 5 7 8 9
5: 3 4 7 8 9
6: 1 2 3 7 8 9
7: 2 4 5 6 8 9
8: 3 4 5 6 7 9
9: 1 2 3 4 5 6 7 8

1: 2 3 4 8 9
2: 1 5 7 8 9
3: 1 4 6 8 9
4: 1 3 6 7 9
5: 2 6 7 8 9
6: 3 4 5 7 8 9
7: 2 4 5 6 8 9
8: 1 2 3 5 6 7 9
9: 1 2 3 4 5 6 7 8

1: 2 3 5 9
2: 1 4 7 8 9
3: 1 5 6 8 9
4: 2 6 7 8 9
5: 1 3 6 7 8 9
6: 3 4 5 7 8 9
7: 2 4 5 6 8 9
8: 2 3 4 5 6 7 9
9: 1 2 3 4 5 6 7 8

1: 3 5 6 8 9
2: 4 5 7 8 9
3: 1 4 6 8 9
4: 2 3 7 8 9
5: 1 2 6 7 9
6: 1 3 5 7 8 9
7: 2 4 5 6 8 9
8: 1 2 3 4 6 7 9
9: 1 2 3 4 5 6 7 8

1: 2 5 6 9
2: 1 3 5 8 9
3: 2 4 7 8 9
4: 3 6 7 8 9
5: 1 2 6 7 8 9
6: 1 4 5 7 8 9
7: 3 4 5 6 8 9
8: 2 3 4 5 6 7 9
9: 1 2 3 4 5 6 7 8

1: 2 3 5 6 9
2: 1 4 5 6 9
3: 1 5 7 8 9
4: 2 6 7 8 9
5: 1 2 3 7 8 9
6: 1 2 4 7 8 9
7: 3 4 5 6 8 9
8: 3 4 5 6 7 9
9: 1 2 3 4 5 6 7 8

1: 2 4 5 6 9
2: 1 3 5 7 9
3: 2 6 7 8 9
4: 1 5 6 8 9
5: 1 2 4 7 8 9
6: 1 3 4 7 8 9
7: 2 3 5 6 8 9
8: 3 4 5 6 7 9
9: 1 2 3 4 5 6 7 8

1: 2 4 5 9
2: 1 3 5 6 9
3: 2 6 7 8 9
4: 1 5 6 7 8 9
5: 1 2 4 7 8 9
6: 2 3 4 7 8 9
7: 3 4 5 6 8 9
8: 3 4 5 6 7 9
9: 1 2 3 4 5 6 7 8

1: 2 4 5 9
2: 1 5 6 8 9
3: 4 6 7 8 9
4: 1 3 5 7 8 9
5: 1 2 4 6 7 9
6: 2 3 5 7 8 9
7: 3 4 5 6 8 9
8: 2 3 4 6 7 9
9: 1 2 3 4 5 6 7 8

1: 2 5 6 7 9
2: 1 5 6 8 9
3: 4 5 7 8 9
4: 3 6 7 8 9
5: 1 2 3 7 8 9
6: 1 2 4 7 8 9
7: 1 3 4 5 6 9
8: 2 3 4 5 6 9
9: 1 2 3 4 5 6 7 8

1: 4 5 6 8 9
2: 3 5 7 8 9
3: 2 6 7 8 9
4: 1 5 6 7 8 9
5: 1 2 4 7 8 9
6: 1 3 4 7 8 9
7: 2 3 4 5 6 9
8: 1 2 3 4 5 6 9
9: 1 2 3 4 5 6 7 8

1: 2 3 7 8 9
2: 1 4 6 8 9
3: 1 5 7 8 9
4: 2 5 6 7 9
5: 3 4 6 7 8 9
6: 2 4 5 7 8 9
7: 1 3 4 5 6 8 9
8: 1 2 3 5 6 7 9
9: 1 2 3 4 5 6 7 8

1: 2 4 7 9
2: 1 5 7 8 9
3: 4 5 6 8 9
4: 1 3 6 7 8 9
5: 2 3 6 7 8 9
6: 3 4 5 7 8 9
7: 1 2 4 5 6 8 9
8: 2 3 4 5 6 7 9
9: 1 2 3 4 5 6 7 8

1: 2 5 7 8 9
2: 1 6 7 8 9
3: 4 5 6 7 9
4: 3 5 6 8 9
5: 1 3 4 7 8 9
6: 2 3 4 7 8 9
7: 1 2 3 5 6 8 9
8: 1 2 4 5 6 7 9
9: 1 2 3 4 5 6 7 8

1: 3 4 8 9
2: 3 5 6 7 9
3: 1 2 4 7 8 9
4: 1 3 5 6 8 9
5: 2 4 6 7 8 9
6: 2 4 5 7 8 9
7: 2 3 5 6 8 9
8: 1 3 4 5 6 7 9
9: 1 2 3 4 5 6 7 8

1: 3 6 7 9
2: 4 5 6 8 9
3: 1 4 6 7 8 9
4: 2 3 5 7 8 9
5: 2 4 6 7 8 9
6: 1 2 3 5 7 8 9
7: 1 3 4 5 6 8 9
8: 2 3 4 5 6 7 9
9: 1 2 3 4 5 6 7 8

1: 3 4 6 8 9
2: 3 5 7 8 9
3: 1 2 6 7 9
4: 1 5 6 7 8 9
5: 2 4 6 7 8 9
6: 1 3 4 5 8 9
7: 2 3 4 5 8 9
8: 1 2 4 5 6 7 9
9: 1 2 3 4 5 6 7 8

1: 4 5 6 8 9
2: 3 5 6 7 9
3: 2 4 7 8 9
4: 1 3 6 7 8 9
5: 1 2 6 7 8 9
6: 1 2 4 5 8 9
7: 2 3 4 5 8 9
8: 1 3 4 5 6 7 9
9: 1 2 3 4 5 6 7 8

1: 3 4 5 9
2: 3 6 7 8 9
3: 1 2 4 6 8 9
4: 1 3 5 7 8 9
5: 1 4 6 7 8 9
6: 2 3 5 7 8 9
7: 2 4 5 6 8 9
8: 2 3 4 5 6 7 9
9: 1 2 3 4 5 6 7 8

1: 4 5 7 8 9
2: 3 6 7 8 9
3: 2 5 6 7 9
4: 1 5 6 7 8 9
5: 1 3 4 6 8 9
6: 2 3 4 5 8 9
7: 1 2 3 4 8 9
8: 1 2 4 5 6 7 9
9: 1 2 3 4 5 6 7 8

1: 3 5 7 8 9
2: 4 6 7 8 9
3: 1 4 5 6 8 9
4: 2 3 5 6 7 9
5: 1 3 4 7 8 9
6: 2 3 4 7 8 9
7: 1 2 4 5 6 9
8: 1 2 3 5 6 9
9: 1 2 3 4 5 6 7 8

1: 4 5 6 8 9
2: 3 6 7 8 9
3: 2 5 6 7 8 9
4: 1 5 6 7 8 9
5: 1 3 4 7 8 9
6: 1 2 3 4 7 9
7: 2 3 4 5 6 8 9
8: 1 2 3 4 5 7 9
9: 1 2 3 4 5 6 7 8

1: 3 5 7 8 9
2: 4 6 7 8 9
3: 1 4 5 6 8 9
4: 2 3 5 6 7 9
5: 1 3 4 7 8 9
6: 2 3 4 7 8 9
7: 1 2 4 5 6 8 9
8: 1 2 3 5 6 7 9
9: 1 2 3 4 5 6 7 8

1: 3 5 7 8 9
2: 4 6 7 8 9
3: 1 5 6 7 8 9
4: 2 5 6 7 8 9
5: 1 3 4 6 7 8 9
6: 2 3 4 5 7 8 9
7: 1 2 3 4 5 6 9
8: 1 2 3 4 5 6 9
9: 1 2 3 4 5 6 7 8

1: 2 3 4 5 9
2: 1 3 6 8 9
3: 1 2 7 8 9
4: 1 5 6 7 9
5: 1 4 6 7 8 9
6: 2 4 5 7 8 9
7: 3 4 5 6 8 9
8: 2 3 5 6 7 9
9: 1 2 3 4 5 6 7 8

1: 4 5 6 7 9
2: 3 5 7 8 9
3: 2 6 7 8 9
4: 1 5 6 7 8 9
5: 1 2 4 6 8 9
6: 1 3 4 5 8 9
7: 1 2 3 4 8 9
8: 2 3 4 5 6 7 9
9: 1 2 3 4 5 6 7 8

1: 2 6 7 8 9
2: 1 4 6 8 9
3: 4 5 6 7 9
4: 2 3 5 7 8 9
5: 3 4 6 7 8 9
6: 1 2 3 5 7 8 9
7: 1 3 4 5 6 8 9
8: 1 2 4 5 6 7 9
9: 1 2 3 4 5 6 7 8

1: 2 5 6 7 9
2: 1 5 6 8 9
3: 4 5 7 8 9
4: 3 6 7 8 9
5: 1 2 3 6 7 8 9
6: 1 2 4 5 7 8 9
7: 1 3 4 5 6 8 9
8: 2 3 4 5 6 7 9
9: 1 2 3 4 5 6 7 8

1: 2 3 4
2: 1 35 36
3: 1 34 38
4: 1 33 37
5: 8 9 18
6: 9 17 23
7: 15 16 23
8: 5 11 17
9: 5 6 10
10: 9 11 22
11: 8 10 15
12: 13 15 19
13: 12 20 21
14: 16 19 21
15: 7 11 12
16: 7 14 20
17: 6 8 22
18: 5 27 32
19: 12 14 28
20: 13 16 28
21: 13 14 26
22: 10 17 27
23: 6 7 25
24: 25 26 31
25: 23 24 30
26: 21 24 29
27: 18 22 30
28: 19 20 29
29: 26 28 34
30: 25 27 33
31: 24 34 36
32: 18 33 35
33: 4 30 32
34: 3 29 31
35: 2 32 38
36: 2 31 37
37: 4 36 38
38: 3 35 37

1: 2 3 4
2: 1 36 37
3: 1 34 35
4: 1 33 38
5: 6 7 17
6: 5 14 16
7: 5 13 15
8: 19 21 23
9: 20 22 24
10: 11 16 22
11: 10 15 21
12: 13 14 18
13: 7 12 16
14: 6 12 15
15: 7 11 14
16: 6 10 13
17: 5 18 26
18: 12 17 29
19: 8 24 28
20: 9 23 28
21: 8 11 25
22: 9 10 25
23: 8 20 27
24: 9 19 27
25: 21 22 36
26: 17 32 35
27: 23 24 38
28: 19 20 37
29: 18 30 36
30: 29 31 34
31: 30 33 35
32: 26 33 34
33: 4 31 32
34: 3 30 32
35: 3 26 31
36: 2 25 29
37: 2 28 38
38: 4 27 37

1: 2 3 4
2: 1 33 36
3: 1 34 35
4: 1 37 38
5: 6 7 8
6: 5 14 16
7: 5 10 13
8: 5 9 12
9: 8 11 13
10: 7 11 12
11: 9 10 15
12: 8 10 21
13: 7 9 18
14: 6 15 19
15: 11 14 17
16: 6 17 20
17: 15 16 26
18: 13 22 25
19: 14 20 25
20: 16 19 27
21: 12 22 23
22: 18 21 24
23: 21 32 35
24: 22 31 34
25: 18 19 36
26: 17 30 38
27: 20 29 37
28: 29 30 36
29: 27 28 38
30: 26 28 37
31: 24 33 35
32: 23 33 34
33: 2 31 32
34: 3 24 32
35: 3 23 31
36: 2 25 28
37: 4 27 30
38: 4 26 29

1: 2 3 4
2: 1 33 38
3: 1 35 37
4: 1 34 36
5: 12 13 29
6: 17 27 29
7: 11 20 30
8: 9 10 20
9: 8 13 16
10: 8 14 15
11: 7 14 16
12: 5 15 18
13: 5 9 14
14: 10 11 13
15: 10 12 16
16: 9 11 15
17: 6 28 31
18: 12 19 28
19: 18 27 31
20: 7 8 24
21: 24 26 32
22: 23 25 32
23: 22 26 30
24: 20 21 25
25: 22 24 33
26: 21 23 33
27: 6 19 35
28: 17 18 35
29: 5 6 34
30: 7 23 34
31: 17 19 37
32: 21 22 36
33: 2 25 26
34: 4 29 30
35: 3 27 28
36: 4 32 38
37: 3 31 38
38: 2 36 37

1: 2 3 4
2: 1 33 38
3: 1 35 37
4: 1 34 36
5: 6 8 14
6: 5 12 17
7: 17 27 28
8: 5 13 20
9: 10 11 20
10: 9 19 31
11: 9 18 32
12: 6 13 16
13: 8 12 15
14: 5 15 16
15: 13 14 24
16: 12 14 23
17: 6 7 24
18: 11 22 31
19: 10 22 32
20: 8 9 23
21: 25 29 30
22: 18 19 26
23: 16 20 26
24: 15 17 25
25: 21 24 33
26: 22 23 33
27: 7 30 35
28: 7 29 34
29: 21 28 35
30: 21 27 34
31: 10 18 36
32: 11 19 37
33: 2 25 26
34: 4 28 30
35: 3 27 29
36: 4 31 38
37: 3 32 38
38: 2 36 37

1: 2 3 4
2: 1 36 38
3: 1 35 37
4: 1 33 34
5: 23 25 31
6: 22 24 31
7: 10 19 30
8: 14 16 18
9: 15 17 18
10: 7 12 14
11: 13 16 20
12: 10 15 16
13: 11 14 15
14: 8 10 13
15: 9 12 13
16: 8 11 12
17: 9 28 30
18: 8 9 27
19: 7 20 25
20: 11 19 24
21: 22 23 29
22: 6 21 25
23: 5 21 24
24: 6 20 23
25: 5 19 22
26: 29 32 33
27: 18 28 38
28: 17 27 37
29: 21 26 34
30: 7 17 34
31: 5 6 33
32: 26 35 36
33: 4 26 31
34: 4 29 30
35: 3 32 38
36: 2 32 37
37: 3 28 36
38: 2 27 35

1: 2 3 4
2: 1 36 38
3: 1 35 37
4: 1 33 34
5: 8 9 26
6: 25 30 31
7: 24 29 31
8: 5 20 23
9: 5 21 22
10: 11 12 17
11: 10 13 16
12: 10 14 15
13: 11 15 18
14: 12 16 19
15: 12 13 23
16: 11 14 23
17: 10 20 24
18: 13 19 22
19: 14 18 21
20: 8 17 25
21: 9 19 28
22: 9 18 27
23: 8 15 16
24: 7 17 30
25: 6 20 29
26: 5 32 33
27: 22 28 38
28: 21 27 37
29: 7 25 34
30: 6 24 34
31: 6 7 33
32: 26 35 36
33: 4 26 31
34: 4 29 30
35: 3 32 38
36: 2 32 37
37: 3 28 36
38: 2 27 35

1: 2 3 4
2: 1 36 38
3: 1 35 37
4: 1 33 34
5: 24 27 28
6: 25 26 28
7: 8 9 30
8: 7 10 32
9: 7 12 29
10: 8 11 29
11: 10 14 30
12: 9 13 23
13: 12 14 16
14: 11 13 15
15: 14 19 20
16: 13 17 18
17: 16 20 22
18: 16 19 21
19: 15 18 22
20: 15 17 21
21: 18 20 25
22: 17 19 24
23: 12 25 27
24: 5 22 31
25: 6 21 23
26: 6 27 31
27: 5 23 26
28: 5 6 37
29: 9 10 33
30: 7 11 33
31: 24 26 34
32: 8 35 36
33: 4 29 30
34: 4 31 38
35: 3 32 38
36: 2 32 37
37: 3 28 36
38: 2 34 35

1: 2 3 4
2: 1 35 36
3: 1 33 38
4: 1 34 37
5: 8 9 25
6: 15 17 20
7: 14 16 20
8: 5 13 17
9: 5 15 16
10: 11 13 23
11: 10 22 24
12: 14 22 23
13: 8 10 15
14: 7 12 24
15: 6 9 13
16: 7 9 17
17: 6 8 16
18: 21 26 29
19: 21 25 28
20: 6 7 27
21: 18 19 32
22: 11 12 31
23: 10 12 30
24: 11 14 30
25: 5 19 29
26: 18 27 28
27: 20 26 33
28: 19 26 35
29: 18 25 34
30: 23 24 33
31: 22 32 36
32: 21 31 34
33: 3 27 30
34: 4 29 32
35: 2 28 38
36: 2 31 37
37: 4 36 38
38: 3 35 37

1: 2 3 4
2: 1 34 38
3: 1 35 36
4: 1 33 37
5: 6 12 16
6: 5 7 8
7: 6 11 14
8: 6 10 15
9: 10 11 13
10: 8 9 14
11: 7 9 15
12: 5 13 19
13: 9 12 20
14: 7 10 21
15: 8 11 17
16: 5 17 18
17: 15 16 30
18: 16 23 27
19: 12 24 28
20: 13 25 29
21: 14 22 27
22: 21 23 32
23: 18 22 30
24: 19 26 29
25: 20 26 28
26: 24 25 31
27: 18 21 33
28: 19 25 34
29: 20 24 34
30: 17 23 33
31: 26 32 36
32: 22 31 35
33: 4 27 30
34: 2 28 29
35: 3 32 38
36: 3 31 37
37: 4 36 38
38: 2 35 37

1: 2 3 4
2: 1 33 38
3: 1 35 37
4: 1 34 36
5: 23 24 31
6: 22 25 31
7: 10 17 28
8: 14 28 29
9: 14 16 32
10: 7 13 18
11: 12 13 17
12: 11 18 26
13: 10 11 19
14: 8 9 30
15: 16 26 30
16: 9 15 29
17: 7 11 23
18: 10 12 23
19: 13 20 22
20: 19 25 27
21: 22 24 27
22: 6 19 21
23: 5 17 18
24: 5 21 25
25: 6 20 24
26: 12 15 33
27: 20 21 35
28: 7 8 35
29: 8 16 34
30: 14 15 34
31: 5 6 36
32: 9 33 37
33: 2 26 32
34: 4 29 30
35: 3 27 28
36: 4 31 38
37: 3 32 38
38: 2 36 37

1: 2 3 4
2: 1 34 37
3: 1 35 36
4: 1 33 38
5: 6 7 32
6: 5 27 31
7: 5 26 30
8: 11 14 29
9: 13 16 29
10: 13 15 28
11: 8 17 20
12: 16 21 28
13: 9 10 21
14: 8 15 18
15: 10 14 20
16: 9 12 19
17: 11 18 19
18: 14 17 23
19: 16 17 22
20: 11 15 23
21: 12 13 22
22: 19 21 25
23: 18 20 24
24: 23 25 27
25: 22 24 26
26: 7 25 31
27: 6 24 30
28: 10 12 34
29: 8 9 35
30: 7 27 36
31: 6 26 33
32: 5 33 34
33: 4 31 32
34: 2 28 32
35: 3 29 38
36: 3 30 37
37: 2 36 38
38: 4 35 37

1: 2 3 4
2: 1 36 38
3: 1 34 35
4: 1 33 37
5: 9 13 14
6: 8 13 15
7: 8 9 12
8: 6 7 14
9: 5 7 15
10: 11 17 22
11: 10 16 21
12: 7 18 20
13: 5 6 19
14: 5 8 16
15: 6 9 17
16: 11 14 26
17: 10 15 26
18: 12 19 25
19: 13 18 24
20: 12 23 24
21: 11 28 30
22: 10 27 29
23: 20 32 35
24: 19 20 36
25: 18 31 34
26: 16 17 36
27: 22 30 38
28: 21 29 38
29: 22 28 37
30: 21 27 37
31: 25 33 35
32: 23 33 34
33: 4 31 32
34: 3 25 32
35: 3 23 31
36: 2 24 26
37: 4 29 30
38: 2 27 28

1: 2 3 4
2: 1 35 36
3: 1 34 38
4: 1 33 37
5: 20 21 26
6: 7 24 25
7: 6 9 23
8: 14 23 24
9: 7 10 17
10: 9 11 15
11: 10 16 22
12: 13 15 22
13: 12 16 17
14: 8 18 25
15: 10 12 19
16: 11 13 19
17: 9 13 18
18: 14 17 21
19: 15 16 20
20: 5 19 30
21: 5 18 32
22: 11 12 27
23: 7 8 28
24: 6 8 31
25: 6 14 28
26: 5 27 29
27: 22 26 33
28: 23 25 34
29: 26 30 35
30: 20 29 33
31: 24 32 36
32: 21 31 34
33: 4 27 30
34: 3 28 32
35: 2 29 38
36: 2 31 37
37: 4 36 38
38: 3 35 37

1: 2 3 4
2: 1 35 36
3: 1 34 38
4: 1 33 37
5: 6 7 32
6: 5 27 31
7: 5 25 26
8: 9 10 31
9: 8 28 30
10: 8 23 24
11: 12 13 30
12: 11 20 22
13: 11 19 21
14: 16 26 27
15: 17 25 27
16: 14 23 25
17: 15 24 26
18: 19 20 29
19: 13 18 22
20: 12 18 21
21: 13 20 24
22: 12 19 23
23: 10 16 22
24: 10 17 21
25: 7 15 16
26: 7 14 17
27: 6 14 15
28: 9 29 36
29: 18 28 34
30: 9 11 34
31: 6 8 33
32: 5 33 35
33: 4 31 32
34: 3 29 30
35: 2 32 38
36: 2 28 37
37: 4 36 38
38: 3 35 37

1: 2 3 4
2: 1 33 38
3: 1 34 37
4: 1 35 36
5: 6 7 12
6: 5 8 11
7: 5 9 10
8: 6 10 15
9: 7 11 16
10: 7 8 14
11: 6 9 14
12: 5 13 21
13: 12 18 22
14: 10 11 18
15: 8 17 20
16: 9 17 19
17: 15 16 23
18: 13 14 23
19: 16 20 29
20: 15 19 28
21: 12 26 27
22: 13 24 25
23: 17 18 37
24: 22 27 33
25: 22 26 34
26: 21 25 33
27: 21 24 34
28: 20 32 36
29: 19 31 35
30: 31 32 38
31: 29 30 36
32: 28 30 35
33: 2 24 26
34: 3 25 27
35: 4 29 32
36: 4 28 31
37: 3 23 38
38: 2 30 37

1: 2 3 4
2: 1 36 38
3: 1 35 37
4: 1 33 34
5: 9 26 29
6: 22 23 31
7: 27 28 30
8: 14 21 30
9: 5 10 11
10: 9 23 25
11: 9 22 24
12: 16 17 19
13: 15 18 19
14: 8 15 16
15: 13 14 17
16: 12 14 18
17: 12 15 27
18: 13 16 28
19: 12 13 20
20: 19 21 25
21: 8 20 24
22: 6 11 25
23: 6 10 24
24: 11 21 23
25: 10 20 22
26: 5 32 33
27: 7 17 38
28: 7 18 37
29: 5 31 34
30: 7 8 34
31: 6 29 33
32: 26 35 36
33: 4 26 31
34: 4 29 30
35: 3 32 38
36: 2 32 37
37: 3 28 36
38: 2 27 35

1: 2 3 4
2: 1 33 34
3: 1 36 38
4: 1 35 37
5: 6 7 14
6: 5 9 11
7: 5 8 12
8: 7 10 11
9: 6 10 12
10: 8 9 16
11: 6 8 19
12: 7 9 20
13: 14 16 29
14: 5 13 15
15: 14 23 30
16: 10 13 23
17: 22 25 31
18: 21 24 31
19: 11 22 26
20: 12 21 26
21: 18 20 25
22: 17 19 24
23: 15 16 27
24: 18 22 28
25: 17 21 28
26: 19 20 27
27: 23 26 34
28: 24 25 34
29: 13 30 37
30: 15 29 38
31: 17 18 33
32: 33 35 36
33: 2 31 32
34: 2 27 28
35: 4 32 38
36: 3 32 37
37: 4 29 36
38: 3 30 35

1: 2 3 4
2: 1 35 36
3: 1 34 38
4: 1 33 37
5: 6 7 26
6: 5 17 19
7: 5 16 18
8: 9 13 22
9: 8 11 23
10: 12 14 24
11: 9 24 25
12: 10 23 25
13: 8 14 19
14: 10 13 18
15: 16 17 20
16: 7 15 19
17: 6 15 18
18: 7 14 17
19: 6 13 16
20: 15 21 27
21: 20 22 30
22: 8 21 32
23: 9 12 28
24: 10 11 28
25: 11 12 31
26: 5 27 29
27: 20 26 33
28: 23 24 34
29: 26 30 35
30: 21 29 33
31: 25 32 36
32: 22 31 34
33: 4 27 30
34: 3 28 32
35: 2 29 38
36: 2 31 37
37: 4 36 38
38: 3 35 37

1: 2 3 4
2: 1 33 34
3: 1 36 38
4: 1 35 37
5: 6 29 31
6: 5 7 8
7: 6 15 22
8: 6 13 14
9: 11 14 15
10: 12 13 15
11: 9 13 18
12: 10 14 19
13: 8 10 11
14: 8 9 12
15: 7 9 10
16: 21 26 30
17: 20 25 30
18: 11 21 24
19: 12 20 24
20: 17 19 26
21: 16 18 25
22: 7 23 29
23: 22 27 31
24: 18 19 27
25: 17 21 28
26: 16 20 28
27: 23 24 34
28: 25 26 34
29: 5 22 38
30: 16 17 33
31: 5 23 37
32: 33 35 36
33: 2 30 32
34: 2 27 28
35: 4 32 38
36: 3 32 37
37: 4 31 36
38: 3 29 35

1: 2 3 4
2: 1 33 38
3: 1 35 37
4: 1 34 36
5: 22 25 31
6: 23 24 31
7: 15 16 26
8: 11 12 26
9: 10 12 30
10: 9 14 32
11: 8 17 18
12: 8 9 29
13: 18 19 28
14: 10 27 29
15: 7 21 24
16: 7 19 23
17: 11 20 22
18: 11 13 25
19: 13 16 24
20: 17 25 28
21: 15 22 23
22: 5 17 21
23: 6 16 21
24: 6 15 19
25: 5 18 20
26: 7 8 33
27: 14 30 35
28: 13 20 35
29: 12 14 34
30: 9 27 34
31: 5 6 36
32: 10 33 37
33: 2 26 32
34: 4 29 30
35: 3 27 28
36: 4 31 38
37: 3 32 38
38: 2 36 37

1: 2 3 4
2: 1 33 34
3: 1 35 36
4: 1 37 38
5: 6 14 20
6: 5 7 8
7: 6 13 18
8: 6 12 19
9: 10 11 15
10: 9 12 18
11: 9 13 19
12: 8 10 13
13: 7 11 12
14: 5 16 23
15: 9 17 25
16: 14 17 21
17: 15 16 24
18: 7 10 26
19: 8 11 27
20: 5 21 22
21: 16 20 36
22: 20 23 33
23: 14 22 36
24: 17 29 34
25: 15 28 34
26: 18 32 38
27: 19 31 37
28: 25 29 33
29: 24 28 35
30: 31 32 35
31: 27 30 38
32: 26 30 37
33: 2 22 28
34: 2 24 25
35: 3 29 30
36: 3 21 23
37: 4 27 32
38: 4 26 31

1: 2 3 4
2: 1 33 38
3: 1 34 37
4: 1 35 36
5: 16 23 24
6: 7 8 15
7: 6 9 32
8: 6 10 31
9: 7 11 13
10: 8 12 14
11: 9 14 18
12: 10 13 18
13: 9 12 17
14: 10 11 17
15: 6 21 22
16: 5 19 20
17: 13 14 25
18: 11 12 26
19: 16 22 28
20: 16 21 27
21: 15 20 28
22: 15 19 27
23: 5 25 29
24: 5 26 30
25: 17 23 35
26: 18 24 36
27: 20 22 34
28: 19 21 33
29: 23 30 36
30: 24 29 35
31: 8 34 38
32: 7 33 37
33: 2 28 32
34: 3 27 31
35: 4 25 30
36: 4 26 29
37: 3 32 38
38: 2 31 37

1: 2 3 4
2: 1 33 38
3: 1 35 36
4: 1 34 37
5: 6 24 32
6: 5 25 26
7: 8 9 24
8: 7 21 23
9: 7 20 22
10: 17 19 27
11: 16 18 30
12: 14 15 18
13: 14 16 17
14: 12 13 30
15: 12 16 29
16: 11 13 15
17: 10 13 23
18: 11 12 22
19: 10 20 21
20: 9 19 23
21: 8 19 22
22: 9 18 21
23: 8 17 20
24: 5 7 38
25: 6 31 36
26: 6 27 35
27: 10 26 36
28: 29 31 34
29: 15 28 33
30: 11 14 34
31: 25 28 35
32: 5 33 37
33: 2 29 32
34: 4 28 30
35: 3 26 31
36: 3 25 27
37: 4 32 38
38: 2 24 37

1: 2 3 4
2: 1 36 38
3: 1 35 37
4: 1 33 34
5: 25 27 28
6: 24 26 28
7: 8 9 23
8: 7 18 20
9: 7 17 19
10: 12 16 29
11: 13 14 32
12: 10 18 22
13: 11 20 31
14: 11 19 30
15: 16 18 21
16: 10 15 17
17: 9 16 22
18: 8 12 15
19: 9 14 31
20: 8 13 30
21: 15 27 29
22: 12 17 26
23: 7 24 25
24: 6 23 27
25: 5 23 26
26: 6 22 25
27: 5 21 24
28: 5 6 37
29: 10 21 34
30: 14 20 33
31: 13 19 33
32: 11 35 36
33: 4 30 31
34: 4 29 38
35: 3 32 38
36: 2 32 37
37: 3 28 36
38: 2 34 35

1: 2 3 4
2: 1 35 36
3: 1 33 38
4: 1 34 37
5: 20 23 25
6: 21 22 25
7: 8 18 19
8: 7 9 10
9: 8 13 14
10: 8 12 15
11: 12 13 19
12: 10 11 14
13: 9 11 15
14: 9 12 22
15: 10 13 23
16: 17 26 29
17: 16 24 30
18: 7 24 29
19: 7 11 30
20: 5 21 32
21: 6 20 31
22: 6 14 32
23: 5 15 31
24: 17 18 28
25: 5 6 27
26: 16 27 28
27: 25 26 36
28: 24 26 34
29: 16 18 35
30: 17 19 34
31: 21 23 33
32: 20 22 33
33: 3 31 32
34: 4 28 30
35: 2 29 38
36: 2 27 37
37: 4 36 38
38: 3 35 37

1: 2 3 4
2: 1 36 38
3: 1 35 37
4: 1 33 34
5: 25 27 28
6: 24 26 28
7: 8 9 32
8: 7 20 22
9: 7 19 21
10: 15 16 29
11: 12 14 15
12: 11 13 16
13: 12 17 23
14: 11 18 23
15: 10 11 17
16: 10 12 18
17: 13 15 21
18: 14 16 22
19: 9 22 30
20: 8 21 30
21: 9 17 20
22: 8 18 19
23: 13 14 26
24: 6 27 31
25: 5 26 31
26: 6 23 25
27: 5 24 29
28: 5 6 37
29: 10 27 36
30: 19 20 33
31: 24 25 34
32: 7 33 35
33: 4 30 32
34: 4 31 38
35: 3 32 38
36: 2 29 37
37: 3 28 36
38: 2 34 35

1: 2 3 4
2: 1 34 37
3: 1 35 36
4: 1 33 38
5: 7 13 16
6: 7 11 12
7: 5 6 15
8: 9 10 18
9: 8 12 21
10: 8 11 20
11: 6 10 21
12: 6 9 20
13: 5 14 17
14: 13 18 19
15: 7 17 19
16: 5 22 23
17: 13 15 27
18: 8 14 27
19: 14 15 28
20: 10 12 31
21: 9 11 32
22: 16 25 30
23: 16 24 29
24: 23 26 30
25: 22 26 29
26: 24 25 28
27: 17 18 33
28: 19 26 34
29: 23 25 34
30: 22 24 35
31: 20 32 36
32: 21 31 33
33: 4 27 32
34: 2 28 29
35: 3 30 38
36: 3 31 37
37: 2 36 38
38: 4 35 37

1: 2 3 4
2: 1 35 36
3: 1 33 38
4: 1 34 37
5: 6 7 32
6: 5 27 31
7: 5 25 26
8: 11 25 27
9: 15 24 30
10: 12 14 30
11: 8 12 13
12: 10 11 24
13: 11 22 23
14: 10 15 28
15: 9 14 22
16: 17 18 22
17: 16 19 21
18: 16 20 26
19: 17 20 29
20: 18 19 23
21: 17 23 26
22: 13 15 16
23: 13 20 21
24: 9 12 28
25: 7 8 31
26: 7 18 21
27: 6 8 29
28: 14 24 36
29: 19 27 34
30: 9 10 33
31: 6 25 34
32: 5 33 35
33: 3 30 32
34: 4 29 31
35: 2 32 38
36: 2 28 37
37: 4 36 38
38: 3 35 37

1: 2 3 4
2: 1 36 38
3: 1 35 37
4: 1 33 34
5: 25 27 28
6: 24 26 28
7: 8 9 32
8: 7 20 22
9: 7 19 21
10: 13 15 23
11: 12 14 29
12: 11 15 16
13: 10 14 16
14: 11 13 18
15: 10 12 18
16: 12 13 17
17: 16 22 23
18: 14 15 21
19: 9 22 30
20: 8 21 30
21: 9 18 20
22: 8 17 19
23: 10 17 26
24: 6 27 31
25: 5 26 31
26: 6 23 25
27: 5 24 29
28: 5 6 37
29: 11 27 36
30: 19 20 33
31: 24 25 34
32: 7 33 35
33: 4 30 32
34: 4 31 38
35: 3 32 38
36: 2 29 37
37: 3 28 36
38: 2 34 35

1: 2 3 4
2: 1 36 38
3: 1 35 37
4: 1 33 34
5: 25 27 28
6: 24 26 28
7: 8 9 32
8: 7 20 22
9: 7 19 21
10: 15 16 23
11: 12 14 15
12: 11 13 16
13: 12 18 23
14: 11 17 29
15: 10 11 18
16: 10 12 17
17: 14 16 22
18: 13 15 21
19: 9 22 30
20: 8 21 30
21: 9 18 20
22: 8 17 19
23: 10 13 26
24: 6 27 31
25: 5 26 31
26: 6 23 25
27: 5 24 29
28: 5 6 37
29: 14 27 36
30: 19 20 33
31: 24 25 34
32: 7 33 35
33: 4 30 32
34: 4 31 38
35: 3 32 38
36: 2 29 37
37: 3 28 36
38: 2 34 35

1: 2 3 4
2: 1 34 38
3: 1 35 36
4: 1 33 37
5: 11 14 15
6: 7 13 15
7: 6 12 14
8: 9 13 18
9: 8 10 21
10: 9 16 17
11: 5 12 19
12: 7 11 20
13: 6 8 17
14: 5 7 21
15: 5 6 20
16: 10 18 19
17: 10 13 32
18: 8 16 32
19: 11 16 30
20: 12 15 29
21: 9 14 31
22: 24 26 27
23: 24 25 28
24: 22 23 31
25: 23 27 30
26: 22 28 29
27: 22 25 34
28: 23 26 36
29: 20 26 33
30: 19 25 35
31: 21 24 34
32: 17 18 33
33: 4 29 32
34: 2 27 31
35: 3 30 38
36: 3 28 37
37: 4 36 38
38: 2 35 37

1: 2 3 4
2: 1 34 37
3: 1 33 38
4: 1 35 36
5: 6 13 16
6: 5 10 14
7: 8 12 14
8: 7 10 13
9: 11 12 21
10: 6 8 21
11: 9 15 17
12: 7 9 18
13: 5 8 19
14: 6 7 19
15: 11 18 20
16: 5 17 20
17: 11 16 32
18: 12 15 32
19: 13 14 30
20: 15 16 29
21: 9 10 31
22: 24 26 28
23: 24 25 27
24: 22 23 31
25: 23 28 30
26: 22 27 29
27: 23 26 34
28: 22 25 34
29: 20 26 36
30: 19 25 33
31: 21 24 35
32: 17 18 33
33: 3 30 32
34: 2 27 28
35: 4 31 38
36: 4 29 37
37: 2 36 38
38: 3 35 37

1: 2 3 4
2: 1 35 36
3: 1 34 38
4: 1 33 37
5: 10 11 18
6: 7 9 10
7: 6 12 15
8: 9 15 25
9: 6 8 14
10: 5 6 16
11: 5 13 17
12: 7 13 14
13: 11 12 23
14: 9 12 21
15: 7 8 21
16: 10 17 20
17: 11 16 19
18: 5 19 20
19: 17 18 30
20: 16 18 27
21: 14 15 30
22: 24 26 29
23: 13 24 28
24: 22 23 32
25: 8 27 29
26: 22 28 31
27: 20 25 36
28: 23 26 33
29: 22 25 33
30: 19 21 34
31: 26 32 34
32: 24 31 35
33: 4 28 29
34: 3 30 31
35: 2 32 38
36: 2 27 37
37: 4 36 38
38: 3 35 37

1: 2 3 4
2: 1 37 38
3: 1 33 36
4: 1 34 35
5: 6 7 32
6: 5 29 31
7: 5 28 30
8: 12 14 18
9: 13 17 20
10: 13 16 19
11: 12 15 21
12: 8 11 30
13: 9 10 31
14: 8 21 24
15: 11 18 25
16: 10 20 27
17: 9 19 26
18: 8 15 22
19: 10 17 23
20: 9 16 23
21: 11 14 22
22: 18 21 36
23: 19 20 35
24: 14 25 37
25: 15 24 38
26: 17 27 38
27: 16 26 37
28: 7 29 34
29: 6 28 33
30: 7 12 36
31: 6 13 35
32: 5 33 34
33: 3 29 32
34: 4 28 32
35: 4 23 31
36: 3 22 30
37: 2 24 27
38: 2 25 26

1: 2 3 4
2: 1 34 38
3: 1 33 37
4: 1 35 36
5: 6 7 30
6: 5 19 21
7: 5 18 20
8: 11 12 23
9: 11 13 22
10: 12 14 25
11: 8 9 14
12: 8 10 13
13: 9 12 15
14: 10 11 15
15: 13 14 17
16: 17 19 23
17: 15 16 18
18: 7 17 21
19: 6 16 20
20: 7 19 26
21: 6 18 26
22: 9 24 27
23: 8 16 27
24: 22 25 29
25: 10 24 28
26: 20 21 38
27: 22 23 34
28: 25 32 36
29: 24 31 35
30: 5 34 37
31: 29 33 36
32: 28 33 35
33: 3 31 32
34: 2 27 30
35: 4 29 32
36: 4 28 31
37: 3 30 38
38: 2 26 37

1: 2 3 4
2: 1 33 38
3: 1 34 37
4: 1 35 36
5: 25 26 32
6: 23 24 31
7: 22 24 30
8: 9 10 29
9: 8 14 28
10: 8 13 16
11: 12 14 15
12: 11 16 17
13: 10 15 17
14: 9 11 27
15: 11 13 19
16: 10 12 19
17: 12 13 18
18: 17 21 29
19: 15 16 20
20: 19 21 23
21: 18 20 22
22: 7 21 31
23: 6 20 30
24: 6 7 38
25: 5 28 36
26: 5 27 35
27: 14 26 36
28: 9 25 35
29: 8 18 33
30: 7 23 34
31: 6 22 34
32: 5 33 37
33: 2 29 32
34: 3 30 31
35: 4 26 28
36: 4 25 27
37: 3 32 38
38: 2 24 37

1: 2 3 4
2: 1 36 38
3: 1 35 37
4: 1 33 34
5: 23 25 31
6: 22 24 31
7: 8 9 18
8: 7 14 15
9: 7 13 16
10: 19 20 30
11: 12 15 20
12: 11 16 19
13: 9 15 17
14: 8 16 17
15: 8 11 13
16: 9 12 14
17: 13 14 27
18: 7 27 28
19: 10 12 25
20: 10 11 24
21: 22 23 29
22: 6 21 25
23: 5 21 24
24: 6 20 23
25: 5 19 22
26: 29 32 33
27: 17 18 38
28: 18 30 37
29: 21 26 34
30: 10 28 34
31: 5 6 33
32: 26 35 36
33: 4 26 31
34: 4 29 30
35: 3 32 38
36: 2 32 37
37: 3 28 36
38: 2 27 35

1: 2 3 4
2: 1 33 38
3: 1 34 36
4: 1 35 37
5: 8 9 11
6: 7 9 12
7: 6 10 11
8: 5 10 12
9: 5 6 19
10: 7 8 20
11: 5 7 15
12: 6 8 16
13: 14 16 18
14: 13 15 17
15: 11 14 26
16: 12 13 26
17: 14 22 25
18: 13 21 24
19: 9 20 28
20: 10 19 27
21: 18 23 25
22: 17 23 24
23: 21 22 37
24: 18 22 35
25: 17 21 35
26: 15 16 33
27: 20 32 33
28: 19 29 34
29: 28 31 36
30: 31 32 34
31: 29 30 38
32: 27 30 36
33: 2 26 27
34: 3 28 30
35: 4 24 25
36: 3 29 32
37: 4 23 38
38: 2 31 37

1: 2 3 4
2: 1 35 36
3: 1 34 38
4: 1 33 37
5: 6 7 32
6: 5 25 27
7: 5 24 26
8: 16 28 31
9: 10 11 31
10: 9 18 20
11: 9 17 19
12: 13 29 30
13: 12 14 21
14: 13 20 22
15: 19 21 22
16: 8 17 18
17: 11 16 20
18: 10 16 19
19: 11 15 18
20: 10 14 17
21: 13 15 27
22: 14 15 26
23: 24 25 29
24: 7 23 27
25: 6 23 26
26: 7 22 25
27: 6 21 24
28: 8 30 36
29: 12 23 33
30: 12 28 34
31: 8 9 34
32: 5 33 35
33: 4 29 32
34: 3 30 31
35: 2 32 38
36: 2 28 37
37: 4 36 38
38: 3 35 37

1: 2 3 4
2: 1 33 37
3: 1 36 38
4: 1 34 35
5: 9 11 18
6: 8 11 17
7: 8 9 10
8: 6 7 18
9: 5 7 17
10: 7 12 26
11: 5 6 26
12: 10 19 23
13: 14 15 30
14: 13 16 29
15: 13 20 27
16: 14 21 28
17: 6 9 30
18: 5 8 29
19: 12 24 32
20: 15 25 28
21: 16 25 27
22: 23 24 31
23: 12 22 33
24: 19 22 37
25: 20 21 38
26: 10 11 34
27: 15 21 36
28: 16 20 36
29: 14 18 35
30: 13 17 35
31: 22 32 34
32: 19 31 33
33: 2 23 32
34: 4 26 31
35: 4 29 30
36: 3 27 28
37: 2 24 38
38: 3 25 37

1: 2 3 4
2: 1 33 37
3: 1 36 38
4: 1 34 35
5: 6 7 12
6: 5 9 10
7: 5 8 11
8: 7 10 14
9: 6 11 14
10: 6 8 17
11: 7 9 18
12: 5 13 15
13: 12 21 24
14: 8 9 26
15: 12 16 26
16: 15 22 25
17: 10 20 27
18: 11 19 27
19: 18 20 29
20: 17 19 28
21: 13 23 25
22: 16 23 24
23: 21 22 38
24: 13 22 36
25: 16 21 36
26: 14 15 33
27: 17 18 33
28: 20 32 35
29: 19 31 34
30: 31 32 37
31: 29 30 35
32: 28 30 34
33: 2 26 27
34: 4 29 32
35: 4 28 31
36: 3 24 25
37: 2 30 38
38: 3 23 37

1: 2 3 4
2: 1 37 38
3: 1 33 36
4: 1 34 35
5: 6 7 32
6: 5 29 31
7: 5 28 30
8: 12 14 18
9: 13 17 20
10: 13 16 19
11: 12 15 21
12: 8 11 30
13: 9 10 31
14: 8 21 24
15: 11 18 27
16: 10 20 25
17: 9 19 26
18: 8 15 22
19: 10 17 23
20: 9 16 23
21: 11 14 22
22: 18 21 36
23: 19 20 35
24: 14 25 37
25: 16 24 38
26: 17 27 38
27: 15 26 37
28: 7 29 34
29: 6 28 33
30: 7 12 36
31: 6 13 35
32: 5 33 34
33: 3 29 32
34: 4 28 32
35: 4 23 31
36: 3 22 30
37: 2 24 27
38: 2 25 26

1: 2 3 4
2: 1 35 36
3: 1 34 38
4: 1 33 37
5: 6 7 32
6: 5 25 31
7: 5 26 27
8: 9 10 31
9: 8 24 30
10: 8 23 28
11: 14 16 24
12: 15 17 24
13: 17 19 21
14: 11 15 21
15: 12 14 23
16: 11 17 23
17: 12 13 16
18: 22 27 29
19: 13 20 27
20: 19 26 29
21: 13 14 25
22: 18 25 26
23: 10 15 16
24: 9 11 12
25: 6 21 22
26: 7 20 22
27: 7 18 19
28: 10 30 36
29: 18 20 33
30: 9 28 34
31: 6 8 34
32: 5 33 35
33: 4 29 32
34: 3 30 31
35: 2 32 38
36: 2 28 37
37: 4 36 38
38: 3 35 37

1: 2 3 4
2: 1 33 34
3: 1 36 38
4: 1 35 37
5: 6 7 32
6: 5 30 31
7: 5 24 25
8: 9 13 29
9: 8 12 15
10: 11 14 28
11: 10 15 16
12: 9 14 16
13: 8 17 27
14: 10 12 18
15: 9 11 18
16: 11 12 17
17: 13 16 23
18: 14 15 22
19: 20 21 26
20: 19 23 25
21: 19 22 24
22: 18 21 25
23: 17 20 24
24: 7 21 23
25: 7 20 22
26: 19 30 33
27: 13 31 34
28: 10 29 38
29: 8 28 37
30: 6 26 34
31: 6 27 33
32: 5 35 36
33: 2 26 31
34: 2 27 30
35: 4 32 38
36: 3 32 37
37: 4 29 36
38: 3 28 35

1: 2 3 4
2: 1 34 37
3: 1 35 36
4: 1 33 38
5: 13 14 16
6: 10 11 12
7: 9 12 21
8: 9 11 20
9: 7 8 19
10: 6 13 17
11: 6 8 21
12: 6 7 20
13: 5 10 18
14: 5 15 17
15: 14 18 19
16: 5 22 23
17: 10 14 28
18: 13 15 28
19: 9 15 27
20: 8 12 31
21: 7 11 32
22: 16 26 30
23: 16 25 29
24: 25 26 27
25: 23 24 30
26: 22 24 29
27: 19 24 33
28: 17 18 34
29: 23 26 34
30: 22 25 35
31: 20 32 36
32: 21 31 33
33: 4 27 32
34: 2 28 29
35: 3 30 38
36: 3 31 37
37: 2 36 38
38: 4 35 37

1: 2 3 4
2: 1 33 34
3: 1 36 38
4: 1 35 37
5: 6 7 32
6: 5 25 31
7: 5 24 30
8: 9 10 28
9: 8 12 26
10: 8 11 27
11: 10 13 26
12: 9 13 27
13: 11 12 15
14: 18 19 28
15: 13 16 17
16: 15 19 20
17: 15 18 21
18: 14 17 20
19: 14 16 21
20: 16 18 22
21: 17 19 23
22: 20 25 29
23: 21 24 29
24: 7 23 31
25: 6 22 30
26: 9 11 38
27: 10 12 33
28: 8 14 37
29: 22 23 33
30: 7 25 34
31: 6 24 34
32: 5 35 36
33: 2 27 29
34: 2 30 31
35: 4 32 38
36: 3 32 37
37: 4 28 36
38: 3 26 35

1: 2 3 4
2: 1 33 34
3: 1 36 38
4: 1 35 37
5: 6 7 32
6: 5 30 31
7: 5 24 25
8: 19 26 27
9: 10 27 28
10: 9 11 14
11: 10 15 16
12: 13 14 16
13: 12 15 28
14: 10 12 18
15: 11 13 18
16: 11 12 17
17: 16 23 29
18: 14 15 22
19: 8 20 21
20: 19 23 25
21: 19 22 24
22: 18 21 25
23: 17 20 24
24: 7 21 23
25: 7 20 22
26: 8 31 34
27: 8 9 37
28: 9 13 38
29: 17 30 33
30: 6 29 34
31: 6 26 33
32: 5 35 36
33: 2 29 31
34: 2 26 30
35: 4 32 38
36: 3 32 37
37: 4 27 36
38: 3 28 35

1: 2 3 4
2: 1 37 38
3: 1 33 34
4: 1 35 36
5: 7 9 10
6: 7 8 11
7: 5 6 17
8: 6 10 16
9: 5 11 16
10: 5 8 14
11: 6 9 15
12: 13 14 15
13: 12 20 29
14: 10 12 32
15: 11 12 31
16: 8 9 30
17: 7 23 24
18: 19 25 26
19: 18 27 28
20: 13 21 22
21: 20 24 38
22: 20 30 37
23: 17 25 33
24: 17 21 37
25: 18 23 34
26: 18 29 33
27: 19 32 36
28: 19 31 35
29: 13 26 34
30: 16 22 38
31: 15 28 36
32: 14 27 35
33: 3 23 26
34: 3 25 29
35: 4 28 32
36: 4 27 31
37: 2 22 24
38: 2 21 30

1: 2 3 4
2: 1 36 38
3: 1 35 37
4: 1 33 34
5: 25 27 28
6: 24 26 28
7: 8 9 32
8: 7 19 22
9: 7 20 21
10: 11 12 15
11: 10 13 17
12: 10 16 30
13: 11 16 23
14: 15 22 29
15: 10 14 19
16: 12 13 20
17: 11 20 30
18: 19 21 23
19: 8 15 18
20: 9 16 17
21: 9 18 22
22: 8 14 21
23: 13 18 26
24: 6 27 31
25: 5 26 31
26: 6 23 25
27: 5 24 29
28: 5 6 37
29: 14 27 35
30: 12 17 33
31: 24 25 34
32: 7 33 36
33: 4 30 32
34: 4 31 38
35: 3 29 38
36: 2 32 37
37: 3 28 36
38: 2 34 35

1: 2 3 4
2: 1 36 38
3: 1 35 37
4: 1 33 34
5: 25 27 28
6: 24 26 28
7: 8 9 32
8: 7 19 22
9: 7 20 21
10: 11 12 15
11: 10 13 17
12: 10 16 30
13: 11 16 23
14: 15 22 23
15: 10 14 19
16: 12 13 20
17: 11 20 30
18: 19 21 29
19: 8 15 18
20: 9 16 17
21: 9 18 22
22: 8 14 21
23: 13 14 26
24: 6 27 31
25: 5 26 31
26: 6 23 25
27: 5 24 29
28: 5 6 37
29: 18 27 35
30: 12 17 33
31: 24 25 34
32: 7 33 36
33: 4 30 32
34: 4 31 38
35: 3 29 38
36: 2 32 37
37: 3 28 36
38: 2 34 35

1: 2 3 4
2: 1 35 36
3: 1 33 38
4: 1 34 37
5: 14 23 25
6: 13 15 25
7: 9 21 22
8: 10 15 21
9: 7 10 20
10: 8 9 11
11: 10 18 19
12: 13 14 19
13: 6 12 23
14: 5 12 22
15: 6 8 20
16: 17 26 29
17: 16 24 30
18: 11 24 29
19: 11 12 30
20: 9 15 32
21: 7 8 32
22: 7 14 31
23: 5 13 31
24: 17 18 28
25: 5 6 27
26: 16 27 28
27: 25 26 36
28: 24 26 34
29: 16 18 35
30: 17 19 34
31: 22 23 33
32: 20 21 33
33: 3 31 32
34: 4 28 30
35: 2 29 38
36: 2 27 37
37: 4 36 38
38: 3 35 37

1: 2 3 4
2: 1 35 36
3: 1 34 38
4: 1 33 37
5: 6 7 32
6: 5 27 30
7: 5 26 31
8: 9 10 29
9: 8 17 20
10: 8 18 19
11: 12 13 16
12: 11 15 21
13: 11 14 28
14: 13 18 21
15: 12 18 28
16: 11 17 22
17: 9 16 23
18: 10 14 15
19: 10 20 23
20: 9 19 22
21: 12 14 25
22: 16 20 25
23: 17 19 24
24: 23 27 29
25: 21 22 26
26: 7 25 30
27: 6 24 31
28: 13 15 33
29: 8 24 35
30: 6 26 36
31: 7 27 34
32: 5 33 34
33: 4 28 32
34: 3 31 32
35: 2 29 38
36: 2 30 37
37: 4 36 38
38: 3 35 37

1: 2 3 4
2: 1 33 38
3: 1 35 36
4: 1 34 37
5: 15 16 19
6: 14 17 19
7: 10 12 23
8: 9 12 20
9: 8 17 22
10: 7 11 15
11: 10 16 20
12: 7 8 16
13: 14 15 21
14: 6 13 22
15: 5 10 13
16: 5 11 12
17: 6 9 21
18: 24 25 31
19: 5 6 25
20: 8 11 28
21: 13 17 27
22: 9 14 27
23: 7 28 30
24: 18 26 29
25: 18 19 38
26: 24 32 36
27: 21 22 34
28: 20 23 33
29: 24 30 35
30: 23 29 36
31: 18 33 37
32: 26 34 35
33: 2 28 31
34: 4 27 32
35: 3 29 32
36: 3 26 30
37: 4 31 38
38: 2 25 37

1: 2 3 4
2: 1 35 36
3: 1 34 38
4: 1 33 37
5: 6 7 32
6: 5 27 31
7: 5 26 30
8: 9 10 29
9: 8 17 20
10: 8 18 19
11: 12 13 16
12: 11 15 21
13: 11 14 28
14: 13 18 21
15: 12 18 28
16: 11 17 22
17: 9 16 23
18: 10 14 15
19: 10 20 23
20: 9 19 22
21: 12 14 25
22: 16 20 25
23: 17 19 24
24: 23 27 29
25: 21 22 26
26: 7 25 31
27: 6 24 30
28: 13 15 33
29: 8 24 35
30: 7 27 36
31: 6 26 34
32: 5 33 34
33: 4 28 32
34: 3 31 32
35: 2 29 38
36: 2 30 37
37: 4 36 38
38: 3 35 37

1: 2 3 4
2: 1 33 34
3: 1 36 38
4: 1 35 37
5: 6 7 32
6: 5 22 23
7: 5 24 25
8: 9 10 11
9: 8 12 15
10: 8 14 27
11: 8 13 26
12: 9 21 31
13: 11 16 27
14: 10 17 26
15: 9 17 19
16: 13 24 29
17: 14 15 25
18: 19 25 29
19: 15 18 24
20: 21 22 28
21: 12 20 23
22: 6 20 31
23: 6 21 30
24: 7 16 19
25: 7 17 18
26: 11 14 34
27: 10 13 34
28: 20 30 33
29: 16 18 33
30: 23 28 38
31: 12 22 37
32: 5 35 36
33: 2 28 29
34: 2 26 27
35: 4 32 38
36: 3 32 37
37: 4 31 36
38: 3 30 35

1: 2 3 4
2: 1 35 36
3: 1 34 38
4: 1 33 37
5: 6 7 32
6: 5 27 30
7: 5 26 31
8: 9 10 29
9: 8 18 20
10: 8 17 19
11: 12 13 21
12: 11 14 22
13: 11 16 28
14: 12 15 28
15: 14 20 21
16: 13 19 22
17: 10 20 23
18: 9 19 23
19: 10 16 18
20: 9 15 17
21: 11 15 25
22: 12 16 24
23: 17 18 25
24: 22 27 29
25: 21 23 26
26: 7 25 30
27: 6 24 31
28: 13 14 33
29: 8 24 35
30: 6 26 36
31: 7 27 34
32: 5 33 34
33: 4 28 32
34: 3 31 32
35: 2 29 38
36: 2 30 37
37: 4 36 38
38: 3 35 37

1: 2 3 4
2: 1 35 36
3: 1 34 38
4: 1 33 37
5: 6 7 32
6: 5 27 31
7: 5 26 30
8: 9 10 29
9: 8 18 20
10: 8 17 19
11: 12 13 21
12: 11 14 22
13: 11 16 28
14: 12 15 28
15: 14 20 21
16: 13 19 22
17: 10 20 23
18: 9 19 23
19: 10 16 18
20: 9 15 17
21: 11 15 25
22: 12 16 24
23: 17 18 25
24: 22 27 29
25: 21 23 26
26: 7 25 31
27: 6 24 30
28: 13 14 33
29: 8 24 35
30: 7 27 36
31: 6 26 34
32: 5 33 34
33: 4 28 32
34: 3 31 32
35: 2 29 38
36: 2 30 37
37: 4 36 38
38: 3 35 37

1: 2 3 4
2: 1 35 36
3: 1 34 38
4: 1 33 37
5: 6 7 32
6: 5 27 30
7: 5 26 31
8: 9 10 29
9: 8 18 20
10: 8 17 19
11: 12 13 21
12: 11 14 28
13: 11 16 22
14: 12 15 22
15: 14 20 21
16: 13 19 28
17: 10 20 23
18: 9 19 23
19: 10 16 18
20: 9 15 17
21: 11 15 25
22: 13 14 24
23: 17 18 25
24: 22 27 29
25: 21 23 26
26: 7 25 30
27: 6 24 31
28: 12 16 33
29: 8 24 35
30: 6 26 36
31: 7 27 34
32: 5 33 34
33: 4 28 32
34: 3 31 32
35: 2 29 38
36: 2 30 37
37: 4 36 38
38: 3 35 37

1: 2 3 4
2: 1 33 34
3: 1 36 38
4: 1 35 37
5: 6 7 32
6: 5 25 29
7: 5 30 31
8: 9 10 25
9: 8 21 24
10: 8 22 23
11: 15 16 28
12: 13 14 26
13: 12 16 18
14: 12 15 17
15: 11 14 18
16: 11 13 17
17: 14 16 22
18: 13 15 21
19: 21 23 28
20: 22 24 27
21: 9 18 19
22: 10 17 20
23: 10 19 24
24: 9 20 23
25: 6 8 26
26: 12 25 37
27: 20 30 38
28: 11 19 33
29: 6 31 34
30: 7 27 34
31: 7 29 33
32: 5 35 36
33: 2 28 31
34: 2 29 30
35: 4 32 38
36: 3 32 37
37: 4 26 36
38: 3 27 35

1: 2 3 4
2: 1 36 38
3: 1 35 37
4: 1 33 34
5: 26 27 32
6: 24 25 27
7: 21 23 31
8: 20 22 31
9: 10 19 25
10: 9 11 17
11: 10 13 16
12: 16 18 28
13: 11 14 18
14: 13 15 29
15: 14 16 17
16: 11 12 15
17: 10 15 23
18: 12 13 22
19: 9 20 21
20: 8 19 23
21: 7 19 22
22: 8 18 21
23: 7 17 20
24: 6 30 32
25: 6 9 26
26: 5 25 30
27: 5 6 37
28: 12 29 35
29: 14 28 36
30: 24 26 34
31: 7 8 33
32: 5 24 33
33: 4 31 32
34: 4 30 38
35: 3 28 38
36: 2 29 37
37: 3 27 36
38: 2 34 35

1: 2 3 4
2: 1 35 36
3: 1 33 38
4: 1 34 37
5: 15 23 25
6: 14 22 25
7: 8 9 21
8: 7 12 19
9: 7 11 20
10: 11 18 19
11: 9 10 13
12: 8 13 20
13: 11 12 15
14: 6 21 23
15: 5 13 22
16: 17 26 29
17: 16 24 30
18: 10 24 29
19: 8 10 30
20: 9 12 31
21: 7 14 31
22: 6 15 32
23: 5 14 32
24: 17 18 28
25: 5 6 27
26: 16 27 28
27: 25 26 36
28: 24 26 34
29: 16 18 35
30: 17 19 34
31: 20 21 33
32: 22 23 33
33: 3 31 32
34: 4 28 30
35: 2 29 38
36: 2 27 37
37: 4 36 38
38: 3 35 37

1: 2 3 4
2: 1 33 38
3: 1 35 37
4: 1 34 36
5: 19 21 32
6: 12 13 29
7: 11 25 29
8: 18 23 30
9: 19 27 30
10: 11 12 31
11: 7 10 26
12: 6 10 25
13: 6 15 24
14: 16 20 24
15: 13 17 18
16: 14 17 22
17: 15 16 23
18: 8 15 22
19: 5 9 28
20: 14 21 28
21: 5 20 27
22: 16 18 26
23: 8 17 26
24: 13 14 25
25: 7 12 24
26: 11 22 23
27: 9 21 35
28: 19 20 35
29: 6 7 34
30: 8 9 37
31: 10 33 34
32: 5 33 36
33: 2 31 32
34: 4 29 31
35: 3 27 28
36: 4 32 38
37: 3 30 38
38: 2 36 37

1: 2 3 4
2: 1 33 34
3: 1 36 38
4: 1 35 37
5: 6 7 32
6: 5 22 23
7: 5 24 25
8: 9 10 26
9: 8 11 27
10: 8 12 28
11: 9 13 29
12: 10 13 15
13: 11 12 14
14: 13 19 21
15: 12 18 20
16: 21 23 31
17: 20 22 30
18: 15 19 24
19: 14 18 25
20: 15 17 25
21: 14 16 24
22: 6 17 31
23: 6 16 30
24: 7 18 21
25: 7 19 20
26: 8 29 34
27: 9 28 34
28: 10 27 38
29: 11 26 37
30: 17 23 33
31: 16 22 33
32: 5 35 36
33: 2 30 31
34: 2 26 27
35: 4 32 38
36: 3 32 37
37: 4 29 36
38: 3 28 35

1: 2 3 4
2: 1 34 38
3: 1 35 36
4: 1 33 37
5: 13 15 16
6: 12 14 16
7: 8 14 17
8: 7 9 18
9: 8 10 20
10: 9 11 17
11: 10 13 18
12: 6 15 21
13: 5 11 21
14: 6 7 19
15: 5 12 19
16: 5 6 20
17: 7 10 32
18: 8 11 32
19: 14 15 30
20: 9 16 31
21: 12 13 29
22: 24 26 27
23: 24 25 28
24: 22 23 31
25: 23 27 30
26: 22 28 29
27: 22 25 34
28: 23 26 36
29: 21 26 33
30: 19 25 35
31: 20 24 34
32: 17 18 33
33: 4 29 32
34: 2 27 31
35: 3 30 38
36: 3 28 37
37: 4 36 38
38: 2 35 37

1: 2 3 4
2: 1 35 36
3: 1 34 38
4: 1 33 37
5: 6 7 32
6: 5 27 30
7: 5 26 31
8: 9 10 29
9: 8 17 20
10: 8 18 19
11: 14 16 22
12: 13 16 21
13: 12 15 22
14: 11 15 21
15: 13 14 18
16: 11 12 17
17: 9 16 23
18: 10 15 28
19: 10 20 23
20: 9 19 28
21: 12 14 25
22: 11 13 24
23: 17 19 25
24: 22 27 29
25: 21 23 26
26: 7 25 30
27: 6 24 31
28: 18 20 33
29: 8 24 35
30: 6 26 36
31: 7 27 34
32: 5 33 34
33: 4 28 32
34: 3 31 32
35: 2 29 38
36: 2 30 37
37: 4 36 38
38: 3 35 37

1: 2 3 4
2: 1 35 36
3: 1 33 38
4: 1 34 37
5: 8 22 30
6: 13 28 29
7: 9 28 31
8: 5 9 10
9: 7 8 21
10: 8 25 26
11: 19 20 21
12: 17 18 21
13: 6 14 27
14: 13 15 16
15: 14 23 24
16: 14 18 19
17: 12 19 26
18: 12 16 20
19: 11 16 17
20: 11 18 24
21: 9 11 12
22: 5 32 37
23: 15 25 35
24: 15 20 36
25: 10 23 36
26: 10 17 35
27: 13 31 38
28: 6 7 38
29: 6 30 37
30: 5 29 34
31: 7 27 33
32: 22 33 34
33: 3 31 32
34: 4 30 32
35: 2 23 26
36: 2 24 25
37: 4 22 29
38: 3 27 28

1: 2 3 4
2: 1 36 38
3: 1 35 37
4: 1 33 34
5: 6 7 32
6: 5 25 31
7: 5 29 30
8: 9 10 25
9: 8 22 24
10: 8 21 23
11: 12 18 28
12: 11 14 17
13: 17 19 26
14: 12 15 19
15: 14 16 27
16: 15 17 18
17: 12 13 16
18: 11 16 24
19: 13 14 23
20: 21 22 27
21: 10 20 24
22: 9 20 23
23: 10 19 22
24: 9 18 21
25: 6 8 26
26: 13 25 38
27: 15 20 34
28: 11 29 37
29: 7 28 33
30: 7 31 34
31: 6 30 33
32: 5 35 36
33: 4 29 31
34: 4 27 30
35: 3 32 38
36: 2 32 37
37: 3 28 36
38: 2 26 35

1: 2 3 4
2: 1 35 36
3: 1 33 38
4: 1 34 37
5: 8 22 30
6: 21 28 29
7: 12 28 31
8: 5 9 10
9: 8 19 26
10: 8 20 21
11: 12 23 25
12: 7 11 13
13: 12 14 15
14: 13 16 18
15: 13 17 24
16: 14 17 19
17: 15 16 20
18: 14 20 24
19: 9 16 25
20: 10 17 18
21: 6 10 27
22: 5 32 37
23: 11 26 36
24: 15 18 36
25: 11 19 35
26: 9 23 35
27: 21 31 38
28: 6 7 38
29: 6 30 37
30: 5 29 34
31: 7 27 33
32: 22 33 34
33: 3 31 32
34: 4 30 32
35: 2 25 26
36: 2 23 24
37: 4 22 29
38: 3 27 28

1: 2 3 4
2: 1 35 36
3: 1 34 38
4: 1 33 37
5: 6 7 32
6: 5 27 31
7: 5 26 30
8: 9 10 29
9: 8 18 20
10: 8 17 19
11: 15 16 21
12: 13 16 28
13: 12 14 21
14: 13 15 22
15: 11 14 28
16: 11 12 19
17: 10 20 23
18: 9 19 23
19: 10 16 18
20: 9 17 22
21: 11 13 25
22: 14 20 24
23: 17 18 25
24: 22 27 29
25: 21 23 26
26: 7 25 31
27: 6 24 30
28: 12 15 33
29: 8 24 35
30: 7 27 36
31: 6 26 34
32: 5 33 34
33: 4 28 32
34: 3 31 32
35: 2 29 38
36: 2 30 37
37: 4 36 38
38: 3 35 37

1: 2 3 4
2: 1 34 37
3: 1 33 38
4: 1 35 36
5: 15 17 25
6: 14 16 25
7: 10 11 19
8: 9 11 21
9: 8 13 19
10: 7 13 21
11: 7 8 12
12: 11 17 23
13: 9 10 16
14: 6 17 20
15: 5 16 20
16: 6 13 15
17: 5 12 14
18: 24 26 30
19: 7 9 32
20: 14 15 28
21: 8 10 31
22: 23 24 27
23: 12 22 30
24: 18 22 29
25: 5 6 29
26: 18 27 28
27: 22 26 35
28: 20 26 33
29: 24 25 34
30: 18 23 34
31: 21 32 36
32: 19 31 33
33: 3 28 32
34: 2 29 30
35: 4 27 38
36: 4 31 37
37: 2 36 38
38: 3 35 37

1: 2 3 4
2: 1 34 37
3: 1 35 36
4: 1 33 38
5: 12 13 16
6: 10 11 13
7: 8 9 15
8: 7 11 21
9: 7 10 19
10: 6 9 21
11: 6 8 19
12: 5 14 18
13: 5 6 17
14: 12 17 20
15: 7 18 20
16: 5 22 23
17: 13 14 27
18: 12 15 27
19: 9 11 32
20: 14 15 28
21: 8 10 31
22: 16 26 30
23: 16 25 29
24: 25 26 28
25: 23 24 30
26: 22 24 29
27: 17 18 33
28: 20 24 34
29: 23 26 36
30: 22 25 33
31: 21 32 34
32: 19 31 35
33: 4 27 30
34: 2 28 31
35: 3 32 38
36: 3 29 37
37: 2 36 38
38: 4 35 37

1: 2 3 4
2: 1 33 38
3: 1 35 37
4: 1 34 36
5: 6 8 12
6: 5 9 10
7: 8 10 31
8: 5 7 16
9: 6 11 16
10: 6 7 14
11: 9 13 15
12: 5 14 15
13: 11 18 23
14: 10 12 26
15: 11 12 25
16: 8 9 24
17: 21 22 32
18: 13 19 20
19: 18 26 30
20: 18 24 27
21: 17 23 29
22: 17 25 28
23: 13 21 28
24: 16 20 30
25: 15 22 29
26: 14 19 27
27: 20 26 34
28: 22 23 35
29: 21 25 35
30: 19 24 34
31: 7 33 37
32: 17 33 36
33: 2 31 32
34: 4 27 30
35: 3 28 29
36: 4 32 38
37: 3 31 38
38: 2 36 37

1: 2 3 4
2: 1 33 34
3: 1 36 38
4: 1 35 37
5: 6 7 14
6: 5 13 29
7: 5 12 30
8: 9 21 22
9: 8 10 11
10: 9 12 29
11: 9 13 30
12: 7 10 13
13: 6 11 12
14: 5 17 18
15: 18 19 31
16: 17 20 31
17: 14 16 19
18: 14 15 20
19: 15 17 23
20: 16 18 24
21: 8 24 25
22: 8 23 26
23: 19 22 28
24: 20 21 27
25: 21 26 28
26: 22 25 27
27: 24 26 34
28: 23 25 34
29: 6 10 37
30: 7 11 38
31: 15 16 33
32: 33 35 36
33: 2 31 32
34: 2 27 28
35: 4 32 38
36: 3 32 37
37: 4 29 36
38: 3 30 35

1: 2 3 4
2: 1 34 37
3: 1 33 38
4: 1 35 36
5: 6 7 24
6: 5 22 23
7: 5 16 17
8: 9 10 11
9: 8 13 20
10: 8 12 21
11: 8 18 19
12: 10 13 14
13: 9 12 15
14: 12 17 20
15: 13 17 21
16: 7 31 32
17: 7 14 15
18: 11 23 25
19: 11 22 26
20: 9 14 29
21: 10 15 30
22: 6 19 25
23: 6 18 26
24: 5 27 28
25: 18 22 33
26: 19 23 34
27: 24 30 36
28: 24 29 35
29: 20 28 36
30: 21 27 35
31: 16 34 38
32: 16 33 37
33: 3 25 32
34: 2 26 31
35: 4 28 30
36: 4 27 29
37: 2 32 38
38: 3 31 37

1: 2 3 4
2: 1 35 36
3: 1 33 38
4: 1 34 37
5: 9 14 22
6: 12 13 14
7: 11 15 32
8: 9 10 31
9: 5 8 21
10: 8 13 17
11: 7 12 16
12: 6 11 17
13: 6 10 16
14: 5 6 20
15: 7 18 19
16: 11 13 30
17: 10 12 30
18: 15 24 29
19: 15 23 28
20: 14 21 26
21: 9 20 27
22: 5 26 27
23: 19 25 29
24: 18 25 28
25: 23 24 36
26: 20 22 36
27: 21 22 35
28: 19 24 34
29: 18 23 33
30: 16 17 35
31: 8 34 38
32: 7 33 37
33: 3 29 32
34: 4 28 31
35: 2 27 30
36: 2 25 26
37: 4 32 38
38: 3 31 37

1: 2 3 4
2: 1 33 38
3: 1 35 36
4: 1 34 37
5: 6 24 32
6: 5 25 26
7: 8 9 24
8: 7 21 22
9: 7 20 23
10: 17 19 31
11: 16 18 30
12: 16 21 27
13: 17 20 27
14: 15 19 23
15: 14 18 22
16: 11 12 22
17: 10 13 23
18: 11 15 21
19: 10 14 20
20: 9 13 19
21: 8 12 18
22: 8 15 16
23: 9 14 17
24: 5 7 38
25: 6 29 36
26: 6 28 35
27: 12 13 34
28: 26 31 36
29: 25 30 35
30: 11 29 33
31: 10 28 34
32: 5 33 37
33: 2 30 32
34: 4 27 31
35: 3 26 29
36: 3 25 28
37: 4 32 38
38: 2 24 37

1: 2 3 4
2: 1 33 38
3: 1 35 36
4: 1 34 37
5: 15 16 19
6: 14 17 19
7: 8 9 23
8: 7 17 22
9: 7 13 16
10: 11 12 15
11: 10 14 21
12: 10 16 20
13: 9 15 20
14: 6 11 22
15: 5 10 13
16: 5 9 12
17: 6 8 21
18: 24 25 31
19: 5 6 25
20: 12 13 28
21: 11 17 27
22: 8 14 27
23: 7 28 30
24: 18 26 29
25: 18 19 38
26: 24 32 36
27: 21 22 34
28: 20 23 33
29: 24 30 35
30: 23 29 36
31: 18 33 37
32: 26 34 35
33: 2 28 31
34: 4 27 32
35: 3 29 32
36: 3 26 30
37: 4 31 38
38: 2 25 37

1: 2 3 4
2: 1 35 36
3: 1 33 38
4: 1 34 37
5: 8 9 25
6: 17 20 24
7: 15 16 20
8: 5 15 17
9: 5 10 11
10: 9 13 16
11: 9 12 14
12: 11 16 22
13: 10 14 22
14: 11 13 23
15: 7 8 24
16: 7 10 12
17: 6 8 23
18: 21 26 29
19: 21 25 28
20: 6 7 27
21: 18 19 31
22: 12 13 32
23: 14 17 30
24: 6 15 30
25: 5 19 29
26: 18 27 28
27: 20 26 35
28: 19 26 33
29: 18 25 33
30: 23 24 34
31: 21 32 36
32: 22 31 34
33: 3 28 29
34: 4 30 32
35: 2 27 38
36: 2 31 37
37: 4 36 38
38: 3 35 37

1: 2 3 4
2: 1 36 38
3: 1 35 37
4: 1 33 34
5: 6 7 32
6: 5 22 24
7: 5 23 25
8: 9 10 28
9: 8 12 13
10: 8 15 16
11: 12 26 29
12: 9 11 27
13: 9 14 26
14: 13 17 27
15: 10 17 18
16: 10 19 21
17: 14 15 22
18: 15 24 31
19: 16 25 30
20: 21 25 28
21: 16 20 23
22: 6 17 31
23: 7 21 30
24: 6 18 29
25: 7 19 20
26: 11 13 33
27: 12 14 33
28: 8 20 37
29: 11 24 34
30: 19 23 38
31: 18 22 34
32: 5 35 36
33: 4 26 27
34: 4 29 31
35: 3 32 38
36: 2 32 37
37: 3 28 36
38: 2 30 35

1: 2 3 4
2: 1 33 38
3: 1 34 37
4: 1 35 36
5: 6 24 32
6: 5 25 26
7: 8 24 27
8: 7 9 10
9: 8 20 23
10: 8 21 22
11: 12 13 28
12: 11 15 17
13: 11 14 16
14: 13 17 31
15: 12 16 31
16: 13 15 21
17: 12 14 20
18: 21 23 28
19: 20 22 29
20: 9 17 19
21: 10 16 18
22: 10 19 23
23: 9 18 22
24: 5 7 38
25: 6 30 36
26: 6 27 35
27: 7 26 36
28: 11 18 33
29: 19 30 34
30: 25 29 35
31: 14 15 34
32: 5 33 37
33: 2 28 32
34: 3 29 31
35: 4 26 30
36: 4 25 27
37: 3 32 38
38: 2 24 37

1: 2 3 4
2: 1 34 37
3: 1 33 38
4: 1 35 36
5: 6 7 32
6: 5 25 27
7: 5 24 26
8: 11 12 31
9: 18 21 30
10: 19 20 30
11: 8 14 16
12: 8 15 17
13: 14 18 23
14: 11 13 15
15: 12 14 22
16: 11 17 22
17: 12 16 29
18: 9 13 19
19: 10 18 28
20: 10 21 29
21: 9 20 28
22: 15 16 25
23: 13 26 27
24: 7 27 31
25: 6 22 26
26: 7 23 25
27: 6 23 24
28: 19 21 34
29: 17 20 36
30: 9 10 35
31: 8 24 33
32: 5 33 34
33: 3 31 32
34: 2 28 32
35: 4 30 38
36: 4 29 37
37: 2 36 38
38: 3 35 37

1: 2 3 4
2: 1 36 38
3: 1 35 37
4: 1 33 34
5: 8 9 26
6: 24 30 31
7: 25 29 31
8: 5 27 28
9: 5 22 23
10: 12 14 27
11: 13 15 28
12: 10 15 17
13: 11 14 17
14: 10 13 16
15: 11 12 16
16: 14 15 21
17: 12 13 20
18: 19 23 24
19: 18 22 25
20: 17 21 23
21: 16 20 22
22: 9 19 21
23: 9 18 20
24: 6 18 29
25: 7 19 30
26: 5 32 33
27: 8 10 38
28: 8 11 37
29: 7 24 34
30: 6 25 34
31: 6 7 33
32: 26 35 36
33: 4 26 31
34: 4 29 30
35: 3 32 38
36: 2 32 37
37: 3 28 36
38: 2 27 35

1: 2 3 4
2: 1 33 34
3: 1 36 38
4: 1 35 37
5: 15 16 21
6: 17 18 20
7: 10 19 22
8: 9 21 22
9: 8 10 14
10: 7 9 20
11: 13 18 32
12: 13 17 31
13: 11 12 30
14: 9 19 25
15: 5 24 28
16: 5 23 29
17: 6 12 32
18: 6 11 31
19: 7 14 26
20: 6 10 30
21: 5 8 26
22: 7 8 25
23: 16 27 28
24: 15 27 29
25: 14 22 33
26: 19 21 34
27: 23 24 34
28: 15 23 37
29: 16 24 38
30: 13 20 33
31: 12 18 36
32: 11 17 35
33: 2 25 30
34: 2 26 27
35: 4 32 36
36: 3 31 35
37: 4 28 38
38: 3 29 37

1: 2 3 4
2: 1 36 38
3: 1 35 37
4: 1 33 34
5: 6 7 32
6: 5 25 31
7: 5 29 30
8: 9 10 25
9: 8 22 23
10: 8 21 24
11: 15 16 28
12: 13 14 26
13: 12 16 17
14: 12 15 18
15: 11 14 17
16: 11 13 18
17: 13 15 21
18: 14 16 22
19: 22 24 27
20: 21 23 27
21: 10 17 20
22: 9 18 19
23: 9 20 24
24: 10 19 23
25: 6 8 26
26: 12 25 38
27: 19 20 34
28: 11 29 37
29: 7 28 33
30: 7 31 34
31: 6 30 33
32: 5 35 36
33: 4 29 31
34: 4 27 30
35: 3 32 38
36: 2 32 37
37: 3 28 36
38: 2 26 35

1: 2 3 4
2: 1 35 36
3: 1 34 38
4: 1 33 37
5: 6 7 32
6: 5 25 27
7: 5 24 26
8: 13 15 28
9: 14 16 28
10: 11 12 29
11: 10 19 22
12: 10 20 21
13: 8 14 31
14: 9 13 30
15: 8 17 30
16: 9 18 31
17: 15 20 22
18: 16 19 21
19: 11 18 20
20: 12 17 19
21: 12 18 27
22: 11 17 26
23: 24 25 29
24: 7 23 27
25: 6 23 26
26: 7 22 25
27: 6 21 24
28: 8 9 36
29: 10 23 33
30: 14 15 34
31: 13 16 34
32: 5 33 35
33: 4 29 32
34: 3 30 31
35: 2 32 38
36: 2 28 37
37: 4 36 38
38: 3 35 37

1: 2 3 4
2: 1 33 38
3: 1 35 37
4: 1 34 36
5: 23 24 31
6: 22 25 31
7: 10 12 32
8: 9 13 27
9: 8 10 29
10: 7 9 30
11: 12 27 30
12: 7 11 29
13: 8 16 17
14: 17 18 28
15: 16 19 28
16: 13 15 18
17: 13 14 19
18: 14 16 22
19: 15 17 23
20: 23 25 26
21: 22 24 26
22: 6 18 21
23: 5 19 20
24: 5 21 25
25: 6 20 24
26: 20 21 33
27: 8 11 35
28: 14 15 35
29: 9 12 34
30: 10 11 34
31: 5 6 36
32: 7 33 37
33: 2 26 32
34: 4 29 30
35: 3 27 28
36: 4 31 38
37: 3 32 38
38: 2 36 37

1: 2 3 4
2: 1 35 36
3: 1 34 38
4: 1 33 37
5: 6 16 26
6: 5 7 8
7: 6 14 15
8: 6 12 13
9: 11 15 24
10: 11 23 25
11: 9 10 22
12: 8 15 17
13: 8 14 21
14: 7 13 17
15: 7 9 12
16: 5 18 29
17: 12 14 27
18: 16 20 32
19: 20 22 29
20: 18 19 28
21: 13 23 30
22: 11 19 32
23: 10 21 31
24: 9 25 31
25: 10 24 30
26: 5 27 28
27: 17 26 36
28: 20 26 33
29: 16 19 35
30: 21 25 34
31: 23 24 34
32: 18 22 33
33: 4 28 32
34: 3 30 31
35: 2 29 38
36: 2 27 37
37: 4 36 38
38: 3 35 37

1: 2 3 4
2: 1 34 38
3: 1 36 37
4: 1 33 35
5: 10 15 18
6: 10 16 17
7: 9 13 14
8: 9 10 20
9: 7 8 19
10: 5 6 8
11: 13 17 21
12: 14 18 22
13: 7 11 22
14: 7 12 21
15: 5 16 24
16: 6 15 23
17: 6 11 24
18: 5 12 23
19: 9 27 28
20: 8 25 26
21: 11 14 30
22: 12 13 30
23: 16 18 29
24: 15 17 29
25: 20 28 32
26: 20 27 31
27: 19 26 32
28: 19 25 31
29: 23 24 34
30: 21 22 33
31: 26 28 36
32: 25 27 35
33: 4 30 37
34: 2 29 36
35: 4 32 38
36: 3 31 34
37: 3 33 38
38: 2 35 37

1: 2 3 4
2: 1 34 37
3: 1 35 36
4: 1 33 38
5: 6 7 16
6: 5 15 21
7: 5 14 20
8: 9 10 19
9: 8 11 18
10: 8 12 17
11: 9 13 17
12: 10 14 18
13: 11 15 19
14: 7 12 21
15: 6 13 20
16: 5 22 23
17: 10 11 32
18: 9 12 27
19: 8 13 27
20: 7 15 28
21: 6 14 28
22: 16 26 30
23: 16 25 29
24: 25 26 31
25: 23 24 30
26: 22 24 29
27: 18 19 36
28: 20 21 33
29: 23 26 34
30: 22 25 35
31: 24 32 34
32: 17 31 33
33: 4 28 32
34: 2 29 31
35: 3 30 38
36: 3 27 37
37: 2 36 38
38: 4 35 37

1: 2 3 4
2: 1 33 38
3: 1 34 37
4: 1 35 36
5: 6 7 32
6: 5 23 24
7: 5 21 22
8: 9 10 25
9: 8 16 31
10: 8 14 30
11: 12 13 14
12: 11 26 29
13: 11 27 28
14: 10 11 31
15: 17 18 23
16: 9 23 30
17: 15 19 22
18: 15 20 21
19: 17 21 28
20: 18 22 29
21: 7 18 19
22: 7 17 20
23: 6 15 16
24: 6 25 38
25: 8 24 33
26: 12 27 36
27: 13 26 35
28: 13 19 36
29: 12 20 35
30: 10 16 34
31: 9 14 34
32: 5 33 37
33: 2 25 32
34: 3 30 31
35: 4 27 29
36: 4 26 28
37: 3 32 38
38: 2 24 37

1: 2 3 4
2: 1 36 38
3: 1 35 37
4: 1 33 34
5: 25 27 28
6: 24 26 28
7: 8 22 32
8: 7 11 12
9: 18 21 23
10: 19 20 23
11: 8 15 16
12: 8 14 17
13: 14 15 22
14: 12 13 16
15: 11 13 17
16: 11 14 20
17: 12 15 21
18: 9 19 30
19: 10 18 29
20: 10 16 30
21: 9 17 29
22: 7 13 27
23: 9 10 26
24: 6 27 31
25: 5 26 31
26: 6 23 25
27: 5 22 24
28: 5 6 37
29: 19 21 33
30: 18 20 33
31: 24 25 34
32: 7 35 36
33: 4 29 30
34: 4 31 38
35: 3 32 38
36: 2 32 37
37: 3 28 36
38: 2 34 35

1: 2 3 4
2: 1 33 34
3: 1 35 38
4: 1 36 37
5: 9 12 13
6: 10 11 17
7: 8 11 12
8: 7 10 13
9: 5 14 18
10: 6 8 15
11: 6 7 16
12: 5 7 15
13: 5 8 16
14: 9 19 22
15: 10 12 28
16: 11 13 29
17: 6 25 26
18: 9 23 27
19: 14 21 23
20: 21 22 24
21: 19 20 38
22: 14 20 35
23: 18 19 35
24: 20 25 33
25: 17 24 34
26: 17 27 33
27: 18 26 34
28: 15 32 37
29: 16 31 36
30: 31 32 38
31: 29 30 37
32: 28 30 36
33: 2 24 26
34: 2 25 27
35: 3 22 23
36: 4 29 32
37: 4 28 31
38: 3 21 30

1: 2 3 4
2: 1 34 35
3: 1 33 36
4: 1 37 38
5: 6 9 11
6: 5 12 13
7: 8 10 12
8: 7 11 13
9: 5 19 20
10: 7 14 17
11: 5 8 18
12: 6 7 18
13: 6 8 17
14: 10 15 16
15: 14 21 26
16: 14 22 25
17: 10 13 28
18: 11 12 27
19: 9 24 29
20: 9 23 30
21: 15 23 25
22: 16 24 26
23: 20 21 38
24: 19 22 37
25: 16 21 36
26: 15 22 36
27: 18 32 35
28: 17 31 34
29: 19 30 38
30: 20 29 37
31: 28 33 35
32: 27 33 34
33: 3 31 32
34: 2 28 32
35: 2 27 31
36: 3 25 26
37: 4 24 30
38: 4 23 29

1: 2 3 4
2: 1 33 37
3: 1 36 38
4: 1 34 35
5: 10 13 14
6: 9 11 12
7: 8 12 13
8: 7 11 14
9: 6 17 22
10: 5 18 21
11: 6 8 15
12: 6 7 16
13: 5 7 15
14: 5 8 16
15: 11 13 23
16: 12 14 24
17: 9 20 30
18: 10 19 29
19: 18 20 25
20: 17 19 26
21: 10 25 28
22: 9 26 27
23: 15 32 35
24: 16 31 34
25: 19 21 38
26: 20 22 37
27: 22 30 36
28: 21 29 36
29: 18 28 38
30: 17 27 37
31: 24 33 35
32: 23 33 34
33: 2 31 32
34: 4 24 32
35: 4 23 31
36: 3 27 28
37: 2 26 30
38: 3 25 29

1: 2 3 4
2: 1 36 38
3: 1 35 37
4: 1 33 34
5: 6 7 32
6: 5 25 31
7: 5 29 30
8: 9 10 25
9: 8 21 24
10: 8 22 23
11: 20 27 28
12: 15 16 28
13: 16 18 26
14: 15 17 26
15: 12 14 18
16: 12 13 17
17: 14 16 22
18: 13 15 21
19: 21 23 27
20: 11 22 24
21: 9 18 19
22: 10 17 20
23: 10 19 24
24: 9 20 23
25: 6 8 29
26: 13 14 34
27: 11 19 38
28: 11 12 37
29: 7 25 33
30: 7 31 34
31: 6 30 33
32: 5 35 36
33: 4 29 31
34: 4 26 30
35: 3 32 38
36: 2 32 37
37: 3 28 36
38: 2 27 35

1: 2 3 4
2: 1 35 36
3: 1 34 37
4: 1 33 38
5: 11 12 24
6: 23 31 32
7: 8 15 16
8: 7 17 18
9: 10 16 18
10: 9 14 17
11: 5 15 22
12: 5 13 21
13: 12 14 22
14: 10 13 19
15: 7 11 21
16: 7 9 20
17: 8 10 20
18: 8 9 19
19: 14 18 30
20: 16 17 25
21: 12 15 26
22: 11 13 26
23: 6 27 29
24: 5 25 28
25: 20 24 33
26: 21 22 34
27: 23 30 36
28: 24 29 36
29: 23 28 35
30: 19 27 35
31: 6 34 38
32: 6 33 37
33: 4 25 32
34: 3 26 31
35: 2 29 30
36: 2 27 28
37: 3 32 38
38: 4 31 37

1: 2 3 4
2: 1 34 38
3: 1 33 37
4: 1 35 36
5: 6 16 26
6: 5 7 8
7: 6 13 14
8: 6 12 15
9: 11 22 25
10: 11 23 24
11: 9 10 21
12: 8 14 20
13: 7 15 20
14: 7 12 24
15: 8 13 25
16: 5 17 29
17: 16 19 32
18: 19 21 29
19: 17 18 28
20: 12 13 27
21: 11 18 32
22: 9 23 31
23: 10 22 30
24: 10 14 31
25: 9 15 30
26: 5 27 28
27: 20 26 36
28: 19 26 35
29: 16 18 33
30: 23 25 34
31: 22 24 34
32: 17 21 33
33: 3 29 32
34: 2 30 31
35: 4 28 38
36: 4 27 37
37: 3 36 38
38: 2 35 37

1: 2 3 4
2: 1 33 38
3: 1 35 37
4: 1 34 36
5: 6 8 32
6: 5 9 11
7: 8 10 11
8: 5 7 14
9: 6 10 14
10: 7 9 13
11: 6 7 16
12: 13 15 17
13: 10 12 26
14: 8 9 23
15: 12 16 24
16: 11 15 25
17: 12 21 22
18: 19 20 31
19: 18 26 30
20: 18 24 29
21: 17 23 28
22: 17 25 27
23: 14 21 27
24: 15 20 30
25: 16 22 28
26: 13 19 29
27: 22 23 35
28: 21 25 35
29: 20 26 34
30: 19 24 34
31: 18 33 37
32: 5 33 36
33: 2 31 32
34: 4 29 30
35: 3 27 28
36: 4 32 38
37: 3 31 38
38: 2 36 37

1: 2 3 4
2: 1 36 37
3: 1 33 38
4: 1 34 35
5: 6 14 16
6: 5 7 8
7: 6 11 12
8: 6 10 13
9: 10 11 15
10: 8 9 12
11: 7 9 13
12: 7 10 19
13: 8 11 20
14: 5 18 21
15: 9 16 18
16: 5 15 17
17: 16 22 26
18: 14 15 26
19: 12 23 25
20: 13 23 24
21: 14 27 28
22: 17 29 30
23: 19 20 36
24: 20 32 35
25: 19 31 34
26: 17 18 36
27: 21 30 38
28: 21 29 37
29: 22 28 38
30: 22 27 37
31: 25 33 35
32: 24 33 34
33: 3 31 32
34: 4 25 32
35: 4 24 31
36: 2 23 26
37: 2 28 30
38: 3 27 29

1: 2 3 4
2: 1 35 36
3: 1 34 38
4: 1 33 37
5: 6 7 32
6: 5 24 26
7: 5 25 27
8: 10 11 15
9: 10 12 30
10: 8 9 13
11: 8 12 14
12: 9 11 18
13: 10 14 18
14: 11 13 17
15: 8 21 22
16: 26 28 30
17: 14 26 29
18: 12 13 24
19: 22 27 31
20: 23 25 31
21: 15 23 24
22: 15 19 25
23: 20 21 27
24: 6 18 21
25: 7 20 22
26: 6 16 17
27: 7 19 23
28: 16 29 36
29: 17 28 34
30: 9 16 34
31: 19 20 33
32: 5 33 35
33: 4 31 32
34: 3 29 30
35: 2 32 38
36: 2 28 37
37: 4 36 38
38: 3 35 37

1: 2 3 4
2: 1 33 38
3: 1 35 37
4: 1 34 36
5: 13 20 30
6: 9 10 20
7: 11 12 27
8: 17 27 28
9: 6 12 16
10: 6 14 15
11: 7 15 18
12: 7 9 14
13: 5 14 16
14: 10 12 13
15: 10 11 16
16: 9 13 15
17: 8 29 31
18: 11 19 29
19: 18 28 31
20: 5 6 23
21: 24 26 32
22: 23 25 32
23: 20 22 26
24: 21 25 30
25: 22 24 33
26: 21 23 33
27: 7 8 35
28: 8 19 34
29: 17 18 34
30: 5 24 35
31: 17 19 37
32: 21 22 36
33: 2 25 26
34: 4 28 29
35: 3 27 30
36: 4 32 38
37: 3 31 38
38: 2 36 37

1: 2 3 4
2: 1 36 38
3: 1 35 37
4: 1 33 34
5: 24 27 28
6: 25 26 28
7: 8 9 23
8: 7 16 22
9: 7 17 18
10: 11 22 29
11: 10 16 20
12: 13 15 32
13: 12 18 31
14: 15 17 31
15: 12 14 30
16: 8 11 21
17: 9 14 19
18: 9 13 30
19: 17 20 27
20: 11 19 24
21: 16 25 29
22: 8 10 25
23: 7 24 26
24: 5 20 23
25: 6 21 22
26: 6 23 27
27: 5 19 26
28: 5 6 37
29: 10 21 34
30: 15 18 33
31: 13 14 33
32: 12 35 36
33: 4 30 31
34: 4 29 38
35: 3 32 38
36: 2 32 37
37: 3 28 36
38: 2 34 35

1: 2 3 4
2: 1 36 38
3: 1 35 37
4: 1 33 34
5: 24 27 28
6: 25 26 28
7: 8 9 23
8: 7 18 19
9: 7 16 17
10: 12 22 29
11: 14 15 32
12: 10 13 20
13: 12 16 21
14: 11 18 31
15: 11 17 30
16: 9 13 22
17: 9 15 31
18: 8 14 30
19: 8 20 27
20: 12 19 24
21: 13 25 29
22: 10 16 25
23: 7 24 26
24: 5 20 23
25: 6 21 22
26: 6 23 27
27: 5 19 26
28: 5 6 37
29: 10 21 34
30: 15 18 33
31: 14 17 33
32: 11 35 36
33: 4 30 31
34: 4 29 38
35: 3 32 38
36: 2 32 37
37: 3 28 36
38: 2 34 35

1: 2 3 4
2: 1 36 38
3: 1 35 37
4: 1 33 34
5: 6 7 32
6: 5 25 31
7: 5 29 30
8: 9 10 25
9: 8 22 24
10: 8 21 23
11: 12 13 28
12: 11 17 19
13: 11 15 16
14: 15 17 26
15: 13 14 19
16: 13 17 18
17: 12 14 16
18: 16 24 27
19: 12 15 23
20: 21 22 27
21: 10 20 24
22: 9 20 23
23: 10 19 22
24: 9 18 21
25: 6 8 26
26: 14 25 34
27: 18 20 38
28: 11 29 37
29: 7 28 33
30: 7 31 34
31: 6 30 33
32: 5 35 36
33: 4 29 31
34: 4 26 30
35: 3 32 38
36: 2 32 37
37: 3 28 36
38: 2 27 35

1: 2 3 4
2: 1 33 38
3: 1 34 36
4: 1 35 37
5: 6 24 32
6: 5 7 8
7: 6 20 23
8: 6 21 22
9: 11 12 19
10: 11 13 31
11: 9 10 18
12: 9 15 29
13: 10 17 25
14: 16 26 29
15: 12 16 28
16: 14 15 27
17: 13 20 30
18: 11 21 25
19: 9 20 22
20: 7 17 19
21: 8 18 31
22: 8 19 23
23: 7 22 30
24: 5 27 38
25: 13 18 34
26: 14 28 36
27: 16 24 33
28: 15 26 35
29: 12 14 35
30: 17 23 36
31: 10 21 34
32: 5 33 37
33: 2 27 32
34: 3 25 31
35: 4 28 29
36: 3 26 30
37: 4 32 38
38: 2 24 37

1: 2 3 4
2: 1 33 34
3: 1 36 38
4: 1 35 37
5: 6 7 32
6: 5 25 30
7: 5 29 31
8: 9 10 25
9: 8 22 24
10: 8 21 23
11: 12 13 26
12: 11 17 19
13: 11 15 16
14: 15 17 28
15: 13 14 19
16: 13 17 18
17: 12 14 16
18: 16 24 27
19: 12 15 23
20: 21 22 26
21: 10 20 24
22: 9 20 23
23: 10 19 22
24: 9 18 21
25: 6 8 29
26: 11 20 33
27: 18 28 38
28: 14 27 37
29: 7 25 34
30: 6 31 34
31: 7 30 33
32: 5 35 36
33: 2 26 31
34: 2 29 30
35: 4 32 38
36: 3 32 37
37: 4 28 36
38: 3 27 35

1: 2 3 4
2: 1 35 36
3: 1 33 38
4: 1 34 37
5: 8 9 25
6: 14 17 20
7: 15 16 20
8: 5 13 16
9: 5 15 17
10: 13 22 24
11: 12 14 24
12: 11 22 23
13: 8 10 23
14: 6 11 15
15: 7 9 14
16: 7 8 17
17: 6 9 16
18: 21 26 29
19: 21 25 28
20: 6 7 27
21: 18 19 31
22: 10 12 32
23: 12 13 30
24: 10 11 30
25: 5 19 29
26: 18 27 28
27: 20 26 35
28: 19 26 33
29: 18 25 33
30: 23 24 34
31: 21 32 36
32: 22 31 34
33: 3 28 29
34: 4 30 32
35: 2 27 38
36: 2 31 37
37: 4 36 38
38: 3 35 37

1: 2 3 4
2: 1 35 36
3: 1 33 34
4: 1 37 38
5: 16 17 18
6: 7 9 20
7: 6 8 19
8: 7 12 13
9: 6 10 11
10: 9 13 14
11: 9 12 15
12: 8 11 14
13: 8 10 15
14: 10 12 21
15: 11 13 22
16: 5 27 28
17: 5 22 29
18: 5 21 30
19: 7 25 26
20: 6 23 24
21: 14 18 38
22: 15 17 37
23: 20 25 34
24: 20 31 33
25: 19 23 33
26: 19 28 36
27: 16 32 36
28: 16 26 35
29: 17 30 38
30: 18 29 37
31: 24 32 34
32: 27 31 35
33: 3 24 25
34: 3 23 31
35: 2 28 32
36: 2 26 27
37: 4 22 30
38: 4 21 29

1: 2 3 4
2: 1 35 36
3: 1 34 38
4: 1 33 37
5: 20 21 26
6: 7 24 25
7: 6 9 23
8: 14 23 24
9: 7 10 17
10: 9 11 15
11: 10 16 22
12: 13 15 22
13: 12 16 17
14: 8 18 25
15: 10 12 19
16: 11 13 19
17: 9 13 18
18: 14 17 21
19: 15 16 20
20: 5 19 30
21: 5 18 31
22: 11 12 27
23: 7 8 28
24: 6 8 32
25: 6 14 28
26: 5 27 29
27: 22 26 33
28: 23 25 34
29: 26 30 35
30: 20 29 33
31: 21 32 36
32: 24 31 34
33: 4 27 30
34: 3 28 32
35: 2 29 38
36: 2 31 37
37: 4 36 38
38: 3 35 37

1: 2 3 4
2: 1 36 38
3: 1 35 37
4: 1 33 34
5: 6 7 32
6: 5 30 31
7: 5 24 25
8: 12 13 17
9: 12 14 27
10: 16 27 29
11: 13 15 16
12: 8 9 15
13: 8 11 14
14: 9 13 18
15: 11 12 18
16: 10 11 28
17: 8 22 26
18: 14 15 23
19: 20 21 26
20: 19 23 25
21: 19 22 24
22: 17 21 25
23: 18 20 24
24: 7 21 23
25: 7 20 22
26: 17 19 37
27: 9 10 38
28: 16 31 34
29: 10 30 33
30: 6 29 34
31: 6 28 33
32: 5 35 36
33: 4 29 31
34: 4 28 30
35: 3 32 38
36: 2 32 37
37: 3 26 36
38: 2 27 35

1: 2 3 4
2: 1 36 38
3: 1 35 37
4: 1 33 34
5: 24 27 28
6: 25 26 28
7: 13 14 32
8: 9 17 18
9: 8 20 21
10: 11 12 19
11: 10 15 23
12: 10 16 22
13: 7 15 30
14: 7 16 29
15: 11 13 29
16: 12 14 30
17: 8 27 31
18: 8 19 24
19: 10 18 27
20: 9 23 26
21: 9 22 25
22: 12 21 26
23: 11 20 25
24: 5 18 31
25: 6 21 23
26: 6 20 22
27: 5 17 19
28: 5 6 37
29: 14 15 33
30: 13 16 33
31: 17 24 34
32: 7 35 36
33: 4 29 30
34: 4 31 38
35: 3 32 38
36: 2 32 37
37: 3 28 36
38: 2 34 35

1: 2 3 4
2: 1 36 38
3: 1 35 37
4: 1 33 34
5: 24 27 28
6: 25 26 28
7: 13 14 32
8: 9 20 22
9: 8 17 18
10: 12 19 21
11: 12 16 23
12: 10 11 15
13: 7 16 30
14: 7 15 29
15: 12 14 30
16: 11 13 29
17: 9 27 31
18: 9 19 24
19: 10 18 27
20: 8 23 26
21: 10 22 26
22: 8 21 25
23: 11 20 25
24: 5 18 31
25: 6 22 23
26: 6 20 21
27: 5 17 19
28: 5 6 37
29: 14 16 33
30: 13 15 33
31: 17 24 34
32: 7 35 36
33: 4 29 30
34: 4 31 38
35: 3 32 38
36: 2 32 37
37: 3 28 36
38: 2 34 35

1: 2 3 4
2: 1 36 38
3: 1 35 37
4: 1 33 34
5: 6 7 32
6: 5 22 23
7: 5 24 25
8: 10 14 15
9: 10 12 13
10: 8 9 26
11: 16 26 27
12: 9 15 18
13: 9 14 19
14: 8 13 18
15: 8 12 21
16: 11 24 28
17: 24 27 29
18: 12 14 25
19: 13 22 30
20: 21 23 31
21: 15 20 25
22: 6 19 31
23: 6 20 30
24: 7 16 17
25: 7 18 21
26: 10 11 38
27: 11 17 34
28: 16 29 34
29: 17 28 37
30: 19 23 33
31: 20 22 33
32: 5 35 36
33: 4 30 31
34: 4 27 28
35: 3 32 38
36: 2 32 37
37: 3 29 36
38: 2 26 35

1: 2 3 4
2: 1 34 37
3: 1 33 38
4: 1 35 36
5: 21 25 26
6: 19 20 24
7: 12 18 26
8: 14 22 23
9: 10 13 22
10: 9 11 23
11: 10 14 24
12: 7 13 25
13: 9 12 14
14: 8 11 13
15: 17 20 30
16: 17 19 32
17: 15 16 31
18: 7 21 29
19: 6 16 30
20: 6 15 32
21: 5 18 28
22: 8 9 31
23: 8 10 28
24: 6 11 27
25: 5 12 29
26: 5 7 27
27: 24 26 33
28: 21 23 34
29: 18 25 34
30: 15 19 36
31: 17 22 35
32: 16 20 33
33: 3 27 32
34: 2 28 29
35: 4 31 38
36: 4 30 37
37: 2 36 38
38: 3 35 37

1: 2 3 4
2: 1 33 34
3: 1 37 38
4: 1 35 36
5: 6 8 10
6: 5 7 19
7: 6 11 18
8: 5 9 15
9: 8 13 16
10: 5 13 14
11: 7 12 17
12: 11 20 24
13: 9 10 23
14: 10 15 24
15: 8 14 23
16: 9 17 22
17: 11 16 21
18: 7 26 28
19: 6 25 27
20: 12 21 22
21: 17 20 29
22: 16 20 31
23: 13 15 31
24: 12 14 29
25: 19 28 30
26: 18 27 30
27: 19 26 32
28: 18 25 32
29: 21 24 33
30: 25 26 36
31: 22 23 35
32: 27 28 34
33: 2 29 37
34: 2 32 38
35: 4 31 38
36: 4 30 37
37: 3 33 36
38: 3 34 35

1: 2 3 4
2: 1 33 34
3: 1 36 38
4: 1 35 37
5: 6 7 22
6: 5 18 19
7: 5 16 17
8: 9 10 11
9: 8 15 30
10: 8 14 31
11: 8 12 20
12: 11 13 18
13: 12 19 29
14: 10 15 16
15: 9 14 17
16: 7 14 30
17: 7 15 31
18: 6 12 21
19: 6 13 20
20: 11 19 26
21: 18 25 29
22: 5 23 24
23: 22 26 28
24: 22 25 27
25: 21 24 28
26: 20 23 27
27: 24 26 34
28: 23 25 34
29: 13 21 33
30: 9 16 37
31: 10 17 38
32: 33 35 36
33: 2 29 32
34: 2 27 28
35: 4 32 38
36: 3 32 37
37: 4 30 36
38: 3 31 35

1: 2 3 4
2: 1 33 34
3: 1 37 38
4: 1 35 36
5: 6 7 18
6: 5 11 17
7: 5 8 10
8: 7 12 14
9: 10 14 19
10: 7 9 13
11: 6 15 16
12: 8 13 15
13: 10 12 24
14: 8 9 24
15: 11 12 23
16: 11 20 22
17: 6 26 28
18: 5 25 27
19: 9 21 22
20: 16 21 23
21: 19 20 29
22: 16 19 31
23: 15 20 31
24: 13 14 29
25: 18 28 30
26: 17 27 30
27: 18 26 32
28: 17 25 32
29: 21 24 33
30: 25 26 36
31: 22 23 35
32: 27 28 34
33: 2 29 37
34: 2 32 38
35: 4 31 38
36: 4 30 37
37: 3 33 36
38: 3 34 35

1: 2 3 4
2: 1 35 36
3: 1 33 38
4: 1 34 37
5: 6 7 32
6: 5 26 27
7: 5 24 25
8: 9 10 17
9: 8 15 16
10: 8 13 14
11: 14 15 28
12: 13 15 29
13: 10 12 28
14: 10 11 29
15: 9 11 12
16: 9 19 22
17: 8 18 20
18: 17 24 30
19: 16 23 27
20: 17 23 25
21: 22 27 31
22: 16 21 26
23: 19 20 26
24: 7 18 31
25: 7 20 30
26: 6 22 23
27: 6 19 21
28: 11 13 36
29: 12 14 33
30: 18 25 34
31: 21 24 34
32: 5 33 35
33: 3 29 32
34: 4 30 31
35: 2 32 38
36: 2 28 37
37: 4 36 38
38: 3 35 37

1: 2 3 4
2: 1 35 36
3: 1 33 38
4: 1 34 37
5: 6 7 32
6: 5 24 27
7: 5 25 26
8: 9 21 31
9: 8 10 22
10: 9 11 12
11: 10 15 18
12: 10 16 17
13: 17 18 28
14: 16 18 29
15: 11 19 20
16: 12 14 28
17: 12 13 29
18: 11 13 14
19: 15 23 27
20: 15 21 24
21: 8 20 27
22: 9 26 30
23: 19 24 25
24: 6 20 23
25: 7 23 30
26: 7 22 31
27: 6 19 21
28: 13 16 36
29: 14 17 33
30: 22 25 34
31: 8 26 34
32: 5 33 35
33: 3 29 32
34: 4 30 31
35: 2 32 38
36: 2 28 37
37: 4 36 38
38: 3 35 37

1: 2 3 4
2: 1 35 36
3: 1 33 38
4: 1 34 37
5: 14 16 24
6: 12 15 18
7: 11 13 15
8: 9 11 18
9: 8 12 21
10: 14 19 20
11: 7 8 17
12: 6 9 17
13: 7 22 23
14: 5 10 32
15: 6 7 31
16: 5 21 30
17: 11 12 26
18: 6 8 26
19: 10 23 28
20: 10 22 27
21: 9 16 25
22: 13 20 28
23: 13 19 27
24: 5 25 29
25: 21 24 35
26: 17 18 36
27: 20 23 34
28: 19 22 33
29: 24 30 36
30: 16 29 35
31: 15 34 38
32: 14 33 37
33: 3 28 32
34: 4 27 31
35: 2 25 30
36: 2 26 29
37: 4 32 38
38: 3 31 37

1: 2 3 4
2: 1 34 37
3: 1 35 36
4: 1 33 38
5: 6 8 10
6: 5 7 11
7: 6 9 13
8: 5 9 12
9: 7 8 20
10: 5 14 18
11: 6 12 20
12: 8 11 19
13: 7 23 25
14: 10 17 22
15: 19 24 26
16: 17 18 21
17: 14 16 32
18: 10 16 28
19: 12 15 31
20: 9 11 27
21: 16 22 27
22: 14 21 28
23: 13 26 30
24: 15 25 30
25: 13 24 29
26: 15 23 29
27: 20 21 33
28: 18 22 34
29: 25 26 36
30: 23 24 33
31: 19 32 34
32: 17 31 35
33: 4 27 30
34: 2 28 31
35: 3 32 38
36: 3 29 37
37: 2 36 38
38: 4 35 37

1: 2 3 4
2: 1 34 37
3: 1 35 36
4: 1 33 38
5: 6 7 14
6: 5 8 12
7: 5 11 13
8: 6 9 10
9: 8 16 20
10: 8 15 21
11: 7 12 18
12: 6 11 19
13: 7 22 23
14: 5 18 19
15: 10 17 20
16: 9 17 21
17: 15 16 27
18: 11 14 27
19: 12 14 28
20: 9 15 32
21: 10 16 31
22: 13 26 30
23: 13 25 29
24: 25 26 28
25: 23 24 30
26: 22 24 29
27: 17 18 33
28: 19 24 34
29: 23 26 36
30: 22 25 33
31: 21 32 34
32: 20 31 35
33: 4 27 30
34: 2 28 31
35: 3 32 38
36: 3 29 37
37: 2 36 38
38: 4 35 37

1: 2 3 4
2: 1 35 38
3: 1 36 37
4: 1 33 34
5: 8 13 17
6: 7 14 18
7: 6 16 20
8: 5 15 19
9: 10 13 21
10: 9 14 22
11: 12 16 23
12: 11 15 24
13: 5 9 29
14: 6 10 30
15: 8 12 31
16: 7 11 32
17: 5 21 25
18: 6 22 28
19: 8 24 27
20: 7 23 26
21: 9 17 35
22: 10 18 36
23: 11 20 37
24: 12 19 38
25: 17 29 33
26: 20 32 34
27: 19 31 34
28: 18 30 33
29: 13 25 35
30: 14 28 36
31: 15 27 38
32: 16 26 37
33: 4 25 28
34: 4 26 27
35: 2 21 29
36: 3 22 30
37: 3 23 32
38: 2 24 31

1: 2 3 4
2: 1 36 38
3: 1 35 37
4: 1 33 34
5: 25 27 28
6: 24 26 28
7: 8 9 32
8: 7 18 19
9: 7 20 21
10: 14 15 23
11: 16 17 22
12: 17 21 30
13: 15 16 20
14: 10 18 29
15: 10 13 19
16: 11 13 21
17: 11 12 20
18: 8 14 30
19: 8 15 29
20: 9 13 17
21: 9 12 16
22: 11 23 27
23: 10 22 26
24: 6 27 31
25: 5 26 31
26: 6 23 25
27: 5 22 24
28: 5 6 37
29: 14 19 33
30: 12 18 33
31: 24 25 34
32: 7 35 36
33: 4 29 30
34: 4 31 38
35: 3 32 38
36: 2 32 37
37: 3 28 36
38: 2 34 35

1: 2 3 4
2: 1 33 38
3: 1 35 36
4: 1 34 37
5: 6 30 31
6: 5 15 29
7: 20 28 32
8: 19 27 32
9: 10 11 15
10: 9 13 17
11: 9 12 18
12: 11 16 17
13: 10 16 18
14: 21 29 31
15: 6 9 22
16: 12 13 22
17: 10 12 23
18: 11 13 24
19: 8 24 28
20: 7 23 27
21: 14 25 30
22: 15 16 25
23: 17 20 26
24: 18 19 26
25: 21 22 33
26: 23 24 33
27: 8 20 35
28: 7 19 35
29: 6 14 34
30: 5 21 34
31: 5 14 37
32: 7 8 36
33: 2 25 26
34: 4 29 30
35: 3 27 28
36: 3 32 38
37: 4 31 38
38: 2 36 37

1: 2 3 4
2: 1 36 38
3: 1 35 37
4: 1 33 34
5: 6 7 32
6: 5 30 31
7: 5 24 25
8: 12 14 16
9: 10 11 26
10: 9 15 28
11: 9 14 18
12: 8 13 18
13: 12 15 17
14: 8 11 17
15: 10 13 27
16: 8 20 29
17: 13 14 21
18: 11 12 21
19: 20 23 26
20: 16 19 25
21: 17 18 24
22: 23 25 29
23: 19 22 24
24: 7 21 23
25: 7 20 22
26: 9 19 38
27: 15 31 34
28: 10 30 33
29: 16 22 37
30: 6 28 34
31: 6 27 33
32: 5 35 36
33: 4 28 31
34: 4 27 30
35: 3 32 38
36: 2 32 37
37: 3 29 36
38: 2 26 35

1: 2 3 4
2: 1 36 38
3: 1 35 37
4: 1 33 34
5: 6 7 32
6: 5 30 31
7: 5 24 25
8: 10 15 28
9: 10 14 26
10: 8 9 27
11: 13 15 17
12: 13 14 16
13: 11 12 18
14: 9 12 17
15: 8 11 16
16: 12 15 21
17: 11 14 21
18: 13 19 20
19: 18 23 26
20: 18 25 29
21: 16 17 24
22: 23 24 29
23: 19 22 25
24: 7 21 22
25: 7 20 23
26: 9 19 38
27: 10 31 34
28: 8 30 33
29: 20 22 37
30: 6 28 34
31: 6 27 33
32: 5 35 36
33: 4 28 31
34: 4 27 30
35: 3 32 38
36: 2 32 37
37: 3 29 36
38: 2 26 35

1: 2 3 4
2: 1 33 37
3: 1 34 38
4: 1 35 36
5: 6 7 18
6: 5 8 17
7: 5 9 11
8: 6 10 12
9: 7 10 13
10: 8 9 14
11: 7 14 16
12: 8 13 15
13: 9 12 24
14: 10 11 24
15: 12 20 23
16: 11 19 22
17: 6 26 28
18: 5 25 27
19: 16 21 23
20: 15 21 22
21: 19 20 29
22: 16 20 32
23: 15 19 32
24: 13 14 29
25: 18 28 30
26: 17 27 30
27: 18 26 31
28: 17 25 31
29: 21 24 33
30: 25 26 34
31: 27 28 36
32: 22 23 35
33: 2 29 34
34: 3 30 33
35: 4 32 38
36: 4 31 37
37: 2 36 38
38: 3 35 37

1: 2 3 4
2: 1 34 37
3: 1 35 36
4: 1 33 38
5: 6 7 32
6: 5 27 31
7: 5 26 30
8: 9 10 29
9: 8 18 20
10: 8 17 19
11: 13 15 28
12: 14 16 28
13: 11 14 22
14: 12 13 21
15: 11 19 21
16: 12 20 22
17: 10 20 23
18: 9 19 23
19: 10 15 18
20: 9 16 17
21: 14 15 25
22: 13 16 25
23: 17 18 24
24: 23 26 29
25: 21 22 27
26: 7 24 31
27: 6 25 30
28: 11 12 36
29: 8 24 33
30: 7 27 34
31: 6 26 35
32: 5 33 34
33: 4 29 32
34: 2 30 32
35: 3 31 38
36: 3 28 37
37: 2 36 38
38: 4 35 37

1: 2 3 4
2: 1 35 36
3: 1 34 37
4: 1 33 38
5: 8 12 24
6: 7 15 17
7: 6 10 18
8: 5 9 18
9: 8 10 17
10: 7 9 19
11: 12 13 16
12: 5 11 14
13: 11 22 23
14: 12 20 21
15: 6 31 32
16: 11 19 30
17: 6 9 26
18: 7 8 26
19: 10 16 25
20: 14 23 27
21: 14 22 28
22: 13 21 27
23: 13 20 28
24: 5 25 29
25: 19 24 35
26: 17 18 36
27: 20 22 33
28: 21 23 34
29: 24 30 36
30: 16 29 35
31: 15 34 38
32: 15 33 37
33: 4 27 32
34: 3 28 31
35: 2 25 30
36: 2 26 29
37: 3 32 38
38: 4 31 37

1: 2 3 4
2: 1 33 38
3: 1 35 37
4: 1 34 36
5: 23 24 31
6: 22 25 31
7: 10 12 32
8: 9 20 21
9: 8 10 29
10: 7 9 30
11: 12 26 30
12: 7 11 29
13: 16 17 27
14: 17 18 28
15: 16 19 28
16: 13 15 18
17: 13 14 19
18: 14 16 22
19: 15 17 23
20: 8 23 25
21: 8 22 24
22: 6 18 21
23: 5 19 20
24: 5 21 25
25: 6 20 24
26: 11 27 33
27: 13 26 35
28: 14 15 35
29: 9 12 34
30: 10 11 34
31: 5 6 36
32: 7 33 37
33: 2 26 32
34: 4 29 30
35: 3 27 28
36: 4 31 38
37: 3 32 38
38: 2 36 37

1: 2 3 4
2: 1 33 34
3: 1 36 38
4: 1 35 37
5: 6 26 32
6: 5 7 8
7: 6 25 31
8: 6 23 24
9: 12 23 25
10: 15 22 30
11: 14 21 30
12: 9 17 24
13: 14 15 26
14: 11 13 22
15: 10 13 21
16: 17 23 28
17: 12 16 20
18: 19 27 29
19: 18 20 22
20: 17 19 21
21: 11 15 20
22: 10 14 19
23: 8 9 16
24: 8 12 28
25: 7 9 29
26: 5 13 38
27: 18 31 34
28: 16 24 34
29: 18 25 33
30: 10 11 37
31: 7 27 33
32: 5 35 36
33: 2 29 31
34: 2 27 28
35: 4 32 38
36: 3 32 37
37: 4 30 36
38: 3 26 35

1: 2 3 4
2: 1 36 38
3: 1 35 37
4: 1 33 34
5: 25 27 28
6: 24 26 28
7: 8 9 32
8: 7 19 21
9: 7 18 20
10: 11 13 30
11: 10 12 16
12: 11 15 23
13: 10 14 29
14: 13 15 19
15: 12 14 21
16: 11 18 29
17: 19 20 22
18: 9 16 30
19: 8 14 17
20: 9 17 21
21: 8 15 20
22: 17 23 27
23: 12 22 26
24: 6 27 31
25: 5 26 31
26: 6 23 25
27: 5 22 24
28: 5 6 37
29: 13 16 33
30: 10 18 33
31: 24 25 34
32: 7 35 36
33: 4 29 30
34: 4 31 38
35: 3 32 38
36: 2 32 37
37: 3 28 36
38: 2 34 35

1: 2 3 4
2: 1 33 38
3: 1 34 36
4: 1 35 37
5: 6 24 32
6: 5 7 8
7: 6 23 31
8: 6 21 22
9: 10 21 23
10: 9 11 12
11: 10 20 27
12: 10 18 19
13: 18 25 26
14: 17 19 30
15: 16 18 30
16: 15 17 29
17: 14 16 28
18: 12 13 15
19: 12 14 29
20: 11 22 26
21: 8 9 31
22: 8 20 23
23: 7 9 22
24: 5 28 38
25: 13 27 34
26: 13 20 36
27: 11 25 36
28: 17 24 33
29: 16 19 35
30: 14 15 35
31: 7 21 34
32: 5 33 37
33: 2 28 32
34: 3 25 31
35: 4 29 30
36: 3 26 27
37: 4 32 38
38: 2 24 37

1: 2 3 4
2: 1 33 38
3: 1 35 37
4: 1 34 36
5: 23 25 31
6: 22 24 31
7: 10 13 26
8: 11 18 26
9: 10 12 30
10: 7 9 29
11: 8 19 20
12: 9 14 32
13: 7 16 19
14: 12 27 29
15: 21 24 28
16: 13 18 23
17: 20 22 28
18: 8 16 25
19: 11 13 25
20: 11 17 24
21: 15 22 23
22: 6 17 21
23: 5 16 21
24: 6 15 20
25: 5 18 19
26: 7 8 33
27: 14 30 35
28: 15 17 35
29: 10 14 34
30: 9 27 34
31: 5 6 36
32: 12 33 37
33: 2 26 32
34: 4 29 30
35: 3 27 28
36: 4 31 38
37: 3 32 38
38: 2 36 37

1: 2 3 4
2: 1 35 36
3: 1 34 38
4: 1 33 37
5: 6 7 32
6: 5 27 31
7: 5 26 30
8: 11 14 28
9: 10 13 15
10: 9 12 28
11: 8 17 20
12: 10 16 21
13: 9 21 29
14: 8 15 18
15: 9 14 20
16: 12 19 29
17: 11 18 19
18: 14 17 23
19: 16 17 22
20: 11 15 23
21: 12 13 22
22: 19 21 25
23: 18 20 24
24: 23 25 27
25: 22 24 26
26: 7 25 31
27: 6 24 30
28: 8 10 36
29: 13 16 34
30: 7 27 33
31: 6 26 35
32: 5 33 34
33: 4 30 32
34: 3 29 32
35: 2 31 38
36: 2 28 37
37: 4 36 38
38: 3 35 37

1: 2 3 4
2: 1 35 36
3: 1 34 38
4: 1 33 37
5: 10 12 14
6: 9 11 13
7: 8 14 21
8: 7 13 20
9: 6 10 23
10: 5 9 22
11: 6 16 20
12: 5 15 17
13: 6 8 19
14: 5 7 18
15: 12 18 21
16: 11 17 19
17: 12 16 28
18: 14 15 28
19: 13 16 27
20: 8 11 27
21: 7 15 31
22: 10 26 30
23: 9 25 29
24: 25 26 32
25: 23 24 30
26: 22 24 29
27: 19 20 34
28: 17 18 34
29: 23 26 33
30: 22 25 33
31: 21 32 36
32: 24 31 35
33: 4 29 30
34: 3 27 28
35: 2 32 38
36: 2 31 37
37: 4 36 38
38: 3 35 37

1: 2 3 4
2: 1 33 34
3: 1 36 38
4: 1 35 37
5: 8 9 31
6: 9 21 26
7: 8 20 26
8: 5 7 21
9: 5 6 20
10: 14 16 17
11: 13 15 17
12: 13 14 24
13: 11 12 16
14: 10 12 15
15: 11 14 22
16: 10 13 23
17: 10 11 18
18: 17 19 21
19: 18 20 24
20: 7 9 19
21: 6 8 18
22: 15 25 30
23: 16 29 30
24: 12 19 28
25: 22 28 29
26: 6 7 27
27: 26 31 34
28: 24 25 34
29: 23 25 38
30: 22 23 37
31: 5 27 33
32: 33 35 36
33: 2 31 32
34: 2 27 28
35: 4 32 38
36: 3 32 37
37: 4 30 36
38: 3 29 35

1: 2 3 4
2: 1 36 38
3: 1 35 37
4: 1 33 34
5: 10 26 29
6: 22 23 31
7: 20 21 30
8: 13 27 28
9: 16 17 28
10: 5 11 12
11: 10 23 25
12: 10 22 24
13: 8 14 15
14: 13 17 18
15: 13 16 19
16: 9 15 18
17: 9 14 19
18: 14 16 20
19: 15 17 21
20: 7 18 25
21: 7 19 24
22: 6 12 25
23: 6 11 24
24: 12 21 23
25: 11 20 22
26: 5 32 33
27: 8 30 38
28: 8 9 37
29: 5 31 34
30: 7 27 34
31: 6 29 33
32: 26 35 36
33: 4 26 31
34: 4 29 30
35: 3 32 38
36: 2 32 37
37: 3 28 36
38: 2 27 35

1: 2 3 4
2: 1 35 36
3: 1 34 38
4: 1 33 37
5: 6 7 32
6: 5 24 27
7: 5 25 26
8: 9 28 29
9: 8 10 11
10: 9 16 19
11: 9 14 15
12: 14 16 17
13: 15 18 22
14: 11 12 19
15: 11 13 16
16: 10 12 15
17: 12 24 29
18: 13 23 27
19: 10 14 27
20: 23 26 30
21: 22 25 30
22: 13 21 26
23: 18 20 25
24: 6 17 31
25: 7 21 23
26: 7 20 22
27: 6 18 19
28: 8 31 36
29: 8 17 34
30: 20 21 33
31: 24 28 34
32: 5 33 35
33: 4 30 32
34: 3 29 31
35: 2 32 38
36: 2 28 37
37: 4 36 38
38: 3 35 37

1: 2 3 4
2: 1 34 37
3: 1 35 36
4: 1 33 38
5: 10 11 14
6: 8 9 13
7: 8 12 14
8: 6 7 16
9: 6 10 19
10: 5 9 20
11: 5 15 22
12: 7 13 17
13: 6 12 18
14: 5 7 23
15: 11 19 21
16: 8 17 18
17: 12 16 30
18: 13 16 31
19: 9 15 27
20: 10 21 27
21: 15 20 30
22: 11 25 29
23: 14 24 28
24: 23 26 29
25: 22 26 28
26: 24 25 32
27: 19 20 33
28: 23 25 34
29: 22 24 34
30: 17 21 33
31: 18 32 36
32: 26 31 35
33: 4 27 30
34: 2 28 29
35: 3 32 38
36: 3 31 37
37: 2 36 38
38: 4 35 37

1: 2 3 4
2: 1 36 38
3: 1 34 35
4: 1 33 37
5: 11 14 22
6: 8 10 12
7: 8 13 21
8: 6 7 15
9: 10 16 20
10: 6 9 17
11: 5 12 17
12: 6 11 16
13: 7 14 19
14: 5 13 18
15: 8 18 19
16: 9 12 26
17: 10 11 26
18: 14 15 25
19: 13 15 24
20: 9 28 30
21: 7 23 24
22: 5 27 29
23: 21 32 35
24: 19 21 36
25: 18 31 34
26: 16 17 36
27: 22 30 38
28: 20 29 38
29: 22 28 37
30: 20 27 37
31: 25 33 35
32: 23 33 34
33: 4 31 32
34: 3 25 32
35: 3 23 31
36: 2 24 26
37: 4 29 30
38: 2 27 28

1: 2 3 4
2: 1 36 38
3: 1 35 37
4: 1 33 34
5: 6 7 32
6: 5 30 31
7: 5 24 25
8: 12 13 16
9: 10 26 27
10: 9 11 14
11: 10 15 28
12: 8 15 18
13: 8 14 17
14: 10 13 18
15: 11 12 17
16: 8 20 29
17: 13 15 21
18: 12 14 21
19: 20 23 26
20: 16 19 25
21: 17 18 24
22: 23 25 29
23: 19 22 24
24: 7 21 23
25: 7 20 22
26: 9 19 38
27: 9 31 34
28: 11 30 33
29: 16 22 37
30: 6 28 34
31: 6 27 33
32: 5 35 36
33: 4 28 31
34: 4 27 30
35: 3 32 38
36: 2 32 37
37: 3 29 36
38: 2 26 35

1: 2 3 4
2: 1 36 37
3: 1 33 38
4: 1 34 35
5: 6 10 13
6: 5 11 12
7: 8 10 11
8: 7 9 12
9: 8 14 18
10: 5 7 17
11: 6 7 18
12: 6 8 17
13: 5 16 20
14: 9 15 19
15: 14 22 25
16: 13 21 26
17: 10 12 24
18: 9 11 23
19: 14 20 26
20: 13 19 25
21: 16 28 30
22: 15 27 29
23: 18 32 35
24: 17 31 34
25: 15 20 36
26: 16 19 36
27: 22 30 38
28: 21 29 38
29: 22 28 37
30: 21 27 37
31: 24 33 35
32: 23 33 34
33: 3 31 32
34: 4 24 32
35: 4 23 31
36: 2 25 26
37: 2 29 30
38: 3 27 28

1: 2 3 4
2: 1 33 38
3: 1 34 37
4: 1 35 36
5: 23 24 32
6: 8 15 31
7: 8 10 16
8: 6 7 9
9: 8 13 14
10: 7 11 12
11: 10 14 17
12: 10 13 18
13: 9 12 17
14: 9 11 18
15: 6 21 22
16: 7 19 20
17: 11 13 25
18: 12 14 26
19: 16 22 28
20: 16 21 27
21: 15 20 28
22: 15 19 27
23: 5 26 29
24: 5 25 30
25: 17 24 36
26: 18 23 35
27: 20 22 34
28: 19 21 33
29: 23 30 36
30: 24 29 35
31: 6 34 38
32: 5 33 37
33: 2 28 32
34: 3 27 31
35: 4 26 30
36: 4 25 29
37: 3 32 38
38: 2 31 37

1: 2 3 4
2: 1 33 38
3: 1 34 37
4: 1 35 36
5: 6 7 32
6: 5 26 30
7: 5 24 25
8: 9 10 30
9: 8 23 29
10: 8 26 31
11: 20 22 23
12: 19 21 23
13: 17 25 28
14: 15 16 25
15: 14 24 28
16: 14 22 27
17: 13 21 24
18: 19 20 27
19: 12 18 22
20: 11 18 21
21: 12 17 20
22: 11 16 19
23: 9 11 12
24: 7 15 17
25: 7 13 14
26: 6 10 29
27: 16 18 33
28: 13 15 34
29: 9 26 35
30: 6 8 35
31: 10 33 37
32: 5 34 36
33: 2 27 31
34: 3 28 32
35: 4 29 30
36: 4 32 38
37: 3 31 38
38: 2 36 37

1: 2 3 4
2: 1 33 38
3: 1 34 36
4: 1 35 37
5: 6 24 32
6: 5 7 8
7: 6 23 31
8: 6 21 22
9: 10 21 23
10: 9 11 12
11: 10 19 30
12: 10 18 20
13: 14 15 30
14: 13 20 28
15: 13 19 29
16: 17 20 27
17: 16 22 26
18: 12 25 26
19: 11 15 28
20: 12 14 16
21: 8 9 31
22: 8 17 23
23: 7 9 22
24: 5 29 38
25: 18 27 34
26: 17 18 36
27: 16 25 36
28: 14 19 35
29: 15 24 33
30: 11 13 35
31: 7 21 34
32: 5 33 37
33: 2 29 32
34: 3 25 31
35: 4 28 30
36: 3 26 27
37: 4 32 38
38: 2 24 37

1: 2 3 4
2: 1 33 38
3: 1 35 36
4: 1 34 37
5: 6 24 32
6: 5 25 26
7: 8 9 24
8: 7 20 23
9: 7 21 22
10: 11 12 16
11: 10 14 18
12: 10 13 17
13: 12 18 31
14: 11 17 30
15: 16 23 27
16: 10 15 20
17: 12 14 21
18: 11 13 21
19: 20 22 27
20: 8 16 19
21: 9 17 18
22: 9 19 23
23: 8 15 22
24: 5 7 38
25: 6 29 36
26: 6 28 35
27: 15 19 34
28: 26 31 36
29: 25 30 35
30: 14 29 33
31: 13 28 34
32: 5 33 37
33: 2 30 32
34: 4 27 31
35: 3 26 29
36: 3 25 28
37: 4 32 38
38: 2 24 37

1: 2 3 4
2: 1 33 37
3: 1 34 38
4: 1 35 36
5: 12 13 17
6: 10 11 13
7: 8 10 12
8: 7 9 18
9: 8 14 15
10: 6 7 17
11: 6 12 16
12: 5 7 11
13: 5 6 21
14: 9 16 24
15: 9 19 23
16: 11 14 22
17: 5 10 23
18: 8 27 28
19: 15 22 24
20: 21 25 26
21: 13 20 29
22: 16 19 29
23: 15 17 32
24: 14 19 32
25: 20 28 30
26: 20 27 31
27: 18 26 30
28: 18 25 31
29: 21 22 33
30: 25 27 34
31: 26 28 36
32: 23 24 35
33: 2 29 34
34: 3 30 33
35: 4 32 38
36: 4 31 37
37: 2 36 38
38: 3 35 37

1: 2 3 4
2: 1 36 38
3: 1 35 37
4: 1 33 34
5: 6 7 32
6: 5 25 31
7: 5 24 30
8: 20 22 23
9: 19 21 23
10: 12 14 26
11: 14 15 28
12: 10 13 15
13: 12 17 28
14: 10 11 17
15: 11 12 16
16: 15 22 27
17: 13 14 21
18: 19 20 27
19: 9 18 22
20: 8 18 21
21: 9 17 20
22: 8 16 19
23: 8 9 25
24: 7 29 31
25: 6 23 30
26: 10 29 34
27: 16 18 38
28: 11 13 34
29: 24 26 37
30: 7 25 33
31: 6 24 33
32: 5 35 36
33: 4 30 31
34: 4 26 28
35: 3 32 38
36: 2 32 37
37: 3 29 36
38: 2 27 35

1: 2 3 4
2: 1 35 36
3: 1 34 37
4: 1 33 38
5: 24 31 32
6: 13 16 17
7: 14 15 17
8: 9 10 23
9: 8 13 18
10: 8 14 19
11: 12 15 21
12: 11 16 20
13: 6 9 20
14: 7 10 21
15: 7 11 19
16: 6 12 18
17: 6 7 22
18: 9 16 26
19: 10 15 25
20: 12 13 26
21: 11 14 25
22: 17 23 30
23: 8 22 29
24: 5 27 28
25: 19 21 34
26: 18 20 33
27: 24 30 36
28: 24 29 35
29: 23 28 36
30: 22 27 35
31: 5 34 38
32: 5 33 37
33: 4 26 32
34: 3 25 31
35: 2 28 30
36: 2 27 29
37: 3 32 38
38: 4 31 37

1: 2 3 4
2: 1 35 36
3: 1 33 38
4: 1 34 37
5: 8 9 25
6: 15 17 20
7: 14 16 20
8: 5 10 12
9: 5 11 13
10: 8 11 24
11: 9 10 23
12: 8 16 23
13: 9 17 24
14: 7 17 22
15: 6 16 22
16: 7 12 15
17: 6 13 14
18: 21 26 29
19: 21 25 28
20: 6 7 27
21: 18 19 32
22: 14 15 31
23: 11 12 30
24: 10 13 30
25: 5 19 29
26: 18 27 28
27: 20 26 33
28: 19 26 35
29: 18 25 34
30: 23 24 33
31: 22 32 36
32: 21 31 34
33: 3 27 30
34: 4 29 32
35: 2 28 38
36: 2 31 37
37: 4 36 38
38: 3 35 37

1: 2 3 4
2: 1 33 38
3: 1 35 37
4: 1 34 36
5: 6 8 12
6: 5 10 11
7: 8 9 10
8: 5 7 16
9: 7 14 32
10: 6 7 15
11: 6 13 16
12: 5 14 15
13: 11 18 23
14: 9 12 26
15: 10 12 25
16: 8 11 24
17: 21 22 31
18: 13 19 20
19: 18 24 28
20: 18 25 27
21: 17 26 30
22: 17 23 29
23: 13 22 30
24: 16 19 27
25: 15 20 28
26: 14 21 29
27: 20 24 35
28: 19 25 35
29: 22 26 34
30: 21 23 34
31: 17 33 37
32: 9 33 36
33: 2 31 32
34: 4 29 30
35: 3 27 28
36: 4 32 38
37: 3 31 38
38: 2 36 37

1: 2 3 4
2: 1 36 37
3: 1 33 38
4: 1 34 35
5: 6 7 8
6: 5 10 14
7: 5 9 13
8: 5 11 15
9: 7 12 14
10: 6 12 13
11: 8 17 22
12: 9 10 18
13: 7 10 19
14: 6 9 20
15: 8 16 18
16: 15 17 21
17: 11 16 24
18: 12 15 24
19: 13 20 30
20: 14 19 23
21: 16 27 29
22: 11 26 28
23: 20 31 34
24: 17 18 36
25: 30 32 35
26: 22 29 38
27: 21 28 38
28: 22 27 37
29: 21 26 37
30: 19 25 36
31: 23 33 35
32: 25 33 34
33: 3 31 32
34: 4 23 32
35: 4 25 31
36: 2 24 30
37: 2 28 29
38: 3 26 27

1: 2 3 4
2: 1 35 36
3: 1 34 38
4: 1 33 37
5: 6 7 32
6: 5 27 28
7: 5 25 26
8: 9 10 29
9: 8 16 18
10: 8 15 17
11: 13 14 20
12: 13 19 23
13: 11 12 21
14: 11 17 19
15: 10 18 31
16: 9 17 31
17: 10 14 16
18: 9 15 20
19: 12 14 27
20: 11 18 27
21: 13 22 25
22: 21 26 30
23: 12 24 26
24: 23 25 30
25: 7 21 24
26: 7 22 23
27: 6 19 20
28: 6 29 36
29: 8 28 34
30: 22 24 33
31: 15 16 34
32: 5 33 35
33: 4 30 32
34: 3 29 31
35: 2 32 38
36: 2 28 37
37: 4 36 38
38: 3 35 37

1: 2 3 4
2: 1 35 36
3: 1 34 38
4: 1 33 37
5: 6 29 32
6: 5 7 8
7: 6 25 27
8: 6 24 26
9: 10 11 21
10: 9 18 20
11: 9 16 17
12: 13 16 28
13: 12 17 18
14: 15 16 18
15: 14 17 30
16: 11 12 14
17: 11 13 15
18: 10 13 14
19: 20 23 29
20: 10 19 22
21: 9 22 23
22: 20 21 27
23: 19 21 26
24: 8 27 31
25: 7 26 31
26: 8 23 25
27: 7 22 24
28: 12 30 36
29: 5 19 34
30: 15 28 34
31: 24 25 33
32: 5 33 35
33: 4 31 32
34: 3 29 30
35: 2 32 38
36: 2 28 37
37: 4 36 38
38: 3 35 37

1: 2 3 4
2: 1 33 38
3: 1 35 37
4: 1 34 36
5: 22 25 31
6: 23 24 31
7: 8 17 21
8: 7 9 29
9: 8 16 30
10: 11 18 28
11: 10 12 19
12: 11 14 20
13: 14 19 26
14: 12 13 18
15: 16 27 29
16: 9 15 32
17: 7 20 25
18: 10 14 23
19: 11 13 23
20: 12 17 22
21: 7 22 24
22: 5 20 21
23: 6 18 19
24: 6 21 25
25: 5 17 24
26: 13 28 33
27: 15 30 35
28: 10 26 35
29: 8 15 34
30: 9 27 34
31: 5 6 36
32: 16 33 37
33: 2 26 32
34: 4 29 30
35: 3 27 28
36: 4 31 38
37: 3 32 38
38: 2 36 37

1: 2 3 4
2: 1 34 37
3: 1 33 38
4: 1 35 36
5: 6 7 8
6: 5 12 15
7: 5 10 13
8: 5 9 14
9: 8 10 12
10: 7 9 11
11: 10 16 21
12: 6 9 22
13: 7 14 23
14: 8 13 17
15: 6 17 20
16: 11 18 19
17: 14 15 32
18: 16 23 29
19: 16 22 28
20: 15 24 27
21: 11 25 30
22: 12 19 29
23: 13 18 28
24: 20 26 30
25: 21 26 27
26: 24 25 31
27: 20 25 33
28: 19 23 34
29: 18 22 34
30: 21 24 33
31: 26 32 36
32: 17 31 35
33: 3 27 30
34: 2 28 29
35: 4 32 38
36: 4 31 37
37: 2 36 38
38: 3 35 37

1: 2 3 4
2: 1 34 38
3: 1 35 36
4: 1 33 37
5: 12 14 16
6: 11 13 15
7: 9 16 18
8: 10 15 18
9: 7 10 21
10: 8 9 17
11: 6 14 19
12: 5 13 19
13: 6 12 20
14: 5 11 20
15: 6 8 21
16: 5 7 17
17: 10 16 32
18: 7 8 32
19: 11 12 30
20: 13 14 29
21: 9 15 31
22: 24 26 27
23: 24 25 28
24: 22 23 31
25: 23 27 30
26: 22 28 29
27: 22 25 34
28: 23 26 36
29: 20 26 33
30: 19 25 35
31: 21 24 34
32: 17 18 33
33: 4 29 32
34: 2 27 31
35: 3 30 38
36: 3 28 37
37: 4 36 38
38: 2 35 37

1: 2 3 4
2: 1 36 38
3: 1 35 37
4: 1 33 34
5: 26 27 32
6: 24 25 27
7: 21 23 31
8: 20 22 31
9: 10 25 28
10: 9 11 12
11: 10 16 17
12: 10 15 18
13: 15 17 29
14: 16 18 29
15: 12 13 16
16: 11 14 15
17: 11 13 22
18: 12 14 23
19: 20 21 28
20: 8 19 23
21: 7 19 22
22: 8 17 21
23: 7 18 20
24: 6 30 32
25: 6 9 26
26: 5 25 30
27: 5 6 37
28: 9 19 35
29: 13 14 36
30: 24 26 34
31: 7 8 33
32: 5 24 33
33: 4 31 32
34: 4 30 38
35: 3 28 38
36: 2 29 37
37: 3 27 36
38: 2 34 35

1: 2 3 4
2: 1 35 36
3: 1 34 38
4: 1 33 37
5: 14 25 26
6: 13 24 26
7: 8 10 23
8: 7 9 22
9: 8 12 24
10: 7 11 20
11: 10 14 22
12: 9 13 21
13: 6 12 25
14: 5 11 23
15: 16 20 29
16: 15 17 28
17: 16 18 30
18: 17 19 29
19: 18 21 28
20: 10 15 27
21: 12 19 30
22: 8 11 32
23: 7 14 32
24: 6 9 31
25: 5 13 31
26: 5 6 27
27: 20 26 35
28: 16 19 36
29: 15 18 34
30: 17 21 34
31: 24 25 33
32: 22 23 33
33: 4 31 32
34: 3 29 30
35: 2 27 38
36: 2 28 37
37: 4 36 38
38: 3 35 37

1: 2 3 4
2: 1 33 38
3: 1 36 37
4: 1 34 35
5: 6 24 32
6: 5 25 26
7: 8 9 24
8: 7 21 22
9: 7 20 23
10: 11 30 31
11: 10 14 15
12: 15 16 27
13: 14 17 27
14: 11 13 16
15: 11 12 17
16: 12 14 20
17: 13 15 21
18: 21 23 29
19: 20 22 29
20: 9 16 19
21: 8 17 18
22: 8 19 23
23: 9 18 22
24: 5 7 38
25: 6 28 35
26: 6 31 34
27: 12 13 36
28: 25 30 34
29: 18 19 33
30: 10 28 36
31: 10 26 35
32: 5 33 37
33: 2 29 32
34: 4 26 28
35: 4 25 31
36: 3 27 30
37: 3 32 38
38: 2 24 37

1: 2 3 4
2: 1 35 36
3: 1 33 38
4: 1 34 37
5: 6 7 32
6: 5 25 27
7: 5 24 26
8: 19 21 30
9: 18 20 30
10: 12 23 29
11: 13 22 29
12: 10 13 14
13: 11 12 15
14: 12 16 22
15: 13 17 23
16: 14 17 21
17: 15 16 20
18: 9 21 28
19: 8 20 28
20: 9 17 19
21: 8 16 18
22: 11 14 27
23: 10 15 26
24: 7 27 31
25: 6 26 31
26: 7 23 25
27: 6 22 24
28: 18 19 36
29: 10 11 34
30: 8 9 33
31: 24 25 34
32: 5 33 35
33: 3 30 32
34: 4 29 31
35: 2 32 38
36: 2 28 37
37: 4 36 38
38: 3 35 37

1: 2 3 4
2: 1 33 34
3: 1 36 38
4: 1 35 37
5: 8 9 31
6: 9 21 26
7: 8 20 26
8: 5 7 21
9: 5 6 20
10: 16 17 24
11: 14 15 17
12: 15 16 22
13: 14 16 23
14: 11 13 22
15: 11 12 23
16: 10 12 13
17: 10 11 18
18: 17 19 21
19: 18 20 24
20: 7 9 19
21: 6 8 18
22: 12 14 29
23: 13 15 30
24: 10 19 28
25: 28 29 30
26: 6 7 27
27: 26 31 34
28: 24 25 34
29: 22 25 38
30: 23 25 37
31: 5 27 33
32: 33 35 36
33: 2 31 32
34: 2 27 28
35: 4 32 38
36: 3 32 37
37: 4 30 36
38: 3 29 35

1: 2 3 4
2: 1 34 37
3: 1 33 38
4: 1 35 36
5: 6 13 16
6: 5 10 14
7: 8 12 14
8: 7 10 13
9: 11 12 21
10: 6 8 21
11: 9 15 17
12: 7 9 18
13: 5 8 20
14: 6 7 20
15: 11 18 19
16: 5 17 19
17: 11 16 32
18: 12 15 32
19: 15 16 30
20: 13 14 29
21: 9 10 31
22: 24 26 28
23: 24 25 27
24: 22 23 31
25: 23 28 30
26: 22 27 29
27: 23 26 34
28: 22 25 34
29: 20 26 36
30: 19 25 33
31: 21 24 35
32: 17 18 33
33: 3 30 32
34: 2 27 28
35: 4 31 38
36: 4 29 37
37: 2 36 38
38: 3 35 37

1: 2 3 4
2: 1 35 36
3: 1 33 38
4: 1 34 37
5: 15 22 25
6: 14 23 25
7: 8 10 21
8: 7 11 20
9: 12 18 19
10: 7 13 23
11: 8 12 22
12: 9 11 15
13: 10 14 19
14: 6 13 21
15: 5 12 20
16: 17 26 29
17: 16 24 30
18: 9 24 29
19: 9 13 30
20: 8 15 32
21: 7 14 31
22: 5 11 32
23: 6 10 31
24: 17 18 28
25: 5 6 27
26: 16 27 28
27: 25 26 36
28: 24 26 34
29: 16 18 35
30: 17 19 34
31: 21 23 33
32: 20 22 33
33: 3 31 32
34: 4 28 30
35: 2 29 38
36: 2 27 37
37: 4 36 38
38: 3 35 37

1: 2 3 4
2: 1 36 38
3: 1 35 37
4: 1 33 34
5: 25 27 28
6: 24 26 28
7: 8 22 32
8: 7 11 12
9: 17 20 23
10: 19 21 23
11: 8 15 17
12: 8 13 16
13: 12 14 17
14: 13 15 22
15: 11 14 16
16: 12 15 18
17: 9 11 13
18: 16 19 29
19: 10 18 30
20: 9 21 30
21: 10 20 29
22: 7 14 27
23: 9 10 26
24: 6 27 31
25: 5 26 31
26: 6 23 25
27: 5 22 24
28: 5 6 37
29: 18 21 33
30: 19 20 33
31: 24 25 34
32: 7 35 36
33: 4 29 30
34: 4 31 38
35: 3 32 38
36: 2 32 37
37: 3 28 36
38: 2 34 35

1: 2 3 4
2: 1 35 36
3: 1 34 38
4: 1 33 37
5: 11 12 14
6: 7 11 15
7: 6 10 12
8: 9 16 19
9: 8 13 21
10: 7 14 20
11: 5 6 20
12: 5 7 22
13: 9 15 18
14: 5 10 17
15: 6 13 19
16: 8 17 18
17: 14 16 27
18: 13 16 30
19: 8 15 30
20: 10 11 27
21: 9 25 32
22: 12 24 28
23: 24 26 31
24: 22 23 29
25: 21 26 29
26: 23 25 28
27: 17 20 35
28: 22 26 34
29: 24 25 34
30: 18 19 33
31: 23 32 36
32: 21 31 33
33: 4 30 32
34: 3 28 29
35: 2 27 38
36: 2 31 37
37: 4 36 38
38: 3 35 37

1: 2 3 4
2: 1 36 38
3: 1 35 37
4: 1 33 34
5: 24 27 28
6: 25 26 28
7: 8 19 23
8: 7 9 29
9: 8 10 30
10: 9 13 32
11: 14 17 31
12: 15 20 31
13: 10 14 29
14: 11 13 30
15: 12 16 21
16: 15 18 22
17: 11 18 21
18: 16 17 20
19: 7 22 27
20: 12 18 25
21: 15 17 25
22: 16 19 24
23: 7 24 26
24: 5 22 23
25: 6 20 21
26: 6 23 27
27: 5 19 26
28: 5 6 37
29: 8 13 33
30: 9 14 33
31: 11 12 34
32: 10 35 36
33: 4 29 30
34: 4 31 38
35: 3 32 38
36: 2 32 37
37: 3 28 36
38: 2 34 35

1: 2 3 4
2: 1 35 36
3: 1 34 38
4: 1 33 37
5: 11 13 15
6: 7 10 15
7: 6 11 14
8: 9 16 19
9: 8 12 22
10: 6 13 20
11: 5 7 20
12: 9 14 18
13: 5 10 17
14: 7 12 19
15: 5 6 21
16: 8 17 18
17: 13 16 32
18: 12 16 30
19: 8 14 30
20: 10 11 31
21: 15 24 27
22: 9 23 28
23: 22 25 29
24: 21 26 29
25: 23 26 27
26: 24 25 28
27: 21 25 36
28: 22 26 34
29: 23 24 34
30: 18 19 33
31: 20 32 33
32: 17 31 35
33: 4 30 31
34: 3 28 29
35: 2 32 38
36: 2 27 37
37: 4 36 38
38: 3 35 37

1: 2 3 4
2: 1 34 37
3: 1 33 38
4: 1 35 36
5: 6 7 26
6: 5 15 25
7: 5 23 24
8: 9 10 15
9: 8 14 22
10: 8 12 13
11: 13 18 21
12: 10 19 22
13: 10 11 14
14: 9 13 19
15: 6 8 23
16: 17 20 28
17: 16 21 32
18: 11 20 32
19: 12 14 30
20: 16 18 31
21: 11 17 31
22: 9 12 27
23: 7 15 29
24: 7 25 30
25: 6 24 29
26: 5 27 28
27: 22 26 35
28: 16 26 33
29: 23 25 34
30: 19 24 34
31: 20 21 36
32: 17 18 33
33: 3 28 32
34: 2 29 30
35: 4 27 38
36: 4 31 37
37: 2 36 38
38: 3 35 37

1: 2 3 4
2: 1 36 38
3: 1 35 37
4: 1 33 34
5: 25 27 28
6: 24 26 28
7: 8 9 32
8: 7 20 22
9: 7 19 21
10: 14 15 29
11: 13 17 29
12: 13 14 30
13: 11 12 15
14: 10 12 17
15: 10 13 16
16: 15 21 23
17: 11 14 22
18: 19 20 23
19: 9 18 22
20: 8 18 21
21: 9 16 20
22: 8 17 19
23: 16 18 26
24: 6 27 31
25: 5 26 31
26: 6 23 25
27: 5 24 30
28: 5 6 37
29: 10 11 33
30: 12 27 33
31: 24 25 34
32: 7 35 36
33: 4 29 30
34: 4 31 38
35: 3 32 38
36: 2 32 37
37: 3 28 36
38: 2 34 35

1: 2 3 4
2: 1 35 36
3: 1 34 38
4: 1 33 37
5: 11 13 15
6: 7 10 15
7: 6 11 14
8: 9 16 19
9: 8 12 22
10: 6 13 20
11: 5 7 20
12: 9 14 18
13: 5 10 17
14: 7 12 19
15: 5 6 21
16: 8 17 18
17: 13 16 32
18: 12 16 30
19: 8 14 30
20: 10 11 31
21: 15 25 29
22: 9 23 27
23: 22 24 28
24: 23 26 29
25: 21 26 28
26: 24 25 27
27: 22 26 36
28: 23 25 34
29: 21 24 34
30: 18 19 33
31: 20 32 33
32: 17 31 35
33: 4 30 31
34: 3 28 29
35: 2 32 38
36: 2 27 37
37: 4 36 38
38: 3 35 37

1: 2 3 4
2: 1 36 38
3: 1 35 37
4: 1 33 34
5: 24 27 28
6: 25 26 28
7: 8 16 31
8: 7 17 32
9: 11 12 22
10: 11 21 23
11: 9 10 16
12: 9 15 19
13: 14 18 20
14: 13 19 30
15: 12 18 30
16: 7 11 29
17: 8 24 29
18: 13 15 27
19: 12 14 27
20: 13 21 25
21: 10 20 26
22: 9 23 26
23: 10 22 25
24: 5 17 31
25: 6 20 23
26: 6 21 22
27: 5 18 19
28: 5 6 37
29: 16 17 33
30: 14 15 34
31: 7 24 33
32: 8 35 36
33: 4 29 31
34: 4 30 38
35: 3 32 38
36: 2 32 37
37: 3 28 36
38: 2 34 35

1: 2 3 4
2: 1 33 34
3: 1 36 38
4: 1 35 37
5: 6 7 29
6: 5 20 21
7: 5 18 19
8: 11 13 14
9: 10 13 15
10: 9 12 14
11: 8 12 15
12: 10 11 21
13: 8 9 20
14: 8 10 16
15: 9 11 17
16: 14 19 31
17: 15 19 30
18: 7 30 31
19: 7 16 17
20: 6 13 25
21: 6 12 26
22: 23 24 29
23: 22 25 28
24: 22 26 27
25: 20 23 27
26: 21 24 28
27: 24 25 34
28: 23 26 34
29: 5 22 33
30: 17 18 38
31: 16 18 37
32: 33 35 36
33: 2 29 32
34: 2 27 28
35: 4 32 38
36: 3 32 37
37: 4 31 36
38: 3 30 35

1: 2 3 4
2: 1 33 38
3: 1 34 35
4: 1 36 37
5: 6 7 32
6: 5 23 31
7: 5 22 30
8: 9 10 19
9: 8 15 17
10: 8 14 16
11: 13 17 29
12: 13 16 24
13: 11 12 28
14: 10 17 18
15: 9 16 18
16: 10 12 15
17: 9 11 14
18: 14 15 20
19: 8 20 21
20: 18 19 23
21: 19 22 24
22: 7 21 31
23: 6 20 30
24: 12 21 38
25: 27 29 35
26: 27 28 34
27: 25 26 33
28: 13 26 35
29: 11 25 34
30: 7 23 36
31: 6 22 36
32: 5 33 37
33: 2 27 32
34: 3 26 29
35: 3 25 28
36: 4 30 31
37: 4 32 38
38: 2 24 37

1: 2 3 4
2: 1 35 36
3: 1 34 38
4: 1 33 37
5: 6 7 32
6: 5 25 31
7: 5 26 27
8: 9 10 31
9: 8 24 27
10: 8 23 26
11: 15 16 30
12: 14 17 30
13: 14 15 29
14: 12 13 16
15: 11 13 17
16: 11 14 18
17: 12 15 19
18: 16 19 22
19: 17 18 21
20: 21 22 25
21: 19 20 24
22: 18 20 23
23: 10 22 27
24: 9 21 26
25: 6 20 28
26: 7 10 24
27: 7 9 23
28: 25 29 36
29: 13 28 34
30: 11 12 34
31: 6 8 33
32: 5 33 35
33: 4 31 32
34: 3 29 30
35: 2 32 38
36: 2 28 37
37: 4 36 38
38: 3 35 37

1: 2 3 4
2: 1 33 34
3: 1 36 38
4: 1 35 37
5: 13 14 15
6: 10 16 17
7: 9 16 18
8: 9 10 15
9: 7 8 17
10: 6 8 18
11: 12 22 26
12: 11 21 25
13: 5 20 27
14: 5 19 28
15: 5 8 23
16: 6 7 23
17: 6 9 25
18: 7 10 26
19: 14 24 27
20: 13 24 28
21: 12 31 32
22: 11 29 30
23: 15 16 33
24: 19 20 33
25: 12 17 34
26: 11 18 34
27: 13 19 37
28: 14 20 38
29: 22 32 36
30: 22 31 35
31: 21 30 36
32: 21 29 35
33: 2 23 24
34: 2 25 26
35: 4 30 32
36: 3 29 31
37: 4 27 38
38: 3 28 37

1: 2 3 4
2: 1 35 36
3: 1 33 38
4: 1 34 37
5: 8 9 25
6: 14 17 20
7: 15 16 20
8: 5 13 16
9: 5 15 17
10: 13 22 24
11: 12 14 24
12: 11 22 23
13: 8 10 23
14: 6 11 15
15: 7 9 14
16: 7 8 17
17: 6 9 16
18: 21 26 29
19: 21 25 28
20: 6 7 27
21: 18 19 32
22: 10 12 31
23: 12 13 30
24: 10 11 30
25: 5 19 29
26: 18 27 28
27: 20 26 33
28: 19 26 35
29: 18 25 34
30: 23 24 33
31: 22 32 36
32: 21 31 34
33: 3 27 30
34: 4 29 32
35: 2 28 38
36: 2 31 37
37: 4 36 38
38: 3 35 37

1: 2 3 4
2: 1 33 34
3: 1 36 38
4: 1 35 37
5: 6 26 32
6: 5 7 8
7: 6 25 31
8: 6 24 30
9: 12 14 28
10: 11 13 14
11: 10 27 28
12: 9 13 27
13: 10 12 26
14: 9 10 19
15: 20 21 29
16: 17 19 20
17: 16 18 21
18: 17 23 29
19: 14 16 22
20: 15 16 23
21: 15 17 22
22: 19 21 25
23: 18 20 24
24: 8 23 31
25: 7 22 30
26: 5 13 38
27: 11 12 33
28: 9 11 37
29: 15 18 33
30: 8 25 34
31: 7 24 34
32: 5 35 36
33: 2 27 29
34: 2 30 31
35: 4 32 38
36: 3 32 37
37: 4 28 36
38: 3 26 35

1: 2 3 4
2: 1 36 38
3: 1 35 37
4: 1 33 34
5: 25 27 28
6: 24 26 28
7: 19 21 30
8: 18 20 30
9: 10 12 16
10: 9 13 14
11: 12 14 15
12: 9 11 23
13: 10 15 23
14: 10 11 22
15: 11 13 21
16: 9 20 22
17: 18 19 29
18: 8 17 21
19: 7 17 20
20: 8 16 19
21: 7 15 18
22: 14 16 27
23: 12 13 26
24: 6 27 31
25: 5 26 31
26: 6 23 25
27: 5 22 24
28: 5 6 37
29: 17 32 33
30: 7 8 33
31: 24 25 34
32: 29 35 36
33: 4 29 30
34: 4 31 38
35: 3 32 38
36: 2 32 37
37: 3 28 36
38: 2 34 35

1: 2 3 4
2: 1 34 38
3: 1 33 37
4: 1 35 36
5: 8 9 11
6: 7 10 11
7: 6 9 16
8: 5 10 16
9: 5 7 14
10: 6 8 15
11: 5 6 13
12: 13 14 15
13: 11 12 18
14: 9 12 20
15: 10 12 19
16: 7 8 17
17: 16 21 27
18: 13 22 30
19: 15 24 29
20: 14 23 28
21: 17 25 30
22: 18 25 27
23: 20 26 29
24: 19 26 28
25: 21 22 32
26: 23 24 31
27: 17 22 33
28: 20 24 34
29: 19 23 34
30: 18 21 33
31: 26 32 36
32: 25 31 35
33: 3 27 30
34: 2 28 29
35: 4 32 38
36: 4 31 37
37: 3 36 38
38: 2 35 37

1: 2 3 4
2: 1 33 34
3: 1 36 38
4: 1 35 37
5: 6 7 32
6: 5 25 31
7: 5 29 30
8: 22 24 25
9: 21 23 25
10: 11 12 19
11: 10 15 16
12: 10 13 14
13: 12 16 18
14: 12 15 17
15: 11 14 18
16: 11 13 28
17: 14 27 28
18: 13 15 24
19: 10 23 27
20: 21 22 26
21: 9 20 24
22: 8 20 23
23: 9 19 22
24: 8 18 21
25: 6 8 9
26: 20 30 34
27: 17 19 38
28: 16 17 37
29: 7 31 34
30: 7 26 33
31: 6 29 33
32: 5 35 36
33: 2 30 31
34: 2 26 29
35: 4 32 38
36: 3 32 37
37: 4 28 36
38: 3 27 35

1: 2 3 4
2: 1 36 38
3: 1 35 37
4: 1 33 34
5: 25 27 28
6: 24 26 28
7: 8 9 32
8: 7 20 22
9: 7 19 21
10: 13 15 23
11: 12 14 30
12: 11 15 16
13: 10 14 16
14: 11 13 18
15: 10 12 18
16: 12 13 17
17: 16 22 23
18: 14 15 21
19: 9 22 29
20: 8 21 29
21: 9 18 20
22: 8 17 19
23: 10 17 26
24: 6 27 31
25: 5 26 31
26: 6 23 25
27: 5 24 30
28: 5 6 37
29: 19 20 33
30: 11 27 33
31: 24 25 34
32: 7 35 36
33: 4 29 30
34: 4 31 38
35: 3 32 38
36: 2 32 37
37: 3 28 36
38: 2 34 35

1: 2 3 4
2: 1 33 34
3: 1 36 38
4: 1 35 37
5: 6 7 32
6: 5 25 31
7: 5 29 30
8: 22 24 25
9: 21 23 25
10: 11 17 18
11: 10 12 13
12: 11 16 19
13: 11 14 15
14: 13 16 18
15: 13 19 27
16: 12 14 28
17: 10 27 28
18: 10 14 24
19: 12 15 23
20: 21 22 26
21: 9 20 24
22: 8 20 23
23: 9 19 22
24: 8 18 21
25: 6 8 9
26: 20 30 34
27: 15 17 38
28: 16 17 37
29: 7 31 34
30: 7 26 33
31: 6 29 33
32: 5 35 36
33: 2 30 31
34: 2 26 29
35: 4 32 38
36: 3 32 37
37: 4 28 36
38: 3 27 35

1: 2 3 4
2: 1 36 38
3: 1 35 37
4: 1 33 34
5: 6 26 32
6: 5 27 28
7: 8 9 26
8: 7 23 25
9: 7 22 24
10: 11 12 19
11: 10 14 15
12: 10 13 16
13: 12 14 17
14: 11 13 18
15: 11 17 30
16: 12 18 31
17: 13 15 21
18: 14 16 20
19: 10 20 21
20: 18 19 25
21: 17 19 24
22: 9 25 29
23: 8 24 29
24: 9 21 23
25: 8 20 22
26: 5 7 37
27: 6 31 34
28: 6 30 33
29: 22 23 38
30: 15 28 34
31: 16 27 33
32: 5 35 36
33: 4 28 31
34: 4 27 30
35: 3 32 38
36: 2 32 37
37: 3 26 36
38: 2 29 35

1: 2 3 4
2: 1 36 38
3: 1 35 37
4: 1 33 34
5: 6 7 32
6: 5 25 31
7: 5 29 30
8: 24 25 28
9: 22 23 25
10: 19 20 31
11: 17 23 24
12: 16 21 24
13: 18 20 26
14: 19 22 26
15: 16 17 27
16: 12 15 23
17: 11 15 21
18: 13 19 21
19: 10 14 18
20: 10 13 22
21: 12 17 18
22: 9 14 20
23: 9 11 16
24: 8 11 12
25: 6 8 9
26: 13 14 38
27: 15 30 34
28: 8 29 33
29: 7 28 34
30: 7 27 33
31: 6 10 37
32: 5 35 36
33: 4 28 30
34: 4 27 29
35: 3 32 38
36: 2 32 37
37: 3 31 36
38: 2 26 35

1: 2 3 4
2: 1 36 38
3: 1 35 37
4: 1 33 34
5: 25 27 28
6: 24 26 28
7: 8 9 32
8: 7 20 22
9: 7 19 21
10: 15 16 23
11: 12 14 15
12: 11 13 16
13: 12 18 23
14: 11 17 30
15: 10 11 18
16: 10 12 17
17: 14 16 22
18: 13 15 21
19: 9 22 29
20: 8 21 29
21: 9 18 20
22: 8 17 19
23: 10 13 26
24: 6 27 31
25: 5 26 31
26: 6 23 25
27: 5 24 30
28: 5 6 37
29: 19 20 33
30: 14 27 33
31: 24 25 34
32: 7 35 36
33: 4 29 30
34: 4 31 38
35: 3 32 38
36: 2 32 37
37: 3 28 36
38: 2 34 35

1: 2 3 4
2: 1 36 38
3: 1 35 37
4: 1 33 34
5: 25 27 28
6: 24 26 28
7: 8 9 32
8: 7 19 22
9: 7 20 21
10: 11 12 18
11: 10 14 16
12: 10 13 15
13: 12 16 23
14: 11 15 30
15: 12 14 20
16: 11 13 20
17: 18 22 23
18: 10 17 19
19: 8 18 29
20: 9 15 16
21: 9 22 29
22: 8 17 21
23: 13 17 26
24: 6 27 31
25: 5 26 31
26: 6 23 25
27: 5 24 30
28: 5 6 37
29: 19 21 33
30: 14 27 33
31: 24 25 34
32: 7 35 36
33: 4 29 30
34: 4 31 38
35: 3 32 38
36: 2 32 37
37: 3 28 36
38: 2 34 35

1: 2 3 4
2: 1 36 38
3: 1 35 37
4: 1 33 34
5: 25 27 28
6: 24 26 28
7: 8 9 32
8: 7 21 30
9: 7 19 20
10: 11 19 21
11: 10 12 22
12: 11 14 16
13: 15 18 23
14: 12 18 29
15: 13 16 29
16: 12 15 17
17: 16 18 20
18: 13 14 17
19: 9 10 30
20: 9 17 21
21: 8 10 20
22: 11 23 27
23: 13 22 26
24: 6 27 31
25: 5 26 31
26: 6 23 25
27: 5 22 24
28: 5 6 37
29: 14 15 33
30: 8 19 33
31: 24 25 34
32: 7 35 36
33: 4 29 30
34: 4 31 38
35: 3 32 38
36: 2 32 37
37: 3 28 36
38: 2 34 35

1: 2 3 4
2: 1 35 36
3: 1 34 38
4: 1 33 37
5: 6 7 32
6: 5 25 27
7: 5 24 26
8: 14 15 28
9: 16 17 28
10: 11 12 29
11: 10 20 22
12: 10 18 19
13: 16 18 20
14: 8 21 30
15: 8 17 31
16: 9 13 31
17: 9 15 30
18: 12 13 22
19: 12 20 21
20: 11 13 19
21: 14 19 27
22: 11 18 26
23: 24 25 29
24: 7 23 27
25: 6 23 26
26: 7 22 25
27: 6 21 24
28: 8 9 36
29: 10 23 33
30: 14 17 34
31: 15 16 34
32: 5 33 35
33: 4 29 32
34: 3 30 31
35: 2 32 38
36: 2 28 37
37: 4 36 38
38: 3 35 37

1: 2 3 4
2: 1 35 36
3: 1 34 38
4: 1 33 37
5: 6 7 32
6: 5 27 30
7: 5 26 31
8: 10 16 29
9: 14 15 29
10: 8 12 14
11: 17 20 28
12: 10 13 20
13: 12 19 28
14: 9 10 21
15: 9 16 18
16: 8 15 21
17: 11 18 19
18: 15 17 23
19: 13 17 22
20: 11 12 22
21: 14 16 23
22: 19 20 25
23: 18 21 24
24: 23 25 27
25: 22 24 26
26: 7 25 30
27: 6 24 31
28: 11 13 33
29: 8 9 35
30: 6 26 36
31: 7 27 34
32: 5 33 34
33: 4 28 32
34: 3 31 32
35: 2 29 38
36: 2 30 37
37: 4 36 38
38: 3 35 37

1: 2 3 4
2: 1 35 36
3: 1 34 38
4: 1 33 37
5: 6 7 32
6: 5 27 31
7: 5 26 30
8: 10 16 29
9: 14 15 29
10: 8 12 14
11: 17 20 28
12: 10 13 20
13: 12 19 28
14: 9 10 21
15: 9 16 18
16: 8 15 21
17: 11 18 19
18: 15 17 23
19: 13 17 22
20: 11 12 22
21: 14 16 23
22: 19 20 25
23: 18 21 24
24: 23 25 27
25: 22 24 26
26: 7 25 31
27: 6 24 30
28: 11 13 33
29: 8 9 35
30: 7 27 36
31: 6 26 34
32: 5 33 34
33: 4 28 32
34: 3 31 32
35: 2 29 38
36: 2 30 37
37: 4 36 38
38: 3 35 37

1: 2 3 4
2: 1 35 36
3: 1 33 38
4: 1 34 37
5: 8 22 30
6: 11 28 29
7: 13 28 31
8: 5 9 10
9: 8 25 26
10: 8 20 21
11: 6 12 27
12: 11 13 15
13: 7 12 14
14: 13 17 23
15: 12 18 19
16: 19 21 24
17: 14 18 20
18: 15 17 21
19: 15 16 20
20: 10 17 19
21: 10 16 18
22: 5 32 37
23: 14 26 36
24: 16 25 35
25: 9 24 36
26: 9 23 35
27: 11 31 38
28: 6 7 38
29: 6 30 37
30: 5 29 34
31: 7 27 33
32: 22 33 34
33: 3 31 32
34: 4 30 32
35: 2 24 26
36: 2 23 25
37: 4 22 29
38: 3 27 28

1: 2 3 4
2: 1 34 38
3: 1 35 36
4: 1 33 37
5: 9 14 17
6: 9 15 16
7: 8 12 13
8: 7 9 18
9: 5 6 8
10: 13 17 20
11: 12 16 19
12: 7 11 20
13: 7 10 19
14: 5 15 24
15: 6 14 21
16: 6 11 24
17: 5 10 21
18: 8 22 23
19: 11 13 30
20: 10 12 30
21: 15 17 32
22: 18 26 29
23: 18 25 28
24: 14 16 31
25: 23 27 29
26: 22 27 28
27: 25 26 33
28: 23 26 34
29: 22 25 36
30: 19 20 33
31: 24 32 34
32: 21 31 35
33: 4 27 30
34: 2 28 31
35: 3 32 38
36: 3 29 37
37: 4 36 38
38: 2 35 37

1: 2 3 4
2: 1 35 36
3: 1 33 38
4: 1 34 37
5: 8 22 30
6: 11 28 29
7: 13 28 31
8: 5 9 10
9: 8 25 26
10: 8 20 21
11: 6 12 27
12: 11 13 14
13: 7 12 15
14: 12 17 23
15: 13 18 19
16: 19 21 24
17: 14 18 20
18: 15 17 21
19: 15 16 20
20: 10 17 19
21: 10 16 18
22: 5 32 37
23: 14 26 36
24: 16 25 35
25: 9 24 36
26: 9 23 35
27: 11 31 38
28: 6 7 38
29: 6 30 37
30: 5 29 34
31: 7 27 33
32: 22 33 34
33: 3 31 32
34: 4 30 32
35: 2 24 26
36: 2 23 25
37: 4 22 29
38: 3 27 28

1: 2 3 4
2: 1 36 38
3: 1 35 37
4: 1 33 34
5: 6 7 32
6: 5 30 31
7: 5 24 25
8: 9 12 13
9: 8 10 11
10: 9 15 26
11: 9 14 27
12: 8 17 18
13: 8 16 19
14: 11 23 26
15: 10 23 27
16: 13 18 22
17: 12 19 22
18: 12 16 20
19: 13 17 21
20: 18 25 29
21: 19 25 28
22: 16 17 24
23: 14 15 24
24: 7 22 23
25: 7 20 21
26: 10 14 37
27: 11 15 38
28: 21 31 34
29: 20 30 33
30: 6 29 34
31: 6 28 33
32: 5 35 36
33: 4 29 31
34: 4 28 30
35: 3 32 38
36: 2 32 37
37: 3 26 36
38: 2 27 35

1: 2 3 4
2: 1 36 38
3: 1 35 37
4: 1 33 34
5: 6 7 32
6: 5 30 31
7: 5 24 25
8: 9 10 20
9: 8 19 26
10: 8 11 18
11: 10 14 15
12: 14 16 27
13: 15 17 28
14: 11 12 17
15: 11 13 16
16: 12 15 23
17: 13 14 23
18: 10 19 22
19: 9 18 21
20: 8 21 22
21: 19 20 25
22: 18 20 24
23: 16 17 25
24: 7 22 29
25: 7 21 23
26: 9 29 38
27: 12 31 34
28: 13 30 33
29: 24 26 37
30: 6 28 34
31: 6 27 33
32: 5 35 36
33: 4 28 31
34: 4 27 30
35: 3 32 38
36: 2 32 37
37: 3 29 36
38: 2 26 35

1: 2 3 4
2: 1 33 38
3: 1 35 37
4: 1 34 36
5: 6 7 32
6: 5 15 18
7: 5 16 17
8: 9 10 20
9: 8 14 18
10: 8 13 17
11: 15 28 31
12: 16 27 31
13: 10 18 19
14: 9 17 19
15: 6 11 27
16: 7 12 28
17: 7 10 14
18: 6 9 13
19: 13 14 22
20: 8 21 22
21: 20 24 32
22: 19 20 23
23: 22 26 30
24: 21 25 29
25: 24 30 33
26: 23 29 33
27: 12 15 35
28: 11 16 35
29: 24 26 34
30: 23 25 34
31: 11 12 37
32: 5 21 36
33: 2 25 26
34: 4 29 30
35: 3 27 28
36: 4 32 38
37: 3 31 38
38: 2 36 37

1: 2 3 4
2: 1 33 38
3: 1 35 37
4: 1 34 36
5: 15 16 32
6: 19 20 29
7: 13 21 29
8: 16 28 30
9: 23 24 30
10: 11 12 31
11: 10 24 26
12: 10 23 25
13: 7 14 19
14: 13 18 20
15: 5 17 28
16: 5 8 27
17: 15 18 27
18: 14 17 22
19: 6 13 22
20: 6 14 21
21: 7 20 26
22: 18 19 25
23: 9 12 26
24: 9 11 25
25: 12 22 24
26: 11 21 23
27: 16 17 35
28: 8 15 35
29: 6 7 34
30: 8 9 37
31: 10 33 34
32: 5 33 36
33: 2 31 32
34: 4 29 31
35: 3 27 28
36: 4 32 38
37: 3 30 38
38: 2 36 37

1: 2 3 4
2: 1 33 34
3: 1 36 38
4: 1 35 37
5: 6 7 32
6: 5 23 24
7: 5 22 25
8: 19 26 31
9: 14 16 27
10: 11 27 28
11: 10 12 14
12: 11 15 16
13: 15 17 18
14: 9 11 29
15: 12 13 29
16: 9 12 28
17: 13 21 25
18: 13 19 22
19: 8 18 25
20: 24 26 30
21: 17 22 23
22: 7 18 21
23: 6 21 30
24: 6 20 31
25: 7 17 19
26: 8 20 34
27: 9 10 34
28: 10 16 38
29: 14 15 37
30: 20 23 33
31: 8 24 33
32: 5 35 36
33: 2 30 31
34: 2 26 27
35: 4 32 38
36: 3 32 37
37: 4 29 36
38: 3 28 35

1: 2 3 4
2: 1 35 36
3: 1 34 38
4: 1 33 37
5: 6 7 32
6: 5 27 31
7: 5 26 30
8: 9 10 29
9: 8 18 20
10: 8 17 19
11: 12 13 23
12: 11 14 22
13: 11 15 21
14: 12 16 21
15: 13 19 22
16: 14 20 23
17: 10 20 28
18: 9 19 28
19: 10 15 18
20: 9 16 17
21: 13 14 24
22: 12 15 25
23: 11 16 25
24: 21 27 29
25: 22 23 26
26: 7 25 31
27: 6 24 30
28: 17 18 33
29: 8 24 35
30: 7 27 36
31: 6 26 34
32: 5 33 34
33: 4 28 32
34: 3 31 32
35: 2 29 38
36: 2 30 37
37: 4 36 38
38: 3 35 37

1: 2 3 4
2: 1 35 36
3: 1 34 38
4: 1 33 37
5: 6 7 32
6: 5 27 30
7: 5 26 31
8: 9 10 29
9: 8 18 20
10: 8 17 19
11: 12 13 23
12: 11 14 22
13: 11 15 21
14: 12 16 21
15: 13 19 22
16: 14 20 23
17: 10 20 28
18: 9 19 28
19: 10 15 18
20: 9 16 17
21: 13 14 24
22: 12 15 25
23: 11 16 25
24: 21 27 29
25: 22 23 26
26: 7 25 30
27: 6 24 31
28: 17 18 33
29: 8 24 35
30: 6 26 36
31: 7 27 34
32: 5 33 34
33: 4 28 32
34: 3 31 32
35: 2 29 38
36: 2 30 37
37: 4 36 38
38: 3 35 37

1: 2 3 4
2: 1 36 38
3: 1 35 37
4: 1 33 34
5: 8 9 26
6: 24 25 31
7: 27 28 31
8: 5 23 30
9: 5 22 29
10: 11 21 24
11: 10 12 13
12: 11 18 19
13: 11 17 20
14: 17 18 24
15: 16 19 28
16: 15 20 27
17: 13 14 19
18: 12 14 20
19: 12 15 17
20: 13 16 18
21: 10 23 25
22: 9 25 30
23: 8 21 29
24: 6 10 14
25: 6 21 22
26: 5 32 33
27: 7 16 38
28: 7 15 37
29: 9 23 34
30: 8 22 34
31: 6 7 33
32: 26 35 36
33: 4 26 31
34: 4 29 30
35: 3 32 38
36: 2 32 37
37: 3 28 36
38: 2 27 35

1: 2 3 4
2: 1 36 37
3: 1 33 38
4: 1 34 35
5: 7 11 12
6: 7 10 13
7: 5 6 19
8: 9 16 21
9: 8 15 20
10: 6 12 14
11: 5 13 14
12: 5 10 15
13: 6 11 16
14: 10 11 17
15: 9 12 18
16: 8 13 18
17: 14 22 27
18: 15 16 27
19: 7 22 30
20: 9 24 26
21: 8 23 25
22: 17 19 29
23: 21 26 28
24: 20 25 28
25: 21 24 36
26: 20 23 36
27: 17 18 38
28: 23 24 37
29: 22 32 35
30: 19 31 34
31: 30 33 35
32: 29 33 34
33: 3 31 32
34: 4 30 32
35: 4 29 31
36: 2 25 26
37: 2 28 38
38: 3 27 37

1: 2 3 4
2: 1 33 38
3: 1 35 37
4: 1 34 36
5: 23 25 31
6: 22 24 31
7: 17 18 32
8: 15 16 26
9: 13 14 16
10: 12 14 27
11: 14 15 21
12: 10 13 15
13: 9 12 21
14: 9 10 11
15: 8 11 12
16: 8 9 19
17: 7 20 30
18: 7 19 29
19: 16 18 30
20: 17 26 29
21: 11 13 24
22: 6 25 28
23: 5 24 28
24: 6 21 23
25: 5 22 27
26: 8 20 33
27: 10 25 35
28: 22 23 35
29: 18 20 34
30: 17 19 34
31: 5 6 36
32: 7 33 37
33: 2 26 32
34: 4 29 30
35: 3 27 28
36: 4 31 38
37: 3 32 38
38: 2 36 37

1: 2 3 4
2: 1 33 38
3: 1 35 37
4: 1 34 36
5: 9 10 13
6: 7 8 13
7: 6 15 31
8: 6 14 32
9: 5 12 18
10: 5 11 19
11: 10 18 20
12: 9 19 20
13: 5 6 21
14: 8 24 31
15: 7 24 32
16: 23 29 30
17: 22 27 28
18: 9 11 22
19: 10 12 23
20: 11 12 21
21: 13 20 25
22: 17 18 26
23: 16 19 26
24: 14 15 25
25: 21 24 33
26: 22 23 33
27: 17 30 35
28: 17 29 34
29: 16 28 35
30: 16 27 34
31: 7 14 36
32: 8 15 37
33: 2 25 26
34: 4 28 30
35: 3 27 29
36: 4 31 38
37: 3 32 38
38: 2 36 37

1: 2 3 4
2: 1 33 36
3: 1 35 38
4: 1 34 37
5: 8 10 13
6: 7 10 14
7: 6 9 13
8: 5 9 14
9: 7 8 12
10: 5 6 11
11: 10 12 32
12: 9 11 31
13: 5 7 29
14: 6 8 30
15: 17 24 27
16: 18 23 27
17: 15 23 31
18: 16 24 32
19: 22 26 28
20: 21 25 28
21: 20 26 30
22: 19 25 29
23: 16 17 35
24: 15 18 35
25: 20 22 34
26: 19 21 34
27: 15 16 38
28: 19 20 37
29: 13 22 36
30: 14 21 36
31: 12 17 33
32: 11 18 33
33: 2 31 32
34: 4 25 26
35: 3 23 24
36: 2 29 30
37: 4 28 38
38: 3 27 37

1: 2 3 4
2: 1 33 38
3: 1 35 37
4: 1 34 36
5: 6 7 18
6: 5 14 16
7: 5 13 15
8: 11 27 29
9: 12 28 30
10: 11 12 31
11: 8 10 16
12: 9 10 15
13: 7 16 17
14: 6 15 17
15: 7 12 14
16: 6 11 13
17: 13 14 19
18: 5 19 20
19: 17 18 24
20: 18 23 31
21: 24 26 32
22: 23 25 32
23: 20 22 26
24: 19 21 25
25: 22 24 33
26: 21 23 33
27: 8 30 35
28: 9 29 35
29: 8 28 34
30: 9 27 34
31: 10 20 37
32: 21 22 36
33: 2 25 26
34: 4 29 30
35: 3 27 28
36: 4 32 38
37: 3 31 38
38: 2 36 37

1: 2 3 4
2: 1 36 38
3: 1 35 37
4: 1 33 34
5: 25 27 28
6: 24 26 28
7: 8 9 32
8: 7 20 22
9: 7 19 21
10: 15 16 23
11: 14 16 29
12: 13 14 30
13: 12 16 17
14: 11 12 15
15: 10 14 17
16: 10 11 13
17: 13 15 22
18: 19 20 23
19: 9 18 22
20: 8 18 21
21: 9 20 29
22: 8 17 19
23: 10 18 26
24: 6 27 31
25: 5 26 31
26: 6 23 25
27: 5 24 30
28: 5 6 37
29: 11 21 33
30: 12 27 33
31: 24 25 34
32: 7 35 36
33: 4 29 30
34: 4 31 38
35: 3 32 38
36: 2 32 37
37: 3 28 36
38: 2 34 35

1: 2 3 4
2: 1 36 38
3: 1 35 37
4: 1 33 34
5: 6 7 32
6: 5 23 24
7: 5 22 25
8: 9 10 15
9: 8 14 29
10: 8 12 13
11: 13 28 29
12: 10 26 28
13: 10 11 27
14: 9 20 21
15: 8 16 17
16: 15 18 31
17: 15 19 30
18: 16 22 30
19: 17 23 31
20: 14 23 25
21: 14 22 24
22: 7 18 21
23: 6 19 20
24: 6 21 25
25: 7 20 24
26: 12 27 38
27: 13 26 33
28: 11 12 33
29: 9 11 37
30: 17 18 34
31: 16 19 34
32: 5 35 36
33: 4 27 28
34: 4 30 31
35: 3 32 38
36: 2 32 37
37: 3 29 36
38: 2 26 35

1: 2 3 4
2: 1 36 38
3: 1 35 37
4: 1 33 34
5: 25 27 28
6: 24 26 28
7: 8 22 32
8: 7 11 12
9: 16 17 23
10: 20 21 23
11: 8 15 17
12: 8 14 16
13: 14 18 22
14: 12 13 17
15: 11 16 19
16: 9 12 15
17: 9 11 14
18: 13 21 30
19: 15 20 29
20: 10 19 30
21: 10 18 29
22: 7 13 27
23: 9 10 26
24: 6 27 31
25: 5 26 31
26: 6 23 25
27: 5 22 24
28: 5 6 37
29: 19 21 33
30: 18 20 33
31: 24 25 34
32: 7 35 36
33: 4 29 30
34: 4 31 38
35: 3 32 38
36: 2 32 37
37: 3 28 36
38: 2 34 35

1: 2 3 4
2: 1 36 38
3: 1 35 37
4: 1 33 34
5: 25 27 28
6: 24 26 28
7: 8 9 32
8: 7 20 22
9: 7 19 21
10: 13 14 23
11: 14 17 29
12: 13 15 29
13: 10 12 17
14: 10 11 15
15: 12 14 16
16: 15 22 30
17: 11 13 21
18: 19 20 23
19: 9 18 22
20: 8 18 21
21: 9 17 20
22: 8 16 19
23: 10 18 26
24: 6 27 31
25: 5 26 31
26: 6 23 25
27: 5 24 30
28: 5 6 37
29: 11 12 33
30: 16 27 33
31: 24 25 34
32: 7 35 36
33: 4 29 30
34: 4 31 38
35: 3 32 38
36: 2 32 37
37: 3 28 36
38: 2 34 35

1: 2 3 4
2: 1 35 36
3: 1 33 38
4: 1 34 37
5: 8 9 25
6: 15 17 20
7: 14 16 20
8: 5 10 12
9: 5 11 13
10: 8 11 24
11: 9 10 23
12: 8 16 23
13: 9 17 24
14: 7 17 22
15: 6 16 22
16: 7 12 15
17: 6 13 14
18: 21 26 29
19: 21 25 28
20: 6 7 27
21: 18 19 31
22: 14 15 32
23: 11 12 30
24: 10 13 30
25: 5 19 29
26: 18 27 28
27: 20 26 35
28: 19 26 33
29: 18 25 33
30: 23 24 34
31: 21 32 36
32: 22 31 34
33: 3 28 29
34: 4 30 32
35: 2 27 38
36: 2 31 37
37: 4 36 38
38: 3 35 37

1: 2 3 4
2: 1 36 38
3: 1 35 37
4: 1 33 34
5: 6 26 32
6: 5 27 28
7: 8 9 26
8: 7 23 25
9: 7 22 24
10: 11 12 21
11: 10 17 31
12: 10 18 30
13: 15 20 29
14: 16 19 29
15: 13 16 17
16: 14 15 18
17: 11 15 19
18: 12 16 20
19: 14 17 25
20: 13 18 24
21: 10 22 23
22: 9 21 25
23: 8 21 24
24: 9 20 23
25: 8 19 22
26: 5 7 37
27: 6 31 34
28: 6 30 33
29: 13 14 38
30: 12 28 34
31: 11 27 33
32: 5 35 36
33: 4 28 31
34: 4 27 30
35: 3 32 38
36: 2 32 37
37: 3 26 36
38: 2 29 35

1: 2 3 4
2: 1 35 36
3: 1 34 38
4: 1 33 37
5: 11 13 15
6: 7 10 15
7: 6 11 14
8: 9 16 19
9: 8 12 22
10: 6 13 20
11: 5 7 20
12: 9 14 18
13: 5 10 19
14: 7 12 17
15: 5 6 21
16: 8 17 18
17: 14 16 32
18: 12 16 30
19: 8 13 30
20: 10 11 31
21: 15 25 29
22: 9 23 27
23: 22 24 28
24: 23 26 29
25: 21 26 28
26: 24 25 27
27: 22 26 36
28: 23 25 34
29: 21 24 34
30: 18 19 33
31: 20 32 33
32: 17 31 35
33: 4 30 31
34: 3 28 29
35: 2 32 38
36: 2 27 37
37: 4 36 38
38: 3 35 37

1: 2 3 4
2: 1 36 38
3: 1 35 37
4: 1 33 34
5: 25 27 28
6: 24 26 28
7: 8 9 23
8: 7 18 22
9: 7 19 20
10: 12 22 30
11: 14 15 32
12: 10 13 18
13: 12 19 21
14: 11 20 31
15: 11 16 29
16: 15 19 31
17: 18 21 30
18: 8 12 17
19: 9 13 16
20: 9 14 29
21: 13 17 27
22: 8 10 26
23: 7 24 25
24: 6 23 27
25: 5 23 26
26: 6 22 25
27: 5 21 24
28: 5 6 37
29: 15 20 33
30: 10 17 34
31: 14 16 33
32: 11 35 36
33: 4 29 31
34: 4 30 38
35: 3 32 38
36: 2 32 37
37: 3 28 36
38: 2 34 35

1: 2 3 4
2: 1 34 35
3: 1 33 38
4: 1 36 37
5: 6 9 11
6: 5 12 13
7: 8 10 12
8: 7 11 13
9: 5 19 20
10: 7 14 17
11: 5 8 18
12: 6 7 18
13: 6 8 17
14: 10 15 16
15: 14 22 26
16: 14 21 25
17: 10 13 28
18: 11 12 27
19: 9 23 30
20: 9 24 29
21: 16 24 26
22: 15 23 25
23: 19 22 38
24: 20 21 37
25: 16 22 36
26: 15 21 36
27: 18 32 35
28: 17 31 34
29: 20 30 38
30: 19 29 37
31: 28 33 35
32: 27 33 34
33: 3 31 32
34: 2 28 32
35: 2 27 31
36: 4 25 26
37: 4 24 30
38: 3 23 29

1: 2 3 4
2: 1 36 38
3: 1 35 37
4: 1 33 34
5: 25 27 28
6: 24 26 28
7: 8 22 32
8: 7 11 12
9: 17 20 23
10: 19 21 23
11: 8 13 16
12: 8 14 18
13: 11 14 17
14: 12 13 15
15: 14 16 22
16: 11 15 18
17: 9 13 19
18: 12 16 29
19: 10 17 30
20: 9 21 30
21: 10 20 29
22: 7 15 27
23: 9 10 26
24: 6 27 31
25: 5 26 31
26: 6 23 25
27: 5 22 24
28: 5 6 37
29: 18 21 33
30: 19 20 33
31: 24 25 34
32: 7 35 36
33: 4 29 30
34: 4 31 38
35: 3 32 38
36: 2 32 37
37: 3 28 36
38: 2 34 35

1: 2 3 4
2: 1 36 38
3: 1 35 37
4: 1 33 34
5: 6 7 32
6: 5 25 31
7: 5 29 30
8: 9 10 25
9: 8 22 24
10: 8 21 23
11: 16 17 28
12: 13 15 16
13: 12 14 17
14: 13 19 27
15: 12 18 28
16: 11 12 19
17: 11 13 18
18: 15 17 24
19: 14 16 23
20: 21 22 26
21: 10 20 24
22: 9 20 23
23: 10 19 22
24: 9 18 21
25: 6 8 29
26: 20 27 37
27: 14 26 34
28: 11 15 38
29: 7 25 33
30: 7 31 34
31: 6 30 33
32: 5 35 36
33: 4 29 31
34: 4 27 30
35: 3 32 38
36: 2 32 37
37: 3 26 36
38: 2 28 35

1: 2 3 4
2: 1 35 36
3: 1 34 38
4: 1 33 37
5: 17 20 21
6: 15 16 20
7: 9 13 24
8: 10 14 25
9: 7 17 25
10: 8 17 24
11: 12 15 23
12: 11 16 22
13: 7 16 23
14: 8 15 22
15: 6 11 14
16: 6 12 13
17: 5 9 10
18: 19 26 30
19: 18 21 32
20: 5 6 30
21: 5 19 27
22: 12 14 28
23: 11 13 28
24: 7 10 29
25: 8 9 29
26: 18 27 31
27: 21 26 33
28: 22 23 36
29: 24 25 34
30: 18 20 33
31: 26 32 34
32: 19 31 35
33: 4 27 30
34: 3 29 31
35: 2 32 38
36: 2 28 37
37: 4 36 38
38: 3 35 37

1: 2 3 4
2: 1 36 38
3: 1 35 37
4: 1 33 34
5: 6 7 32
6: 5 25 31
7: 5 29 30
8: 9 10 25
9: 8 22 23
10: 8 21 24
11: 15 16 28
12: 13 14 26
13: 12 16 17
14: 12 15 18
15: 11 14 17
16: 11 13 18
17: 13 15 21
18: 14 16 22
19: 22 24 27
20: 21 23 27
21: 10 17 20
22: 9 18 19
23: 9 20 24
24: 10 19 23
25: 6 8 26
26: 12 25 34
27: 19 20 38
28: 11 29 37
29: 7 28 33
30: 7 31 34
31: 6 30 33
32: 5 35 36
33: 4 29 31
34: 4 26 30
35: 3 32 38
36: 2 32 37
37: 3 28 36
38: 2 27 35

1: 2 3 4
2: 1 34 37
3: 1 35 36
4: 1 33 38
5: 13 14 16
6: 10 11 12
7: 9 12 21
8: 9 11 20
9: 7 8 19
10: 6 14 18
11: 6 8 21
12: 6 7 20
13: 5 15 19
14: 5 10 17
15: 13 17 18
16: 5 22 23
17: 14 15 27
18: 10 15 29
19: 9 13 27
20: 8 12 32
21: 7 11 29
22: 16 25 30
23: 16 24 28
24: 23 26 30
25: 22 26 28
26: 24 25 31
27: 17 19 33
28: 23 25 34
29: 18 21 36
30: 22 24 35
31: 26 32 34
32: 20 31 33
33: 4 27 32
34: 2 28 31
35: 3 30 38
36: 3 29 37
37: 2 36 38
38: 4 35 37

1: 2 3 4
2: 1 34 38
3: 1 35 36
4: 1 33 37
5: 8 11 14
6: 7 12 14
7: 6 8 13
8: 5 7 10
9: 11 13 20
10: 8 12 17
11: 5 9 21
12: 6 10 19
13: 7 9 18
14: 5 6 17
15: 16 18 22
16: 15 19 23
17: 10 14 27
18: 13 15 30
19: 12 16 32
20: 9 22 30
21: 11 24 28
22: 15 20 27
23: 16 25 29
24: 21 26 29
25: 23 26 28
26: 24 25 31
27: 17 22 33
28: 21 25 34
29: 23 24 34
30: 18 20 33
31: 26 32 36
32: 19 31 35
33: 4 27 30
34: 2 28 29
35: 3 32 38
36: 3 31 37
37: 4 36 38
38: 2 35 37

1: 2 3 4
2: 1 35 36
3: 1 33 38
4: 1 34 37
5: 6 16 24
6: 5 7 14
7: 6 19 20
8: 13 15 18
9: 15 22 23
10: 11 12 18
11: 10 13 21
12: 10 14 17
13: 8 11 17
14: 6 12 32
15: 8 9 31
16: 5 21 30
17: 12 13 26
18: 8 10 26
19: 7 23 28
20: 7 22 27
21: 11 16 25
22: 9 20 28
23: 9 19 27
24: 5 25 29
25: 21 24 35
26: 17 18 36
27: 20 23 34
28: 19 22 33
29: 24 30 36
30: 16 29 35
31: 15 34 38
32: 14 33 37
33: 3 28 32
34: 4 27 31
35: 2 25 30
36: 2 26 29
37: 4 32 38
38: 3 31 37

1: 2 3 4
2: 1 35 36
3: 1 34 38
4: 1 33 37
5: 6 7 32
6: 5 27 30
7: 5 26 31
8: 9 10 29
9: 8 18 20
10: 8 17 19
11: 15 16 21
12: 13 16 28
13: 12 14 21
14: 13 15 22
15: 11 14 28
16: 11 12 19
17: 10 20 23
18: 9 19 23
19: 10 16 18
20: 9 17 22
21: 11 13 24
22: 14 20 25
23: 17 18 25
24: 21 27 29
25: 22 23 26
26: 7 25 30
27: 6 24 31
28: 12 15 33
29: 8 24 35
30: 6 26 36
31: 7 27 34
32: 5 33 34
33: 4 28 32
34: 3 31 32
35: 2 29 38
36: 2 30 37
37: 4 36 38
38: 3 35 37

1: 2 3 4
2: 1 34 38
3: 1 35 36
4: 1 33 37
5: 8 9 30
6: 18 24 25
7: 19 20 24
8: 5 17 22
9: 5 16 21
10: 12 18 20
11: 13 18 19
12: 10 14 19
13: 11 15 20
14: 12 17 23
15: 13 16 23
16: 9 15 22
17: 8 14 21
18: 6 10 11
19: 7 11 12
20: 7 10 13
21: 9 17 26
22: 8 16 26
23: 14 15 27
24: 6 7 28
25: 6 27 29
26: 21 22 38
27: 23 25 34
28: 24 32 36
29: 25 31 35
30: 5 34 37
31: 29 33 36
32: 28 33 35
33: 4 31 32
34: 2 27 30
35: 3 29 32
36: 3 28 31
37: 4 30 38
38: 2 26 37

1: 2 3 4
2: 1 33 34
3: 1 36 38
4: 1 35 37
5: 9 10 31
6: 10 22 26
7: 9 21 26
8: 11 12 25
9: 5 7 22
10: 5 6 21
11: 8 18 19
12: 8 17 20
13: 16 22 24
14: 15 21 24
15: 14 16 19
16: 13 15 20
17: 12 19 23
18: 11 20 23
19: 11 15 17
20: 12 16 18
21: 7 10 14
22: 6 9 13
23: 17 18 30
24: 13 14 28
25: 8 28 29
26: 6 7 27
27: 26 31 34
28: 24 25 34
29: 25 30 38
30: 23 29 37
31: 5 27 33
32: 33 35 36
33: 2 31 32
34: 2 27 28
35: 4 32 38
36: 3 32 37
37: 4 30 36
38: 3 29 35

1: 2 3 4
2: 1 34 37
3: 1 33 38
4: 1 35 36
5: 6 13 14
6: 5 31 32
7: 8 15 18
8: 7 16 17
9: 12 21 22
10: 11 19 20
11: 10 12 24
12: 9 11 23
13: 5 15 25
14: 5 16 26
15: 7 13 27
16: 8 14 28
17: 8 23 26
18: 7 24 25
19: 10 22 29
20: 10 21 30
21: 9 20 29
22: 9 19 30
23: 12 17 28
24: 11 18 27
25: 13 18 36
26: 14 17 35
27: 15 24 36
28: 16 23 35
29: 19 21 33
30: 20 22 34
31: 6 34 38
32: 6 33 37
33: 3 29 32
34: 2 30 31
35: 4 26 28
36: 4 25 27
37: 2 32 38
38: 3 31 37

1: 2 3 4
2: 1 36 38
3: 1 35 37
4: 1 33 34
5: 6 26 32
6: 5 27 28
7: 8 9 26
8: 7 23 24
9: 7 22 25
10: 12 18 20
11: 13 19 21
12: 10 13 31
13: 11 12 30
14: 18 23 29
15: 19 22 29
16: 17 21 25
17: 16 20 24
18: 10 14 24
19: 11 15 25
20: 10 17 23
21: 11 16 22
22: 9 15 21
23: 8 14 20
24: 8 17 18
25: 9 16 19
26: 5 7 37
27: 6 31 34
28: 6 30 33
29: 14 15 38
30: 13 28 34
31: 12 27 33
32: 5 35 36
33: 4 28 31
34: 4 27 30
35: 3 32 38
36: 2 32 37
37: 3 26 36
38: 2 29 35

1: 2 3 4
2: 1 35 36
3: 1 34 38
4: 1 33 37
5: 9 11 13
6: 10 12 14
7: 8 14 20
8: 7 13 21
9: 5 10 23
10: 6 9 22
11: 5 15 21
12: 6 16 20
13: 5 8 19
14: 6 7 18
15: 11 17 19
16: 12 17 18
17: 15 16 31
18: 14 16 28
19: 13 15 27
20: 7 12 28
21: 8 11 27
22: 10 26 30
23: 9 25 29
24: 25 26 32
25: 23 24 30
26: 22 24 29
27: 19 21 34
28: 18 20 34
29: 23 26 33
30: 22 25 33
31: 17 32 36
32: 24 31 35
33: 4 29 30
34: 3 27 28
35: 2 32 38
36: 2 31 37
37: 4 36 38
38: 3 35 37

1: 2 3 4
2: 1 33 38
3: 1 34 37
4: 1 35 36
5: 6 24 32
6: 5 25 26
7: 8 9 27
8: 7 20 22
9: 7 21 23
10: 11 12 31
11: 10 13 30
12: 10 14 16
13: 11 15 17
14: 12 17 19
15: 13 16 19
16: 12 15 18
17: 13 14 18
18: 16 17 20
19: 14 15 21
20: 8 18 28
21: 9 19 29
22: 8 23 29
23: 9 22 28
24: 5 27 38
25: 6 31 36
26: 6 30 35
27: 7 24 33
28: 20 23 34
29: 21 22 34
30: 11 26 36
31: 10 25 35
32: 5 33 37
33: 2 27 32
34: 3 28 29
35: 4 26 31
36: 4 25 30
37: 3 32 38
38: 2 24 37

1: 2 3 4
2: 1 35 36
3: 1 34 37
4: 1 33 38
5: 24 31 32
6: 8 11 16
7: 9 10 12
8: 6 12 13
9: 7 11 13
10: 7 14 17
11: 6 9 15
12: 7 8 15
13: 8 9 14
14: 10 13 23
15: 11 12 22
16: 6 20 21
17: 10 18 19
18: 17 21 25
19: 17 20 26
20: 16 19 25
21: 16 18 26
22: 15 23 30
23: 14 22 29
24: 5 27 28
25: 18 20 33
26: 19 21 34
27: 24 30 36
28: 24 29 35
29: 23 28 36
30: 22 27 35
31: 5 34 38
32: 5 33 37
33: 4 25 32
34: 3 26 31
35: 2 28 30
36: 2 27 29
37: 3 32 38
38: 4 31 37

1: 2 3 4
2: 1 33 34
3: 1 36 38
4: 1 35 37
5: 17 19 31
6: 16 18 31
7: 8 9 11
8: 7 10 12
9: 7 13 20
10: 8 13 21
11: 7 14 21
12: 8 14 20
13: 9 10 19
14: 11 12 18
15: 16 17 30
16: 6 15 19
17: 5 15 18
18: 6 14 17
19: 5 13 16
20: 9 12 26
21: 10 11 25
22: 23 24 29
23: 22 26 28
24: 22 25 27
25: 21 24 28
26: 20 23 27
27: 24 26 34
28: 23 25 34
29: 22 30 33
30: 15 29 38
31: 5 6 37
32: 33 35 36
33: 2 29 32
34: 2 27 28
35: 4 32 38
36: 3 32 37
37: 4 31 36
38: 3 30 35

1: 2 3 4
2: 1 37 38
3: 1 34 35
4: 1 33 36
5: 8 9 10
6: 7 9 11
7: 6 10 16
8: 5 11 16
9: 5 6 13
10: 5 7 14
11: 6 8 15
12: 13 14 15
13: 9 12 20
14: 10 12 19
15: 11 12 18
16: 7 8 17
17: 16 21 22
18: 15 25 26
19: 14 23 24
20: 13 27 28
21: 17 28 32
22: 17 27 31
23: 19 26 29
24: 19 25 30
25: 18 24 29
26: 18 23 30
27: 20 22 32
28: 20 21 31
29: 23 25 33
30: 24 26 34
31: 22 28 36
32: 21 27 35
33: 4 29 38
34: 3 30 37
35: 3 32 38
36: 4 31 37
37: 2 34 36
38: 2 33 35

1: 2 3 4
2: 1 37 38
3: 1 34 35
4: 1 33 36
5: 8 9 12
6: 7 10 12
7: 6 9 11
8: 5 10 11
9: 5 7 13
10: 6 8 14
11: 7 8 16
12: 5 6 15
13: 9 14 18
14: 10 13 17
15: 12 21 23
16: 11 22 24
17: 14 26 28
18: 13 25 27
19: 20 21 22
20: 19 23 24
21: 15 19 29
22: 16 19 30
23: 15 20 30
24: 16 20 29
25: 18 28 32
26: 17 27 32
27: 18 26 31
28: 17 25 31
29: 21 24 34
30: 22 23 33
31: 27 28 36
32: 25 26 35
33: 4 30 38
34: 3 29 37
35: 3 32 38
36: 4 31 37
37: 2 34 36
38: 2 33 35

1: 2 3 4
2: 1 33 38
3: 1 35 37
4: 1 34 36
5: 6 9 11
6: 5 10 12
7: 9 10 16
8: 11 12 15
9: 5 7 13
10: 6 7 14
11: 5 8 14
12: 6 8 13
13: 9 12 24
14: 10 11 23
15: 8 16 26
16: 7 15 25
17: 19 20 32
18: 21 22 31
19: 17 26 28
20: 17 25 27
21: 18 24 30
22: 18 23 29
23: 14 22 30
24: 13 21 29
25: 16 20 28
26: 15 19 27
27: 20 26 35
28: 19 25 35
29: 22 24 34
30: 21 23 34
31: 18 33 37
32: 17 33 36
33: 2 31 32
34: 4 29 30
35: 3 27 28
36: 4 32 38
37: 3 31 38
38: 2 36 37

1: 2 3 4
2: 1 35 36
3: 1 33 38
4: 1 34 37
5: 6 7 32
6: 5 27 31
7: 5 26 30
8: 11 12 28
9: 10 13 28
10: 9 12 29
11: 8 13 29
12: 8 10 14
13: 9 11 15
14: 12 15 17
15: 13 14 16
16: 15 22 23
17: 14 20 21
18: 19 21 22
19: 18 20 23
20: 17 19 24
21: 17 18 25
22: 16 18 24
23: 16 19 25
24: 20 22 26
25: 21 23 27
26: 7 24 31
27: 6 25 30
28: 8 9 36
29: 10 11 33
30: 7 27 34
31: 6 26 34
32: 5 33 35
33: 3 29 32
34: 4 30 31
35: 2 32 38
36: 2 28 37
37: 4 36 38
38: 3 35 37

1: 2 3 4
2: 1 35 36
3: 1 34 38
4: 1 33 37
5: 8 20 29
6: 7 19 29
7: 6 20 21
8: 5 19 21
9: 10 13 15
10: 9 14 16
11: 13 14 26
12: 15 16 25
13: 9 11 17
14: 10 11 18
15: 9 12 18
16: 10 12 17
17: 13 16 20
18: 14 15 19
19: 6 8 18
20: 5 7 17
21: 7 8 30
22: 27 32 37
23: 26 28 36
24: 25 28 35
25: 12 24 36
26: 11 23 35
27: 22 31 38
28: 23 24 38
29: 5 6 37
30: 21 31 34
31: 27 30 33
32: 22 33 34
33: 4 31 32
34: 3 30 32
35: 2 24 26
36: 2 23 25
37: 4 22 29
38: 3 27 28

1: 2 3 4
2: 1 36 38
3: 1 35 37
4: 1 33 34
5: 8 9 26
6: 9 30 31
7: 8 29 31
8: 5 7 30
9: 5 6 25
10: 22 24 25
11: 21 23 25
12: 13 14 16
13: 12 15 17
14: 12 18 27
15: 13 18 28
16: 12 19 28
17: 13 19 27
18: 14 15 24
19: 16 17 23
20: 21 22 29
21: 11 20 24
22: 10 20 23
23: 11 19 22
24: 10 18 21
25: 9 10 11
26: 5 32 33
27: 14 17 38
28: 15 16 37
29: 7 20 34
30: 6 8 34
31: 6 7 33
32: 26 35 36
33: 4 26 31
34: 4 29 30
35: 3 32 38
36: 2 32 37
37: 3 28 36
38: 2 27 35

1: 2 3 4
2: 1 33 38
3: 1 35 37
4: 1 34 36
5: 6 10 11
6: 5 9 12
7: 13 18 31
8: 9 10 13
9: 6 8 15
10: 5 8 16
11: 5 14 15
12: 6 14 16
13: 7 8 24
14: 11 12 23
15: 9 11 25
16: 10 12 26
17: 21 22 32
18: 7 19 20
19: 18 26 30
20: 18 25 29
21: 17 23 28
22: 17 24 27
23: 14 21 27
24: 13 22 28
25: 15 20 30
26: 16 19 29
27: 22 23 35
28: 21 24 35
29: 20 26 34
30: 19 25 34
31: 7 33 37
32: 17 33 36
33: 2 31 32
34: 4 29 30
35: 3 27 28
36: 4 32 38
37: 3 31 38
38: 2 36 37

1: 2 3 4
2: 1 33 34
3: 1 36 38
4: 1 35 37
5: 6 7 32
6: 5 25 31
7: 5 29 30
8: 22 24 25
9: 21 23 25
10: 18 20 26
11: 15 16 19
12: 14 17 19
13: 14 15 18
14: 12 13 16
15: 11 13 17
16: 11 14 27
17: 12 15 28
18: 10 13 24
19: 11 12 23
20: 10 21 22
21: 9 20 24
22: 8 20 23
23: 9 19 22
24: 8 18 21
25: 6 8 9
26: 10 30 34
27: 16 28 38
28: 17 27 37
29: 7 31 34
30: 7 26 33
31: 6 29 33
32: 5 35 36
33: 2 30 31
34: 2 26 29
35: 4 32 38
36: 3 32 37
37: 4 28 36
38: 3 27 35

1: 2 3 4
2: 1 33 34
3: 1 36 38
4: 1 35 37
5: 6 7 30
6: 5 9 11
7: 5 8 10
8: 7 11 29
9: 6 10 29
10: 7 9 13
11: 6 8 12
12: 11 20 30
13: 10 16 19
14: 15 17 20
15: 14 18 19
16: 13 17 18
17: 14 16 22
18: 15 16 21
19: 13 15 22
20: 12 14 21
21: 18 20 26
22: 17 19 25
23: 26 28 31
24: 25 27 31
25: 22 24 28
26: 21 23 27
27: 24 26 34
28: 23 25 34
29: 8 9 38
30: 5 12 37
31: 23 24 33
32: 33 35 36
33: 2 31 32
34: 2 27 28
35: 4 32 38
36: 3 32 37
37: 4 30 36
38: 3 29 35

1: 2 3 4
2: 1 36 38
3: 1 35 37
4: 1 33 34
5: 25 27 28
6: 24 26 28
7: 8 22 32
8: 7 18 19
9: 15 16 23
10: 14 17 23
11: 13 14 16
12: 13 15 17
13: 11 12 22
14: 10 11 15
15: 9 12 14
16: 9 11 20
17: 10 12 21
18: 8 21 30
19: 8 20 29
20: 16 19 30
21: 17 18 29
22: 7 13 27
23: 9 10 26
24: 6 27 31
25: 5 26 31
26: 6 23 25
27: 5 22 24
28: 5 6 37
29: 19 21 33
30: 18 20 33
31: 24 25 34
32: 7 35 36
33: 4 29 30
34: 4 31 38
35: 3 32 38
36: 2 32 37
37: 3 28 36
38: 2 34 35

1: 2 3 4
2: 1 35 36
3: 1 34 37
4: 1 33 38
5: 6 7 24
6: 5 31 32
7: 5 16 17
8: 10 14 15
9: 13 15 18
10: 8 13 23
11: 12 13 14
12: 11 19 20
13: 9 10 11
14: 8 11 18
15: 8 9 16
16: 7 15 23
17: 7 21 22
18: 9 14 30
19: 12 22 25
20: 12 21 26
21: 17 20 25
22: 17 19 26
23: 10 16 29
24: 5 27 28
25: 19 21 33
26: 20 22 34
27: 24 30 36
28: 24 29 35
29: 23 28 36
30: 18 27 35
31: 6 34 38
32: 6 33 37
33: 4 25 32
34: 3 26 31
35: 2 28 30
36: 2 27 29
37: 3 32 38
38: 4 31 37

1: 2 3 4
2: 1 34 38
3: 1 35 36
4: 1 33 37
5: 6 10 17
6: 5 7 8
7: 6 9 14
8: 6 12 13
9: 7 12 16
10: 5 11 15
11: 10 18 20
12: 8 9 21
13: 8 14 24
14: 7 13 21
15: 10 16 19
16: 9 15 20
17: 5 22 23
18: 11 19 24
19: 15 18 30
20: 11 16 30
21: 12 14 32
22: 17 26 29
23: 17 25 28
24: 13 18 31
25: 23 27 29
26: 22 27 28
27: 25 26 33
28: 23 26 34
29: 22 25 36
30: 19 20 33
31: 24 32 34
32: 21 31 35
33: 4 27 30
34: 2 28 31
35: 3 32 38
36: 3 29 37
37: 4 36 38
38: 2 35 37

1: 2 3 4
2: 1 33 34
3: 1 36 38
4: 1 35 37
5: 6 7 32
6: 5 25 30
7: 5 29 31
8: 9 10 25
9: 8 22 24
10: 8 21 23
11: 12 13 28
12: 11 16 17
13: 11 15 18
14: 20 26 27
15: 13 17 19
16: 12 18 19
17: 12 15 26
18: 13 16 27
19: 15 16 22
20: 14 23 24
21: 10 24 28
22: 9 19 23
23: 10 20 22
24: 9 20 21
25: 6 8 29
26: 14 17 38
27: 14 18 37
28: 11 21 33
29: 7 25 34
30: 6 31 34
31: 7 30 33
32: 5 35 36
33: 2 28 31
34: 2 29 30
35: 4 32 38
36: 3 32 37
37: 4 27 36
38: 3 26 35

1: 2 3 4
2: 1 34 37
3: 1 33 38
4: 1 35 36
5: 24 31 32
6: 11 16 17
7: 9 13 14
8: 9 12 15
9: 7 8 10
10: 9 11 18
11: 6 10 23
12: 8 14 19
13: 7 15 19
14: 7 12 20
15: 8 13 21
16: 6 18 22
17: 6 20 21
18: 10 16 25
19: 12 13 26
20: 14 17 30
21: 15 17 29
22: 16 23 26
23: 11 22 25
24: 5 27 28
25: 18 23 34
26: 19 22 33
27: 24 30 36
28: 24 29 35
29: 21 28 36
30: 20 27 35
31: 5 34 38
32: 5 33 37
33: 3 26 32
34: 2 25 31
35: 4 28 30
36: 4 27 29
37: 2 32 38
38: 3 31 37

1: 2 3 4
2: 1 36 38
3: 1 35 37
4: 1 33 34
5: 25 27 28
6: 24 26 28
7: 8 9 32
8: 7 21 30
9: 7 19 20
10: 19 21 22
11: 14 17 23
12: 18 22 23
13: 17 18 29
14: 11 15 29
15: 14 16 18
16: 15 17 20
17: 11 13 16
18: 12 13 15
19: 9 10 30
20: 9 16 21
21: 8 10 20
22: 10 12 27
23: 11 12 26
24: 6 27 31
25: 5 26 31
26: 6 23 25
27: 5 22 24
28: 5 6 37
29: 13 14 33
30: 8 19 33
31: 24 25 34
32: 7 35 36
33: 4 29 30
34: 4 31 38
35: 3 32 38
36: 2 32 37
37: 3 28 36
38: 2 34 35

1: 2 3 4
2: 1 35 36
3: 1 34 37
4: 1 33 38
5: 13 31 32
6: 7 14 15
7: 6 16 17
8: 11 20 21
9: 10 18 19
10: 9 12 24
11: 8 12 23
12: 10 11 22
13: 5 14 25
14: 6 13 28
15: 6 23 25
16: 7 24 27
17: 7 22 26
18: 9 21 29
19: 9 20 30
20: 8 19 29
21: 8 18 30
22: 12 17 27
23: 11 15 28
24: 10 16 26
25: 13 15 35
26: 17 24 36
27: 16 22 36
28: 14 23 35
29: 18 20 33
30: 19 21 34
31: 5 34 38
32: 5 33 37
33: 4 29 32
34: 3 30 31
35: 2 25 28
36: 2 26 27
37: 3 32 38
38: 4 31 37

1: 2 3 4
2: 1 36 38
3: 1 35 37
4: 1 33 34
5: 25 27 28
6: 24 26 28
7: 8 22 32
8: 7 11 18
9: 17 21 23
10: 13 19 23
11: 8 12 19
12: 11 13 14
13: 10 12 18
14: 12 16 17
15: 16 20 22
16: 14 15 21
17: 9 14 20
18: 8 13 30
19: 10 11 30
20: 15 17 29
21: 9 16 29
22: 7 15 27
23: 9 10 26
24: 6 27 31
25: 5 26 31
26: 6 23 25
27: 5 22 24
28: 5 6 37
29: 20 21 33
30: 18 19 33
31: 24 25 34
32: 7 35 36
33: 4 29 30
34: 4 31 38
35: 3 32 38
36: 2 32 37
37: 3 28 36
38: 2 34 35

1: 2 3 4
2: 1 33 34
3: 1 35 36
4: 1 37 38
5: 6 7 16
6: 5 11 12
7: 5 10 13
8: 15 19 20
9: 10 11 14
10: 7 9 12
11: 6 9 13
12: 6 10 21
13: 7 11 22
14: 9 15 32
15: 8 14 31
16: 5 25 26
17: 18 23 24
18: 17 27 28
19: 8 22 29
20: 8 21 30
21: 12 20 38
22: 13 19 37
23: 17 32 34
24: 17 25 33
25: 16 24 34
26: 16 27 35
27: 18 26 36
28: 18 31 35
29: 19 30 38
30: 20 29 37
31: 15 28 36
32: 14 23 33
33: 2 24 32
34: 2 23 25
35: 3 26 28
36: 3 27 31
37: 4 22 30
38: 4 21 29

1: 2 3 4
2: 1 34 37
3: 1 33 38
4: 1 35 36
5: 7 9 16
6: 8 10 15
7: 5 8 14
8: 6 7 13
9: 5 12 21
10: 6 11 21
11: 10 13 18
12: 9 14 17
13: 8 11 19
14: 7 12 20
15: 6 18 19
16: 5 17 20
17: 12 16 32
18: 11 15 32
19: 13 15 30
20: 14 16 29
21: 9 10 31
22: 24 26 28
23: 24 25 27
24: 22 23 31
25: 23 28 30
26: 22 27 29
27: 23 26 34
28: 22 25 34
29: 20 26 36
30: 19 25 33
31: 21 24 35
32: 17 18 33
33: 3 30 32
34: 2 27 28
35: 4 31 38
36: 4 29 37
37: 2 36 38
38: 3 35 37

1: 2 3 4
2: 1 35 36
3: 1 34 38
4: 1 33 37
5: 10 23 24
6: 7 24 26
7: 6 22 23
8: 13 14 21
9: 12 14 25
10: 5 14 22
11: 12 13 26
12: 9 11 21
13: 8 11 25
14: 8 9 10
15: 18 20 28
16: 17 19 28
17: 16 20 27
18: 15 19 27
19: 16 18 30
20: 15 17 29
21: 8 12 32
22: 7 10 31
23: 5 7 32
24: 5 6 31
25: 9 13 30
26: 6 11 29
27: 17 18 35
28: 15 16 33
29: 20 26 36
30: 19 25 34
31: 22 24 34
32: 21 23 33
33: 4 28 32
34: 3 30 31
35: 2 27 38
36: 2 29 37
37: 4 36 38
38: 3 35 37

1: 22 23
2: 24 25
3: 26 27
4: 5 15 16
5: 4 7 16
6: 7 11 17
7: 5 6 17
8: 9 15 18
9: 8 10 19
10: 9 13 19
11: 6 12 20
12: 11 14 20
13: 10 14 21
14: 12 13 21
15: 4 8 18
16: 4 5 22
17: 6 7 23
18: 8 15 24
19: 9 10 25
20: 11 12 27
21: 13 14 26
22: 1 16 23
23: 1 17 22
24: 2 18 25
25: 2 19 24
26: 3 21 27
27: 3 20 26

1: 5 6 7
2: 8 11 12
3: 9 13 14
4: 10 15 16
5: 1 6 7 11 13
6: 1 5 7 14 15
7: 1 5 6 12 16
8: 2 9 10 11 12
9: 3 8 10 13 14
10: 4 8 9 15 16
11: 2 5 8 12 13
12: 2 7 8 11 16
13: 3 5 9 11 14
14: 3 6 9 13 15
15: 4 6 10 14 16
16: 4 7 10 12 15

1: 2 3 11
2: 1 8 13
3: 1 9 12
4: 6 8 11
5: 7 9 11
6: 4 7 13
7: 5 6 12
8: 2 4 12
9: 3 5 13
10: 11 12 13
11: 1 4 5 10
12: 3 7 8 10
13: 2 6 9 10

1: 6 12 16
2: 7 13 16
3: 10 11 16
4: 8 15 16
5: 9 14 16
6: 1 7 11
7: 2 6 10
8: 4 9 12
9: 5 8 13
10: 3 7 15
11: 3 6 14
12: 1 8 14
13: 2 9 15
14: 5 11 12 15
15: 4 10 13 14
16: 1 2 3 4 5

1: 6 7 16
2: 8 13 16
3: 9 12 16
4: 10 14 16
5: 11 15 16
6: 1 13 15
7: 1 12 14
8: 2 9 10
9: 3 8 11
10: 4 8 12
11: 5 9 13
12: 3 7 10
13: 2 6 11
14: 4 7 15
15: 5 6 14
16: 1 2 3 4 5

1: 2 3 14
2: 1 12 15
3: 1 11 16
4: 7 8 14
5: 9 12 14
6: 10 11 14
7: 4 10 15
8: 4 9 16
9: 5 8 15
10: 6 7 16
11: 3 6 15
12: 2 5 16
13: 14 15 16
14: 1 4 5 6 13
15: 2 7 9 11 13
16: 3 8 10 12 13

1: 8 9 18
2: 12 17 18
3: 13 16 18
4: 10 14 18
5: 11 15 18
6: 7 15 17
7: 6 14 16
8: 1 10 13
9: 1 11 12
10: 4 8 16
11: 5 9 17
12: 2 9 15
13: 3 8 14
14: 4 7 13
15: 5 6 12
16: 3 7 10 17
17: 2 6 11 16
18: 1 2 3 4 5

1: 8 9 18
2: 10 16 18
3: 13 14 18
4: 12 15 18
5: 11 17 18
6: 7 14 16
7: 6 15 17
8: 1 10 13
9: 1 11 12
10: 2 8 14
11: 5 9 15
12: 4 9 17
13: 3 8 16
14: 3 6 10 15
15: 4 7 11 14
16: 2 6 13 17
17: 5 7 12 16
18: 1 2 3 4 5

1: 14 15 18
2: 11 13 18
3: 10 12 18
4: 6 12 16
5: 7 13 17
6: 4 7 10
7: 5 6 11
8: 11 15 17
9: 10 14 16
10: 3 6 9
11: 2 7 8
12: 3 4 14
13: 2 5 15
14: 1 9 12
15: 1 8 13
16: 4 9 17 18
17: 5 8 16 18
18: 1 2 3 16 17

1: 8 10 18
2: 9 11 18
3: 16 17 18
4: 6 12 18
5: 7 13 18
6: 4 7 17
7: 5 6 16
8: 1 11 15
9: 2 10 15
10: 1 9 14
11: 2 8 14
12: 4 14 16
13: 5 15 17
14: 10 11 12 17
15: 8 9 13 16
16: 3 7 12 15
17: 3 6 13 14
18: 1 2 3 4 5

1: 8 9 18
2: 6 17 18
3: 7 14 18
4: 5 9 17
5: 4 12 13
6: 2 7 9
7: 3 6 8
8: 1 7 17
9: 1 4 6
10: 12 15 17
11: 13 16 17
12: 5 10 16
13: 5 11 15
14: 3 15 16
15: 10 13 14 18
16: 11 12 14 18
17: 2 4 8 10 11
18: 1 2 3 15 16

1: 10 11 14
2: 5 12 13
3: 4 9 13
4: 3 8 12
5: 2 8 9
6: 7 10 15
7: 6 11 16
8: 4 5 15
9: 3 5 16
10: 1 6 18
11: 1 7 17
12: 2 4 18
13: 2 3 17
14: 1 15 16
15: 6 8 14 17
16: 7 9 14 18
17: 11 13 15 18
18: 10 12 16 17

1: 5 6 10
2: 3 4 9
3: 2 6 12
4: 2 5 11
5: 1 4 12
6: 1 3 11
7: 8 13 15
8: 7 14 16
9: 2 13 14
10: 1 15 16
11: 4 6 18
12: 3 5 17
13: 7 9 17
14: 8 9 18
15: 7 10 18
16: 8 10 17
17: 12 13 16 18
18: 11 14 15 17

1: 3 4 7
2: 5 6 7
3: 1 8 15
4: 1 9 18
5: 2 10 16
6: 2 11 17
7: 1 2 14
8: 3 14 18
9: 4 14 15
10: 5 14 17
11: 6 14 16
12: 13 15 18
13: 12 16 17
14: 7 8 9 10 11
15: 3 9 12 16 17
16: 5 11 13 15 18
17: 6 10 13 15 18
18: 4 8 12 16 17

1: 2 11 14
2: 1 12 13
3: 6 7 9
4: 5 7 10
5: 4 8 9
6: 3 8 10
7: 3 4 15
8: 5 6 16
9: 3 5 17
10: 4 6 18
11: 1 15 18
12: 2 15 17
13: 2 16 18
14: 1 16 17
15: 7 11 12 16
16: 8 13 14 15
17: 9 12 14 18
18: 10 11 13 17

1: 2 3 16
2: 1 15 17
3: 1 14 18
4: 8 11 16
5: 10 13 16
6: 9 12 16
7: 14 15 16
8: 4 13 17
9: 6 11 17
10: 5 12 17
11: 4 9 18
12: 6 10 18
13: 5 8 18
14: 3 7 17
15: 2 7 18
16: 1 4 5 6 7
17: 2 8 9 10 14
18: 3 11 12 13 15

1: 2 3 16
2: 1 7 11
3: 1 6 10
4: 10 16 18
5: 11 16 17
6: 3 8 18
7: 2 9 17
8: 6 14 16
9: 7 15 16
10: 3 4 14
11: 2 5 15
12: 13 14 18
13: 12 15 17
14: 8 10 12 17
15: 9 11 13 18
16: 1 4 5 8 9
17: 5 7 13 14 18
18: 4 6 12 15 17

1: 2 3 4
2: 1 8 11
3: 1 6 16
4: 1 5 15
5: 4 7 16
6: 3 7 15
7: 5 6 14
8: 2 12 13
9: 10 11 12
10: 9 13 14
11: 2 9 17
12: 8 9 18
13: 8 10 17
14: 7 10 18
15: 4 6 18
16: 3 5 17
17: 11 13 16 18
18: 12 14 15 17

1: 14 18 19
2: 15 17 19
3: 11 12 19
4: 10 13 19
5: 12 13 16
6: 9 15 16
7: 8 14 16
8: 7 9 18
9: 6 8 17
10: 4 17 18
11: 3 13 18
12: 3 5 15
13: 4 5 11
14: 1 7 17
15: 2 6 12
16: 5 6 7 19
17: 2 9 10 14
18: 1 8 10 11
19: 1 2 3 4 16

1: 14 18 19
2: 13 15 19
3: 11 12 19
4: 10 17 19
5: 12 16 17
6: 9 15 16
7: 8 14 16
8: 7 9 18
9: 6 8 13
10: 4 13 18
11: 3 17 18
12: 3 5 15
13: 2 9 10
14: 1 7 17
15: 2 6 12
16: 5 6 7 19
17: 4 5 11 14
18: 1 8 10 11
19: 1 2 3 4 16

1: 13 14 19
2: 12 15 19
3: 10 18 19
4: 11 17 19
5: 16 17 18
6: 9 13 16
7: 8 12 16
8: 7 9 15
9: 6 8 14
10: 3 14 17
11: 4 15 18
12: 2 7 18
13: 1 6 17
14: 1 9 10
15: 2 8 11
16: 5 6 7 19
17: 4 5 10 13
18: 3 5 11 12
19: 1 2 3 4 16

1: 13 18 19
2: 14 17 19
3: 11 15 19
4: 12 16 19
5: 9 10 19
6: 7 8 19
7: 6 15 18
8: 6 16 17
9: 5 12 14
10: 5 11 13
11: 3 10 18
12: 4 9 17
13: 1 10 14 15
14: 2 9 13 16
15: 3 7 13 17
16: 4 8 14 18
17: 2 8 12 15
18: 1 7 11 16
19: 1 2 3 4 5 6

1: 13 16 19
2: 14 15 19
3: 11 18 19
4: 12 17 19
5: 7 10 19
6: 8 9 19
7: 5 11 12
8: 6 15 16
9: 6 17 18
10: 5 13 14
11: 3 7 13 17
12: 4 7 14 18
13: 1 10 11 15
14: 2 10 12 16
15: 2 8 13 18
16: 1 8 14 17
17: 4 9 11 16
18: 3 9 12 15
19: 1 2 3 4 5 6

1: 17 18 19
2: 13 14 19
3: 12 15 19
4: 11 16 19
5: 7 9 19
6: 8 10 19
7: 5 13 17
8: 6 14 18
9: 5 12 16
10: 6 11 15
11: 4 10 18
12: 3 9 17
13: 2 7 16 18
14: 2 8 15 17
15: 3 10 14 16
16: 4 9 13 15
17: 1 7 12 14
18: 1 8 11 13
19: 1 2 3 4 5 6

1: 13 14 19
2: 11 12 19
3: 9 16 19
4: 10 15 19
5: 7 17 19
6: 8 18 19
7: 5 9 11
8: 6 10 12
9: 3 7 18
10: 4 8 17
11: 2 7 16
12: 2 8 15
13: 1 16 18
14: 1 15 17
15: 4 12 14 16
16: 3 11 13 15
17: 5 10 14 18
18: 6 9 13 17
19: 1 2 3 4 5 6

1: 11 12 19
2: 13 14 19
3: 9 18 19
4: 10 17 19
5: 7 15 19
6: 8 16 19
7: 5 8 14
8: 6 7 13
9: 3 12 15
10: 4 11 16
11: 1 10 15
12: 1 9 16
13: 2 8 18
14: 2 7 17
15: 5 9 11 17
16: 6 10 12 18
17: 4 14 15 18
18: 3 13 16 17
19: 1 2 3 4 5 6

1: 9 10 19
2: 11 13 19
3: 12 14 19
4: 7 18 19
5: 8 17 19
6: 15 16 19
7: 4 8 14
8: 5 7 13
9: 1 11 16
10: 1 12 15
11: 2 9 15
12: 3 10 16
13: 2 8 18
14: 3 7 17
15: 6 10 11 18
16: 6 9 12 17
17: 5 14 16 18
18: 4 13 15 17
19: 1 2 3 4 5 6

1: 11 12 19
2: 13 16 19
3: 14 15 19
4: 7 8 19
5: 9 17 19
6: 10 18 19
7: 4 10 16
8: 4 9 15
9: 5 8 10
10: 6 7 9
11: 1 14 17
12: 1 13 18
13: 2 12 17
14: 3 11 18
15: 3 8 17
16: 2 7 18
17: 5 11 13 15
18: 6 12 14 16
19: 1 2 3 4 5 6

1: 9 10 19
2: 11 12 19
3: 8 14 19
4: 7 13 19
5: 15 17 19
6: 16 18 19
7: 4 9 11
8: 3 10 12
9: 1 7 15
10: 1 8 16
11: 2 7 18
12: 2 8 17
13: 4 15 18
14: 3 16 17
15: 5 9 13 16
16: 6 10 14 15
17: 5 12 14 18
18: 6 11 13 17
19: 1 2 3 4 5 6

1: 11 12 19
2: 7 13 19
3: 8 14 19
4: 9 16 19
5: 10 15 19
6: 17 18 19
7: 2 9 15
8: 3 10 16
9: 4 7 10
10: 5 8 9
11: 1 14 18
12: 1 13 17
13: 2 12 18
14: 3 11 17
15: 5 7 18
16: 4 8 17
17: 6 12 14 16
18: 6 11 13 15
19: 1 2 3 4 5 6

1: 9 10 19
2: 7 12 19
3: 8 17 19
4: 13 16 19
5: 11 14 19
6: 15 18 19
7: 2 10 18
8: 3 11 18
9: 1 17 18
10: 1 7 16
11: 5 8 15
12: 2 14 16
13: 4 14 15
14: 5 12 13 18
15: 6 11 13 17
16: 4 10 12 17
17: 3 9 15 16
18: 6 7 8 9 14
19: 1 2 3 4 5 6

1: 7 9 19
2: 13 14 19
3: 11 12 19
4: 10 18 19
5: 8 16 19
6: 15 17 19
7: 1 8 12
8: 5 7 17
9: 1 10 17
10: 4 9 15
11: 3 13 15
12: 3 7 16
13: 2 11 16
14: 2 15 18
15: 6 10 11 14
16: 5 12 13 18
17: 6 8 9 18
18: 4 14 16 17
19: 1 2 3 4 5 6

1: 7 15 19
2: 8 12 19
3: 11 14 19
4: 9 18 19
5: 10 17 19
6: 13 16 19
7: 1 12 18
8: 2 14 18
9: 4 10 13
10: 5 9 11
11: 3 10 18
12: 2 7 16
13: 6 9 17
14: 3 8 16
15: 1 16 17
16: 6 12 14 15
17: 5 13 15 18
18: 4 7 8 11 17
19: 1 2 3 4 5 6

1: 7 15 19
2: 8 16 19
3: 13 14 19
4: 9 10 19
5: 11 18 19
6: 12 17 19
7: 1 9 13
8: 2 10 14
9: 4 7 12
10: 4 8 11
11: 5 10 16
12: 6 9 15
13: 3 7 18
14: 3 8 17
15: 1 12 18
16: 2 11 17
17: 6 14 16 18
18: 5 13 15 17
19: 1 2 3 4 5 6

1: 7 10 19
2: 8 9 19
3: 13 15 19
4: 14 16 19
5: 12 18 19
6: 11 17 19
7: 1 11 13
8: 2 11 16
9: 2 12 15
10: 1 12 14
11: 6 7 8
12: 5 9 10
13: 3 7 17
14: 4 10 18
15: 3 9 18
16: 4 8 17
17: 6 13 16 18
18: 5 14 15 17
19: 1 2 3 4 5 6

1: 7 15 19
2: 8 11 19
3: 9 12 19
4: 10 13 19
5: 14 17 19
6: 16 18 19
7: 1 8 12
8: 2 7 9
9: 3 8 18
10: 4 14 18
11: 2 13 18
12: 3 7 17
13: 4 11 16
14: 5 10 16
15: 1 16 17
16: 6 13 14 15
17: 5 12 15 18
18: 6 9 10 11 17
19: 1 2 3 4 5 6

1: 7 8 19
2: 17 18 19
3: 12 13 19
4: 11 14 19
5: 9 15 19
6: 10 16 19
7: 1 10 18
8: 1 9 17
9: 5 8 18
10: 6 7 17
11: 4 15 18
12: 3 16 17
13: 3 14 15
14: 4 13 16
15: 5 11 13 17
16: 6 12 14 18
17: 2 8 10 12 15
18: 2 7 9 11 16
19: 1 2 3 4 5 6

1: 7 8 19
2: 10 11 19
3: 9 12 19
4: 13 17 19
5: 14 18 19
6: 15 16 19
7: 1 10 17
8: 1 9 18
9: 3 8 17
10: 2 7 18
11: 2 16 17
12: 3 15 18
13: 4 14 16
14: 5 13 15
15: 6 12 14 17
16: 6 11 13 18
17: 4 7 9 11 15
18: 5 8 10 12 16
19: 1 2 3 4 5 6

1: 7 8 19
2: 9 10 19
3: 11 15 19
4: 12 16 19
5: 14 18 19
6: 13 17 19
7: 1 15 17
8: 1 16 18
9: 2 12 14
10: 2 11 13
11: 3 10 14
12: 4 9 13
13: 6 10 12
14: 5 9 11
15: 3 7 16
16: 4 8 15
17: 6 7 18
18: 5 8 17
19: 1 2 3 4 5 6

1: 8 11 18
2: 7 12 19
3: 10 13 18
4: 9 14 19
5: 6 18 19
6: 5 13 14
7: 2 15 18
8: 1 15 19
9: 4 12 15
10: 3 11 15
11: 1 10 17
12: 2 9 16
13: 3 6 17
14: 4 6 16
15: 7 8 9 10
16: 12 14 17 18
17: 11 13 16 19
18: 1 3 5 7 16
19: 2 4 5 8 17

1: 6 17 18
2: 5 17 19
3: 8 12 18
4: 7 13 19
5: 2 10 18
6: 1 11 19
7: 4 11 17
8: 3 10 17
9: 14 18 19
10: 5 8 16
11: 6 7 15
12: 3 14 16
13: 4 14 15
14: 9 12 13 17
15: 11 13 16 18
16: 10 12 15 19
17: 1 2 7 8 14
18: 1 3 5 9 15
19: 2 4 6 9 16

1: 6 9 17
2: 5 7 19
3: 4 8 18
4: 3 17 19
5: 2 17 18
6: 1 18 19
7: 2 12 14
8: 3 10 15
9: 1 11 16
10: 8 16 17
11: 9 14 19
12: 7 15 18
13: 14 15 16
14: 7 11 13 17
15: 8 12 13 19
16: 9 10 13 18
17: 1 4 5 10 14
18: 3 5 6 12 16
19: 2 4 6 11 15

1: 3 5 13
2: 11 18 19
3: 1 12 18
4: 5 8 18
5: 1 4 7
6: 9 10 19
7: 5 16 19
8: 4 17 19
9: 6 14 16
10: 6 17 18
11: 2 12 17
12: 3 11 15
13: 1 15 16
14: 9 15 17
15: 12 13 14 19
16: 7 9 13 18
17: 8 10 11 14
18: 2 3 4 10 16
19: 2 6 7 8 15

1: 3 5 19
2: 12 18 19
3: 1 4 10
4: 3 7 18
5: 1 11 18
6: 8 9 19
7: 4 17 19
8: 6 14 17
9: 6 12 16
10: 3 11 16
11: 5 10 15
12: 2 9 17
13: 15 17 18
14: 8 15 16
15: 11 13 14 19
16: 9 10 14 18
17: 7 8 12 13
18: 2 4 5 13 16
19: 1 2 6 7 15

1: 2 4 6
2: 1 5 7
3: 4 5 14
4: 1 3 13
5: 2 3 12
6: 1 8 10
7: 2 9 11
8: 6 15 18
9: 7 16 19
10: 6 13 17
11: 7 12 17
12: 5 11 19
13: 4 10 18
14: 3 18 19
15: 8 17 19
16: 9 17 18
17: 10 11 15 16
18: 8 13 14 16
19: 9 12 14 15

1: 2 3 17
2: 1 15 18
3: 1 14 19
4: 9 10 17
5: 8 11 17
6: 12 15 17
7: 13 14 17
8: 5 9 18
9: 4 8 19
10: 4 13 18
11: 5 12 19
12: 6 11 18
13: 7 10 19
14: 3 7 18
15: 2 6 19
16: 17 18 19
17: 1 4 5 6 7 16
18: 2 8 10 12 14 16
19: 3 9 11 13 15 16

1: 2 3 4
2: 1 5 9
3: 1 7 10
4: 1 6 8
5: 2 8 11
6: 4 10 12
7: 3 9 13
8: 4 5 19
9: 2 7 17
10: 3 6 18
11: 5 14 17
12: 6 16 19
13: 7 15 18
14: 11 18 19
15: 13 17 19
16: 12 17 18
17: 9 11 15 16
18: 10 13 14 16
19: 8 12 14 15

1: 10 11 20
2: 14 18 20
3: 15 19 20
4: 13 16 20
5: 12 17 20
6: 9 17 18
7: 8 16 19
8: 7 9 18
9: 6 8 19
10: 1 13 15
11: 1 12 14
12: 5 11 18
13: 4 10 19
14: 2 11 17
15: 3 10 16
16: 4 7 15
17: 5 6 14
18: 2 6 8 12
19: 3 7 9 13
20: 1 2 3 4 5

1: 10 11 20
2: 14 18 20
3: 15 19 20
4: 13 16 20
5: 12 17 20
6: 9 17 18
7: 8 16 19
8: 7 9 18
9: 6 8 19
10: 1 13 15
11: 1 12 14
12: 5 11 18
13: 4 10 19
14: 2 11 17
15: 3 10 16
16: 4 7 15 17
17: 5 6 14 16
18: 2 6 8 12
19: 3 7 9 13
20: 1 2 3 4 5

1: 11 19 20
2: 9 15 20
3: 10 12 20
4: 13 17 20
5: 14 18 20
6: 15 16 19
7: 8 16 19
8: 7 17 18
9: 2 10 19
10: 3 9 11
11: 1 10 15
12: 3 13 14
13: 4 12 18
14: 5 12 17
15: 2 6 11
16: 6 7 17 18
17: 4 8 14 16
18: 5 8 13 16
19: 1 6 7 9
20: 1 2 3 4 5

1: 12 19 20
2: 11 15 20
3: 13 14 20
4: 15 18 19
5: 10 18 19
6: 8 10 16
7: 9 10 17
8: 6 17 18
9: 7 16 18
10: 5 6 7
11: 2 13 19
12: 1 13 15
13: 3 11 12
14: 3 16 17
15: 2 4 12
16: 6 9 14 20
17: 7 8 14 20
18: 4 5 8 9
19: 1 4 5 11
20: 1 2 3 16 17

1: 11 15 20
2: 9 18 20
3: 10 13 20
4: 14 19 20
5: 12 17 20
6: 8 15 16
7: 8 16 18
8: 6 7 19
9: 2 10 15
10: 3 9 11
11: 1 10 18
12: 5 13 19
13: 3 12 14
14: 4 13 17
15: 1 6 9
16: 6 7 17 19
17: 5 14 16 18
18: 2 7 11 17
19: 4 8 12 16
20: 1 2 3 4 5

1: 9 19 20
2: 13 15 20
3: 11 15 20
4: 8 10 20
5: 14 17 19
6: 12 18 19
7: 10 16 19
8: 4 11 19
9: 1 10 11
10: 4 7 9
11: 3 8 9
12: 6 16 17
13: 2 17 18
14: 5 16 18
15: 2 3 18
16: 7 12 14
17: 5 12 13 20
18: 6 13 14 15 20
19: 1 5 6 7 8
20: 1 2 3 4 17 18

1: 8 9 20
2: 11 16 20
3: 10 19 20
4: 12 17 20
5: 13 18 20
6: 15 16 19
7: 14 17 18
8: 1 10 11
9: 1 12 13
10: 3 8 16
11: 2 8 19
12: 4 9 18
13: 5 9 17
14: 7 15 16 19
15: 6 14 17 18
16: 2 6 10 14
17: 4 7 13 15
18: 5 7 12 15
19: 3 6 11 14
20: 1 2 3 4 5

1: 10 11 20
2: 14 19 20
3: 15 18 20
4: 12 16 20
5: 13 17 20
6: 7 9 19
7: 6 8 18
8: 7 9 17
9: 6 8 16
10: 1 12 15
11: 1 13 14
12: 4 10 18
13: 5 11 19
14: 2 11 17
15: 3 10 16
16: 4 9 15
17: 5 8 14
18: 3 7 12 19
19: 2 6 13 18
20: 1 2 3 4 5

1: 10 11 20
2: 12 18 20
3: 15 16 20
4: 14 17 20
5: 13 19 20
6: 7 8 16
7: 6 9 17
8: 6 9 19
9: 7 8 18
10: 1 12 15
11: 1 13 14
12: 2 10 16
13: 5 11 17
14: 4 11 19
15: 3 10 18
16: 3 6 12 17
17: 4 7 13 16
18: 2 9 15 19
19: 5 8 14 18
20: 1 2 3 4 5

1: 11 19 20
2: 10 12 20
3: 13 14 20
4: 9 12 19
5: 8 16 19
6: 7 17 19
7: 6 9 16
8: 5 9 17
9: 4 7 8
10: 2 18 19
11: 1 12 18
12: 2 4 11
13: 3 15 16
14: 3 15 17
15: 13 14 18 20
16: 5 7 13 18 20
17: 6 8 14 18 20
18: 10 11 15 16 17
19: 1 4 5 6 10
20: 1 2 3 15 16 17

1: 8 9 20
2: 12 18 20
3: 13 19 20
4: 10 17 20
5: 11 16 20
6: 7 15 18
7: 6 14 19
8: 1 11 13
9: 1 10 12
10: 4 9 18
11: 5 8 19
12: 2 9 17
13: 3 8 16
14: 7 15 17 18
15: 6 14 16 19
16: 5 13 15 17
17: 4 12 14 16
18: 2 6 10 14
19: 3 7 11 15
20: 1 2 3 4 5

1: 8 9 20
2: 12 18 20
3: 13 19 20
4: 10 15 20
5: 11 14 20
6: 7 17 18
7: 6 16 19
8: 1 11 13
9: 1 10 12
10: 4 9 18
11: 5 8 19
12: 2 9 15
13: 3 8 14
14: 5 13 17
15: 4 12 16
16: 7 15 17 18
17: 6 14 16 19
18: 2 6 10 16
19: 3 7 11 17
20: 1 2 3 4 5

1: 9 19 20
2: 15 16 20
3: 11 16 20
4: 7 10 20
5: 13 17 19
6: 14 18 19
7: 4 11 19
8: 10 12 19
9: 1 10 11
10: 4 8 9
11: 3 7 9
12: 8 13 14
13: 5 12 18
14: 6 12 17
15: 2 17 18
16: 2 3 17 18
17: 5 14 15 16 20
18: 6 13 15 16 20
19: 1 5 6 7 8
20: 1 2 3 4 17 18

1: 15 19 20
2: 13 14 20
3: 11 12 20
4: 7 8 9
5: 8 16 19
6: 7 17 19
7: 4 6 16
8: 4 5 17
9: 4 14 19
10: 13 15 18
11: 3 16 18
12: 3 17 18
13: 2 10 19
14: 2 9 15
15: 1 10 14
16: 5 7 11 20
17: 6 8 12 20
18: 10 11 12 20
19: 1 5 6 9 13
20: 1 2 3 16 17 18

1: 7 10 20
2: 8 17 20
3: 9 11 20
4: 12 18 20
5: 13 19 20
6: 14 15 17
7: 1 8 16
8: 2 7 9
9: 3 8 10
10: 1 9 17
11: 3 12 13
12: 4 11 19
13: 5 11 18
14: 6 16 18 19
15: 6 16 18 19
16: 7 14 15 17
17: 2 6 10 16
18: 4 13 14 15
19: 5 12 14 15
20: 1 2 3 4 5

1: 12 19 20
2: 9 13 20
3: 10 11 20
4: 17 18 19
5: 6 14 17
6: 5 15 18
7: 8 14 18
8: 7 15 17
9: 2 10 19
10: 3 9 12
11: 3 14 15
12: 1 10 13
13: 2 12 16
14: 5 7 11 20
15: 6 8 11 20
16: 13 17 18 19
17: 4 5 8 16
18: 4 6 7 16
19: 1 4 9 16
20: 1 2 3 14 15

1: 13 18 20
2: 9 17 20
3: 8 10 20
4: 12 17 19
5: 6 10 17
6: 5 7 12
7: 6 11 19
8: 3 17 18
9: 2 10 18
10: 3 5 9
11: 7 16 17
12: 4 6 16
13: 1 15 19
14: 15 16 19
15: 13 14 18 20
16: 11 12 14 20
17: 2 4 5 8 11
18: 1 8 9 15 19
19: 4 7 13 14 18 20
20: 1 2 3 15 16 19

1: 9 18 20
2: 13 19 20
3: 8 10 20
4: 12 17 18
5: 6 10 18
6: 5 7 12
7: 6 11 17
8: 3 18 19
9: 1 10 19
10: 3 5 9
11: 7 15 18
12: 4 6 15
13: 2 16 17
14: 15 16 17
15: 11 12 14 20
16: 13 14 19 20
17: 4 7 13 14 19
18: 1 4 5 8 11
19: 2 8 9 16 17
20: 1 2 3 15 16

1: 12 19 20
2: 13 18 20
3: 11 14 20
4: 15 16 17
5: 6 7 10
6: 5 9 16
7: 5 8 17
8: 7 16 18
9: 6 17 18
10: 5 14 18
11: 3 18 19
12: 1 15 17
13: 2 14 19
14: 3 10 13
15: 4 12 19 20
16: 4 6 8 19 20
17: 4 7 9 12 20
18: 2 8 9 10 11
19: 1 11 13 15 16
20: 1 2 3 15 16 17

1: 15 16 20
2: 9 19 20
3: 8 10 20
4: 7 15 16
5: 6 13 14
6: 5 10 19
7: 4 8 9
8: 3 7 19
9: 2 7 10
10: 3 6 9
11: 14 17 19
12: 13 18 19
13: 5 12 17
14: 5 11 18
15: 1 4 17
16: 1 4 18
17: 11 13 15 20
18: 12 14 16 20
19: 2 6 8 11 12
20: 1 2 3 17 18

1: 13 19 20
2: 11 12 20
3: 7 12 19
4: 8 17 19
5: 6 14 19
6: 5 7 17
7: 3 6 8
8: 4 7 14
9: 15 16 17
10: 14 15 16
11: 2 18 19
12: 2 3 13
13: 1 12 18
14: 5 8 10 20
15: 9 10 18 20
16: 9 10 18 20
17: 4 6 9 18 20
18: 11 13 15 16 17
19: 1 3 4 5 11
20: 1 2 14 15 16 17

1: 9 12 20
2: 11 18 20
3: 7 9 18
4: 8 18 19
5: 6 10 18
6: 5 7 19
7: 3 6 8
8: 4 7 10
9: 1 3 11
10: 5 8 17
11: 2 9 16
12: 1 16 18
13: 14 15 19
14: 13 16 17 20
15: 13 16 17 20
16: 11 12 14 15
17: 10 14 15 19
18: 2 3 4 5 12
19: 4 6 13 17 20
20: 1 2 14 15 19

1: 15 16 20
2: 10 11 20
3: 9 19 20
4: 6 8 15
5: 7 11 19
6: 4 13 19
7: 5 8 13
8: 4 7 12
9: 3 11 14
10: 2 14 19
11: 2 5 9
12: 8 18 19
13: 6 7 18
14: 9 10 17
15: 1 4 17
16: 1 17 18
17: 14 15 16 20
18: 12 13 16 20
19: 3 5 6 10 12
20: 1 2 3 17 18

1: 9 19 20
2: 10 13 20
3: 13 16 20
4: 6 8 20
5: 7 8 19
6: 4 10 19
7: 5 12 15
8: 4 5 9
9: 1 8 10
10: 2 6 9
11: 15 18 19
12: 7 14 18
13: 2 3 18
14: 12 17 19
15: 7 11 17
16: 3 17 18
17: 14 15 16 20
18: 11 12 13 16
19: 1 5 6 11 14
20: 1 2 3 4 17

1: 14 17 18
2: 15 16 18
3: 8 9 18
4: 6 18 19
5: 7 18 20
6: 4 9 17
7: 5 8 16
8: 3 7 15
9: 3 6 14
10: 11 13 19
11: 10 12 20
12: 11 17 19
13: 10 16 20
14: 1 9 19
15: 2 8 20
16: 2 7 13 19
17: 1 6 12 20
18: 1 2 3 4 5
19: 4 10 12 14 16 20
20: 5 11 13 15 17 19

1: 12 17 18
2: 13 16 18
3: 8 9 18
4: 6 18 19
5: 7 18 20
6: 4 9 17
7: 5 8 16
8: 3 7 13
9: 3 6 12
10: 11 15 19
11: 10 14 20
12: 1 9 19
13: 2 8 20
14: 11 15 17 19
15: 10 14 16 20
16: 2 7 15 19
17: 1 6 14 20
18: 1 2 3 4 5
19: 4 10 12 14 16 20
20: 5 11 13 15 17 19

1: 11 18 20
2: 12 19 20
3: 10 13 20
4: 6 7 17
5: 16 18 19
6: 4 8 14
7: 4 9 15
8: 6 15 16
9: 7 14 16
10: 3 14 15
11: 1 13 19
12: 2 13 18
13: 3 11 12
14: 6 9 10 20
15: 7 8 10 20
16: 5 8 9 17
17: 4 16 18 19
18: 1 5 12 17
19: 2 5 11 17
20: 1 2 3 14 15

1: 8 19 20
2: 11 17 20
3: 6 10 20
4: 14 15 19
5: 12 18 19
6: 3 9 19
7: 10 13 19
8: 1 9 10
9: 6 8 16
10: 3 7 8
11: 2 16 18
12: 5 13 15
13: 7 12 14
14: 4 13 18
15: 4 12 17 20
16: 9 11 17 20
17: 2 15 16 18
18: 5 11 14 17 20
19: 1 4 5 6 7
20: 1 2 3 15 16 18

1: 8 19 20
2: 15 16 20
3: 6 9 20
4: 12 17 19
5: 13 18 19
6: 3 10 19
7: 9 11 19
8: 1 9 10
9: 3 7 8
10: 6 8 14
11: 7 12 13
12: 4 11 18
13: 5 11 17
14: 10 15 16 20
15: 2 14 17 18
16: 2 14 17 18
17: 4 13 15 16 20
18: 5 12 15 16 20
19: 1 4 5 6 7
20: 1 2 3 14 17 18

1: 9 19 20
2: 6 10 20
3: 13 16 20
4: 12 13 20
5: 10 14 19
6: 2 16 19
7: 15 18 19
8: 11 17 19
9: 1 10 16
10: 2 5 9
11: 8 14 18
12: 4 17 18
13: 3 4 18
14: 5 11 15
15: 7 14 17
16: 3 6 9 17
17: 8 12 15 16 20
18: 7 11 12 13 20
19: 1 5 6 7 8
20: 1 2 3 4 17 18

1: 8 19 20
2: 6 9 20
3: 10 17 20
4: 9 14 19
5: 13 16 19
6: 2 17 19
7: 11 18 19
8: 1 9 17
9: 2 4 8
10: 3 15 18
11: 7 14 16
12: 15 16 18
13: 5 14 18
14: 4 11 13
15: 10 12 17 20
16: 5 11 12 20
17: 3 6 8 15
18: 7 10 12 13 20
19: 1 4 5 6 7
20: 1 2 3 15 16 18

1: 8 19 20
2: 6 9 20
3: 10 11 20
4: 9 12 19
5: 14 18 19
6: 2 17 19
7: 13 15 19
8: 1 9 17
9: 2 4 8
10: 3 16 18
11: 3 15 16
12: 4 13 14
13: 7 12 18
14: 5 12 15
15: 7 11 14 20
16: 10 11 17 20
17: 6 8 16 18
18: 5 10 13 17 20
19: 1 4 5 6 7
20: 1 2 3 15 16 18

1: 13 19 20
2: 6 12 20
3: 6 9 19
4: 7 10 19
5: 8 18 19
6: 2 3 13
7: 4 8 15
8: 5 7 9
9: 3 8 10
10: 4 9 18
11: 14 17 20
12: 2 17 19
13: 1 6 17
14: 11 16 18
15: 7 16 18
16: 14 15 17 20
17: 11 12 13 16
18: 5 10 14 15 20
19: 1 3 4 5 12
20: 1 2 11 16 18

1: 6 9 16
2: 7 16 19
3: 8 16 20
4: 11 16 17
5: 10 16 18
6: 1 7 8
7: 2 6 20
8: 3 6 19
9: 1 10 11
10: 5 9 17
11: 4 9 18
12: 14 15 17
13: 14 15 18
14: 12 13 19 20
15: 12 13 19 20
16: 1 2 3 4 5
17: 4 10 12 19 20
18: 5 11 13 19 20
19: 2 8 14 15 17 18
20: 3 7 14 15 17 18

1: 6 7 16
2: 10 16 17
3: 11 16 18
4: 9 16 19
5: 8 16 20
6: 1 9 11
7: 1 8 10
8: 5 7 17
9: 4 6 18
10: 2 7 20
11: 3 6 19
12: 15 17 20
13: 14 18 19
14: 13 15 17 20
15: 12 14 18 19
16: 1 2 3 4 5
17: 2 8 12 14 18
18: 3 9 13 15 17
19: 4 11 13 15 20
20: 5 10 12 14 19

1: 6 7 16
2: 10 16 20
3: 11 16 19
4: 8 16 17
5: 9 16 18
6: 1 9 11
7: 1 8 10
8: 4 7 20
9: 5 6 19
10: 2 7 17
11: 3 6 18
12: 15 17 20
13: 14 18 19
14: 13 15 17 20
15: 12 14 18 19
16: 1 2 3 4 5
17: 4 10 12 14 19
18: 5 11 13 15 20
19: 3 9 13 15 17 20
20: 2 8 12 14 18 19

1: 6 7 16
2: 10 16 20
3: 11 16 19
4: 8 16 17
5: 9 16 18
6: 1 9 11
7: 1 8 10
8: 4 7 20
9: 5 6 19
10: 2 7 17
11: 3 6 18
12: 14 15 17 20
13: 14 15 17 20
14: 12 13 18 19
15: 12 13 18 19
16: 1 2 3 4 5
17: 4 10 12 13 19
18: 5 11 14 15 20
19: 3 9 14 15 17 20
20: 2 8 12 13 18 19

1: 6 7 16
2: 10 16 19
3: 11 16 20
4: 8 16 18
5: 9 16 17
6: 1 9 11
7: 1 8 10
8: 4 7 19
9: 5 6 20
10: 2 7 18
11: 3 6 17
12: 13 15 19
13: 12 14 20
14: 13 15 18 19
15: 12 14 17 20
16: 1 2 3 4 5
17: 5 11 15 18 19
18: 4 10 14 17 20
19: 2 8 12 14 17
20: 3 9 13 15 18

1: 6 7 16
2: 10 16 19
3: 11 16 20
4: 8 16 18
5: 9 16 17
6: 1 9 11
7: 1 8 10
8: 4 7 19
9: 5 6 20
10: 2 7 18
11: 3 6 17
12: 13 15 19
13: 12 14 20
14: 13 15 18 19
15: 12 14 17 20
16: 1 2 3 4 5
17: 5 11 15 18 19
18: 4 10 14 17 20
19: 2 8 12 14 17 20
20: 3 9 13 15 18 19

1: 6 7 16
2: 9 16 17
3: 8 16 20
4: 10 16 18
5: 11 16 19
6: 1 8 9
7: 1 10 11
8: 3 6 17
9: 2 6 20
10: 4 7 19
11: 5 7 18
12: 15 17 20
13: 14 18 19
14: 13 15 17 20
15: 12 14 18 19
16: 1 2 3 4 5
17: 2 8 12 14 18 19
18: 4 11 13 15 17 20
19: 5 10 13 15 17 20
20: 3 9 12 14 18 19

1: 6 7 16
2: 8 16 19
3: 11 16 17
4: 10 16 18
5: 9 16 20
6: 1 8 11
7: 1 9 10
8: 2 6 17
9: 5 7 18
10: 4 7 20
11: 3 6 19
12: 14 15 17 19
13: 14 15 17 19
14: 12 13 18 20
15: 12 13 18 20
16: 1 2 3 4 5
17: 3 8 12 13 18
18: 4 9 14 15 17
19: 2 11 12 13 20
20: 5 10 14 15 19

1: 6 7 20
2: 8 17 20
3: 9 16 20
4: 10 18 20
5: 11 19 20
6: 1 8 9
7: 1 10 11
8: 2 6 16
9: 3 6 17
10: 4 7 19
11: 5 7 18
12: 14 15 16 17
13: 14 15 16 17
14: 12 13 18 19
15: 12 13 18 19
16: 3 8 12 13
17: 2 9 12 13
18: 4 11 14 15
19: 5 10 14 15
20: 1 2 3 4 5

1: 6 7 16
2: 8 16 20
3: 9 16 17
4: 10 16 18
5: 11 16 19
6: 1 8 9
7: 1 10 11
8: 2 6 17
9: 3 6 20
10: 4 7 19
11: 5 7 18
12: 14 15 17 20
13: 14 15 17 20
14: 12 13 18 19
15: 12 13 18 19
16: 1 2 3 4 5
17: 3 8 12 13 18 19
18: 4 11 14 15 17 20
19: 5 10 14 15 17 20
20: 2 9 12 13 18 19

1: 9 18 20
2: 10 19 20
3: 8 11 20
4: 5 12 14
5: 4 13 15
6: 7 12 15
7: 6 13 14
8: 3 12 13
9: 1 11 19
10: 2 11 18
11: 3 9 10
12: 4 6 8 20
13: 5 7 8 20
14: 4 7 16 17
15: 5 6 16 17
16: 14 15 18 19
17: 14 15 18 19
18: 1 10 16 17
19: 2 9 16 17
20: 1 2 3 12 13

1: 8 12 20
2: 11 19 20
3: 7 8 19
4: 5 6 13
5: 4 7 10
6: 4 9 19
7: 3 5 9
8: 1 3 11
9: 6 7 15
10: 5 15 19
11: 2 8 18
12: 1 18 19
13: 4 16 17
14: 15 16 17
15: 9 10 14 20
16: 13 14 18 20
17: 13 14 18 20
18: 11 12 16 17
19: 2 3 6 10 12
20: 1 2 15 16 17

1: 15 17 20
2: 14 15 20
3: 6 13 20
4: 5 16 20
5: 4 13 17
6: 3 16 17
7: 8 13 16
8: 7 9 10
9: 8 11 18
10: 8 12 19
11: 9 16 19
12: 10 16 18
13: 3 5 7
14: 2 18 19
15: 1 2 18 19
16: 4 6 7 11 12
17: 1 5 6 18 19
18: 9 12 14 15 17 20
19: 10 11 14 15 17 20
20: 1 2 3 4 18 19

1: 13 14 20
2: 12 19 20
3: 5 10 20
4: 6 8 11
5: 3 6 12
6: 4 5 19
7: 11 17 19
8: 4 9 17
9: 8 15 19
10: 3 18 19
11: 4 7 15
12: 2 5 18
13: 1 16 17
14: 1 15 16
15: 9 11 14 20
16: 13 14 18 20
17: 7 8 13 18
18: 10 12 16 17
19: 2 6 7 9 10
20: 1 2 3 15 16

1: 9 17 20
2: 7 8 20
3: 5 6 11
4: 11 17 19
5: 3 10 19
6: 3 8 17
7: 2 17 18
8: 2 6 9
9: 1 8 18
10: 5 15 17
11: 3 4 15
12: 13 14 19
13: 12 16 18 20
14: 12 16 18 20
15: 10 11 16 20
16: 13 14 15 19
17: 1 4 6 7 10
18: 7 9 13 14 19
19: 4 5 12 16 18 20
20: 1 2 13 14 15 19

1: 9 17 20
2: 7 8 20
3: 5 6 11
4: 11 17 18
5: 3 10 18
6: 3 8 17
7: 2 17 19
8: 2 6 9
9: 1 8 19
10: 5 15 17
11: 3 4 15
12: 13 14 18
13: 12 16 19 20
14: 12 16 19 20
15: 10 11 16 20
16: 13 14 15 18
17: 1 4 6 7 10
18: 4 5 12 16 19
19: 7 9 13 14 18
20: 1 2 13 14 15

1: 7 8 11
2: 9 10 11
3: 5 6 17
4: 5 6 20
5: 3 4 18
6: 3 4 19
7: 1 12 17
8: 1 13 20
9: 2 15 18
10: 2 14 19
11: 1 2 16
12: 7 16 20
13: 8 16 17
14: 10 16 18
15: 9 16 19
16: 11 12 13 14 15
17: 3 7 13 18 19
18: 5 9 14 17 20
19: 6 10 15 17 20
20: 4 8 12 18 19

1: 6 11 15
2: 5 12 15
3: 6 10 13
4: 5 9 14
5: 2 4 17
6: 1 3 16
7: 8 14 19
8: 7 13 20
9: 4 12 18
10: 3 11 18
11: 1 10 19
12: 2 9 20
13: 3 8 19
14: 4 7 20
15: 1 2 18
16: 6 18 19
17: 5 18 20
18: 9 10 15 16 17
19: 7 11 13 16 20
20: 8 12 14 17 19

1: 15 19 20
2: 5 10 20
3: 5 7 19
4: 14 18 19
5: 2 3 15
6: 7 11 18
7: 3 6 14
8: 9 12 18
9: 8 17 20
10: 2 17 19
11: 6 16 19
12: 8 13 17
13: 12 16 18
14: 4 7 16
15: 1 5 17
16: 11 13 14 20
17: 9 10 12 15
18: 4 6 8 13 20
19: 1 3 4 10 11
20: 1 2 9 16 18

1: 11 18 20
2: 5 8 20
3: 5 7 18
4: 10 18 19
5: 2 3 11
6: 7 9 19
7: 3 6 10
8: 2 15 18
9: 6 14 18
10: 4 7 14
11: 1 5 15
12: 13 16 19
13: 12 15 17
14: 9 10 17 20
15: 8 11 13 16
16: 12 15 17 20
17: 13 14 16 19
18: 1 3 4 8 9
19: 4 6 12 17 20
20: 1 2 14 16 19

1: 5 11 15
2: 5 12 16
3: 6 14 17
4: 6 13 18
5: 1 2 20
6: 3 4 19
7: 10 15 17
8: 9 15 18
9: 8 16 17
10: 7 16 18
11: 1 16 19
12: 2 15 19
13: 4 17 20
14: 3 18 20
15: 1 7 8 12
16: 2 9 10 11
17: 3 7 9 13
18: 4 8 10 14
19: 6 11 12 20
20: 5 13 14 19

1: 8 19 20
2: 15 16 20
3: 4 9 20
4: 3 15 19
5: 9 11 19
6: 12 17 19
7: 13 18 19
8: 1 9 15
9: 3 5 8
10: 14 17 18
11: 5 12 13
12: 6 11 18
13: 7 11 17
14: 10 15 16 20
15: 2 4 8 14
16: 2 14 17 18
17: 6 10 13 16 20
18: 7 10 12 16 20
19: 1 4 5 6 7
20: 1 2 3 14 17 18

1: 8 19 20
2: 10 16 20
3: 4 9 20
4: 3 15 19
5: 9 11 19
6: 13 18 19
7: 12 17 19
8: 1 9 15
9: 3 5 8
10: 2 14 18
11: 5 12 13
12: 7 11 18
13: 6 11 17
14: 10 15 16 20
15: 4 8 14 17
16: 2 14 17 18
17: 7 13 15 16 20
18: 6 10 12 16 20
19: 1 4 5 6 7
20: 1 2 3 14 17 18

1: 6 10 13
2: 5 9 13
3: 4 12 19
4: 3 11 20
5: 2 14 19
6: 1 15 20
7: 9 16 19
8: 10 16 20
9: 2 7 18
10: 1 8 17
11: 4 18 19
12: 3 17 20
13: 1 2 16
14: 5 16 18
15: 6 16 17
16: 7 8 13 14 15
17: 10 12 15 18 19
18: 9 11 14 17 20
19: 3 5 7 11 17 20
20: 4 6 8 12 18 19

1: 6 8 9
2: 5 7 9
3: 4 15 17
4: 3 14 18
5: 2 12 17
6: 1 13 18
7: 2 10 20
8: 1 11 19
9: 1 2 16
10: 7 16 17
11: 8 16 18
12: 5 16 20
13: 6 16 19
14: 4 17 20
15: 3 18 19
16: 9 10 11 12 13
17: 3 5 10 14 19
18: 4 6 11 15 20
19: 8 13 15 17 20
20: 7 12 14 18 19

1: 5 11 18
2: 10 17 18
3: 4 5 17
4: 3 8 9
5: 1 3 10
6: 8 17 19
7: 9 17 20
8: 4 6 20
9: 4 7 19
10: 2 5 13
11: 1 13 17
12: 13 14 15
13: 10 11 12 16
14: 12 16 19 20
15: 12 16 19 20
16: 13 14 15 18
17: 2 3 6 7 11
18: 1 2 16 19 20
19: 6 9 14 15 18
20: 7 8 14 15 18

1: 5 10 19
2: 5 11 20
3: 4 17 18
4: 3 19 20
5: 1 2 16
6: 7 13 17
7: 6 14 18
8: 9 13 18
9: 8 14 17
10: 1 15 20
11: 2 15 19
12: 13 14 15
13: 6 8 12 16
14: 7 9 12 16
15: 10 11 12 16
16: 5 13 14 15
17: 3 6 9 19 20
18: 3 7 8 19 20
19: 1 4 11 17 18
20: 2 4 10 17 18

1: 6 19 20
2: 4 7 20
3: 5 7 19
4: 2 13 19
5: 3 10 12
6: 1 7 13
7: 2 3 6
8: 14 18 20
9: 12 17 19
10: 5 11 17
11: 10 16 19
12: 5 9 16
13: 4 6 15
14: 8 15 17
15: 13 14 18 20
16: 11 12 18 20
17: 9 10 14 18
18: 8 15 16 17
19: 1 3 4 9 11
20: 1 2 8 15 16

1: 5 18 20
2: 4 6 20
3: 6 9 18
4: 2 7 18
5: 1 6 7
6: 2 3 5
7: 4 5 13
8: 15 18 19
9: 3 10 15
10: 9 14 19
11: 12 13 19
12: 11 17 20
13: 7 11 17
14: 10 16 18
15: 8 9 16
16: 14 15 17 20
17: 12 13 16 19
18: 1 3 4 8 14
19: 8 10 11 17 20
20: 1 2 12 16 19

1: 8 19 20
2: 4 7 20
3: 4 5 19
4: 2 3 8
5: 3 11 12
6: 13 18 20
7: 2 18 19
8: 1 4 18
9: 12 16 19
10: 11 15 19
11: 5 10 16
12: 5 9 15
13: 6 16 17
14: 15 16 17
15: 10 12 14 20
16: 9 11 13 14
17: 13 14 18 20
18: 6 7 8 17
19: 1 3 7 9 10
20: 1 2 6 15 17

1: 7 19 20
2: 4 6 20
3: 4 5 19
4: 2 3 7
5: 3 11 12
6: 2 18 19
7: 1 4 18
8: 13 14 18
9: 12 15 19
10: 11 16 19
11: 5 10 15
12: 5 9 16
13: 8 15 17
14: 8 16 17
15: 9 11 13 20
16: 10 12 14 20
17: 13 14 18 20
18: 6 7 8 17
19: 1 3 6 9 10
20: 1 2 15 16 17

1: 7 19 20
2: 4 6 20
3: 4 5 19
4: 2 3 7
5: 3 10 11
6: 2 17 19
7: 1 4 17
8: 11 13 19
9: 10 14 19
10: 5 9 13
11: 5 8 14
12: 14 15 16
13: 8 10 18 20
14: 9 11 12 18
15: 12 17 18 20
16: 12 17 18 20
17: 6 7 15 16
18: 13 14 15 16
19: 1 3 6 8 9
20: 1 2 13 15 16

1: 4 9 18
2: 5 18 19
3: 6 18 20
4: 1 5 6
5: 2 4 20
6: 3 4 19
7: 13 19 20
8: 12 17 18
9: 1 10 12
10: 9 11 17
11: 10 16 18
12: 8 9 16
13: 7 15 16
14: 15 16 17
15: 13 14 19 20
16: 11 12 13 14
17: 8 10 14 19 20
18: 1 2 3 8 11
19: 2 6 7 15 17
20: 3 5 7 15 17

1: 4 5 20
2: 14 18 20
3: 15 19 20
4: 1 9 15
5: 1 8 14
6: 7 13 18
7: 6 12 19
8: 5 10 18
9: 4 11 19
10: 8 17 20
11: 9 16 20
12: 7 17 18
13: 6 16 19
14: 2 5 17
15: 3 4 16
16: 11 13 15 17
17: 10 12 14 16
18: 2 6 8 12 19
19: 3 7 9 13 18
20: 1 2 3 10 11

1: 8 19 20
2: 3 7 20
3: 2 16 19
4: 7 12 19
5: 11 18 19
6: 9 13 19
7: 2 4 8
8: 1 7 16
9: 6 12 18
10: 14 15 18
11: 5 12 13
12: 4 9 11
13: 6 11 17 20
14: 10 16 17 20
15: 10 16 17 20
16: 3 8 14 15
17: 13 14 15 18
18: 5 9 10 17 20
19: 1 3 4 5 6
20: 1 2 13 14 15 18

1: 8 19 20
2: 3 7 20
3: 2 14 19
4: 7 9 19
5: 10 17 19
6: 11 18 19
7: 2 4 8
8: 1 7 14
9: 4 10 11
10: 5 9 18
11: 6 9 17
12: 14 15 16 20
13: 14 15 16 20
14: 3 8 12 13
15: 12 13 17 18
16: 12 13 17 18
17: 5 11 15 16 20
18: 6 10 15 16 20
19: 1 3 4 5 6
20: 1 2 12 13 17 18

1: 8 17 18
2: 3 7 18
3: 2 12 17
4: 7 9 17
5: 10 17 19
6: 11 17 20
7: 2 4 8
8: 1 7 12
9: 4 10 11
10: 5 9 20
11: 6 9 19
12: 3 8 14
13: 15 16 18
14: 12 15 16
15: 13 14 19 20
16: 13 14 19 20
17: 1 3 4 5 6
18: 1 2 13 19 20
19: 5 11 15 16 18
20: 6 10 15 16 18

1: 7 18 20
2: 3 6 20
3: 2 18 19
4: 6 9 18
5: 13 17 18
6: 2 4 7
7: 1 6 19
8: 9 11 17
9: 4 8 13
10: 12 14 19
11: 8 15 18
12: 10 16 17
13: 5 9 15
14: 10 15 16
15: 11 13 14 20
16: 12 14 19 20
17: 5 8 12 19 20
18: 1 3 4 5 11
19: 3 7 10 16 17
20: 1 2 15 16 17

1: 4 19 20
2: 3 8 20
3: 2 18 19
4: 1 8 18
5: 8 9 19
6: 11 16 19
7: 10 17 19
8: 2 4 5
9: 5 10 11
10: 7 9 16
11: 6 9 17
12: 14 15 16
13: 14 15 17
14: 12 13 18 20
15: 12 13 18 20
16: 6 10 12 20
17: 7 11 13 20
18: 3 4 14 15
19: 1 3 5 6 7
20: 1 2 14 15 16 17

1: 4 11 20
2: 3 12 19
3: 2 10 14
4: 1 9 13
5: 6 17 20
6: 5 18 19
7: 9 16 20
8: 10 15 19
9: 4 7 17
10: 3 8 18
11: 1 16 17
12: 2 15 18
13: 4 15 16
14: 3 15 16
15: 8 12 13 14
16: 7 11 13 14
17: 5 9 11 19
18: 6 10 12 20
19: 2 6 8 17 20
20: 1 5 7 18 19

1: 4 13 14
2: 3 13 15
3: 2 14 16
4: 1 15 16
5: 6 13 17
6: 5 16 20
7: 8 16 17
8: 7 13 20
9: 11 14 18
10: 12 14 19
11: 9 15 19
12: 10 15 18
13: 1 2 5 8
14: 1 3 9 10
15: 2 4 11 12
16: 3 4 6 7
17: 5 7 18 19
18: 9 12 17 20
19: 10 11 17 20
20: 6 8 18 19

1: 4 18 20
2: 3 7 20
3: 2 18 19
4: 1 7 19
5: 6 7 18
6: 5 9 12
7: 2 4 5
8: 12 17 18
9: 6 11 17
10: 13 14 17
11: 9 16 18
12: 6 8 16
13: 10 15 19 20
14: 10 15 19 20
15: 13 14 16 17
16: 11 12 15 19 20
17: 8 9 10 15 20
18: 1 3 5 8 11
19: 3 4 13 14 16
20: 1 2 13 14 16 17

1: 4 7 17
2: 3 16 17
3: 2 7 18
4: 1 16 18
5: 6 7 16
6: 5 8 9
7: 1 3 5
8: 6 10 19
9: 6 11 20
10: 8 16 20
11: 9 16 19
12: 13 14 18
13: 12 15 19 20
14: 12 15 19 20
15: 13 14 17 18
16: 2 4 5 10 11
17: 1 2 15 19 20
18: 3 4 12 15 19 20
19: 8 11 13 14 17 18
20: 9 10 13 14 17 18

1: 4 5 6
2: 3 7 8
3: 2 4 14
4: 1 3 13
5: 1 9 15
6: 1 10 16
7: 2 11 17
8: 2 12 18
9: 5 13 16
10: 6 13 15
11: 7 14 18
12: 8 14 17
13: 4 9 10 14
14: 3 11 12 13
15: 5 10 19 20
16: 6 9 19 20
17: 7 12 19 20
18: 8 11 19 20
19: 15 16 17 18
20: 15 16 17 18

1: 3 5 14
2: 4 6 13
3: 1 9 17
4: 2 12 18
5: 1 10 20
6: 2 11 19
7: 8 17 20
8: 7 18 19
9: 3 16 20
10: 5 16 17
11: 6 15 18
12: 4 15 19
13: 2 15 16
14: 1 15 16
15: 11 12 13 14
16: 9 10 13 14
17: 3 7 10 18
18: 4 8 11 17
19: 6 8 12 20
20: 5 7 9 19

1: 3 5 13
2: 4 6 14
3: 1 11 16
4: 2 12 15
5: 1 7 10
6: 2 8 9
7: 5 8 20
8: 6 7 19
9: 6 12 17
10: 5 11 18
11: 3 10 20
12: 4 9 19
13: 1 18 20
14: 2 17 19
15: 4 17 18
16: 3 17 18
17: 9 14 15 16
18: 10 13 15 16
19: 8 12 14 20
20: 7 11 13 19

1: 3 5 8
2: 4 6 7
3: 1 11 12
4: 2 9 10
5: 1 6 17
6: 2 5 18
7: 2 8 17
8: 1 7 18
9: 4 12 19
10: 4 11 20
11: 3 10 19
12: 3 9 20
13: 16 17 19
14: 15 17 20
15: 14 18 19
16: 13 18 20
17: 5 7 13 14
18: 6 8 15 16
19: 9 11 13 15
20: 10 12 14 16

1: 2 12 20
2: 1 11 19
3: 7 13 19
4: 8 15 20
5: 9 16 20
6: 10 14 19
7: 3 11 14
8: 4 12 16
9: 5 12 15
10: 6 11 13
11: 2 7 10 20
12: 1 8 9 19
13: 3 10 17 18
14: 6 7 17 18
15: 4 9 17 18
16: 5 8 17 18
17: 13 14 15 16
18: 13 14 15 16
19: 2 3 6 12 20
20: 1 4 5 11 19

1: 2 17 20
2: 1 18 19
3: 5 6 14
4: 7 8 13
5: 3 9 17
6: 3 10 20
7: 4 11 18
8: 4 12 19
9: 5 15 20
10: 6 15 17
11: 7 16 19
12: 8 16 18
13: 4 15 16
14: 3 15 16
15: 9 10 13 14
16: 11 12 13 14
17: 1 5 10 18 19
18: 2 7 12 17 20
19: 2 8 11 17 20
20: 1 6 9 18 19

1: 2 11 12
2: 1 13 14
3: 4 11 15
4: 3 12 16
5: 6 12 15
6: 5 11 16
7: 9 14 17
8: 10 14 18
9: 7 13 18
10: 8 13 17
11: 1 3 6 14
12: 1 4 5 13
13: 2 9 10 12
14: 2 7 8 11
15: 3 5 19 20
16: 4 6 19 20
17: 7 10 19 20
18: 8 9 19 20
19: 15 16 17 18
20: 15 16 17 18

1: 2 17 20
2: 1 18 19
3: 4 11 17
4: 3 12 20
5: 6 12 17
6: 5 11 20
7: 8 13 18
8: 7 14 19
9: 10 13 19
10: 9 14 18
11: 3 6 15 16
12: 4 5 15 16
13: 7 9 15 16
14: 8 10 15 16
15: 11 12 13 14
16: 11 12 13 14
17: 1 3 5 18 19
18: 2 7 10 17 20
19: 2 8 9 17 20
20: 1 4 6 18 19

1: 2 4 13
2: 1 6 8
3: 7 9 10
4: 1 5 20
5: 4 6 18
6: 2 5 15
7: 3 8 19
8: 2 7 18
9: 3 11 16
10: 3 12 17
11: 9 17 19
12: 10 16 19
13: 1 15 18
14: 15 16 17
15: 6 13 14 20
16: 9 12 14 20
17: 10 11 14 20
18: 5 8 13 19
19: 7 11 12 18
20: 4 15 16 17

1: 2 11 19
2: 1 3 18
3: 2 4 13
4: 3 15 19
5: 8 14 20
6: 9 16 20
7: 10 17 20
8: 5 13 19
9: 6 14 17
10: 7 14 16
11: 1 13 15
12: 15 16 17
13: 3 8 11 20
14: 5 9 10 19
15: 4 11 12 18
16: 6 10 12 18
17: 7 9 12 18
18: 2 15 16 17
19: 1 4 8 14 20
20: 5 6 7 13 19

1: 2 7 18
2: 1 3 4
3: 2 6 20
4: 2 5 19
5: 4 18 20
6: 3 18 19
7: 1 8 9
8: 7 11 16
9: 7 10 17
10: 9 16 18
11: 8 17 18
12: 14 15 16
13: 14 15 17
14: 12 13 19 20
15: 12 13 19 20
16: 8 10 12 19
17: 9 11 13 20
18: 1 5 6 10 11
19: 4 6 14 15 16
20: 3 5 14 15 17

1: 2 3 20
2: 1 11 18
3: 1 10 19
4: 9 16 17
5: 7 13 17
6: 8 14 17
7: 5 14 16
8: 6 13 16
9: 4 18 19
10: 3 15 18
11: 2 15 19
12: 13 14 15
13: 5 8 12 20
14: 6 7 12 20
15: 10 11 12 20
16: 4 7 8 18
17: 4 5 6 19
18: 2 9 10 16
19: 3 9 11 17
20: 1 13 14 15

1: 2 3 18
2: 1 15 16
3: 1 14 17
4: 6 10 14
5: 7 11 15
6: 4 8 9
7: 5 8 9
8: 6 7 13
9: 6 7 12
10: 4 11 13
11: 5 10 12
12: 9 11 20
13: 8 10 19
14: 3 4 20
15: 2 5 19
16: 2 17 20
17: 3 16 19
18: 1 19 20
19: 13 15 17 18
20: 12 14 16 18

1: 2 3 18
2: 1 7 11
3: 1 6 10
4: 10 18 20
5: 11 18 19
6: 3 8 20
7: 2 9 19
8: 6 14 18
9: 7 15 18
10: 3 4 14
11: 2 5 15
12: 14 17 20
13: 15 16 19
14: 8 10 12 16
15: 9 11 13 17
16: 13 14 17 20
17: 12 15 16 19
18: 1 4 5 8 9
19: 5 7 13 17 20
20: 4 6 12 16 19

1: 2 3 18
2: 1 7 11
3: 1 6 10
4: 10 18 19
5: 11 18 20
6: 3 8 19
7: 2 9 20
8: 6 17 18
9: 7 16 18
10: 3 4 17
11: 2 5 16
12: 13 15 19
13: 12 14 20
14: 13 15 17 19
15: 12 14 16 20
16: 9 11 15 17
17: 8 10 14 16
18: 1 4 5 8 9
19: 4 6 12 14 20
20: 5 7 13 15 19

1: 2 3 18
2: 1 7 11
3: 1 6 10
4: 10 18 19
5: 11 18 20
6: 3 8 19
7: 2 9 20
8: 6 13 18
9: 7 12 18
10: 3 4 13
11: 2 5 12
12: 9 11 17
13: 8 10 16
14: 15 17 19
15: 14 16 20
16: 13 15 17 19
17: 12 14 16 20
18: 1 4 5 8 9
19: 4 6 14 16 20
20: 5 7 15 17 19

1: 2 3 18
2: 1 6 11
3: 1 7 10
4: 11 18 19
5: 10 18 20
6: 2 9 19
7: 3 8 20
8: 7 14 18
9: 6 15 18
10: 3 5 14
11: 2 4 15
12: 13 17 19
13: 12 16 20
14: 8 10 17 19
15: 9 11 16 20
16: 13 15 17 19
17: 12 14 16 20
18: 1 4 5 8 9
19: 4 6 12 14 16
20: 5 7 13 15 17

1: 2 3 18
2: 1 6 10
3: 1 7 11
4: 11 18 20
5: 10 18 19
6: 2 8 19
7: 3 9 20
8: 6 13 18
9: 7 12 18
10: 2 5 13
11: 3 4 12
12: 9 11 14 15
13: 8 10 16 17
14: 12 16 17 20
15: 12 16 17 20
16: 13 14 15 19
17: 13 14 15 19
18: 1 4 5 8 9
19: 5 6 16 17 20
20: 4 7 14 15 19

1: 2 3 18
2: 1 9 13
3: 1 8 12
4: 5 15 20
5: 4 14 19
6: 12 18 20
7: 13 18 19
8: 3 10 20
9: 2 11 19
10: 8 16 18
11: 9 17 18
12: 3 6 16
13: 2 7 17
14: 5 15 16
15: 4 14 17
16: 10 12 14 19
17: 11 13 15 20
18: 1 6 7 10 11
19: 5 7 9 16 20
20: 4 6 8 17 19

1: 2 3 18
2: 1 9 15
3: 1 8 14
4: 5 11 19
5: 4 10 20
6: 14 18 19
7: 15 18 20
8: 3 12 19
9: 2 13 20
10: 5 17 19
11: 4 16 20
12: 8 17 18
13: 9 16 18
14: 3 6 17
15: 2 7 16
16: 11 13 15 19
17: 10 12 14 20
18: 1 6 7 12 13
19: 4 6 8 10 16
20: 5 7 9 11 17

1: 19 20 21
2: 12 13 21
3: 14 15 21
4: 17 18 20
5: 10 11 17
6: 13 16 20
7: 12 17 19
8: 11 15 16
9: 10 14 18
10: 5 9 15
11: 5 8 14
12: 2 7 20
13: 2 6 19
14: 3 9 11
15: 3 8 10
16: 6 8 18 21
17: 4 5 7 21
18: 4 9 16 19
19: 1 7 13 18
20: 1 4 6 12
21: 1 2 3 16 17

1: 14 17 21
2: 10 16 21
3: 11 13 21
4: 12 15 21
5: 18 19 20
6: 15 17 18
7: 9 16 20
8: 9 14 18
9: 7 8 17
10: 2 13 20
11: 3 12 20
12: 4 11 19
13: 3 10 19
14: 1 8 15
15: 4 6 14
16: 2 7 19
17: 1 6 9
18: 5 6 8 21
19: 5 12 13 16
20: 5 7 10 11
21: 1 2 3 4 18

1: 13 20 21
2: 14 15 21
3: 12 17 21
4: 11 16 21
5: 16 18 20
6: 10 13 15
7: 8 10 14
8: 7 15 19
9: 12 18 19
10: 6 7 18
11: 4 17 20
12: 3 9 20
13: 1 6 14
14: 2 7 13
15: 2 6 8
16: 4 5 19
17: 3 11 19
18: 5 9 10 21
19: 8 9 16 17
20: 1 5 11 12
21: 1 2 3 4 18

1: 13 20 21
2: 14 15 21
3: 12 17 21
4: 11 16 21
5: 9 17 20
6: 13 15 18
7: 8 14 18
8: 7 15 19
9: 5 10 18
10: 9 11 19
11: 4 10 20
12: 3 16 20
13: 1 6 14
14: 2 7 13
15: 2 6 8
16: 4 12 19
17: 3 5 19
18: 6 7 9 21
19: 8 10 16 17
20: 1 5 11 12
21: 1 2 3 4 18

1: 19 20 21
2: 15 16 21
3: 13 14 21
4: 12 17 21
5: 9 11 18
6: 14 18 20
7: 8 9 15
8: 7 13 19
9: 5 7 16
10: 12 18 19
11: 5 15 17
12: 4 10 20
13: 3 8 20
14: 3 6 19
15: 2 7 11
16: 2 9 17
17: 4 11 16
18: 5 6 10 21
19: 1 8 10 14
20: 1 6 12 13
21: 1 2 3 4 18

1: 11 20 21
2: 9 18 21
3: 12 19 21
4: 10 15 21
5: 13 17 21
6: 14 16 21
7: 8 18 20
8: 7 16 17
9: 2 12 20
10: 4 13 20
11: 1 12 18
12: 3 9 11
13: 5 10 19
14: 6 17 19
15: 4 16 19
16: 6 8 15
17: 5 8 14
18: 2 7 11
19: 3 13 14 15
20: 1 7 9 10
21: 1 2 3 4 5 6

1: 10 11 21
2: 16 17 21
3: 12 15 21
4: 13 14 21
5: 8 14 16
6: 9 15 17
7: 8 9 18
8: 5 7 17
9: 6 7 16
10: 1 13 20
11: 1 12 19
12: 3 11 20
13: 4 10 19
14: 4 5 20
15: 3 6 19
16: 2 5 9
17: 2 6 8
18: 7 19 20 21
19: 11 13 15 18
20: 10 12 14 18
21: 1 2 3 4 18

1: 10 11 21
2: 12 20 21
3: 13 19 21
4: 14 15 21
5: 8 14 19
6: 9 15 20
7: 8 9 16
8: 5 7 15
9: 6 7 14
10: 1 13 18
11: 1 12 17
12: 2 11 18
13: 3 10 17
14: 4 5 9
15: 4 6 8
16: 7 17 18 21
17: 11 13 16 20
18: 10 12 16 19
19: 3 5 18 20
20: 2 6 17 19
21: 1 2 3 4 16

1: 10 16 21
2: 15 17 21
3: 12 14 21
4: 11 13 21
5: 9 16 20
6: 7 14 17
7: 6 8 18
8: 7 9 15
9: 5 8 17
10: 1 13 20
11: 4 12 20
12: 3 11 19
13: 4 10 19
14: 3 6 15
15: 2 8 14
16: 1 5 19
17: 2 6 9
18: 7 19 20 21
19: 12 13 16 18
20: 5 10 11 18
21: 1 2 3 4 18

1: 11 13 21
2: 12 14 21
3: 19 20 21
4: 10 15 21
5: 9 16 21
6: 7 8 21
7: 6 10 19
8: 6 9 20
9: 5 8 19
10: 4 7 20
11: 1 14 18
12: 2 13 18
13: 1 12 17
14: 2 11 17
15: 4 18 19
16: 5 17 20
17: 13 14 16 19
18: 11 12 15 20
19: 3 7 9 15 17
20: 3 8 10 16 18
21: 1 2 3 4 5 6

1: 16 17 21
2: 14 15 21
3: 11 12 21
4: 10 13 21
5: 8 17 20
6: 7 15 16
7: 6 9 17
8: 5 9 16
9: 7 8 18
10: 4 14 20
11: 3 13 20
12: 3 15 19
13: 4 11 19
14: 2 10 19
15: 2 6 12
16: 1 6 8
17: 1 5 7
18: 9 19 20 21
19: 12 13 14 18
20: 5 10 11 18
21: 1 2 3 4 18

1: 9 19 21
2: 10 11 21
3: 14 16 21
4: 15 17 21
5: 8 13 21
6: 7 12 21
7: 6 18 19
8: 5 12 19
9: 1 10 18
10: 2 9 20
11: 2 12 13
12: 6 8 11
13: 5 11 20
14: 3 17 18
15: 4 16 18
16: 3 15 20
17: 4 14 20
18: 7 9 14 15
19: 1 7 8 20
20: 10 13 16 17 19
21: 1 2 3 4 5 6

1: 17 19 21
2: 10 12 21
3: 11 13 21
4: 8 20 21
5: 9 18 21
6: 7 14 21
7: 6 17 20
8: 4 9 17
9: 5 8 19
10: 2 13 16
11: 3 12 16
12: 2 11 15
13: 3 10 15
14: 6 15 18
15: 12 13 14 20
16: 10 11 18 19
17: 1 7 8 18
18: 5 14 16 17
19: 1 9 16 20
20: 4 7 15 19
21: 1 2 3 4 5 6

1: 19 20 21
2: 14 17 21
3: 12 15 21
4: 13 16 21
5: 7 18 20
6: 10 11 18
7: 5 9 19
8: 12 18 19
9: 7 10 13
10: 6 9 16
11: 6 13 17
12: 3 8 20
13: 4 9 11
14: 2 15 20
15: 3 14 19
16: 4 10 17
17: 2 11 16
18: 5 6 8 21
19: 1 7 8 15
20: 1 5 12 14
21: 1 2 3 4 18

1: 12 20 21
2: 16 19 21
3: 13 17 21
4: 14 15 21
5: 7 11 20
6: 9 18 20
7: 5 10 19
8: 9 15 19
9: 6 8 12
10: 7 13 18
11: 5 12 18
12: 1 9 11
13: 3 10 20
14: 4 17 19
15: 4 8 16
16: 2 15 17
17: 3 14 16
18: 6 10 11 21
19: 2 7 8 14
20: 1 5 6 13
21: 1 2 3 4 18

1: 19 20 21
2: 15 16 21
3: 12 17 21
4: 13 14 21
5: 7 9 18
6: 10 18 19
7: 5 11 14
8: 15 18 20
9: 5 10 13
10: 6 9 14
11: 7 12 13
12: 3 11 20
13: 4 9 11
14: 4 7 10
15: 2 8 19
16: 2 17 20
17: 3 16 19
18: 5 6 8 21
19: 1 6 15 17
20: 1 8 12 16
21: 1 2 3 4 18

1: 14 20 21
2: 16 19 21
3: 12 17 21
4: 13 15 21
5: 7 9 20
6: 8 10 20
7: 5 10 18
8: 6 9 18
9: 5 8 19
10: 6 7 19
11: 12 13 18
12: 3 11 20
13: 4 11 17
14: 1 15 19
15: 4 14 16
16: 2 15 17
17: 3 13 16
18: 7 8 11 21
19: 2 9 10 14
20: 1 5 6 12
21: 1 2 3 4 18

1: 14 20 21
2: 12 18 21
3: 15 17 21
4: 13 19 21
5: 7 9 18
6: 8 10 18
7: 5 10 16
8: 6 9 16
9: 5 8 19
10: 6 7 19
11: 14 16 17
12: 2 19 20
13: 4 15 20
14: 1 11 15
15: 3 13 14
16: 7 8 11 21
17: 3 11 18 20
18: 2 5 6 17
19: 4 9 10 12
20: 1 12 13 17
21: 1 2 3 4 16

1: 19 20 21
2: 14 18 21
3: 11 15 21
4: 12 13 21
5: 7 9 20
6: 8 10 20
7: 5 10 16
8: 6 9 16
9: 5 8 18
10: 6 7 18
11: 3 17 20
12: 4 15 17
13: 4 14 19
14: 2 13 15
15: 3 12 14
16: 7 8 17 21
17: 11 12 16 19
18: 2 9 10 19
19: 1 13 17 18
20: 1 5 6 11
21: 1 2 3 4 16

1: 19 20 21
2: 12 17 21
3: 13 16 21
4: 14 15 21
5: 7 8 18
6: 13 18 20
7: 5 11 15
8: 5 9 14
9: 8 15 19
10: 12 18 19
11: 7 14 17
12: 2 10 20
13: 3 6 19
14: 4 8 11
15: 4 7 9
16: 3 17 20
17: 2 11 16
18: 5 6 10 21
19: 1 9 10 13
20: 1 6 12 16
21: 1 2 3 4 18

1: 19 20 21
2: 12 17 21
3: 13 16 21
4: 14 15 21
5: 7 8 18
6: 13 18 20
7: 5 11 15
8: 5 9 14
9: 8 15 19
10: 12 18 19
11: 7 13 14
12: 2 10 20
13: 3 6 11
14: 4 8 11
15: 4 7 9
16: 3 17 20
17: 2 16 19
18: 5 6 10 21
19: 1 9 10 17
20: 1 6 12 16
21: 1 2 3 4 18

1: 17 18 21
2: 19 20 21
3: 8 13 21
4: 10 11 21
5: 7 14 21
6: 9 12 21
7: 5 10 17
8: 3 9 20
9: 6 8 19
10: 4 7 18
11: 4 16 17
12: 6 16 20
13: 3 15 19
14: 5 15 18
15: 13 14 17 20
16: 11 12 18 19
17: 1 7 11 15
18: 1 10 14 16
19: 2 9 13 16
20: 2 8 12 15
21: 1 2 3 4 5 6

1: 17 19 21
2: 10 13 21
3: 11 12 21
4: 7 18 21
5: 8 14 21
6: 9 15 21
7: 4 16 19
8: 5 15 16
9: 6 14 16
10: 2 18 19
11: 3 13 18
12: 3 17 20
13: 2 11 20
14: 5 9 20
15: 6 8 20
16: 7 8 9 17
17: 1 12 16 18
18: 4 10 11 17
19: 1 7 10 20
20: 12 13 14 15 19
21: 1 2 3 4 5 6

1: 9 20 21
2: 14 19 21
3: 8 10 21
4: 7 11 21
5: 12 15 21
6: 13 16 21
7: 4 9 19
8: 3 11 19
9: 1 7 14
10: 3 18 20
11: 4 8 18
12: 5 16 18
13: 6 15 18
14: 2 9 17
15: 5 13 17
16: 6 12 17
17: 14 15 16 20
18: 10 11 12 13
19: 2 7 8 20
20: 1 10 17 19
21: 1 2 3 4 5 6

1: 13 15 21
2: 14 16 21
3: 7 11 21
4: 8 12 21
5: 9 20 21
6: 10 19 21
7: 3 9 19
8: 4 10 20
9: 5 7 10
10: 6 8 9
11: 3 12 18
12: 4 11 17
13: 1 16 18
14: 2 15 18
15: 1 14 17
16: 2 13 17
17: 12 15 16 20
18: 11 13 14 19
19: 6 7 18 20
20: 5 8 17 19
21: 1 2 3 4 5 6

1: 13 15 21
2: 14 16 21
3: 7 11 21
4: 8 12 21
5: 9 18 21
6: 10 17 21
7: 3 9 17
8: 4 10 18
9: 5 7 10
10: 6 8 9
11: 3 12 20
12: 4 11 19
13: 1 16 20
14: 2 15 20
15: 1 14 19
16: 2 13 19
17: 6 7 20
18: 5 8 19
19: 12 15 16 18
20: 11 13 14 17
21: 1 2 3 4 5 6

1: 7 10 21
2: 9 12 21
3: 8 11 21
4: 13 16 21
5: 14 15 21
6: 17 18 21
7: 1 12 20
8: 3 10 20
9: 2 11 20
10: 1 8 19
11: 3 9 19
12: 2 7 19
13: 4 17 19
14: 5 18 20
15: 5 16 17
16: 4 15 18
17: 6 13 15 20
18: 6 14 16 19
19: 10 11 12 13 18
20: 7 8 9 14 17
21: 1 2 3 4 5 6

1: 7 9 21
2: 8 10 21
3: 14 15 21
4: 13 16 21
5: 11 17 21
6: 12 18 21
7: 1 10 20
8: 2 9 20
9: 1 8 19
10: 2 7 19
11: 5 12 20
12: 6 11 19
13: 4 17 20
14: 3 18 19
15: 3 16 17
16: 4 15 18
17: 5 13 15 19
18: 6 14 16 20
19: 9 10 12 14 17
20: 7 8 11 13 18
21: 1 2 3 4 5 6

1: 19 20 21
2: 12 13 21
3: 14 15 21
4: 10 11 17
5: 6 17 20
6: 5 16 19
7: 12 17 19
8: 11 15 16
9: 10 14 18
10: 4 9 15
11: 4 8 14
12: 2 7 20
13: 2 18 19
14: 3 9 11
15: 3 8 10
16: 6 8 18 21
17: 4 5 7 21
18: 9 13 16 20
19: 1 6 7 13
20: 1 5 12 18
21: 1 2 3 16 17

1: 19 20 21
2: 15 16 21
3: 13 14 21
4: 12 17 21
5: 6 10 18
6: 5 14 20
7: 8 9 15
8: 7 13 19
9: 7 16 18
10: 5 12 19
11: 15 17 18
12: 4 10 20
13: 3 8 20
14: 3 6 19
15: 2 7 11
16: 2 9 17
17: 4 11 16
18: 5 9 11 21
19: 1 8 10 14
20: 1 6 12 13
21: 1 2 3 4 18

1: 19 20 21
2: 12 17 21
3: 14 15 21
4: 13 16 21
5: 6 7 18
6: 5 11 15
7: 5 10 14
8: 12 18 19
9: 11 13 18
10: 7 15 20
11: 6 9 14
12: 2 8 20
13: 4 9 19
14: 3 7 11
15: 3 6 10
16: 4 17 20
17: 2 16 19
18: 5 8 9 21
19: 1 8 13 17
20: 1 10 12 16
21: 1 2 3 4 18

1: 19 20 21
2: 14 18 21
3: 15 17 21
4: 12 13 21
5: 6 7 16
6: 5 10 13
7: 5 11 12
8: 15 16 20
9: 14 16 19
10: 6 12 17
11: 7 13 18
12: 4 7 10
13: 4 6 11
14: 2 9 20
15: 3 8 19
16: 5 8 9 21
17: 3 10 18 20
18: 2 11 17 19
19: 1 9 15 18
20: 1 8 14 17
21: 1 2 3 4 16

1: 19 20 21
2: 12 13 21
3: 15 16 21
4: 14 17 21
5: 6 7 18
6: 5 10 13
7: 5 11 12
8: 17 18 20
9: 16 18 19
10: 6 12 14
11: 7 13 15
12: 2 7 10
13: 2 6 11
14: 4 10 20
15: 3 11 19
16: 3 9 20
17: 4 8 19
18: 5 8 9 21
19: 1 9 15 17
20: 1 8 14 16
21: 1 2 3 4 18

1: 19 20 21
2: 14 18 21
3: 11 15 21
4: 12 13 21
5: 6 7 16
6: 5 10 13
7: 5 9 12
8: 11 16 19
9: 7 13 17
10: 6 12 18
11: 3 8 20
12: 4 7 10
13: 4 6 9
14: 2 15 20
15: 3 14 19
16: 5 8 17 21
17: 9 16 18 20
18: 2 10 17 19
19: 1 8 15 18
20: 1 11 14 17
21: 1 2 3 4 16

1: 19 20 21
2: 14 17 21
3: 12 15 21
4: 13 16 21
5: 6 7 20
6: 5 10 18
7: 5 9 19
8: 9 16 18
9: 7 8 13
10: 6 12 19
11: 13 17 18
12: 3 10 20
13: 4 9 11
14: 2 15 20
15: 3 14 19
16: 4 8 17
17: 2 11 16
18: 6 8 11 21
19: 1 7 10 15
20: 1 5 12 14
21: 1 2 3 4 18

1: 8 20 21
2: 6 11 21
3: 9 12 21
4: 10 13 21
5: 7 15 20
6: 2 14 20
7: 5 11 14
8: 1 15 18
9: 3 13 18
10: 4 12 18
11: 2 7 19
12: 3 10 19
13: 4 9 19
14: 6 7 17
15: 5 8 17
16: 17 18 20
17: 14 15 16 21
18: 8 9 10 16
19: 11 12 13 20
20: 1 5 6 16 19
21: 1 2 3 4 17

1: 6 14 21
2: 7 10 21
3: 8 11 20
4: 9 12 20
5: 18 20 21
6: 1 10 19
7: 2 19 20
8: 3 12 17
9: 4 11 17
10: 2 6 15
11: 3 9 16
12: 4 8 16
13: 15 17 21
14: 1 15 18
15: 10 13 14 20
16: 11 12 19 21
17: 8 9 13 18
18: 5 14 17 19
19: 6 7 16 18
20: 3 4 5 7 15
21: 1 2 5 13 16

1: 10 20 21
2: 7 11 21
3: 8 12 21
4: 5 19 20
5: 4 10 15
6: 9 18 21
7: 2 12 16
8: 3 11 16
9: 6 17 20
10: 1 5 18
11: 2 8 17
12: 3 7 17
13: 15 18 20
14: 15 16 19
15: 5 13 14 21
16: 7 8 14 20
17: 9 11 12 19
18: 6 10 13 19
19: 4 14 17 18
20: 1 4 9 13 16
21: 1 2 3 6 15

1: 10 11 21
2: 12 15 21
3: 13 14 21
4: 5 6 16
5: 4 9 11
6: 4 7 10
7: 6 11 17
8: 12 17 19
9: 5 10 18
10: 1 6 9
11: 1 5 7
12: 2 8 20
13: 3 18 19
14: 3 15 20
15: 2 14 19
16: 4 19 20 21
17: 7 8 18 21
18: 9 13 17 20
19: 8 13 15 16
20: 12 14 16 18
21: 1 2 3 16 17

1: 6 16 17
2: 8 13 15
3: 7 14 15
4: 5 8 17
5: 4 7 16
6: 1 7 8
7: 3 5 6
8: 2 4 6
9: 10 11 21
10: 9 12 20
11: 9 13 19
12: 10 14 19
13: 2 11 20
14: 3 12 21
15: 2 3 19
16: 1 5 21
17: 1 4 20
18: 19 20 21
19: 11 12 15 18
20: 10 13 17 18
21: 9 14 16 18

1: 6 16 17
2: 7 12 14
3: 8 13 15
4: 5 7 17
5: 4 8 16
6: 1 7 8
7: 2 4 6
8: 3 5 6
9: 12 13 19
10: 11 15 21
11: 10 14 20
12: 2 9 20
13: 3 9 21
14: 2 11 19
15: 3 10 19
16: 1 5 21
17: 1 4 20
18: 19 20 21
19: 9 14 15 18
20: 11 12 17 18
21: 10 13 16 18

1: 9 10 21
2: 6 12 21
3: 5 11 21
4: 7 9 20
5: 3 16 20
6: 2 11 20
7: 4 10 15
8: 9 14 15
9: 1 4 8
10: 1 7 14
11: 3 6 19
12: 2 13 19
13: 12 17 20
14: 8 10 18
15: 7 8 17
16: 5 17 19
17: 13 15 16 21
18: 14 19 20 21
19: 11 12 16 18
20: 4 5 6 13 18
21: 1 2 3 17 18

1: 5 11 20
2: 6 12 21
3: 7 10 20
4: 8 9 21
5: 1 7 18
6: 2 8 17
7: 3 5 16
8: 4 6 15
9: 4 17 20
10: 3 18 21
11: 1 16 19
12: 2 15 19
13: 16 18 20
14: 15 17 21
15: 8 12 14 20
16: 7 11 13 21
17: 6 9 14 19
18: 5 10 13 19
19: 11 12 17 18
20: 1 3 9 13 15
21: 2 4 10 14 16

1: 5 7 15
2: 5 6 14
3: 7 8 16
4: 6 8 17
5: 1 2 8
6: 2 4 7
7: 1 3 6
8: 3 4 5
9: 10 11 21
10: 9 12 20
11: 9 16 19
12: 10 17 19
13: 14 15 19
14: 2 13 21
15: 1 13 20
16: 3 11 20
17: 4 12 21
18: 19 20 21
19: 11 12 13 18
20: 10 15 16 18
21: 9 14 17 18

1: 5 7 14
2: 5 6 15
3: 7 8 17
4: 6 8 16
5: 1 2 8
6: 2 4 7
7: 1 3 6
8: 3 4 5
9: 10 11 21
10: 9 12 20
11: 9 13 19
12: 10 14 19
13: 11 15 20
14: 1 12 21
15: 2 13 21
16: 4 17 20
17: 3 16 19
18: 19 20 21
19: 11 12 17 18
20: 10 13 16 18
21: 9 14 15 18

1: 5 7 15
2: 5 6 14
3: 6 8 16
4: 7 8 17
5: 1 2 8
6: 2 3 7
7: 1 4 6
8: 3 4 5
9: 10 11 21
10: 9 16 20
11: 9 17 19
12: 13 15 20
13: 12 14 19
14: 2 13 21
15: 1 12 21
16: 3 10 19
17: 4 11 20
18: 19 20 21
19: 11 13 16 18
20: 10 12 17 18
21: 9 14 15 18

1: 6 14 16
2: 5 8 17
3: 4 7 17
4: 3 8 15
5: 2 7 16
6: 1 7 8
7: 3 5 6
8: 2 4 6
9: 11 13 19
10: 12 15 19
11: 9 14 21
12: 10 13 21
13: 9 12 20
14: 1 11 20
15: 4 10 20
16: 1 5 21
17: 2 3 19
18: 19 20 21
19: 9 10 17 18
20: 13 14 15 18
21: 11 12 16 18

1: 6 14 16
2: 5 8 17
3: 4 7 17
4: 3 8 13
5: 2 7 15
6: 1 7 8
7: 3 5 6
8: 2 4 6
9: 10 11 19
10: 9 16 21
11: 9 15 20
12: 13 14 20
13: 4 12 19
14: 1 12 21
15: 5 11 21
16: 1 10 20
17: 2 3 19
18: 19 20 21
19: 9 13 17 18
20: 11 12 16 18
21: 10 14 15 18

1: 6 15 16
2: 5 8 17
3: 4 7 17
4: 3 8 13
5: 2 7 14
6: 1 7 8
7: 3 5 6
8: 2 4 6
9: 10 11 19
10: 9 12 21
11: 9 15 20
12: 10 13 20
13: 4 12 19
14: 5 16 21
15: 1 11 21
16: 1 14 20
17: 2 3 19
18: 19 20 21
19: 9 13 17 18
20: 11 12 16 18
21: 10 14 15 18

1: 6 16 17
2: 5 7 17
3: 4 7 16
4: 3 8 15
5: 2 8 14
6: 1 7 8
7: 2 3 6
8: 4 5 6
9: 10 11 21
10: 9 12 20
11: 9 13 19
12: 10 14 19
13: 11 15 20
14: 5 12 21
15: 4 13 21
16: 1 3 20
17: 1 2 19
18: 19 20 21
19: 11 12 17 18
20: 10 13 16 18
21: 9 14 15 18

1: 5 6 13
2: 7 8 15
3: 4 5 19
4: 3 6 18
5: 1 3 21
6: 1 4 20
7: 2 9 17
8: 2 10 16
9: 7 11 16
10: 8 12 17
11: 9 15 21
12: 10 15 20
13: 1 18 19
14: 15 16 17
15: 2 11 12 14
16: 8 9 14 19
17: 7 10 14 18
18: 4 13 17 21
19: 3 13 16 20
20: 6 12 19 21
21: 5 11 18 20

1: 6 13 14
2: 4 8 17
3: 5 7 17
4: 2 7 15
5: 3 8 16
6: 1 7 8
7: 3 4 6
8: 2 5 6
9: 11 16 19
10: 12 15 19
11: 9 14 21
12: 10 13 20
13: 1 12 21
14: 1 11 20
15: 4 10 21
16: 5 9 20
17: 2 3 19
18: 19 20 21
19: 9 10 17 18
20: 12 14 16 18
21: 11 13 15 18

1: 5 11 12
2: 4 11 13
3: 4 5 16
4: 2 3 12
5: 1 3 13
6: 8 10 19
7: 9 14 19
8: 6 15 18
9: 7 10 18
10: 6 9 17
11: 1 2 19
12: 1 4 21
13: 2 5 20
14: 7 17 21
15: 8 17 20
16: 3 17 18
17: 10 14 15 16
18: 8 9 16 21
19: 6 7 11 20
20: 13 15 19 21
21: 12 14 18 20

1: 5 11 13
2: 4 11 12
3: 4 5 16
4: 2 3 13
5: 1 3 12
6: 7 8 17
7: 6 9 19
8: 6 10 18
9: 7 14 18
10: 8 15 19
11: 1 2 17
12: 2 5 21
13: 1 4 20
14: 9 17 20
15: 10 17 21
16: 3 18 19
17: 6 11 14 15
18: 8 9 16 21
19: 7 10 16 20
20: 13 14 19 21
21: 12 15 18 20

1: 5 7 13
2: 4 7 14
3: 4 5 12
4: 2 3 13
5: 1 3 14
6: 10 11 17
7: 1 2 17
8: 10 12 18
9: 11 15 19
10: 6 8 19
11: 6 9 18
12: 3 8 20
13: 1 4 21
14: 2 5 20
15: 9 17 21
16: 17 18 19
17: 6 7 15 16
18: 8 11 16 21
19: 9 10 16 20
20: 12 14 19 21
21: 13 15 18 20

1: 5 7 8
2: 4 7 9
3: 4 5 6
4: 2 3 8
5: 1 3 9
6: 3 10 11
7: 1 2 17
8: 1 4 20
9: 2 5 21
10: 6 13 19
11: 6 12 18
12: 11 14 19
13: 10 15 18
14: 12 17 21
15: 13 17 20
16: 17 18 19
17: 7 14 15 16
18: 11 13 16 21
19: 10 12 16 20
20: 8 15 19 21
21: 9 14 18 20

1: 4 7 18
2: 6 8 17
3: 4 5 10
4: 1 3 11
5: 3 12 16
6: 2 9 15
7: 1 9 10
8: 2 13 14
9: 6 7 21
10: 3 7 20
11: 4 12 20
12: 5 11 21
13: 8 15 21
14: 8 16 19
15: 6 13 19
16: 5 14 20
17: 2 19 21
18: 1 19 20
19: 14 15 17 18
20: 10 11 16 18
21: 9 12 13 17

1: 4 7 12
2: 4 6 13
3: 5 10 13
4: 1 2 5
5: 3 4 11
6: 2 10 11
7: 1 8 17
8: 7 9 18
9: 8 14 19
10: 3 6 19
11: 5 6 21
12: 1 15 18
13: 2 3 20
14: 9 17 21
15: 12 17 20
16: 17 18 19
17: 7 14 15 16
18: 8 12 16 21
19: 9 10 16 20
20: 13 15 19 21
21: 11 14 18 20

1: 6 19 21
2: 3 14 21
3: 2 15 19
4: 7 10 19
5: 8 11 19
6: 1 13 20
7: 4 11 20
8: 5 10 20
9: 18 20 21
10: 4 8 17
11: 5 7 17
12: 13 16 21
13: 6 12 18
14: 2 16 18
15: 3 16 17
16: 12 14 15 20
17: 10 11 15 21
18: 9 13 14 19
19: 1 3 4 5 18
20: 6 7 8 9 16
21: 1 2 9 12 17

1: 6 16 17
2: 3 8 17
3: 2 7 16
4: 5 8 14
5: 4 7 15
6: 1 7 8
7: 3 5 6
8: 2 4 6
9: 10 11 21
10: 9 12 20
11: 9 13 19
12: 10 14 19
13: 11 15 20
14: 4 12 21
15: 5 13 21
16: 1 3 20
17: 1 2 19
18: 19 20 21
19: 11 12 17 18
20: 10 13 16 18
21: 9 14 15 18

1: 7 8 13
2: 3 4 15
3: 2 5 17
4: 2 6 16
5: 3 11 16
6: 4 12 17
7: 1 9 21
8: 1 10 20
9: 7 10 19
10: 8 9 18
11: 5 15 19
12: 6 15 18
13: 1 18 19
14: 15 16 17
15: 2 11 12 14
16: 4 5 14 21
17: 3 6 14 20
18: 10 12 13 21
19: 9 11 13 20
20: 8 17 19 21
21: 7 16 18 20

1: 5 10 12
2: 3 4 12
3: 2 10 11
4: 2 5 6
5: 1 4 11
6: 4 9 15
7: 8 9 17
8: 7 13 19
9: 6 7 18
10: 1 3 19
11: 3 5 21
12: 1 2 20
13: 8 14 18
14: 13 17 20
15: 6 17 21
16: 17 18 19
17: 7 14 15 16
18: 9 13 16 21
19: 8 10 16 20
20: 12 14 19 21
21: 11 15 18 20

1: 5 6 12
2: 3 4 12
3: 2 6 11
4: 2 5 10
5: 1 4 11
6: 1 3 9
7: 8 9 17
8: 7 13 19
9: 6 7 18
10: 4 15 19
11: 3 5 21
12: 1 2 20
13: 8 14 18
14: 13 17 20
15: 10 17 21
16: 17 18 19
17: 7 14 15 16
18: 9 13 16 21
19: 8 10 16 20
20: 12 14 19 21
21: 11 15 18 20

1: 5 12 14
2: 3 4 14
3: 2 5 13
4: 2 11 21
5: 1 3 21
6: 9 11 20
7: 8 10 20
8: 7 15 18
9: 6 10 18
10: 7 9 17
11: 4 6 17
12: 1 13 18
13: 3 12 19
14: 1 2 19
15: 8 17 19
16: 17 18 20
17: 10 11 15 16
18: 8 9 12 16
19: 13 14 15 21
20: 6 7 16 21
21: 4 5 19 20

1: 5 12 14
2: 3 4 14
3: 2 5 13
4: 2 12 21
5: 1 3 21
6: 8 9 20
7: 10 11 20
8: 6 13 17
9: 6 11 18
10: 7 15 18
11: 7 9 17
12: 1 4 18
13: 3 8 19
14: 1 2 19
15: 10 17 19
16: 17 18 20
17: 8 11 15 16
18: 9 10 12 16
19: 13 14 15 21
20: 6 7 16 21
21: 4 5 19 20

1: 5 12 14
2: 3 4 14
3: 2 5 13
4: 2 8 21
5: 1 3 21
6: 9 11 20
7: 10 12 20
8: 4 13 17
9: 6 10 18
10: 7 9 17
11: 6 15 17
12: 1 7 18
13: 3 8 19
14: 1 2 19
15: 11 18 19
16: 17 18 20
17: 8 10 11 16
18: 9 12 15 16
19: 13 14 15 21
20: 6 7 16 21
21: 4 5 19 20

1: 4 8 9
2: 3 9 11
3: 2 8 10
4: 1 10 11
5: 6 7 17
6: 5 12 16
7: 5 13 15
8: 1 3 19
9: 1 2 18
10: 3 4 21
11: 2 4 20
12: 6 15 18
13: 7 16 19
14: 15 16 17
15: 7 12 14 20
16: 6 13 14 21
17: 5 14 18 19
18: 9 12 17 21
19: 8 13 17 20
20: 11 15 19 21
21: 10 16 18 20

1: 4 7 8
2: 3 8 10
3: 2 7 9
4: 1 9 10
5: 6 11 21
6: 5 12 20
7: 1 3 17
8: 1 2 16
9: 3 4 18
10: 2 4 19
11: 5 15 18
12: 6 15 19
13: 15 16 17
14: 15 20 21
15: 11 12 13 14
16: 8 13 18 21
17: 7 13 19 20
18: 9 11 16 20
19: 10 12 17 21
20: 6 14 17 18
21: 5 14 16 19

1: 4 6 7
2: 3 7 9
3: 2 6 8
4: 1 8 9
5: 10 11 17
6: 1 3 19
7: 1 2 18
8: 3 4 20
9: 2 4 21
10: 5 16 20
11: 5 15 21
12: 13 15 19
13: 12 16 18
14: 15 16 17
15: 11 12 14 20
16: 10 13 14 21
17: 5 14 18 19
18: 7 13 17 20
19: 6 12 17 21
20: 8 10 15 18
21: 9 11 16 19

1: 4 11 13
2: 3 12 14
3: 2 5 13
4: 1 5 12
5: 3 4 21
6: 8 15 18
7: 10 11 20
8: 6 9 20
9: 8 10 17
10: 7 9 18
11: 1 7 17
12: 2 4 19
13: 1 3 19
14: 2 18 21
15: 6 17 19
16: 17 18 20
17: 9 11 15 16
18: 6 10 14 16
19: 12 13 15 21
20: 7 8 16 21
21: 5 14 19 20

1: 4 11 12
2: 3 6 12
3: 2 5 11
4: 1 5 6
5: 3 4 20
6: 2 4 21
7: 8 10 20
8: 7 9 21
9: 8 13 17
10: 7 14 17
11: 1 3 19
12: 1 2 18
13: 9 19 20
14: 10 18 21
15: 17 20 21
16: 17 18 19
17: 9 10 15 16
18: 12 14 16 20
19: 11 13 16 21
20: 5 7 13 15 18
21: 6 8 14 15 19

1: 3 6 13
2: 4 5 13
3: 1 5 11
4: 2 6 12
5: 2 3 21
6: 1 4 21
7: 9 12 20
8: 10 11 20
9: 7 15 18
10: 8 14 17
11: 3 8 18
12: 4 7 17
13: 1 2 19
14: 10 18 19
15: 9 17 19
16: 17 18 20
17: 10 12 15 16
18: 9 11 14 16
19: 13 14 15 21
20: 7 8 16 21
21: 5 6 19 20

1: 3 5 11
2: 4 6 11
3: 1 4 14
4: 2 3 10
5: 1 6 10
6: 2 5 13
7: 8 9 17
8: 7 12 19
9: 7 13 18
10: 4 5 21
11: 1 2 20
12: 8 15 18
13: 6 9 19
14: 3 17 21
15: 12 17 20
16: 17 18 19
17: 7 14 15 16
18: 9 12 16 21
19: 8 13 16 20
20: 11 15 19 21
21: 10 14 18 20

1: 2 10 13
2: 1 11 12
3: 4 5 15
4: 3 6 17
5: 3 7 16
6: 4 8 16
7: 5 9 17
8: 6 15 19
9: 7 15 18
10: 1 20 21
11: 2 19 21
12: 2 18 20
13: 1 18 19
14: 15 16 17
15: 3 8 9 14
16: 5 6 14 21
17: 4 7 14 20
18: 9 12 13 21
19: 8 11 13 20
20: 10 12 17 19
21: 10 11 16 18

1: 2 5 15
2: 1 6 13
3: 4 6 12
4: 3 5 13
5: 1 4 21
6: 2 3 21
7: 11 12 20
8: 9 10 20
9: 8 11 18
10: 8 14 17
11: 7 9 17
12: 3 7 18
13: 2 4 19
14: 10 18 19
15: 1 17 19
16: 17 18 20
17: 10 11 15 16
18: 9 12 14 16
19: 13 14 15 21
20: 7 8 16 21
21: 5 6 19 20

1: 2 4 7
2: 1 6 13
3: 4 5 13
4: 1 3 11
5: 3 6 10
6: 2 5 11
7: 1 8 17
8: 7 9 18
9: 8 14 19
10: 5 12 19
11: 4 6 21
12: 10 15 18
13: 2 3 20
14: 9 17 21
15: 12 17 20
16: 17 18 19
17: 7 14 15 16
18: 8 12 16 21
19: 9 10 16 20
20: 13 15 19 21
21: 11 14 18 20

1: 2 5 11
2: 1 3 21
3: 2 4 20
4: 3 5 16
5: 1 4 19
6: 9 10 17
7: 8 13 17
8: 7 10 18
9: 6 12 18
10: 6 8 15
11: 1 16 20
12: 9 15 16
13: 7 15 19
14: 15 17 18
15: 10 12 13 14
16: 4 11 12 21
17: 6 7 14 21
18: 8 9 14 20
19: 5 13 20 21
20: 3 11 18 19
21: 2 16 17 19

1: 2 3 19
2: 1 18 20
3: 1 17 21
4: 9 12 19
5: 11 14 19
6: 10 13 19
7: 15 18 19
8: 16 17 19
9: 4 14 20
10: 6 12 20
11: 5 13 20
12: 4 10 21
13: 6 11 21
14: 5 9 21
15: 7 16 20
16: 8 15 21
17: 3 8 20
18: 2 7 21
19: 1 4 5 6 7 8
20: 2 9 10 11 15 17
21: 3 12 13 14 16 18

1: 2 3 19
2: 1 18 20
3: 1 17 21
4: 9 13 19
5: 10 14 19
6: 12 16 19
7: 11 15 19
8: 17 18 19
9: 4 16 20
10: 5 13 20
11: 7 14 20
12: 6 15 20
13: 4 10 21
14: 5 11 21
15: 7 12 21
16: 6 9 21
17: 3 8 20
18: 2 8 21
19: 1 4 5 6 7 8
20: 2 9 10 11 12 17
21: 3 13 14 15 16 18

1: 2 3 15
2: 1 7 12
3: 1 11 21
4: 9 13 21
5: 10 14 21
6: 8 12 20
7: 2 20 21
8: 6 16 19
9: 4 14 19
10: 5 13 19
11: 3 19 20
12: 2 6 17
13: 4 10 18
14: 5 9 18
15: 1 17 20
16: 8 17 18
17: 12 15 16 21
18: 13 14 16 20
19: 8 9 10 11
20: 6 7 11 15 18
21: 3 4 5 7 17

1: 2 3 10
2: 1 7 20
3: 1 6 21
4: 9 15 20
5: 8 16 21
6: 3 7 12
7: 2 6 11
8: 5 14 20
9: 4 14 21
10: 1 11 12
11: 7 10 19
12: 6 10 18
13: 17 20 21
14: 8 9 17
15: 4 17 19
16: 5 17 18
17: 13 14 15 16
18: 12 16 19 20
19: 11 15 18 21
20: 2 4 8 13 18
21: 3 5 9 13 19

1: 2 3 8
2: 1 7 21
3: 1 6 20
4: 5 15 21
5: 4 16 20
6: 3 7 11
7: 2 6 10
8: 1 10 11
9: 17 20 21
10: 7 8 18
11: 6 8 19
12: 14 18 21
13: 14 19 20
14: 12 13 17
15: 4 17 18
16: 5 17 19
17: 9 14 15 16
18: 10 12 15 20
19: 11 13 16 21
20: 3 5 9 13 18
21: 2 4 9 12 19

1: 2 3 18
2: 1 7 17
3: 1 5 6
4: 6 9 12
5: 3 8 17
6: 3 4 7
7: 2 6 8
8: 5 7 21
9: 4 13 21
10: 14 16 21
11: 12 15 21
12: 4 11 20
13: 9 16 20
14: 10 15 20
15: 11 14 19
16: 10 13 19
17: 2 5 19
18: 1 19 20
19: 15 16 17 18
20: 12 13 14 18
21: 8 9 10 11

1: 2 3 18
2: 1 5 6
3: 1 4 7
4: 3 6 11
5: 2 7 11
6: 2 4 16
7: 3 5 17
8: 12 13 21
9: 14 17 21
10: 15 16 21
11: 4 5 21
12: 8 15 20
13: 8 14 19
14: 9 13 20
15: 10 12 19
16: 6 10 20
17: 7 9 19
18: 1 19 20
19: 13 15 17 18
20: 12 14 16 18
21: 8 9 10 11

1: 2 3 18
2: 1 4 7
3: 1 5 6
4: 2 5 17
5: 3 4 11
6: 3 7 10
7: 2 6 11
8: 14 16 21
9: 12 15 21
10: 6 13 21
11: 5 7 21
12: 9 17 20
13: 10 16 20
14: 8 15 20
15: 9 14 19
16: 8 13 19
17: 4 12 19
18: 1 19 20
19: 15 16 17 18
20: 12 13 14 18
21: 8 9 10 11

1: 15 21 22
2: 13 14 22
3: 17 20 22
4: 12 18 22
5: 16 19 22
6: 11 18 21
7: 10 11 16
8: 9 11 17
9: 8 10 20
10: 7 9 19
11: 6 7 8
12: 4 14 20
13: 2 19 21
14: 2 12 17
15: 1 18 20
16: 5 7 21
17: 3 8 14
18: 4 6 15
19: 5 10 13
20: 3 9 12 15
21: 1 6 13 16
22: 1 2 3 4 5

1: 14 20 22
2: 16 19 22
3: 13 15 22
4: 17 21 22
5: 11 12 22
6: 15 16 18
7: 10 17 18
8: 9 14 18
9: 8 10 20
10: 7 9 21
11: 5 20 21
12: 5 13 19
13: 3 12 21
14: 1 8 21
15: 3 6 19
16: 2 6 17
17: 4 7 16
18: 6 7 8 22
19: 2 12 15 20
20: 1 9 11 19
21: 4 10 11 13 14
22: 1 2 3 4 5 18

1: 19 21 22
2: 14 17 22
3: 16 20 22
4: 12 15 22
5: 11 13 22
6: 17 18 21
7: 10 16 18
8: 9 18 19
9: 8 10 21
10: 7 9 20
11: 5 20 21
12: 4 13 20
13: 5 12 14
14: 2 13 15
15: 4 14 19
16: 3 7 21
17: 2 6 19
18: 6 7 8 22
19: 1 8 15 17 20
20: 3 10 11 12 19
21: 1 6 9 11 16
22: 1 2 3 4 5 18

1: 17 21 22
2: 16 18 22
3: 14 20 22
4: 12 13 22
5: 11 15 22
6: 15 19 20
7: 10 18 19
8: 9 17 19
9: 8 10 21
10: 7 9 16
11: 5 20 21
12: 4 15 21
13: 4 14 18
14: 3 13 16
15: 5 6 12
16: 2 10 14
17: 1 8 20
18: 2 7 13
19: 6 7 8 22
20: 3 6 11 17
21: 1 9 11 12
22: 1 2 3 4 5 19

1: 16 21 22
2: 17 20 22
3: 12 19 22
4: 14 15 22
5: 11 13 22
6: 15 18 19
7: 10 18 20
8: 9 16 18
9: 8 10 21
10: 7 9 17
11: 5 19 21
12: 3 17 21
13: 5 14 20
14: 4 13 19
15: 4 6 20
16: 1 8 19
17: 2 10 12
18: 6 7 8 22
19: 3 6 11 14 16
20: 2 7 13 15 21
21: 1 9 11 12 20
22: 1 2 3 4 5 18

1: 16 20 22
2: 17 19 22
3: 12 21 22
4: 14 15 22
5: 11 13 22
6: 15 18 21
7: 10 18 19
8: 9 16 18
9: 8 10 20
10: 7 9 17
11: 5 20 21
12: 3 17 20
13: 5 14 19
14: 4 13 21
15: 4 6 19
16: 1 8 21
17: 2 10 12
18: 6 7 8 22
19: 2 7 13 15
20: 1 9 11 12
21: 3 6 11 14 16
22: 1 2 3 4 5 18

1: 17 19 22
2: 18 21 22
3: 13 16 22
4: 11 14 22
5: 12 15 22
6: 15 16 20
7: 10 18 20
8: 9 17 20
9: 8 10 19
10: 7 9 21
11: 4 19 21
12: 5 14 16
13: 3 14 21
14: 4 12 13
15: 5 6 18
16: 3 6 12
17: 1 8 21
18: 2 7 15
19: 1 9 11
20: 6 7 8 22
21: 2 10 11 13 17
22: 1 2 3 4 5 20

1: 17 21 22
2: 16 18 22
3: 12 15 22
4: 11 20 22
5: 13 14 22
6: 15 19 20
7: 10 18 19
8: 9 17 19
9: 8 10 21
10: 7 9 16
11: 4 15 21
12: 3 13 21
13: 5 12 17
14: 5 16 20
15: 3 6 11
16: 2 10 14
17: 1 8 13
18: 2 7 20
19: 6 7 8 22
20: 4 6 14 18
21: 1 9 11 12
22: 1 2 3 4 5 19

1: 17 20 22
2: 19 21 22
3: 12 15 22
4: 11 13 22
5: 14 16 22
6: 16 18 21
7: 10 17 18
8: 9 18 19
9: 8 10 21
10: 7 9 20
11: 4 20 21
12: 3 13 20
13: 4 12 14
14: 5 13 15
15: 3 14 19
16: 5 6 19
17: 1 7 21
18: 6 7 8 22
19: 2 8 15 16
20: 1 10 11 12
21: 2 6 9 11 17
22: 1 2 3 4 5 18

1: 12 15 22
2: 16 19 22
3: 17 18 22
4: 11 21 22
5: 13 14 22
6: 15 20 21
7: 10 16 20
8: 9 17 20
9: 8 10 18
10: 7 9 19
11: 4 14 19
12: 1 14 21
13: 5 18 21
14: 5 11 12
15: 1 6 16
16: 2 7 15
17: 3 8 21
18: 3 9 13
19: 2 10 11
20: 6 7 8 22
21: 4 6 12 13 17
22: 1 2 3 4 5 20

1: 17 19 22
2: 18 21 22
3: 11 12 22
4: 14 16 22
5: 13 15 22
6: 15 16 20
7: 10 18 20
8: 9 17 20
9: 8 10 19
10: 7 9 21
11: 3 19 21
12: 3 13 18
13: 5 12 21
14: 4 15 21
15: 5 6 14
16: 4 6 17
17: 1 8 16
18: 2 7 12
19: 1 9 11
20: 6 7 8 22
21: 2 10 11 13 14
22: 1 2 3 4 5 20

1: 17 20 22
2: 11 14 22
3: 15 16 22
4: 13 19 22
5: 12 21 22
6: 14 18 21
7: 10 18 20
8: 9 15 18
9: 8 10 16
10: 7 9 17
11: 2 19 21
12: 5 17 19
13: 4 16 21
14: 2 6 20
15: 3 8 21
16: 3 9 13
17: 1 10 12
18: 6 7 8 22
19: 4 11 12 20
20: 1 7 14 19
21: 5 6 11 13 15
22: 1 2 3 4 5 18

1: 16 21 22
2: 11 18 22
3: 19 20 22
4: 12 14 22
5: 13 15 22
6: 15 17 18
7: 10 16 17
8: 9 17 20
9: 8 10 19
10: 7 9 21
11: 2 19 21
12: 4 18 21
13: 5 14 18
14: 4 13 20
15: 5 6 20
16: 1 7 19
17: 6 7 8 22
18: 2 6 12 13
19: 3 9 11 16
20: 3 8 14 15
21: 1 10 11 12
22: 1 2 3 4 5 17

1: 13 20 22
2: 11 15 22
3: 12 19 22
4: 16 17 22
5: 14 21 22
6: 18 19 21
7: 10 18 20
8: 9 17 18
9: 8 10 16
10: 7 9 21
11: 2 12 20
12: 3 11 13
13: 1 12 14
14: 5 13 19
15: 2 16 21
16: 4 9 15
17: 4 8 21
18: 6 7 8 22
19: 3 6 14 20
20: 1 7 11 19
21: 5 6 10 15 17
22: 1 2 3 4 5 18

1: 17 20 22
2: 11 12 22
3: 19 21 22
4: 14 16 22
5: 13 15 22
6: 15 16 18
7: 10 17 18
8: 9 18 19
9: 8 10 21
10: 7 9 20
11: 2 20 21
12: 2 13 14
13: 5 12 21
14: 4 12 15
15: 5 6 14
16: 4 6 19
17: 1 7 21
18: 6 7 8 22
19: 3 8 16 20
20: 1 10 11 19
21: 3 9 11 13 17
22: 1 2 3 4 5 18

1: 17 20 22
2: 11 12 22
3: 13 16 22
4: 15 21 22
5: 14 19 22
6: 16 18 21
7: 10 17 18
8: 9 18 19
9: 8 10 21
10: 7 9 20
11: 2 20 21
12: 2 13 19
13: 3 12 14
14: 5 13 15
15: 4 14 16
16: 3 6 15
17: 1 7 21
18: 6 7 8 22
19: 5 8 12 20
20: 1 10 11 19
21: 4 6 9 11 17
22: 1 2 3 4 5 18

1: 12 21 22
2: 11 15 22
3: 14 19 22
4: 13 20 22
5: 16 18 22
6: 17 19 21
7: 10 16 17
8: 9 17 20
9: 8 10 21
10: 7 9 18
11: 2 18 21
12: 1 13 19
13: 4 12 14
14: 3 13 15
15: 2 14 20
16: 5 7 21
17: 6 7 8 22
18: 5 10 11 20
19: 3 6 12 20
20: 4 8 15 18 19
21: 1 6 9 11 16
22: 1 2 3 4 5 17

1: 11 20 22
2: 14 21 22
3: 15 16 22
4: 17 19 22
5: 12 13 22
6: 17 18 20
7: 10 14 18
8: 9 15 18
9: 8 10 16
10: 7 9 21
11: 1 12 17
12: 5 11 19
13: 5 16 21
14: 2 7 20
15: 3 8 21
16: 3 9 13
17: 4 6 11
18: 6 7 8 22
19: 4 12 20 21
20: 1 6 14 19
21: 2 10 13 15 19
22: 1 2 3 4 5 18

1: 11 12 22
2: 19 20 22
3: 18 21 22
4: 14 15 22
5: 13 16 22
6: 17 20 21
7: 10 15 17
8: 9 16 17
9: 8 10 20
10: 7 9 21
11: 1 18 19
12: 1 13 14
13: 5 12 19
14: 4 12 18
15: 4 7 20
16: 5 8 21
17: 6 7 8 22
18: 3 11 14 20
19: 2 11 13 21
20: 2 6 9 15 18
21: 3 6 10 16 19
22: 1 2 3 4 5 17

1: 13 21 22
2: 11 19 22
3: 12 15 22
4: 14 17 22
5: 16 20 22
6: 10 17 21
7: 10 15 18
8: 9 18 20
9: 8 10 16
10: 6 7 9
11: 2 12 21
12: 3 11 18
13: 1 17 20
14: 4 19 20
15: 3 7 21
16: 5 9 19
17: 4 6 13
18: 7 8 12 19
19: 2 14 16 18
20: 5 8 13 14
21: 1 6 11 15
22: 1 2 3 4 5

1: 12 20 22
2: 13 14 22
3: 15 16 22
4: 11 17 22
5: 10 21 22
6: 14 18 19
7: 15 17 18
8: 9 10 18
9: 8 19 21
10: 5 8 20
11: 4 20 21
12: 1 13 21
13: 2 12 19
14: 2 6 15
15: 3 7 14
16: 3 17 21
17: 4 7 16
18: 6 7 8 22
19: 6 9 13 20
20: 1 10 11 19
21: 5 9 11 12 16
22: 1 2 3 4 5 18

1: 13 15 22
2: 14 21 22
3: 16 17 22
4: 10 20 22
5: 11 12 22
6: 15 18 19
7: 18 20 21
8: 9 17 19
9: 8 16 18
10: 4 17 21
11: 5 14 19
12: 5 13 20
13: 1 12 19
14: 2 11 20
15: 1 6 20
16: 3 9 21
17: 3 8 10
18: 6 7 9 22
19: 6 8 11 13 21
20: 4 7 12 14 15
21: 2 7 10 16 19
22: 1 2 3 4 5 18

1: 12 20 22
2: 13 17 22
3: 11 21 22
4: 10 14 22
5: 15 16 22
6: 12 18 19
7: 14 18 21
8: 9 16 18
9: 8 15 19
10: 4 13 20
11: 3 14 20
12: 1 6 13
13: 2 10 12
14: 4 7 11
15: 5 9 17
16: 5 8 21
17: 2 15 21
18: 6 7 8 22
19: 6 9 20 21
20: 1 10 11 19
21: 3 7 16 17 19
22: 1 2 3 4 5 18

1: 16 21 22
2: 11 20 22
3: 10 14 22
4: 13 19 22
5: 12 15 22
6: 15 17 18
7: 14 17 20
8: 9 18 21
9: 8 16 17
10: 3 19 21
11: 2 14 21
12: 5 13 18
13: 4 12 20
14: 3 7 11
15: 5 6 20
16: 1 9 19
17: 6 7 9 22
18: 6 8 12 19
19: 4 10 16 18
20: 2 7 13 15
21: 1 8 10 11
22: 1 2 3 4 5 17

1: 17 21 22
2: 10 15 22
3: 11 20 22
4: 12 14 22
5: 13 16 22
6: 16 18 19
7: 15 18 20
8: 9 19 21
9: 8 17 18
10: 2 20 21
11: 3 14 21
12: 4 13 21
13: 5 12 19
14: 4 11 19
15: 2 7 16
16: 5 6 15
17: 1 9 20
18: 6 7 9 22
19: 6 8 13 14 20
20: 3 7 10 17 19
21: 1 8 10 11 12
22: 1 2 3 4 5 18

1: 12 20 22
2: 10 15 22
3: 11 19 22
4: 13 18 22
5: 14 21 22
6: 16 20 21
7: 15 16 17
8: 9 14 16
9: 8 17 21
10: 2 11 18
11: 3 10 13
12: 1 13 19
13: 4 11 12
14: 5 8 20
15: 2 7 21
16: 6 7 8 22
17: 7 9 19 20
18: 4 10 19 21
19: 3 12 17 18
20: 1 6 14 17
21: 5 6 9 15 18
22: 1 2 3 4 5 16

1: 14 21 22
2: 13 15 22
3: 16 20 22
4: 12 18 22
5: 17 19 22
6: 11 18 21
7: 9 11 16
8: 10 11 17
9: 7 10 20
10: 8 9 19
11: 6 7 8
12: 4 20 21
13: 2 14 17
14: 1 13 19
15: 2 18 20
16: 3 7 21
17: 5 8 13
18: 4 6 15
19: 5 10 14
20: 3 9 12 15
21: 1 6 12 16
22: 1 2 3 4 5

1: 12 13 22
2: 15 21 22
3: 14 20 22
4: 16 18 22
5: 17 19 22
6: 11 20 21
7: 9 11 18
8: 10 11 19
9: 7 10 21
10: 8 9 20
11: 6 7 8
12: 1 14 15
13: 1 16 17
14: 3 12 17
15: 2 12 16
16: 4 13 15
17: 5 13 14
18: 4 7 20
19: 5 8 21
20: 3 6 10 18
21: 2 6 9 19
22: 1 2 3 4 5

1: 14 19 22
2: 20 21 22
3: 13 16 22
4: 11 18 22
5: 12 15 22
6: 15 16 17
7: 9 14 17
8: 10 17 20
9: 7 10 19
10: 8 9 21
11: 4 19 21
12: 5 18 21
13: 3 15 18
14: 1 7 21
15: 5 6 13
16: 3 6 20
17: 6 7 8 22
18: 4 12 13 20
19: 1 9 11 20
20: 2 8 16 18 19
21: 2 10 11 12 14
22: 1 2 3 4 5 17

1: 19 20 22
2: 15 17 22
3: 11 16 22
4: 13 21 22
5: 12 14 22
6: 18 20 21
7: 9 17 18
8: 10 16 18
9: 7 10 20
10: 8 9 21
11: 3 12 13
12: 5 11 15
13: 4 11 14
14: 5 13 19
15: 2 12 19
16: 3 8 20
17: 2 7 21
18: 6 7 8 22
19: 1 14 15 21
20: 1 6 9 16
21: 4 6 10 17 19
22: 1 2 3 4 5 18

1: 20 21 22
2: 11 14 22
3: 12 15 22
4: 13 19 22
5: 16 17 22
6: 14 15 18
7: 9 18 20
8: 10 17 18
9: 7 10 21
10: 8 9 16
11: 2 15 19
12: 3 19 21
13: 4 16 21
14: 2 6 20
15: 3 6 11
16: 5 10 13
17: 5 8 21
18: 6 7 8 22
19: 4 11 12 20
20: 1 7 14 19
21: 1 9 12 13 17
22: 1 2 3 4 5 18

1: 19 21 22
2: 11 18 22
3: 12 14 22
4: 13 15 22
5: 16 20 22
6: 15 17 18
7: 9 17 21
8: 10 16 17
9: 7 10 19
10: 8 9 20
11: 2 19 20
12: 3 13 21
13: 4 12 18
14: 3 18 20
15: 4 6 21
16: 5 8 19
17: 6 7 8 22
18: 2 6 13 14
19: 1 9 11 16
20: 5 10 11 14 21
21: 1 7 12 15 20
22: 1 2 3 4 5 17

1: 19 21 22
2: 11 16 22
3: 12 13 22
4: 14 18 22
5: 15 20 22
6: 14 16 17
7: 9 17 19
8: 10 15 17
9: 7 10 21
10: 8 9 20
11: 2 13 21
12: 3 20 21
13: 3 11 18
14: 4 6 19
15: 5 8 21
16: 2 6 18
17: 6 7 8 22
18: 4 13 16 20
19: 1 7 14 20
20: 5 10 12 18 19
21: 1 9 11 12 15
22: 1 2 3 4 5 17

1: 13 20 22
2: 11 16 22
3: 12 19 22
4: 14 17 22
5: 15 21 22
6: 16 18 21
7: 9 17 18
8: 10 15 18
9: 7 10 20
10: 8 9 21
11: 2 12 20
12: 3 11 13
13: 1 12 14
14: 4 13 19
15: 5 8 16
16: 2 6 15
17: 4 7 21
18: 6 7 8 22
19: 3 14 20 21
20: 1 9 11 19
21: 5 6 10 17 19
22: 1 2 3 4 5 18

1: 13 19 22
2: 11 16 22
3: 12 15 22
4: 14 18 22
5: 17 21 22
6: 16 20 21
7: 9 18 20
8: 10 17 20
9: 7 10 19
10: 8 9 21
11: 2 12 19
12: 3 11 13
13: 1 12 14
14: 4 13 15
15: 3 14 21
16: 2 6 17
17: 5 8 16
18: 4 7 21
19: 1 9 11
20: 6 7 8 22
21: 5 6 10 15 18
22: 1 2 3 4 5 20

1: 18 19 22
2: 11 12 22
3: 13 16 22
4: 15 21 22
5: 14 17 22
6: 16 20 21
7: 9 18 20
8: 10 17 20
9: 7 10 19
10: 8 9 21
11: 2 19 21
12: 2 13 17
13: 3 12 14
14: 5 13 15
15: 4 14 16
16: 3 6 15
17: 5 8 12
18: 1 7 21
19: 1 9 11
20: 6 7 8 22
21: 4 6 10 11 18
22: 1 2 3 4 5 20

1: 11 14 22
2: 13 21 22
3: 12 20 22
4: 15 17 22
5: 16 18 22
6: 19 20 21
7: 9 17 19
8: 10 18 19
9: 7 10 21
10: 8 9 20
11: 1 12 13
12: 3 11 16
13: 2 11 15
14: 1 15 16
15: 4 13 14
16: 5 12 14
17: 4 7 20
18: 5 8 21
19: 6 7 8 22
20: 3 6 10 17
21: 2 6 9 18
22: 1 2 3 4 5 19

1: 11 14 22
2: 12 13 22
3: 18 19 22
4: 16 21 22
5: 15 20 22
6: 14 17 19
7: 9 16 17
8: 10 15 17
9: 7 10 21
10: 8 9 20
11: 1 12 19
12: 2 11 18
13: 2 20 21
14: 1 6 18
15: 5 8 21
16: 4 7 19
17: 6 7 8 22
18: 3 12 14 20
19: 3 6 11 16
20: 5 10 13 18
21: 4 9 13 15
22: 1 2 3 4 5 17

1: 12 20 22
2: 13 14 22
3: 17 21 22
4: 11 16 22
5: 10 15 22
6: 14 18 19
7: 9 17 18
8: 15 16 18
9: 7 19 21
10: 5 16 20
11: 4 20 21
12: 1 13 21
13: 2 12 19
14: 2 6 21
15: 5 8 17
16: 4 8 10
17: 3 7 15
18: 6 7 8 22
19: 6 9 13 20
20: 1 10 11 19
21: 3 9 11 12 14
22: 1 2 3 4 5 18

1: 12 20 22
2: 13 14 22
3: 15 16 22
4: 11 17 22
5: 10 21 22
6: 14 18 19
7: 9 16 18
8: 17 18 21
9: 7 15 19
10: 5 15 20
11: 4 20 21
12: 1 13 21
13: 2 12 19
14: 2 6 21
15: 3 9 10
16: 3 7 17
17: 4 8 16
18: 6 7 8 22
19: 6 9 13 20
20: 1 10 11 19
21: 5 8 11 12 14
22: 1 2 3 4 5 18

1: 12 20 22
2: 13 15 22
3: 14 21 22
4: 11 17 22
5: 10 16 22
6: 12 18 19
7: 9 14 18
8: 13 18 21
9: 7 19 21
10: 5 17 20
11: 4 20 21
12: 1 6 21
13: 2 8 14
14: 3 7 13
15: 2 16 17
16: 5 15 19
17: 4 10 15
18: 6 7 8 22
19: 6 9 16 20
20: 1 10 11 19
21: 3 8 9 11 12
22: 1 2 3 4 5 18

1: 12 20 22
2: 13 14 22
3: 15 16 22
4: 11 17 22
5: 10 21 22
6: 17 18 20
7: 9 10 18
8: 16 18 19
9: 7 19 21
10: 5 7 20
11: 4 20 21
12: 1 13 21
13: 2 12 19
14: 2 15 21
15: 3 14 19
16: 3 8 17
17: 4 6 16
18: 6 7 8 22
19: 8 9 13 15
20: 1 6 10 11
21: 5 9 11 12 14
22: 1 2 3 4 5 18

1: 11 14 22
2: 12 19 22
3: 13 15 22
4: 17 20 22
5: 16 21 22
6: 10 18 20
7: 9 18 21
8: 9 10 19
9: 7 8 20
10: 6 8 21
11: 1 12 18
12: 2 11 13
13: 3 12 14
14: 1 13 19
15: 3 16 17
16: 5 15 20
17: 4 15 21
18: 6 7 11 19
19: 2 8 14 18
20: 4 6 9 16
21: 5 7 10 17
22: 1 2 3 4 5

1: 16 21 22
2: 17 20 22
3: 13 19 22
4: 14 15 22
5: 10 11 20
6: 9 18 20
7: 10 18 19
8: 9 12 19
9: 6 8 10
10: 5 7 9
11: 5 15 21
12: 8 13 18
13: 3 12 21
14: 4 17 21
15: 4 11 16
16: 1 15 17
17: 2 14 16
18: 6 7 12 22
19: 3 7 8 20
20: 2 5 6 19
21: 1 11 13 14
22: 1 2 3 4 18

1: 18 19 22
2: 14 21 22
3: 15 20 22
4: 12 13 22
5: 16 17 19
6: 10 16 18
7: 8 16 20
8: 7 10 17
9: 11 17 20
10: 6 8 19
11: 9 13 21
12: 4 15 21
13: 4 11 14
14: 2 13 15
15: 3 12 14
16: 5 6 7 22
17: 5 8 9 18
18: 1 6 17 21
19: 1 5 10 20
20: 3 7 9 19
21: 2 11 12 18
22: 1 2 3 4 16

1: 12 20 22
2: 13 14 22
3: 15 16 22
4: 11 17 22
5: 10 21 22
6: 18 20 21
7: 8 17 19
8: 7 11 18
9: 16 18 19
10: 5 17 20
11: 4 8 20
12: 1 13 21
13: 2 12 19
14: 2 15 21
15: 3 14 19
16: 3 9 21
17: 4 7 10
18: 6 8 9 22
19: 7 9 13 15
20: 1 6 10 11
21: 5 6 12 14 16
22: 1 2 3 4 5 18

1: 12 21 22
2: 11 19 22
3: 13 16 22
4: 10 14 22
5: 15 18 22
6: 17 18 21
7: 8 20 21
8: 7 12 17
9: 11 17 20
10: 4 19 21
11: 2 9 21
12: 1 8 18
13: 3 14 19
14: 4 13 15
15: 5 14 16
16: 3 15 20
17: 6 8 9 22
18: 5 6 12 20
19: 2 10 13 20
20: 7 9 16 18 19
21: 1 6 7 10 11
22: 1 2 3 4 5 17

1: 15 20 22
2: 10 21 22
3: 11 12 22
4: 14 17 22
5: 13 16 22
6: 18 20 21
7: 8 10 18
8: 7 19 21
9: 11 18 19
10: 2 7 20
11: 3 9 21
12: 3 13 14
13: 5 12 17
14: 4 12 21
15: 1 16 17
16: 5 15 19
17: 4 13 15
18: 6 7 9 22
19: 8 9 16 20
20: 1 6 10 19
21: 2 6 8 11 14
22: 1 2 3 4 5 18

1: 10 19 22
2: 11 12 22
3: 13 14 22
4: 15 16 22
5: 20 21 22
6: 9 18 22
7: 8 17 22
8: 7 19 20
9: 6 17 19
10: 1 11 20
11: 2 10 21
12: 2 13 20
13: 3 12 21
14: 3 15 20
15: 4 14 21
16: 4 17 18
17: 7 9 16
18: 6 16 21
19: 1 8 9 21
20: 5 8 10 12 14
21: 5 11 13 15 18 19
22: 1 2 3 4 5 6 7

1: 15 21 22
2: 14 16 22
3: 13 20 22
4: 11 19 22
5: 10 12 22
6: 9 16 17
7: 8 15 17
8: 7 9 21
9: 6 8 14
10: 5 20 21
11: 4 12 21
12: 5 11 18
13: 3 14 19
14: 2 9 13
15: 1 7 20
16: 2 6 19
17: 6 7 18 22
18: 12 17 19 20
19: 4 13 16 18
20: 3 10 15 18
21: 1 8 10 11
22: 1 2 3 4 5 17

1: 15 20 22
2: 19 21 22
3: 11 12 22
4: 13 14 22
5: 10 18 22
6: 9 15 16
7: 8 16 19
8: 7 9 21
9: 6 8 20
10: 5 20 21
11: 3 18 20
12: 3 13 19
13: 4 12 18
14: 4 17 19
15: 1 6 21
16: 6 7 17 22
17: 14 16 18 21
18: 5 11 13 17
19: 2 7 12 14
20: 1 9 10 11
21: 2 8 10 15 17
22: 1 2 3 4 5 16

1: 15 21 22
2: 13 16 22
3: 11 14 22
4: 9 12 22
5: 10 20 22
6: 16 17 19
7: 8 19 21
8: 7 15 17
9: 4 14 21
10: 5 13 21
11: 3 20 21
12: 4 16 18
13: 2 10 19
14: 3 9 18
15: 1 8 20
16: 2 6 12
17: 6 8 18 22
18: 12 14 17 20
19: 6 7 13 20
20: 5 11 15 18 19
21: 1 7 9 10 11
22: 1 2 3 4 5 17

1: 14 20 22
2: 11 15 22
3: 10 13 22
4: 9 19 22
5: 12 21 22
6: 15 16 18
7: 8 18 20
8: 7 14 16
9: 4 13 20
10: 3 20 21
11: 2 12 18
12: 5 11 19
13: 3 9 17
14: 1 8 21
15: 2 6 19
16: 6 8 17 22
17: 13 16 19 21
18: 6 7 11 21
19: 4 12 15 17
20: 1 7 9 10
21: 5 10 14 17 18
22: 1 2 3 4 5 16

1: 10 16 22
2: 20 21 22
3: 13 15 22
4: 9 12 22
5: 11 19 22
6: 14 18 22
7: 8 17 22
8: 7 12 20
9: 4 11 20
10: 1 15 21
11: 5 9 21
12: 4 8 21
13: 3 19 21
14: 6 17 20
15: 3 10 18
16: 1 17 18
17: 7 14 16 21
18: 6 15 16 19
19: 5 13 18 20
20: 2 8 9 14 19
21: 2 10 11 12 13 17
22: 1 2 3 4 5 6 7

1: 12 16 22
2: 13 14 22
3: 10 21 22
4: 9 20 22
5: 15 17 22
6: 11 19 22
7: 8 18 22
8: 7 9 10
9: 4 8 21
10: 3 8 11
11: 6 10 18
12: 1 14 20
13: 2 20 21
14: 2 12 17
15: 5 18 19
16: 1 17 19
17: 5 14 16 21
18: 7 11 15 21
19: 6 15 16 20
20: 4 12 13 19
21: 3 9 13 17 18
22: 1 2 3 4 5 6 7

1: 16 19 22
2: 14 21 22
3: 11 15 22
4: 13 20 22
5: 10 12 22
6: 8 17 19
7: 10 17 21
8: 6 16 18
9: 11 17 18
10: 5 7 19
11: 3 9 21
12: 5 20 21
13: 4 15 21
14: 2 16 20
15: 3 13 18
16: 1 8 14
17: 6 7 9 22
18: 8 9 15 20
19: 1 6 10 20
20: 4 12 14 18 19
21: 2 7 11 12 13
22: 1 2 3 4 5 17

1: 16 21 22
2: 13 20 22
3: 14 15 22
4: 12 17 22
5: 10 18 20
6: 8 10 19
7: 11 15 21
8: 6 12 18
9: 13 18 19
10: 5 6 13
11: 7 12 19
12: 4 8 11
13: 2 9 10
14: 3 17 21
15: 3 7 16
16: 1 15 17
17: 4 14 16
18: 5 8 9 22
19: 6 9 11 20
20: 2 5 19 21
21: 1 7 14 20
22: 1 2 3 4 18

1: 14 17 22
2: 15 16 22
3: 10 11 22
4: 13 19 22
5: 12 20 22
6: 8 21 22
7: 9 18 22
8: 6 11 17
9: 7 10 13
10: 3 9 16
11: 3 8 14
12: 5 15 18
13: 4 9 21
14: 1 11 19
15: 2 12 19
16: 2 10 18
17: 1 8 20
18: 7 12 16 21
19: 4 14 15 20
20: 5 17 19 21
21: 6 13 18 20
22: 1 2 3 4 5 6 7

1: 13 15 22
2: 12 17 22
3: 14 16 22
4: 11 21 22
5: 10 20 22
6: 8 19 22
7: 9 18 22
8: 6 9 15
9: 7 8 11
10: 5 13 18
11: 4 9 19
12: 2 14 19
13: 1 10 21
14: 3 12 20
15: 1 8 18
16: 3 19 21
17: 2 18 20
18: 7 10 15 17
19: 6 11 12 16
20: 5 14 17 21
21: 4 13 16 20
22: 1 2 3 4 5 6 7

1: 11 17 22
2: 15 16 22
3: 10 14 22
4: 13 19 22
5: 12 20 22
6: 8 21 22
7: 9 18 22
8: 6 9 17
9: 7 8 13
10: 3 11 15
11: 1 10 16
12: 5 14 18
13: 4 9 21
14: 3 12 19
15: 2 10 19
16: 2 11 20
17: 1 8 18
18: 7 12 17 21
19: 4 14 15 20
20: 5 16 19 21
21: 6 13 18 20
22: 1 2 3 4 5 6 7

1: 10 11 22
2: 12 14 22
3: 13 15 22
4: 17 21 22
5: 16 20 22
6: 8 17 18
7: 9 16 18
8: 6 9 21
9: 7 8 20
10: 1 20 21
11: 1 12 19
12: 2 11 20
13: 3 14 20
14: 2 13 19
15: 3 17 19
16: 5 7 21
17: 4 6 15
18: 6 7 19 22
19: 11 14 15 18 21
20: 5 9 10 12 13
21: 4 8 10 16 19
22: 1 2 3 4 5 18

1: 18 20 22
2: 19 21 22
3: 14 17 22
4: 12 15 22
5: 13 16 22
6: 8 9 22
7: 10 11 22
8: 6 17 21
9: 6 15 20
10: 7 16 19
11: 7 12 18
12: 4 11 20
13: 5 14 19
14: 3 13 21
15: 4 9 17 18
16: 5 10 18 21
17: 3 8 15 19
18: 1 11 15 16
19: 2 10 13 17
20: 1 9 12 21
21: 2 8 14 16 20
22: 1 2 3 4 5 6 7

1: 20 21 22
2: 15 17 22
3: 13 16 22
4: 10 11 22
5: 9 12 22
6: 8 19 22
7: 14 18 22
8: 6 11 21
9: 5 14 21
10: 4 12 21
11: 4 8 16
12: 5 10 20
13: 3 15 20
14: 7 9 20
15: 2 13 19
16: 3 11 19
17: 2 18 20
18: 7 17 19 21
19: 6 15 16 18
20: 1 12 13 14 17
21: 1 8 9 10 18
22: 1 2 3 4 5 6 7

1: 12 13 22
2: 11 15 22
3: 10 14 22
4: 9 16 22
5: 20 21 22
6: 8 18 22
7: 17 19 22
8: 6 9 10
9: 4 8 14
10: 3 8 21
11: 2 12 19
12: 1 11 18
13: 1 19 21
14: 3 9 17
15: 2 18 20
16: 4 17 20
17: 7 14 16 21
18: 6 12 15 21
19: 7 11 13 20
20: 5 15 16 19
21: 5 10 13 17 18
22: 1 2 3 4 5 6 7

1: 13 17 22
2: 11 15 22
3: 9 16 22
4: 10 19 22
5: 12 18 22
6: 8 21 22
7: 14 20 22
8: 6 9 10
9: 3 8 15
10: 4 8 16
11: 2 13 18
12: 5 14 19
13: 1 11 20
14: 7 12 21
15: 2 9 21
16: 3 10 20
17: 1 18 19
18: 5 11 17 21
19: 4 12 17 20
20: 7 13 16 19
21: 6 14 15 18
22: 1 2 3 4 5 6 7

1: 18 21 22
2: 15 17 22
3: 14 20 22
4: 11 19 22
5: 12 13 22
6: 8 16 18
7: 8 10 19
8: 6 7 21
9: 14 16 17
10: 7 11 16
11: 4 10 21
12: 5 19 21
13: 5 15 20
14: 3 9 15
15: 2 13 14
16: 6 9 10 22
17: 2 9 18 20
18: 1 6 17 19
19: 4 7 12 18
20: 3 13 17 21
21: 1 8 11 12 20
22: 1 2 3 4 5 16

1: 10 15 21
2: 9 16 22
3: 11 14 21
4: 12 13 22
5: 20 21 22
6: 8 19 21
7: 8 18 22
8: 6 7 20
9: 2 12 17
10: 1 11 17
11: 3 10 19
12: 4 9 18
13: 4 17 21
14: 3 17 22
15: 1 19 20
16: 2 18 20
17: 9 10 13 14
18: 7 12 16 21
19: 6 11 15 22
20: 5 8 15 16
21: 1 3 5 6 13 18
22: 2 4 5 7 14 19

1: 17 20 22
2: 18 21 22
3: 16 19 22
4: 11 15 22
5: 8 14 22
6: 10 13 22
7: 9 12 22
8: 5 15 20
9: 7 18 19
10: 6 16 21
11: 4 12 19
12: 7 11 17
13: 6 14 20
14: 5 13 21
15: 4 8 17 21
16: 3 10 18 20
17: 1 12 15 18
18: 2 9 16 17
19: 3 9 11 21
20: 1 8 13 16
21: 2 10 14 15 19
22: 1 2 3 4 5 6 7

1: 12 15 22
2: 13 17 22
3: 10 16 22
4: 11 21 22
5: 8 20 22
6: 14 19 22
7: 9 18 22
8: 5 9 10
9: 7 8 14
10: 3 8 13
11: 4 12 18
12: 1 11 19
13: 2 10 20
14: 6 9 20
15: 1 16 18
16: 3 15 19
17: 2 18 21
18: 7 11 15 17
19: 6 12 16 21
20: 5 13 14 21
21: 4 17 19 20
22: 1 2 3 4 5 6 7

1: 17 20 22
2: 16 18 22
3: 19 21 22
4: 11 15 22
5: 8 14 22
6: 9 10 22
7: 12 13 22
8: 5 18 20
9: 6 15 19
10: 6 16 17
11: 4 12 19
12: 7 11 21
13: 7 14 20
14: 5 13 21
15: 4 9 16 21
16: 2 10 15 20
17: 1 10 18 19
18: 2 8 17 21
19: 3 9 11 17
20: 1 8 13 16
21: 3 12 14 15 18
22: 1 2 3 4 5 6 7

1: 10 17 22
2: 11 16 22
3: 13 18 22
4: 12 19 22
5: 8 14 22
6: 9 15 22
7: 20 21 22
8: 5 10 12
9: 6 11 13
10: 1 8 15
11: 2 9 14
12: 4 8 17
13: 3 9 16
14: 5 11 21
15: 6 10 20
16: 2 13 21
17: 1 12 20
18: 3 19 21
19: 4 18 20
20: 7 15 17 19
21: 7 14 16 18
22: 1 2 3 4 5 6 7

1: 13 14 22
2: 12 15 22
3: 10 18 22
4: 11 19 22
5: 8 21 22
6: 9 20 22
7: 16 17 22
8: 5 9 13
9: 6 8 12
10: 3 11 17
11: 4 10 16
12: 2 9 21
13: 1 8 20
14: 1 17 18
15: 2 16 19
16: 7 11 15 18
17: 7 10 14 19
18: 3 14 16 20
19: 4 15 17 21
20: 6 13 18 21
21: 5 12 19 20
22: 1 2 3 4 5 6 7

1: 11 14 22
2: 10 15 22
3: 12 16 22
4: 13 17 22
5: 8 21 22
6: 9 20 22
7: 18 19 22
8: 5 9 13
9: 6 8 12
10: 2 11 16
11: 1 10 17
12: 3 9 21
13: 4 8 20
14: 1 16 19
15: 2 17 18
16: 3 10 14 18
17: 4 11 15 19
18: 7 15 16 21
19: 7 14 17 20
20: 6 13 19 21
21: 5 12 18 20
22: 1 2 3 4 5 6 7

1: 13 14 22
2: 12 15 22
3: 16 19 22
4: 17 18 22
5: 8 9 22
6: 10 20 22
7: 11 21 22
8: 5 11 19
9: 5 10 18
10: 6 9 11
11: 7 8 10
12: 2 13 20
13: 1 12 21
14: 1 17 20
15: 2 16 21
16: 3 15 20
17: 4 14 21
18: 4 9 20
19: 3 8 21
20: 6 12 14 16 18
21: 7 13 15 17 19
22: 1 2 3 4 5 6 7

1: 16 17 22
2: 12 15 22
3: 13 14 22
4: 9 18 22
5: 8 19 22
6: 10 21 22
7: 11 20 22
8: 5 9 12
9: 4 8 13
10: 6 11 15
11: 7 10 14
12: 2 8 18
13: 3 9 19
14: 3 11 21
15: 2 10 20
16: 1 18 21
17: 1 19 20
18: 4 12 16 19
19: 5 13 17 18
20: 7 15 17 21
21: 6 14 16 20
22: 1 2 3 4 5 6 7

1: 20 21 22
2: 14 17 22
3: 15 16 22
4: 9 10 22
5: 8 11 22
6: 12 19 22
7: 13 18 22
8: 5 9 20
9: 4 8 21
10: 4 13 20
11: 5 12 21
12: 6 11 20
13: 7 10 21
14: 2 19 20
15: 3 18 21
16: 3 17 19
17: 2 16 18
18: 7 15 17 20
19: 6 14 16 21
20: 1 8 10 12 14 18
21: 1 9 11 13 15 19
22: 1 2 3 4 5 6 7

1: 11 21 22
2: 12 15 22
3: 9 14 22
4: 10 17 22
5: 8 16 22
6: 18 20 22
7: 13 19 22
8: 5 18 21
9: 3 17 21
10: 4 16 21
11: 1 13 15
12: 2 13 14
13: 7 11 12
14: 3 12 20
15: 2 11 20
16: 5 10 19
17: 4 9 19
18: 6 8 19
19: 7 16 17 18
20: 6 14 15 21
21: 1 8 9 10 20
22: 1 2 3 4 5 6 7

1: 10 21 22
2: 13 20 22
3: 9 16 22
4: 12 15 22
5: 8 14 22
6: 18 19 22
7: 11 17 22
8: 5 11 21
9: 3 19 21
10: 1 13 19
11: 7 8 20
12: 4 16 19
13: 2 10 18
14: 5 18 20
15: 4 17 20
16: 3 12 17
17: 7 15 16 21
18: 6 13 14 21
19: 6 9 10 12 20
20: 2 11 14 15 19
21: 1 8 9 17 18
22: 1 2 3 4 5 6 7

1: 9 12 22
2: 15 20 22
3: 13 16 22
4: 10 17 22
5: 8 14 22
6: 19 21 22
7: 11 18 22
8: 5 15 21
9: 1 17 20
10: 4 16 20
11: 7 14 21
12: 1 18 21
13: 3 19 20
14: 5 11 19
15: 2 8 19
16: 3 10 18
17: 4 9 18
18: 7 12 16 17
19: 6 13 14 15
20: 2 9 10 13 21
21: 6 8 11 12 20
22: 1 2 3 4 5 6 7

1: 9 12 22
2: 10 13 22
3: 14 16 22
4: 15 17 22
5: 8 21 22
6: 11 19 22
7: 18 20 22
8: 5 10 12
9: 1 10 11
10: 2 8 9
11: 6 9 20
12: 1 8 20
13: 2 14 18
14: 3 13 19
15: 4 16 19
16: 3 15 18
17: 4 18 21
18: 7 13 16 17
19: 6 14 15 21
20: 7 11 12 21
21: 5 17 19 20
22: 1 2 3 4 5 6 7

1: 9 19 22
2: 16 18 22
3: 10 17 22
4: 12 13 22
5: 8 11 22
6: 14 21 22
7: 15 20 22
8: 5 9 13
9: 1 8 10
10: 3 9 16
11: 5 15 18
12: 4 14 17
13: 4 8 15
14: 6 12 19
15: 7 11 13
16: 2 10 21
17: 3 12 21
18: 2 11 20
19: 1 14 20
20: 7 18 19 21
21: 6 16 17 20
22: 1 2 3 4 5 6 7

1: 14 15 22
2: 13 16 22
3: 12 17 22
4: 8 18 22
5: 9 19 22
6: 10 21 22
7: 11 20 22
8: 4 11 15
9: 5 10 14
10: 6 9 17
11: 7 8 16
12: 3 13 18
13: 2 12 19
14: 1 9 21
15: 1 8 20
16: 2 11 18
17: 3 10 19
18: 4 12 16 20
19: 5 13 17 21
20: 7 15 18 21
21: 6 14 19 20
22: 1 2 3 4 5 6 7

1: 10 16 22
2: 12 15 22
3: 11 14 22
4: 8 18 22
5: 9 17 22
6: 13 20 22
7: 19 21 22
8: 4 13 15
9: 5 13 14
10: 1 17 21
11: 3 18 21
12: 2 16 21
13: 6 8 9
14: 3 9 20
15: 2 8 20
16: 1 12 19
17: 5 10 19
18: 4 11 19
19: 7 16 17 18
20: 6 14 15 21
21: 7 10 11 12 20
22: 1 2 3 4 5 6 7

1: 15 16 22
2: 14 17 22
3: 10 11 22
4: 8 21 22
5: 9 20 22
6: 12 18 22
7: 13 19 22
8: 4 9 11
9: 5 8 10
10: 3 9 13
11: 3 8 12
12: 6 11 21
13: 7 10 20
14: 2 15 18
15: 1 14 19
16: 1 18 21
17: 2 19 20
18: 6 14 16 20
19: 7 15 17 21
20: 5 13 17 18
21: 4 12 16 19
22: 1 2 3 4 5 6 7

1: 11 16 22
2: 12 21 22
3: 10 13 22
4: 8 20 22
5: 9 17 22
6: 15 19 22
7: 14 18 22
8: 4 9 13
9: 5 8 10
10: 3 9 21
11: 1 14 21
12: 2 15 20
13: 3 8 18
14: 7 11 19
15: 6 12 17
16: 1 17 19
17: 5 15 16 21
18: 7 13 20 21
19: 6 14 16 20
20: 4 12 18 19
21: 2 10 11 17 18
22: 1 2 3 4 5 6 7

1: 14 15 22
2: 10 17 22
3: 11 16 22
4: 8 21 22
5: 9 20 22
6: 12 18 22
7: 13 19 22
8: 4 9 12
9: 5 8 13
10: 2 11 15
11: 3 10 14
12: 6 8 20
13: 7 9 21
14: 1 11 19
15: 1 10 18
16: 3 19 21
17: 2 18 20
18: 6 15 17 19
19: 7 14 16 18
20: 5 12 17 21
21: 4 13 16 20
22: 1 2 3 4 5 6 7

1: 18 19 22
2: 10 12 22
3: 11 13 22
4: 8 17 22
5: 9 16 22
6: 14 21 22
7: 15 20 22
8: 4 9 19
9: 5 8 18
10: 2 11 15
11: 3 10 14
12: 2 14 16
13: 3 15 17
14: 6 11 12
15: 7 10 13
16: 5 12 21
17: 4 13 20
18: 1 9 21
19: 1 8 20
20: 7 17 19 21
21: 6 16 18 20
22: 1 2 3 4 5 6 7

1: 11 14 22
2: 10 15 22
3: 12 13 22
4: 8 21 22
5: 9 20 22
6: 16 18 22
7: 17 19 22
8: 4 9 13
9: 5 8 12
10: 2 11 16
11: 1 10 17
12: 3 9 19
13: 3 8 18
14: 1 16 21
15: 2 17 20
16: 6 10 14 20
17: 7 11 15 21
18: 6 13 19 21
19: 7 12 18 20
20: 5 15 16 19
21: 4 14 17 18
22: 1 2 3 4 5 6 7

1: 15 21 22
2: 12 13 22
3: 9 14 22
4: 8 19 22
5: 11 17 22
6: 10 18 22
7: 16 20 22
8: 4 15 20
9: 3 13 21
10: 6 16 21
11: 5 19 20
12: 2 18 21
13: 2 9 17
14: 3 17 20
15: 1 8 16
16: 7 10 15 19
17: 5 13 14 18
18: 6 12 17 19
19: 4 11 16 18
20: 7 8 11 14 21
21: 1 9 10 12 20
22: 1 2 3 4 5 6 7

1: 15 16 22
2: 14 17 22
3: 9 12 22
4: 8 13 22
5: 10 19 22
6: 11 18 22
7: 20 21 22
8: 4 11 19
9: 3 10 18
10: 5 9 11
11: 6 8 10
12: 3 17 20
13: 4 16 21
14: 2 15 20
15: 1 14 21
16: 1 13 20
17: 2 12 21
18: 6 9 20
19: 5 8 21
20: 7 12 14 16 18
21: 7 13 15 17 19
22: 1 2 3 4 5 6 7

1: 11 12 22
2: 10 15 22
3: 9 16 22
4: 8 14 22
5: 19 21 22
6: 13 18 22
7: 17 20 22
8: 4 12 21
9: 3 13 15
10: 2 14 21
11: 1 20 21
12: 1 8 18
13: 6 9 19
14: 4 10 18
15: 2 9 17
16: 3 17 19
17: 7 15 16 21
18: 6 12 14 20
19: 5 13 16 20
20: 7 11 18 19
21: 5 8 10 11 17
22: 1 2 3 4 5 6 7

1: 11 12 22
2: 10 13 22
3: 9 14 22
4: 8 15 22
5: 16 20 22
6: 17 21 22
7: 18 19 22
8: 4 13 20
9: 3 12 21
10: 2 11 20
11: 1 10 21
12: 1 9 20
13: 2 8 21
14: 3 19 20
15: 4 18 21
16: 5 17 19
17: 6 16 18
18: 7 15 17 20
19: 7 14 16 21
20: 5 8 10 12 14 18
21: 6 9 11 13 15 19
22: 1 2 3 4 5 6 7

1: 11 17 22
2: 10 16 22
3: 9 13 22
4: 8 12 22
5: 14 20 22
6: 15 21 22
7: 18 19 22
8: 4 9 11
9: 3 8 10
10: 2 9 12
11: 1 8 13
12: 4 10 20
13: 3 11 21
14: 5 15 19
15: 6 14 18
16: 2 19 20
17: 1 18 21
18: 7 15 17 20
19: 7 14 16 21
20: 5 12 16 18
21: 6 13 17 19
22: 1 2 3 4 5 6 7

1: 10 19 22
2: 11 18 22
3: 9 16 22
4: 8 17 22
5: 14 15 22
6: 12 20 22
7: 13 21 22
8: 4 9 15
9: 3 8 14
10: 1 11 17
11: 2 10 16
12: 6 13 19
13: 7 12 18
14: 5 9 20
15: 5 8 21
16: 3 11 20
17: 4 10 21
18: 2 13 20
19: 1 12 21
20: 6 14 16 18
21: 7 15 17 19
22: 1 2 3 4 5 6 7

1: 10 19 22
2: 11 18 22
3: 9 16 22
4: 8 17 22
5: 14 15 22
6: 12 20 22
7: 13 21 22
8: 4 9 15
9: 3 8 14
10: 1 11 17
11: 2 10 16
12: 6 13 19
13: 7 12 18
14: 5 9 20
15: 5 8 21
16: 3 11 20
17: 4 10 21
18: 2 13 20
19: 1 12 21
20: 6 14 16 18 21
21: 7 15 17 19 20
22: 1 2 3 4 5 6 7

1: 12 16 22
2: 9 21 22
3: 10 14 22
4: 8 20 22
5: 15 19 22
6: 11 18 22
7: 13 17 22
8: 4 13 21
9: 2 11 15
10: 3 11 21
11: 6 9 10
12: 1 14 20
13: 7 8 19
14: 3 12 17
15: 5 9 18
16: 1 17 19
17: 7 14 16 21
18: 6 15 20 21
19: 5 13 16 20
20: 4 12 18 19
21: 2 8 10 17 18
22: 1 2 3 4 5 6 7

1: 11 13 22
2: 9 16 22
3: 10 15 22
4: 8 14 22
5: 12 19 22
6: 18 21 22
7: 17 20 22
8: 4 13 21
9: 2 15 21
10: 3 14 21
11: 1 12 20
12: 5 11 17
13: 1 8 18
14: 4 10 18
15: 3 9 17
16: 2 17 19
17: 7 12 15 16
18: 6 13 14 20
19: 5 16 20 21
20: 7 11 18 19
21: 6 8 9 10 19
22: 1 2 3 4 5 6 7

1: 20 21 22
2: 9 10 22
3: 13 15 22
4: 8 12 22
5: 14 19 22
6: 11 17 22
7: 16 18 22
8: 4 10 21
9: 2 11 21
10: 2 8 20
11: 6 9 20
12: 4 14 16
13: 3 17 20
14: 5 12 18
15: 3 18 19
16: 7 12 19 21
17: 6 13 18 21
18: 7 14 15 17
19: 5 15 16 20
20: 1 10 11 13 19
21: 1 8 9 16 17
22: 1 2 3 4 5 6 7

1: 9 16 22
2: 11 15 22
3: 10 12 22
4: 8 20 22
5: 14 17 22
6: 13 18 22
7: 19 21 22
8: 4 14 21
9: 1 12 13
10: 3 15 20
11: 2 20 21
12: 3 9 18
13: 6 9 17
14: 5 8 19
15: 2 10 18
16: 1 17 19
17: 5 13 16 21
18: 6 12 15 21
19: 7 14 16 20
20: 4 10 11 19
21: 7 8 11 17 18
22: 1 2 3 4 5 6 7

1: 9 16 22
2: 10 21 22
3: 11 15 22
4: 8 14 22
5: 12 19 22
6: 13 18 22
7: 17 20 22
8: 4 13 21
9: 1 14 21
10: 2 15 20
11: 3 12 20
12: 5 11 18
13: 6 8 17
14: 4 9 17
15: 3 10 18
16: 1 17 19
17: 7 13 14 16
18: 6 12 15 21
19: 5 16 20 21
20: 7 10 11 19
21: 2 8 9 18 19
22: 1 2 3 4 5 6 7

1: 9 11 22
2: 12 16 22
3: 10 13 22
4: 8 20 22
5: 15 18 22
6: 19 21 22
7: 14 17 22
8: 4 9 13
9: 1 8 10
10: 3 9 21
11: 1 14 21
12: 2 15 20
13: 3 8 18
14: 7 11 19
15: 5 12 17
16: 2 17 19
17: 7 15 16 21
18: 5 13 20 21
19: 6 14 16 20
20: 4 12 18 19
21: 6 10 11 17 18
22: 1 2 3 4 5 6 7

1: 15 16 22
2: 14 17 22
3: 8 12 22
4: 9 13 22
5: 10 21 22
6: 11 20 22
7: 18 19 22
8: 3 10 14
9: 4 11 15
10: 5 8 17
11: 6 9 16
12: 3 13 19
13: 4 12 18
14: 2 8 19
15: 1 9 18
16: 1 11 21
17: 2 10 20
18: 7 13 15 21
19: 7 12 14 20
20: 6 17 19 21
21: 5 16 18 20
22: 1 2 3 4 5 6 7

1: 11 17 22
2: 12 16 22
3: 8 14 22
4: 9 13 22
5: 10 20 22
6: 15 18 22
7: 19 21 22
8: 3 10 16
9: 4 10 14
10: 5 8 9
11: 1 12 20
12: 2 11 18
13: 4 15 21
14: 3 9 21
15: 6 13 19
16: 2 8 20
17: 1 18 19
18: 6 12 17 21
19: 7 15 17 20
20: 5 11 16 19
21: 7 13 14 18
22: 1 2 3 4 5 6 7

1: 11 16 22
2: 10 13 22
3: 8 21 22
4: 9 20 22
5: 14 19 22
6: 15 18 22
7: 12 17 22
8: 3 14 15
9: 4 13 21
10: 2 12 21
11: 1 20 21
12: 7 10 19
13: 2 9 19
14: 5 8 18
15: 6 8 17
16: 1 17 18
17: 7 15 16 21
18: 6 14 16 20
19: 5 12 13 20
20: 4 11 18 19
21: 3 9 10 11 17
22: 1 2 3 4 5 6 7

1: 13 14 22
2: 12 15 22
3: 8 17 22
4: 9 16 22
5: 10 20 22
6: 11 21 22
7: 18 19 22
8: 3 9 19
9: 4 8 18
10: 5 14 18
11: 6 15 19
12: 2 17 19
13: 1 16 18
14: 1 10 21
15: 2 11 20
16: 4 13 21
17: 3 12 20
18: 7 9 10 13
19: 7 8 11 12
20: 5 15 17 21
21: 6 14 16 20
22: 1 2 3 4 5 6 7

1: 10 18 22
2: 11 19 22
3: 8 13 22
4: 9 12 22
5: 16 17 22
6: 14 21 22
7: 15 20 22
8: 3 9 10
9: 4 8 11
10: 1 8 12
11: 2 9 13
12: 4 10 17
13: 3 11 16
14: 6 15 19
15: 7 14 18
16: 5 13 21
17: 5 12 20
18: 1 15 21
19: 2 14 20
20: 7 17 19 21
21: 6 16 18 20
22: 1 2 3 4 5 6 7

1: 11 16 22
2: 9 15 22
3: 8 13 22
4: 10 14 22
5: 17 21 22
6: 12 19 22
7: 18 20 22
8: 3 12 21
9: 2 13 21
10: 4 15 20
11: 1 14 20
12: 6 8 17
13: 3 9 17
14: 4 11 18
15: 2 10 18
16: 1 17 19
17: 5 12 13 16
18: 7 14 15 21
19: 6 16 20 21
20: 7 10 11 19
21: 5 8 9 18 19
22: 1 2 3 4 5 6 7

1: 12 21 22
2: 9 10 22
3: 8 14 22
4: 13 15 22
5: 19 20 22
6: 11 17 22
7: 16 18 22
8: 3 10 21
9: 2 11 21
10: 2 8 20
11: 6 9 20
12: 1 13 19
13: 4 12 17
14: 3 16 20
15: 4 18 19
16: 7 14 19 21
17: 6 13 18 21
18: 7 15 17 20
19: 5 12 15 16
20: 5 10 11 14 18
21: 1 8 9 16 17
22: 1 2 3 4 5 6 7

1: 10 19 22
2: 9 20 22
3: 8 13 22
4: 14 18 22
5: 15 16 22
6: 12 17 22
7: 11 21 22
8: 3 19 20
9: 2 11 19
10: 1 11 12
11: 7 9 10
12: 6 10 21
13: 3 14 21
14: 4 13 20
15: 5 18 20
16: 5 17 21
17: 6 16 20
18: 4 15 21
19: 1 8 9 21
20: 2 8 14 15 17
21: 7 12 13 16 18 19
22: 1 2 3 4 5 6 7

1: 10 21 22
2: 9 12 22
3: 8 15 22
4: 11 18 22
5: 14 17 22
6: 13 19 22
7: 16 20 22
8: 3 12 21
9: 2 20 21
10: 1 11 20
11: 4 10 16
12: 2 8 19
13: 6 17 18
14: 5 16 18
15: 3 17 19
16: 7 11 14 21
17: 5 13 15 21
18: 4 13 14 20
19: 6 12 15 20
20: 7 9 10 18 19
21: 1 8 9 16 17
22: 1 2 3 4 5 6 7

1: 20 21 22
2: 9 10 22
3: 8 11 22
4: 12 17 22
5: 13 16 22
6: 14 19 22
7: 15 18 22
8: 3 9 20
9: 2 8 21
10: 2 13 20
11: 3 12 21
12: 4 11 20
13: 5 10 21
14: 6 15 17
15: 7 14 16
16: 5 15 19
17: 4 14 18
18: 7 17 19 20
19: 6 16 18 21
20: 1 8 10 12 18
21: 1 9 11 13 19
22: 1 2 3 4 5 6 7

1: 14 15 22
2: 9 10 22
3: 8 11 22
4: 12 21 22
5: 13 20 22
6: 16 18 22
7: 17 19 22
8: 3 9 16
9: 2 8 17
10: 2 13 16
11: 3 12 17
12: 4 11 19
13: 5 10 18
14: 1 19 21
15: 1 18 20
16: 6 8 10 20
17: 7 9 11 21
18: 6 13 15 19
19: 7 12 14 18
20: 5 15 16 21
21: 4 14 17 20
22: 1 2 3 4 5 6 7

1: 9 14 22
2: 11 12 22
3: 8 15 22
4: 10 13 22
5: 20 21 22
6: 16 18 22
7: 17 19 22
8: 3 11 16
9: 1 10 19
10: 4 9 18
11: 2 8 17
12: 2 16 21
13: 4 19 21
14: 1 18 20
15: 3 17 20
16: 6 8 12 20
17: 7 11 15 21
18: 6 10 14 21
19: 7 9 13 20
20: 5 14 15 16 19
21: 5 12 13 17 18
22: 1 2 3 4 5 6 7

1: 16 21 22
2: 8 17 22
3: 12 15 22
4: 10 14 22
5: 9 13 22
6: 19 20 22
7: 11 18 22
8: 2 14 21
9: 5 12 21
10: 4 13 21
11: 7 15 20
12: 3 9 16
13: 5 10 20
14: 4 8 20
15: 3 11 19
16: 1 12 19
17: 2 18 20
18: 7 17 19 21
19: 6 15 16 18
20: 6 11 13 14 17
21: 1 8 9 10 18
22: 1 2 3 4 5 6 7

1: 12 15 22
2: 8 13 22
3: 10 16 22
4: 14 17 22
5: 9 21 22
6: 11 19 22
7: 18 20 22
8: 2 9 10
9: 5 8 16
10: 3 8 14
11: 6 15 20
12: 1 13 20
13: 2 12 18
14: 4 10 19
15: 1 11 18
16: 3 9 19
17: 4 18 21
18: 7 13 15 17
19: 6 14 16 21
20: 7 11 12 21
21: 5 17 19 20
22: 1 2 3 4 5 6 7

1: 11 12 22
2: 8 14 22
3: 13 19 22
4: 9 21 22
5: 15 20 22
6: 10 17 22
7: 16 18 22
8: 2 11 19
9: 4 10 16
10: 6 9 18
11: 1 8 17
12: 1 16 19
13: 3 16 21
14: 2 17 20
15: 5 17 18
16: 7 9 12 13
17: 6 11 14 15
18: 7 10 15 21
19: 3 8 12 20
20: 5 14 19 21
21: 4 13 18 20
22: 1 2 3 4 5 6 7

1: 11 14 22
2: 8 12 22
3: 10 13 22
4: 9 16 22
5: 17 20 22
6: 15 19 22
7: 18 21 22
8: 2 14 21
9: 4 13 21
10: 3 12 21
11: 1 15 21
12: 2 10 20
13: 3 9 20
14: 1 8 18
15: 6 11 18
16: 4 19 20
17: 5 18 19
18: 7 14 15 17
19: 6 16 17 21
20: 5 12 13 16
21: 7 8 9 10 11 19
22: 1 2 3 4 5 6 7

1: 11 21 22
2: 8 16 22
3: 9 13 22
4: 12 14 22
5: 15 19 22
6: 10 18 22
7: 17 20 22
8: 2 13 21
9: 3 10 21
10: 6 9 11
11: 1 10 14
12: 4 15 20
13: 3 8 19
14: 4 11 18
15: 5 12 17
16: 2 17 19
17: 7 15 16 21
18: 6 14 20 21
19: 5 13 16 20
20: 7 12 18 19
21: 1 8 9 17 18
22: 1 2 3 4 5 6 7

1: 16 20 22
2: 8 13 22
3: 9 12 22
4: 11 14 22
5: 10 19 22
6: 15 17 22
7: 18 21 22
8: 2 12 20
9: 3 11 20
10: 5 15 21
11: 4 9 21
12: 3 8 21
13: 2 19 21
14: 4 17 20
15: 6 10 18
16: 1 17 18
17: 6 14 16 21
18: 7 15 16 19
19: 5 13 18 20
20: 1 8 9 14 19
21: 7 10 11 12 13 17
22: 1 2 3 4 5 6 7

1: 11 16 22
2: 8 15 22
3: 9 14 22
4: 10 20 22
5: 12 18 22
6: 13 19 22
7: 17 21 22
8: 2 13 21
9: 3 15 21
10: 4 14 21
11: 1 12 20
12: 5 11 17
13: 6 8 17
14: 3 10 18
15: 2 9 18
16: 1 17 19
17: 7 12 13 16
18: 5 14 15 20
19: 6 16 20 21
20: 4 11 18 19
21: 7 8 9 10 19
22: 1 2 3 4 5 6 7

1: 11 16 22
2: 8 12 22
3: 9 14 22
4: 10 20 22
5: 19 21 22
6: 13 18 22
7: 15 17 22
8: 2 13 21
9: 3 12 21
10: 4 14 15
11: 1 20 21
12: 2 9 19
13: 6 8 19
14: 3 10 17
15: 7 10 18
16: 1 17 18
17: 7 14 16 21
18: 6 15 16 20
19: 5 12 13 20
20: 4 11 18 19
21: 5 8 9 11 17
22: 1 2 3 4 5 6 7

1: 11 21 22
2: 8 16 22
3: 9 14 22
4: 10 17 22
5: 15 20 22
6: 12 19 22
7: 13 18 22
8: 2 9 21
9: 3 8 20
10: 4 11 20
11: 1 10 15
12: 6 13 21
13: 7 12 17
14: 3 19 21
15: 5 11 18
16: 2 18 20
17: 4 13 19
18: 7 15 16 21
19: 6 14 17 20
20: 5 9 10 16 19
21: 1 8 12 14 18
22: 1 2 3 4 5 6 7

1: 10 17 22
2: 8 16 22
3: 9 14 22
4: 13 15 22
5: 11 21 22
6: 12 19 22
7: 18 20 22
8: 2 9 15
9: 3 8 13
10: 1 14 21
11: 5 12 18
12: 6 11 20
13: 4 9 19
14: 3 10 19
15: 4 8 18
16: 2 18 21
17: 1 19 20
18: 7 11 15 16
19: 6 13 14 17
20: 7 12 17 21
21: 5 10 16 20
22: 1 2 3 4 5 6 7

1: 9 15 22
2: 8 14 22
3: 16 19 22
4: 17 18 22
5: 10 11 22
6: 13 20 22
7: 12 21 22
8: 2 9 11
9: 1 8 10
10: 5 9 13
11: 5 8 12
12: 7 11 13
13: 6 10 12
14: 2 19 20
15: 1 18 21
16: 3 17 20
17: 4 16 21
18: 4 15 20
19: 3 14 21
20: 6 14 16 18
21: 7 15 17 19
22: 1 2 3 4 5 6 7

1: 9 19 22
2: 8 11 22
3: 15 18 22
4: 10 16 22
5: 14 17 22
6: 12 21 22
7: 13 20 22
8: 2 9 16
9: 1 8 10
10: 4 9 15
11: 2 13 17
12: 6 13 19
13: 7 11 12
14: 5 18 21
15: 3 10 21
16: 4 8 21
17: 5 11 20
18: 3 14 20
19: 1 12 20
20: 7 17 18 19
21: 6 14 15 16
22: 1 2 3 4 5 6 7

1: 8 17 22
2: 15 16 22
3: 11 21 22
4: 10 20 22
5: 9 14 22
6: 12 19 22
7: 13 18 22
8: 1 10 21
9: 5 15 20
10: 4 8 11
11: 3 10 13
12: 6 17 21
13: 7 11 20
14: 5 19 21
15: 2 9 19
16: 2 18 20
17: 1 12 18
18: 7 16 17 19
19: 6 14 15 18
20: 4 9 13 16 21
21: 3 8 12 14 20
22: 1 2 3 4 5 6 7

1: 8 17 22
2: 12 18 22
3: 10 16 22
4: 11 15 22
5: 9 21 22
6: 13 20 22
7: 14 19 22
8: 1 15 16
9: 5 14 18
10: 3 13 21
11: 4 14 21
12: 2 13 17
13: 6 10 12
14: 7 9 11
15: 4 8 20
16: 3 8 19
17: 1 12 20
18: 2 9 19
19: 7 16 18 21
20: 6 15 17 21
21: 5 10 11 19 20
22: 1 2 3 4 5 6 7

1: 8 16 22
2: 11 21 22
3: 10 13 22
4: 12 15 22
5: 9 20 22
6: 14 19 22
7: 17 18 22
8: 1 9 21
9: 5 8 19
10: 3 12 20
11: 2 14 18
12: 4 10 18
13: 3 18 21
14: 6 11 17
15: 4 19 20
16: 1 17 19
17: 7 14 16 21
18: 7 11 12 13
19: 6 9 15 16
20: 5 10 15 21
21: 2 8 13 17 20
22: 1 2 3 4 5 6 7

1: 8 18 22
2: 14 15 22
3: 13 17 22
4: 9 21 22
5: 10 11 22
6: 12 20 22
7: 16 19 22
8: 1 15 21
9: 4 16 17
10: 5 12 21
11: 5 13 14
12: 6 10 13
13: 3 11 12
14: 2 11 21
15: 2 8 19
16: 7 9 20
17: 3 9 19
18: 1 19 20
19: 7 15 17 18
20: 6 16 18 21
21: 4 8 10 14 20
22: 1 2 3 4 5 6 7

1: 8 18 22
2: 16 17 22
3: 11 19 22
4: 9 10 22
5: 12 13 22
6: 14 21 22
7: 15 20 22
8: 1 9 16
9: 4 8 17
10: 4 11 13
11: 3 10 12
12: 5 11 14
13: 5 10 15
14: 6 12 19
15: 7 13 18
16: 2 8 21
17: 2 9 20
18: 1 15 21
19: 3 14 20
20: 7 17 19 21
21: 6 16 18 20
22: 1 2 3 4 5 6 7

1: 8 16 22
2: 11 21 22
3: 9 12 22
4: 10 13 22
5: 15 19 22
6: 14 17 22
7: 18 20 22
8: 1 13 21
9: 3 14 15
10: 4 20 21
11: 2 12 20
12: 3 11 18
13: 4 8 19
14: 6 9 18
15: 5 9 17
16: 1 17 19
17: 6 15 16 21
18: 7 12 14 21
19: 5 13 16 20
20: 7 10 11 19
21: 2 8 10 17 18
22: 1 2 3 4 5 6 7

1: 8 18 22
2: 11 15 22
3: 9 10 22
4: 12 21 22
5: 14 16 22
6: 17 20 22
7: 13 19 22
8: 1 15 21
9: 3 16 17
10: 3 11 12
11: 2 10 21
12: 4 10 13
13: 7 12 14
14: 5 13 21
15: 2 8 19
16: 5 9 20
17: 6 9 19
18: 1 19 20
19: 7 15 17 18
20: 6 16 18 21
21: 4 8 11 14 20
22: 1 2 3 4 5 6 7

1: 8 18 22
2: 10 16 22
3: 9 12 22
4: 14 15 22
5: 11 13 22
6: 17 20 22
7: 19 21 22
8: 1 15 16
9: 3 17 21
10: 2 11 12
11: 5 10 14
12: 3 10 13
13: 5 12 21
14: 4 11 21
15: 4 8 20
16: 2 8 19
17: 6 9 19
18: 1 19 20
19: 7 16 17 18
20: 6 15 18 21
21: 7 9 13 14 20
22: 1 2 3 4 5 6 7

1: 8 21 22
2: 10 18 22
3: 9 17 22
4: 11 15 22
5: 12 16 22
6: 14 20 22
7: 13 19 22
8: 1 15 16
9: 3 13 21
10: 2 14 21
11: 4 13 17
12: 5 14 18
13: 7 9 11
14: 6 10 12
15: 4 8 20
16: 5 8 19
17: 3 11 20
18: 2 12 19
19: 7 16 18 21
20: 6 15 17 21
21: 1 9 10 19 20
22: 1 2 3 4 5 6 7

1: 8 16 22
2: 12 21 22
3: 9 14 22
4: 10 13 22
5: 11 20 22
6: 15 18 22
7: 17 19 22
8: 1 9 13
9: 3 8 10
10: 4 9 21
11: 5 12 17
12: 2 11 19
13: 4 8 18
14: 3 19 21
15: 6 17 20
16: 1 18 20
17: 7 11 15 21
18: 6 13 16 21
19: 7 12 14 20
20: 5 15 16 19
21: 2 10 14 17 18
22: 1 2 3 4 5 6 7

1: 8 16 22
2: 9 13 22
3: 11 15 22
4: 12 17 22
5: 10 14 22
6: 18 20 22
7: 19 21 22
8: 1 13 18
9: 2 14 21
10: 5 15 21
11: 3 17 21
12: 4 16 21
13: 2 8 20
14: 5 9 20
15: 3 10 20
16: 1 12 19
17: 4 11 19
18: 6 8 19
19: 7 16 17 18
20: 6 13 14 15
21: 7 9 10 11 12
22: 1 2 3 4 5 6 7

1: 8 17 22
2: 9 21 22
3: 12 16 22
4: 10 15 22
5: 11 13 22
6: 18 20 22
7: 14 19 22
8: 1 15 18
9: 2 14 17
10: 4 11 16
11: 5 10 12
12: 3 11 21
13: 5 14 21
14: 7 9 13
15: 4 8 20
16: 3 10 20
17: 1 9 19
18: 6 8 19
19: 7 17 18 21
20: 6 15 16 21
21: 2 12 13 19 20
22: 1 2 3 4 5 6 7

1: 8 20 22
2: 9 21 22
3: 12 15 22
4: 13 14 22
5: 10 19 22
6: 11 18 22
7: 16 17 22
8: 1 9 17
9: 2 8 16
10: 5 17 20
11: 6 16 21
12: 3 19 20
13: 4 18 21
14: 4 15 19
15: 3 14 18
16: 7 9 11 20
17: 7 8 10 21
18: 6 13 15 20
19: 5 12 14 21
20: 1 10 12 16 18
21: 2 11 13 17 19
22: 1 2 3 4 5 6 7

1: 8 20 22
2: 9 21 22
3: 16 17 22
4: 11 12 22
5: 10 13 22
6: 14 19 22
7: 15 18 22
8: 1 9 17
9: 2 8 16
10: 5 11 20
11: 4 10 21
12: 4 15 20
13: 5 14 21
14: 6 13 20
15: 7 12 21
16: 3 9 19
17: 3 8 18
18: 7 17 19 20
19: 6 16 18 21
20: 1 10 12 14 18
21: 2 11 13 15 19
22: 1 2 3 4 5 6 7

1: 8 13 22
2: 9 12 22
3: 15 16 22
4: 14 17 22
5: 10 20 22
6: 11 21 22
7: 18 19 22
8: 1 9 11
9: 2 8 10
10: 5 9 13
11: 6 8 12
12: 2 11 19
13: 1 10 18
14: 4 15 20
15: 3 14 21
16: 3 19 20
17: 4 18 21
18: 7 13 17 20
19: 7 12 16 21
20: 5 14 16 18
21: 6 15 17 19
22: 1 2 3 4 5 6 7

1: 8 13 22
2: 9 12 22
3: 10 17 22
4: 11 16 22
5: 14 15 22
6: 18 20 22
7: 19 21 22
8: 1 9 18
9: 2 8 19
10: 3 15 18
11: 4 14 19
12: 2 17 18
13: 1 16 19
14: 5 11 21
15: 5 10 20
16: 4 13 21
17: 3 12 20
18: 6 8 10 12
19: 7 9 11 13
20: 6 15 17 21
21: 7 14 16 20
22: 1 2 3 4 5 6 7

1: 8 11 22
2: 9 14 22
3: 10 12 22
4: 15 17 22
5: 16 20 22
6: 18 21 22
7: 13 19 22
8: 1 9 21
9: 2 8 10
10: 3 9 11
11: 1 10 20
12: 3 15 20
13: 7 16 21
14: 2 19 21
15: 4 12 19
16: 5 13 18
17: 4 18 20
18: 6 16 17 19
19: 7 14 15 18
20: 5 11 12 17 21
21: 6 8 13 14 20
22: 1 2 3 4 5 6 7

1: 8 10 22
2: 9 11 22
3: 12 15 22
4: 13 14 22
5: 16 17 22
6: 19 20 22
7: 18 21 22
8: 1 9 17
9: 2 8 16
10: 1 12 18
11: 2 13 19
12: 3 10 17
13: 4 11 16
14: 4 19 21
15: 3 18 20
16: 5 9 13 21
17: 5 8 12 20
18: 7 10 15 19
19: 6 11 14 18
20: 6 15 17 21
21: 7 14 16 20
22: 1 2 3 4 5 6 7

1: 8 9 22
2: 14 17 22
3: 15 16 22
4: 13 18 22
5: 12 21 22
6: 11 19 22
7: 10 20 22
8: 1 18 21
9: 1 19 20
10: 7 13 14
11: 6 12 15
12: 5 11 17
13: 4 10 16
14: 2 10 18
15: 3 11 21
16: 3 13 20
17: 2 12 19
18: 4 8 14
19: 6 9 17
20: 7 9 16
21: 5 8 15
22: 1 2 3 4 5 6 7

1: 8 9 22
2: 12 15 22
3: 13 14 22
4: 17 20 22
5: 16 21 22
6: 10 18 22
7: 11 19 22
8: 1 19 21
9: 1 18 20
10: 6 12 14
11: 7 13 15
12: 2 10 13
13: 3 11 12
14: 3 10 17
15: 2 11 16
16: 5 15 19
17: 4 14 18
18: 6 9 17
19: 7 8 16
20: 4 9 21
21: 5 8 20
22: 1 2 3 4 5 6 7

1: 8 9 22
2: 12 13 22
3: 15 16 22
4: 14 17 22
5: 10 20 22
6: 11 21 22
7: 18 19 22
8: 1 11 19
9: 1 10 18
10: 5 9 19
11: 6 8 18
12: 2 15 20
13: 2 14 21
14: 4 13 20
15: 3 12 21
16: 3 19 20
17: 4 18 21
18: 7 9 11 17 20
19: 7 8 10 16 21
20: 5 12 14 16 18
21: 6 13 15 17 19
22: 1 2 3 4 5 6 7

1: 8 9 22
2: 12 13 22
3: 14 21 22
4: 15 20 22
5: 10 18 22
6: 11 19 22
7: 16 17 22
8: 1 11 17
9: 1 10 16
10: 5 9 17
11: 6 8 16
12: 2 15 18
13: 2 14 19
14: 3 13 18
15: 4 12 19
16: 7 9 11 21
17: 7 8 10 20
18: 5 12 14 20
19: 6 13 15 21
20: 4 17 18 21
21: 3 16 19 20
22: 1 2 3 4 5 6 7

1: 8 9 22
2: 12 13 22
3: 14 17 22
4: 15 16 22
5: 10 20 22
6: 11 21 22
7: 18 19 22
8: 1 11 19
9: 1 10 18
10: 5 9 19
11: 6 8 18
12: 2 15 20
13: 2 14 21
14: 3 13 20
15: 4 12 21
16: 4 19 20
17: 3 18 21
18: 7 9 11 17
19: 7 8 10 16
20: 5 12 14 16
21: 6 13 15 17
22: 1 2 3 4 5 6 7

1: 8 9 22
2: 12 18 22
3: 13 19 22
4: 11 17 22
5: 10 16 22
6: 14 21 22
7: 15 20 22
8: 1 10 12
9: 1 11 13
10: 5 8 11
11: 4 9 10
12: 2 8 16
13: 3 9 17
14: 6 15 19
15: 7 14 18
16: 5 12 21
17: 4 13 20
18: 2 15 21
19: 3 14 20
20: 7 17 19 21
21: 6 16 18 20
22: 1 2 3 4 5 6 7

1: 8 9 22
2: 10 17 22
3: 11 16 22
4: 13 19 22
5: 12 18 22
6: 14 15 22
7: 20 21 22
8: 1 10 13
9: 1 11 12
10: 2 8 12
11: 3 9 13
12: 5 9 10
13: 4 8 11
14: 6 19 21
15: 6 18 20
16: 3 17 21
17: 2 16 20
18: 5 15 21
19: 4 14 20
20: 7 15 17 19
21: 7 14 16 18
22: 1 2 3 4 5 6 7

1: 8 9 22
2: 10 16 22
3: 11 17 22
4: 12 15 22
5: 13 14 22
6: 18 19 22
7: 20 21 22
8: 1 10 13
9: 1 11 12
10: 2 8 14
11: 3 9 15
12: 4 9 19
13: 5 8 18
14: 5 10 21
15: 4 11 20
16: 2 19 21
17: 3 18 20
18: 6 13 17 21
19: 6 12 16 20
20: 7 15 17 19
21: 7 14 16 18
22: 1 2 3 4 5 6 7

1: 12 20 22
2: 13 16 22
3: 14 21 22
4: 10 15 22
5: 11 17 22
6: 7 19 20
7: 6 12 18
8: 16 18 19
9: 17 18 21
10: 4 17 20
11: 5 20 21
12: 1 7 21
13: 2 14 19
14: 3 13 15
15: 4 14 16
16: 2 8 15
17: 5 9 10
18: 7 8 9 22
19: 6 8 13 21
20: 1 6 10 11
21: 3 9 11 12 19
22: 1 2 3 4 5 18

1: 19 21 22
2: 12 16 22
3: 13 15 22
4: 10 14 22
5: 11 20 22
6: 7 17 19
7: 6 18 21
8: 10 16 17
9: 13 17 18
10: 4 8 19
11: 5 15 21
12: 2 20 21
13: 3 9 21
14: 4 16 20
15: 3 11 18
16: 2 8 14
17: 6 8 9 22
18: 7 9 15 20
19: 1 6 10 20
20: 5 12 14 18 19
21: 1 7 11 12 13
22: 1 2 3 4 5 17

1: 19 20 22
2: 15 21 22
3: 13 17 22
4: 11 18 22
5: 12 14 22
6: 7 9 21
7: 6 10 17
8: 11 16 19
9: 6 15 16
10: 7 13 16
11: 4 8 20
12: 5 18 20
13: 3 10 21
14: 5 17 21
15: 2 9 19
16: 8 9 10 22
17: 3 7 14 20
18: 4 12 19 21
19: 1 8 15 18
20: 1 11 12 17
21: 2 6 13 14 18
22: 1 2 3 4 5 16

1: 19 20 22
2: 14 21 22
3: 13 18 22
4: 15 16 22
5: 12 17 22
6: 7 9 21
7: 6 11 18
8: 9 10 11
9: 6 8 14
10: 8 15 20
11: 7 8 13
12: 5 18 21
13: 3 11 21
14: 2 9 20
15: 4 10 19
16: 4 17 20
17: 5 16 19
18: 3 7 12 19
19: 1 15 17 18
20: 1 10 14 16
21: 2 6 12 13
22: 1 2 3 4 5

1: 12 20 22
2: 13 14 22
3: 15 16 22
4: 11 17 22
5: 10 21 22
6: 7 9 13
7: 6 14 18
8: 9 10 18
9: 6 8 21
10: 5 8 20
11: 4 20 21
12: 1 13 21
13: 2 6 12
14: 2 7 15
15: 3 14 19
16: 3 17 21
17: 4 16 19
18: 7 8 19 22
19: 15 17 18 20
20: 1 10 11 19
21: 5 9 11 12 16
22: 1 2 3 4 5 18

1: 12 20 22
2: 13 14 22
3: 15 16 22
4: 11 17 22
5: 10 21 22
6: 7 9 20
7: 6 12 18
8: 9 10 18
9: 6 8 21
10: 5 8 20
11: 4 20 21
12: 1 7 13
13: 2 12 19
14: 2 15 21
15: 3 14 19
16: 3 17 21
17: 4 16 19
18: 7 8 19 22
19: 13 15 17 18
20: 1 6 10 11
21: 5 9 11 14 16
22: 1 2 3 4 5 18

1: 12 18 22
2: 20 21 22
3: 15 19 22
4: 11 14 22
5: 10 13 22
6: 7 16 21
7: 6 8 20
8: 7 9 19
9: 8 15 16
10: 5 14 18
11: 4 18 19
12: 1 19 20
13: 5 17 21
14: 4 10 21
15: 3 9 20
16: 6 9 17 22
17: 13 16 18 20
18: 1 10 11 17
19: 3 8 11 12 21
20: 2 7 12 15 17
21: 2 6 13 14 19
22: 1 2 3 4 5 16

1: 16 21 22
2: 17 19 22
3: 12 20 22
4: 14 18 22
5: 11 13 22
6: 7 8 21
7: 6 15 16
8: 6 10 20
9: 14 15 17
10: 8 12 15
11: 5 20 21
12: 3 10 21
13: 5 18 19
14: 4 9 19
15: 7 9 10 22
16: 1 7 17 20
17: 2 9 16 18
18: 4 13 17 21
19: 2 13 14 20
20: 3 8 11 16 19
21: 1 6 11 12 18
22: 1 2 3 4 5 15

1: 18 19 22
2: 17 20 22
3: 11 21 22
4: 12 15 22
5: 13 14 22
6: 7 8 20
7: 6 16 17
8: 6 10 21
9: 13 16 18
10: 8 11 16
11: 3 10 20
12: 4 20 21
13: 5 9 19
14: 5 15 18
15: 4 14 19
16: 7 9 10 22
17: 2 7 18 21
18: 1 9 14 17
19: 1 13 15 21
20: 2 6 11 12
21: 3 8 12 17 19
22: 1 2 3 4 5 16

1: 18 19 22
2: 12 21 22
3: 13 20 22
4: 14 17 22
5: 15 16 22
6: 7 8 19
7: 6 9 18
8: 6 11 20
9: 7 10 11
10: 9 15 21
11: 8 9 13
12: 2 19 20
13: 3 11 19
14: 4 20 21
15: 5 10 18
16: 5 17 21
17: 4 16 18
18: 1 7 15 17
19: 1 6 12 13
20: 3 8 12 14
21: 2 10 14 16
22: 1 2 3 4 5

1: 15 21 22
2: 16 17 22
3: 13 20 22
4: 11 14 22
5: 12 19 22
6: 7 8 21
7: 6 9 16
8: 6 10 15
9: 7 10 17
10: 8 9 18
11: 4 20 21
12: 5 14 21
13: 3 16 19
14: 4 12 18
15: 1 8 20
16: 2 7 13
17: 2 9 19
18: 10 14 19 20
19: 5 13 17 18
20: 3 11 15 18
21: 1 6 11 12
22: 1 2 3 4 5

1: 13 21 22
2: 11 14 22
3: 12 17 22
4: 15 16 22
5: 14 20 21
6: 7 8 20
7: 6 9 10
8: 6 17 18
9: 7 17 19
10: 7 16 18
11: 2 15 21
12: 3 19 21
13: 1 14 15
14: 2 5 13
15: 4 11 13
16: 4 10 20
17: 3 8 9
18: 8 10 19 22
19: 9 12 18 20
20: 5 6 16 19
21: 1 5 11 12
22: 1 2 3 4 18

1: 11 21 22
2: 7 9 22
3: 10 14 22
4: 12 15 21
5: 7 13 21
6: 8 16 21
7: 2 5 15
8: 6 12 17
9: 2 10 17
10: 3 9 18
11: 1 12 16
12: 4 8 11
13: 5 20 22
14: 3 20 21
15: 4 7 20
16: 6 11 19
17: 8 9 19
18: 10 19 20
19: 16 17 18 22
20: 13 14 15 18
21: 1 4 5 6 14
22: 1 2 3 13 19

1: 7 10 20
2: 14 20 22
3: 11 20 21
4: 12 14 17
5: 13 17 18
6: 9 16 18
7: 1 11 19
8: 10 16 19
9: 6 17 21
10: 1 8 22
11: 3 7 22
12: 4 13 22
13: 5 12 21
14: 2 4 21
15: 16 21 22
16: 6 8 15 20
17: 4 5 9 20
18: 5 6 19 22
19: 7 8 18 21
20: 1 2 3 16 17
21: 3 9 13 14 15 19
22: 2 10 11 12 15 18

1: 7 12 22
2: 8 9 22
3: 13 17 22
4: 14 18 22
5: 10 15 22
6: 11 16 22
7: 1 8 19
8: 2 7 20
9: 2 12 19
10: 5 16 19
11: 6 15 19
12: 1 9 20
13: 3 18 21
14: 4 17 21
15: 5 11 21
16: 6 10 21
17: 3 14 20
18: 4 13 20
19: 7 9 10 11
20: 8 12 17 18
21: 13 14 15 16
22: 1 2 3 4 5 6

1: 14 21 22
2: 15 20 22
3: 11 19 22
4: 12 13 22
5: 6 16 20
6: 5 7 8
7: 6 9 17
8: 6 18 19
9: 7 16 19
10: 13 17 21
11: 3 18 21
12: 4 15 21
13: 4 10 14
14: 1 13 15
15: 2 12 14
16: 5 9 18 22
17: 7 10 18 20
18: 8 11 16 17
19: 3 8 9 20
20: 2 5 17 19
21: 1 10 11 12
22: 1 2 3 4 16

1: 16 21 22
2: 12 20 22
3: 14 15 22
4: 13 17 22
5: 6 18 20
6: 5 7 8
7: 6 9 11
8: 6 10 19
9: 7 19 20
10: 8 15 21
11: 7 13 18
12: 2 19 21
13: 4 11 20
14: 3 17 21
15: 3 10 16
16: 1 15 17
17: 4 14 16
18: 5 11 19 22
19: 8 9 12 18
20: 2 5 9 13
21: 1 10 12 14
22: 1 2 3 4 18

1: 12 19 20
2: 13 18 20
3: 20 21 22
4: 7 13 17
5: 6 12 16
6: 5 14 19
7: 4 15 18
8: 9 16 21
9: 8 17 22
10: 15 17 21
11: 14 16 22
12: 1 5 21
13: 2 4 22
14: 6 11 21
15: 7 10 22
16: 5 8 11 20
17: 4 9 10 20
18: 2 7 19 21
19: 1 6 18 22
20: 1 2 3 16 17
21: 3 8 10 12 14 18
22: 3 9 11 13 15 19

1: 20 21 22
2: 9 19 21
3: 8 19 22
4: 7 14 19
5: 6 13 19
6: 5 11 21
7: 4 12 22
8: 3 13 21
9: 2 14 22
10: 15 16 20
11: 6 18 20
12: 7 17 20
13: 5 8 18
14: 4 9 17
15: 10 18 21
16: 10 17 22
17: 12 14 16 21
18: 11 13 15 22
19: 2 3 4 5 20
20: 1 10 11 12 19
21: 1 2 6 8 15 17
22: 1 3 7 9 16 18

1: 20 21 22
2: 9 11 22
3: 8 10 22
4: 7 13 20
5: 6 12 21
6: 5 11 17
7: 4 10 16
8: 3 16 20
9: 2 17 21
10: 3 7 11
11: 2 6 10
12: 5 18 20
13: 4 19 21
14: 15 19 20
15: 14 18 21
16: 7 8 19
17: 6 9 18
18: 12 15 17 22
19: 13 14 16 22
20: 1 4 8 12 14
21: 1 5 9 13 15
22: 1 2 3 18 19

1: 10 21 22
2: 7 11 22
3: 8 9 22
4: 15 20 21
5: 6 9 17
6: 5 13 20
7: 2 14 21
8: 3 17 20
9: 3 5 16
10: 1 11 15
11: 2 10 12
12: 11 19 21
13: 6 18 21
14: 7 18 20
15: 4 10 19
16: 9 19 20
17: 5 8 18
18: 13 14 17 22
19: 12 15 16 22
20: 4 6 8 14 16
21: 1 4 7 12 13
22: 1 2 3 18 19

1: 11 21 22
2: 10 20 22
3: 8 9 22
4: 6 17 20
5: 7 16 21
6: 4 13 21
7: 5 12 13
8: 3 14 15
9: 3 20 21
10: 2 17 21
11: 1 16 20
12: 7 15 19
13: 6 7 18
14: 8 19 20
15: 8 12 18
16: 5 11 19
17: 4 10 18
18: 13 15 17 22
19: 12 14 16 22
20: 2 4 9 11 14
21: 1 5 6 9 10
22: 1 2 3 18 19

1: 12 15 22
2: 10 11 22
3: 9 16 21
4: 6 21 22
5: 6 8 13
6: 4 5 14
7: 14 19 21
8: 5 18 22
9: 3 20 22
10: 2 12 18
11: 2 20 21
12: 1 10 20
13: 5 17 21
14: 6 7 17
15: 1 18 19
16: 3 17 19
17: 13 14 16 22
18: 8 10 15 21
19: 7 15 16 20
20: 9 11 12 19
21: 3 4 7 11 13 18
22: 1 2 4 8 9 17

1: 15 21 22
2: 12 13 22
3: 6 11 22
4: 7 10 22
5: 12 16 21
6: 3 8 21
7: 4 11 21
8: 6 9 16
9: 8 14 17
10: 4 13 18
11: 3 7 18
12: 2 5 15
13: 2 10 17
14: 9 20 21
15: 1 12 20
16: 5 8 20
17: 9 13 19
18: 10 11 19
19: 17 18 20 22
20: 14 15 16 19
21: 1 5 6 7 14
22: 1 2 3 4 19

1: 11 13 20
2: 9 20 22
3: 6 20 21
4: 8 15 19
5: 6 10 19
6: 3 5 22
7: 13 19 22
8: 4 10 22
9: 2 14 21
10: 5 8 21
11: 1 21 22
12: 14 18 20
13: 1 7 18
14: 9 12 17
15: 4 17 21
16: 17 18 19
17: 14 15 16 22
18: 12 13 16 21
19: 4 5 7 16 20
20: 1 2 3 12 19
21: 3 9 10 11 15 18
22: 2 6 7 8 11 17

1: 10 18 20
2: 8 19 20
3: 6 20 21
4: 6 15 17
5: 7 9 19
6: 3 4 18
7: 5 8 16
8: 2 7 22
9: 5 14 22
10: 1 13 21
11: 17 19 22
12: 17 18 21
13: 10 16 22
14: 9 16 21
15: 4 21 22
16: 7 13 14 20
17: 4 11 12 20
18: 1 6 12 22
19: 2 5 11 21
20: 1 2 3 16 17
21: 3 10 12 14 15 19
22: 8 9 11 13 15 18

1: 9 21 22
2: 10 20 22
3: 8 11 22
4: 5 16 21
5: 4 14 20
6: 7 14 15
7: 6 11 17
8: 3 17 21
9: 1 16 20
10: 2 11 21
11: 3 7 10
12: 18 20 21
13: 15 19 20
14: 5 6 19
15: 6 13 18
16: 4 9 19
17: 7 8 18
18: 12 15 17 22
19: 13 14 16 22
20: 2 5 9 12 13
21: 1 4 8 10 12
22: 1 2 3 18 19

1: 7 10 22
2: 11 15 22
3: 8 16 21
4: 5 13 14
5: 4 12 16
6: 7 13 15
7: 1 6 11
8: 3 18 22
9: 19 21 22
10: 1 18 21
11: 2 7 18
12: 5 20 21
13: 4 6 20
14: 4 17 21
15: 2 6 19
16: 3 5 17
17: 14 16 20 22
18: 8 10 11 19
19: 9 15 18 20
20: 12 13 17 19
21: 3 9 10 12 14
22: 1 2 8 9 17

1: 16 21 22
2: 9 12 22
3: 6 11 22
4: 5 13 22
5: 4 18 21
6: 3 13 21
7: 8 14 18
8: 7 15 17
9: 2 10 16
10: 9 11 15
11: 3 10 12
12: 2 11 13
13: 4 6 12
14: 7 20 21
15: 8 10 20
16: 1 9 20
17: 8 19 21
18: 5 7 19
19: 17 18 20 22
20: 14 15 16 19
21: 1 5 6 14 17
22: 1 2 3 4 19

1: 7 10 18
2: 7 11 12
3: 6 14 15
4: 5 13 15
5: 4 8 14
6: 3 9 13
7: 1 2 17
8: 5 16 20
9: 6 11 21
10: 1 12 20
11: 2 9 20
12: 2 10 19
13: 4 6 22
14: 3 5 22
15: 3 4 21
16: 8 19 22
17: 7 19 20
18: 1 19 21
19: 12 16 17 18
20: 8 10 11 17
21: 9 15 18 22
22: 13 14 16 21

1: 12 21 22
2: 11 16 22
3: 5 9 22
4: 10 13 22
5: 3 18 21
6: 13 15 21
7: 8 14 18
8: 7 15 17
9: 3 10 16
10: 4 9 11
11: 2 10 12
12: 1 11 13
13: 4 6 12
14: 7 20 21
15: 6 8 20
16: 2 9 20
17: 8 19 21
18: 5 7 19
19: 17 18 20 22
20: 14 15 16 19
21: 1 5 6 14 17
22: 1 2 3 4 19

1: 10 21 22
2: 7 14 22
3: 5 12 22
4: 8 15 21
5: 3 6 14
6: 5 7 11
7: 2 6 10
8: 4 19 22
9: 13 17 21
10: 1 7 18
11: 6 13 18
12: 3 19 21
13: 9 11 20
14: 2 5 19
15: 4 17 20
16: 18 20 21
17: 9 15 18 22
18: 10 11 16 17
19: 8 12 14 20
20: 13 15 16 19
21: 1 4 9 12 16
22: 1 2 3 8 17

1: 6 13 20
2: 8 15 20
3: 5 12 20
4: 14 21 22
5: 3 11 22
6: 1 12 22
7: 9 15 21
8: 2 9 13
9: 7 8 14
10: 18 20 22
11: 5 19 21
12: 3 6 19
13: 1 8 19
14: 4 9 18
15: 2 7 18
16: 17 19 22
17: 16 18 21
18: 10 14 15 17
19: 11 12 13 16
20: 1 2 3 10 21
21: 4 7 11 17 20
22: 4 5 6 10 16

1: 6 8 9
2: 6 7 10
3: 5 11 14
4: 5 12 13
5: 3 4 18
6: 1 2 17
7: 2 14 19
8: 1 10 19
9: 1 12 22
10: 2 8 22
11: 3 13 21
12: 4 9 21
13: 4 11 20
14: 3 7 20
15: 16 19 20
16: 15 21 22
17: 6 19 22
18: 5 20 21
19: 7 8 15 17
20: 13 14 15 18
21: 11 12 16 18
22: 9 10 16 17

1: 11 13 22
2: 5 10 22
3: 8 16 21
4: 14 15 21
5: 2 11 12
6: 9 18 22
7: 17 21 22
8: 3 14 20
9: 6 20 21
10: 2 18 21
11: 1 5 18
12: 5 13 19
13: 1 12 17
14: 4 8 17
15: 4 18 20
16: 3 17 19
17: 7 13 14 16
18: 6 10 11 15
19: 12 16 20 22
20: 8 9 15 19
21: 3 4 7 9 10
22: 1 2 6 7 19

1: 8 21 22
2: 5 18 22
3: 7 10 22
4: 9 16 22
5: 2 11 21
6: 10 14 21
7: 3 9 21
8: 1 9 10
9: 4 7 8
10: 3 6 8
11: 5 17 20
12: 16 19 20
13: 15 18 20
14: 6 15 16
15: 13 14 19
16: 4 12 14
17: 11 18 19
18: 2 13 17
19: 12 15 17
20: 11 12 13 22
21: 1 5 6 7
22: 1 2 3 4 20

1: 7 8 22
2: 5 11 22
3: 14 21 22
4: 19 20 22
5: 2 7 15
6: 12 16 19
7: 1 5 21
8: 1 15 20
9: 10 12 20
10: 9 13 19
11: 2 19 21
12: 6 9 18
13: 10 18 21
14: 3 18 19
15: 5 8 17
16: 6 17 20
17: 15 16 18 22
18: 12 13 14 17
19: 4 6 10 11 14
20: 4 8 9 16 21
21: 3 7 11 13 20
22: 1 2 3 4 17

1: 9 21 22
2: 5 10 22
3: 6 12 21
4: 8 13 21
5: 2 14 16
6: 3 18 22
7: 11 20 21
8: 4 15 20
9: 1 13 20
10: 2 18 21
11: 7 12 18
12: 3 11 19
13: 4 9 17
14: 5 15 19
15: 8 14 17
16: 5 17 18
17: 13 15 16 22
18: 6 10 11 16
19: 12 14 20 22
20: 7 8 9 19
21: 1 3 4 7 10
22: 1 2 6 17 19

1: 6 12 20
2: 5 11 20
3: 12 13 22
4: 10 21 22
5: 2 9 22
6: 1 11 22
7: 8 15 21
8: 7 16 19
9: 5 19 21
10: 4 15 19
11: 2 6 21
12: 1 3 21
13: 3 18 20
14: 18 19 22
15: 7 10 17
16: 8 17 18
17: 15 16 20 22
18: 13 14 16 21
19: 8 9 10 14 20
20: 1 2 13 17 19
21: 4 7 9 11 12 18
22: 3 4 5 6 14 17

1: 6 11 21
2: 5 11 22
3: 7 13 21
4: 8 12 22
5: 2 8 18
6: 1 7 17
7: 3 6 16
8: 4 5 15
9: 16 17 21
10: 15 18 22
11: 1 2 19
12: 4 20 21
13: 3 20 22
14: 19 21 22
15: 8 10 20
16: 7 9 20
17: 6 9 19
18: 5 10 19
19: 11 14 17 18
20: 12 13 15 16
21: 1 3 9 12 14
22: 2 4 10 13 14

1: 6 10 11
2: 5 12 13
3: 5 9 14
4: 6 8 16
5: 2 3 18
6: 1 4 17
7: 8 9 19
8: 4 7 22
9: 3 7 21
10: 1 15 19
11: 1 12 22
12: 2 11 20
13: 2 14 21
14: 3 13 20
15: 10 21 22
16: 4 19 20
17: 6 19 22
18: 5 20 21
19: 7 10 16 17
20: 12 14 16 18
21: 9 13 15 18
22: 8 11 15 17

1: 7 21 22
2: 12 15 22
3: 4 10 22
4: 3 17 21
5: 9 16 21
6: 8 14 21
7: 1 8 16
8: 6 7 9
9: 5 8 17
10: 3 11 15
11: 10 12 13
12: 2 11 14
13: 11 20 22
14: 6 12 20
15: 2 10 20
16: 5 7 19
17: 4 9 19
18: 19 20 21
19: 16 17 18 22
20: 13 14 15 18
21: 1 4 5 6 18
22: 1 2 3 13 19

1: 7 18 22
2: 17 21 22
3: 4 18 21
4: 3 5 16
5: 4 6 15
6: 5 11 21
7: 1 13 21
8: 13 14 22
9: 10 15 16
10: 9 12 17
11: 6 20 22
12: 10 19 22
13: 7 8 19
14: 8 20 21
15: 5 9 20
16: 4 9 19
17: 2 10 20
18: 1 3 19
19: 12 13 16 18
20: 11 14 15 17
21: 2 3 6 7 14
22: 1 2 8 11 12

1: 16 21 22
2: 5 13 22
3: 4 11 22
4: 3 14 21
5: 2 11 21
6: 8 17 21
7: 14 15 22
8: 6 16 18
9: 10 12 13
10: 9 17 18
11: 3 5 20
12: 9 19 22
13: 2 9 20
14: 4 7 20
15: 7 19 21
16: 1 8 19
17: 6 10 19
18: 8 10 20
19: 12 15 16 17
20: 11 13 14 18
21: 1 4 5 6 15
22: 1 2 3 7 12

1: 16 21 22
2: 5 9 14
3: 4 8 15
4: 3 11 13
5: 2 10 12
6: 7 12 22
7: 6 13 21
8: 3 9 18
9: 2 8 17
10: 5 17 22
11: 4 18 21
12: 5 6 19
13: 4 7 20
14: 2 19 22
15: 3 20 21
16: 1 17 18
17: 9 10 16 19
18: 8 11 16 20
19: 12 14 17 21
20: 13 15 18 22
21: 1 7 11 15 19
22: 1 6 10 14 20

1: 5 7 17
2: 6 8 18
3: 4 11 16
4: 3 12 15
5: 1 6 10
6: 2 5 9
7: 1 9 13
8: 2 10 14
9: 6 7 20
10: 5 8 20
11: 3 14 22
12: 4 13 21
13: 7 12 19
14: 8 11 19
15: 4 19 22
16: 3 19 21
17: 1 20 22
18: 2 20 21
19: 13 14 15 16
20: 9 10 17 18
21: 12 16 18 22
22: 11 15 17 21

1: 7 20 22
2: 4 21 22
3: 5 8 22
4: 2 14 20
5: 3 13 21
6: 8 11 13
7: 1 8 21
8: 3 6 7
9: 10 18 20
10: 9 11 16
11: 6 10 19
12: 17 20 21
13: 5 6 17
14: 4 16 18
15: 16 19 20
16: 10 14 15 22
17: 12 13 19 22
18: 9 14 19 21
19: 11 15 17 18
20: 1 4 9 12 15
21: 2 5 7 12 18
22: 1 2 3 16 17

1: 11 21 22
2: 4 10 22
3: 4 8 12
4: 2 3 11
5: 9 14 21
6: 7 13 21
7: 6 18 22
8: 3 14 20
9: 5 13 20
10: 2 12 18
11: 1 4 18
12: 3 10 19
13: 6 9 17
14: 5 8 17
15: 17 20 21
16: 18 19 21
17: 13 14 15 22
18: 7 10 11 16
19: 12 16 20 22
20: 8 9 15 19
21: 1 5 6 15 16
22: 1 2 7 17 19

1: 10 21 22
2: 4 8 22
3: 4 9 21
4: 2 3 7
5: 7 17 21
6: 12 16 22
7: 4 5 13
8: 2 13 21
9: 3 15 22
10: 1 11 16
11: 10 14 18
12: 6 15 17
13: 7 8 19
14: 11 20 22
15: 9 12 20
16: 6 10 20
17: 5 12 19
18: 11 19 21
19: 13 17 18 22
20: 14 15 16 21
21: 1 3 5 8 18 20
22: 1 2 6 9 14 19

1: 9 10 16
2: 4 11 13
3: 4 12 14
4: 2 3 15
5: 6 13 17
6: 5 14 18
7: 8 9 18
8: 7 10 17
9: 1 7 22
10: 1 8 21
11: 2 12 20
12: 3 11 19
13: 2 5 19
14: 3 6 20
15: 4 19 20
16: 1 17 18
17: 5 8 16 22
18: 6 7 16 21
19: 12 13 15 22
20: 11 14 15 21
21: 10 18 20 22
22: 9 17 19 21

1: 9 10 16
2: 4 7 14
3: 4 8 15
4: 2 3 13
5: 6 9 20
6: 5 10 19
7: 2 8 18
8: 3 7 17
9: 1 5 22
10: 1 6 21
11: 12 17 20
12: 11 18 19
13: 4 17 18
14: 2 17 21
15: 3 18 22
16: 1 19 20
17: 8 11 13 14
18: 7 12 13 15
19: 6 12 16 22
20: 5 11 16 21
21: 10 14 20 22
22: 9 15 19 21

1: 4 15 20
2: 13 20 22
3: 9 20 21
4: 1 14 19
5: 17 18 19
6: 10 13 16
7: 11 16 18
8: 9 12 17
9: 3 8 22
10: 6 11 22
11: 7 10 21
12: 8 18 21
13: 2 6 21
14: 4 17 22
15: 1 21 22
16: 6 7 19 20
17: 5 8 14 20
18: 5 7 12 22
19: 4 5 16 21
20: 1 2 3 16 17
21: 3 11 12 13 15 19
22: 2 9 10 14 15 18

1: 4 16 22
2: 10 13 22
3: 5 21 22
4: 1 10 21
5: 3 9 14
6: 11 15 21
7: 12 14 21
8: 9 17 22
9: 5 8 18
10: 2 4 17
11: 6 20 22
12: 7 15 20
13: 2 20 21
14: 5 7 19
15: 6 12 19
16: 1 17 18
17: 8 10 16 20
18: 9 16 19 21
19: 14 15 18 22
20: 11 12 13 17
21: 3 4 6 7 13 18
22: 1 2 3 8 11 19

1: 4 14 22
2: 5 7 22
3: 8 16 21
4: 1 5 21
5: 2 4 8
6: 11 21 22
7: 2 9 21
8: 3 5 9
9: 7 8 17
10: 12 19 22
11: 6 12 20
12: 10 11 18
13: 18 20 22
14: 1 18 19
15: 17 20 21
16: 3 17 19
17: 9 15 16 22
18: 12 13 14 21
19: 10 14 16 20
20: 11 13 15 19
21: 3 4 6 7 15 18
22: 1 2 6 10 13 17

1: 4 8 22
2: 5 21 22
3: 4 7 21
4: 1 3 5
5: 2 4 9
6: 7 10 16
7: 3 6 15
8: 1 9 17
9: 5 8 13
10: 6 14 21
11: 17 18 22
12: 15 16 21
13: 9 20 22
14: 10 19 22
15: 7 12 20
16: 6 12 19
17: 8 11 20
18: 11 19 21
19: 14 16 18 20
20: 13 15 17 19
21: 2 3 10 12 18
22: 1 2 11 13 14

1: 8 10 22
2: 3 11 22
3: 2 12 21
4: 7 11 21
5: 6 21 22
6: 5 9 20
7: 4 20 22
8: 1 20 21
9: 6 13 18
10: 1 15 19
11: 2 4 17
12: 3 14 17
13: 9 17 21
14: 12 19 22
15: 10 18 20
16: 17 18 19
17: 11 12 13 16
18: 9 15 16 22
19: 10 14 16 21
20: 6 7 8 15
21: 3 4 5 8 13 19
22: 1 2 5 7 14 18

1: 12 13 15
2: 3 11 18
3: 2 14 15
4: 6 10 22
5: 7 8 22
6: 4 17 19
7: 5 10 19
8: 5 9 20
9: 8 11 19
10: 4 7 20
11: 2 9 22
12: 1 14 20
13: 1 16 21
14: 3 12 21
15: 1 3 22
16: 13 19 20
17: 6 20 21
18: 2 19 21
19: 6 7 9 16 18
20: 8 10 12 16 17
21: 13 14 17 18 22
22: 4 5 11 15 21

1: 14 21 22
2: 3 6 21
3: 2 7 22
4: 7 9 21
5: 6 8 22
6: 2 5 13
7: 3 4 12
8: 5 17 21
9: 4 18 22
10: 13 15 21
11: 12 16 22
12: 7 11 18
13: 6 10 17
14: 1 15 16
15: 10 14 20
16: 11 14 19
17: 8 13 20
18: 9 12 19
19: 16 18 20 21
20: 15 17 19 22
21: 1 2 4 8 10 19
22: 1 3 5 9 11 20

1: 11 21 22
2: 3 15 22
3: 2 16 21
4: 5 13 14
5: 4 12 16
6: 7 8 15
7: 6 9 11
8: 6 18 22
9: 7 19 22
10: 13 18 21
11: 1 7 18
12: 5 20 21
13: 4 10 20
14: 4 17 21
15: 2 6 19
16: 3 5 17
17: 14 16 20 22
18: 8 10 11 19
19: 9 15 18 20
20: 12 13 17 19
21: 1 3 10 12 14
22: 1 2 8 9 17

1: 5 8 14
2: 3 4 15
3: 2 9 11
4: 2 10 13
5: 1 6 22
6: 5 7 20
7: 6 8 19
8: 1 7 21
9: 3 10 17
10: 4 9 18
11: 3 12 18
12: 11 19 21
13: 4 17 21
14: 1 19 20
15: 2 17 18
16: 17 20 22
17: 9 13 15 16
18: 10 11 15 22
19: 7 12 14 22
20: 6 14 16 21
21: 8 12 13 20
22: 5 16 18 19

1: 4 9 16
2: 3 12 14
3: 2 11 13
4: 1 10 15
5: 13 17 21
6: 16 20 22
7: 15 19 22
8: 14 18 21
9: 1 18 22
10: 4 17 22
11: 3 20 21
12: 2 19 21
13: 3 5 19
14: 2 8 20
15: 4 7 18
16: 1 6 17
17: 5 10 16 18
18: 8 9 15 17
19: 7 12 13 20
20: 6 11 14 19
21: 5 8 11 12 22
22: 6 7 9 10 21

1: 4 10 18
2: 3 12 14
3: 2 11 13
4: 1 13 14
5: 7 8 20
6: 7 12 21
7: 5 6 19
8: 5 9 21
9: 8 15 19
10: 1 17 22
11: 3 16 20
12: 2 6 20
13: 3 4 22
14: 2 4 21
15: 9 20 22
16: 11 19 22
17: 10 19 20
18: 1 19 21
19: 7 9 16 17 18
20: 5 11 12 15 17
21: 6 8 14 18 22
22: 10 13 15 16 21

1: 4 10 13
2: 3 11 12
3: 2 5 15
4: 1 6 14
5: 3 9 22
6: 4 8 22
7: 10 11 21
8: 6 13 19
9: 5 12 20
10: 1 7 19
11: 2 7 20
12: 2 9 21
13: 1 8 21
14: 4 17 19
15: 3 16 20
16: 15 19 22
17: 14 20 22
18: 19 20 21
19: 8 10 14 16 18
20: 9 11 15 17 18
21: 7 12 13 18 22
22: 5 6 16 17 21

1: 4 21 22
2: 3 6 21
3: 2 5 22
4: 1 5 6
5: 3 4 7
6: 2 4 8
7: 5 11 21
8: 6 12 22
9: 10 15 21
10: 9 16 22
11: 7 12 18
12: 8 11 17
13: 14 15 16
14: 13 17 18
15: 9 13 20
16: 10 13 19
17: 12 14 20
18: 11 14 19
19: 16 18 20 21
20: 15 17 19 22
21: 1 2 7 9 19
22: 1 3 8 10 20

1: 4 5 15
2: 3 8 13
3: 2 7 14
4: 1 6 16
5: 1 9 17
6: 4 12 20
7: 3 11 19
8: 2 10 18
9: 5 16 19
10: 8 14 17
11: 7 13 20
12: 6 15 18
13: 2 11 22
14: 3 10 22
15: 1 12 21
16: 4 9 21
17: 5 10 21
18: 8 12 22
19: 7 9 22
20: 6 11 21
21: 15 16 17 20
22: 13 14 18 19

1: 4 5 15
2: 3 8 13
3: 2 7 14
4: 1 6 16
5: 1 9 17
6: 4 12 20
7: 3 11 19
8: 2 10 18
9: 5 16 19
10: 8 14 17
11: 7 13 20
12: 6 15 18
13: 2 11 22
14: 3 10 22
15: 1 12 21
16: 4 9 21
17: 5 10 21
18: 8 12 22
19: 7 9 22
20: 6 11 21
21: 15 16 17 20 22
22: 13 14 18 19 21

1: 4 12 22
2: 3 8 21
3: 2 4 9
4: 1 3 10
5: 14 21 22
6: 7 16 22
7: 6 17 21
8: 2 10 17
9: 3 18 22
10: 4 8 13
11: 15 16 21
12: 1 13 14
13: 10 12 20
14: 5 12 19
15: 11 19 22
16: 6 11 20
17: 7 8 20
18: 9 19 21
19: 14 15 18 20
20: 13 16 17 19
21: 2 5 7 11 18
22: 1 5 6 9 15

1: 3 5 22
2: 5 6 9
3: 1 6 21
4: 5 7 21
5: 1 2 4
6: 2 3 10
7: 4 18 22
8: 16 21 22
9: 2 15 21
10: 6 15 17
11: 12 13 18
12: 11 14 16
13: 11 20 22
14: 12 19 22
15: 9 10 19
16: 8 12 20
17: 10 20 21
18: 7 11 19
19: 14 15 18 20
20: 13 16 17 19
21: 3 4 8 9 17
22: 1 7 8 13 14

1: 3 5 22
2: 4 16 21
3: 1 4 7
4: 2 3 12
5: 1 12 21
6: 13 15 22
7: 3 9 21
8: 10 14 22
9: 7 20 22
10: 8 20 21
11: 17 21 22
12: 4 5 18
13: 6 14 20
14: 8 13 19
15: 6 17 19
16: 2 17 18
17: 11 15 16 20
18: 12 16 19 22
19: 14 15 18 21
20: 9 10 13 17
21: 2 5 7 10 11 19
22: 1 6 8 9 11 18

1: 3 5 21
2: 4 6 21
3: 1 4 10
4: 2 3 9
5: 1 7 9
6: 2 8 10
7: 5 15 22
8: 6 16 22
9: 4 5 18
10: 3 6 17
11: 12 13 16
12: 11 14 15
13: 11 20 22
14: 12 19 22
15: 7 12 20
16: 8 11 19
17: 10 20 21
18: 9 19 21
19: 14 16 18 20
20: 13 15 17 19
21: 1 2 17 18 22
22: 7 8 13 14 21

1: 2 17 20
2: 1 13 14
3: 6 21 22
4: 5 8 21
5: 4 7 22
6: 3 7 8
7: 5 6 9
8: 4 6 10
9: 7 11 21
10: 8 12 22
11: 9 14 20
12: 10 13 20
13: 2 12 19
14: 2 11 18
15: 19 20 21
16: 18 20 22
17: 1 18 19
18: 14 16 17 21
19: 13 15 17 22
20: 1 11 12 15 16
21: 3 4 9 15 18
22: 3 5 10 16 19

1: 2 15 21
2: 1 11 22
3: 5 10 22
4: 12 21 22
5: 3 11 21
6: 9 13 22
7: 8 10 21
8: 7 18 22
9: 6 16 18
10: 3 7 20
11: 2 5 20
12: 4 13 18
13: 6 12 19
14: 17 18 21
15: 1 17 20
16: 9 17 19
17: 14 15 16 22
18: 8 9 12 14
19: 13 16 20 21
20: 10 11 15 19
21: 1 4 5 7 14 19
22: 2 3 4 6 8 17

1: 2 5 14
2: 1 6 13
3: 4 7 16
4: 3 8 15
5: 1 9 19
6: 2 12 20
7: 3 10 22
8: 4 11 21
9: 5 17 21
10: 7 18 19
11: 8 18 20
12: 6 17 22
13: 2 17 19
14: 1 17 20
15: 4 18 22
16: 3 18 21
17: 9 12 13 14
18: 10 11 15 16
19: 5 10 13 20
20: 6 11 14 19
21: 8 9 16 22
22: 7 12 15 21

1: 2 4 13
2: 1 9 22
3: 4 11 22
4: 1 3 21
5: 8 12 21
6: 7 21 22
7: 6 10 20
8: 5 20 22
9: 2 20 21
10: 7 14 17
11: 3 13 18
12: 5 15 19
13: 1 11 17
14: 10 19 21
15: 12 18 22
16: 17 18 19
17: 10 13 16 22
18: 11 15 16 21
19: 12 14 16 20
20: 7 8 9 19
21: 4 5 6 9 14 18
22: 2 3 6 8 15 17

1: 2 21 22
2: 1 3 11
3: 2 4 8
4: 3 7 10
5: 6 15 22
6: 5 18 21
7: 4 11 15
8: 3 17 21
9: 10 13 21
10: 4 9 17
11: 2 7 14
12: 16 18 22
13: 9 20 22
14: 11 19 22
15: 5 7 19
16: 12 20 21
17: 8 10 20
18: 6 12 19
19: 14 15 18 20
20: 13 16 17 19
21: 1 6 8 9 16
22: 1 5 12 13 14

1: 2 4 16
2: 1 3 14
3: 2 12 22
4: 1 13 22
5: 6 9 22
6: 5 15 21
7: 9 11 21
8: 10 21 22
9: 5 7 20
10: 8 13 19
11: 7 19 22
12: 3 19 21
13: 4 10 18
14: 2 17 21
15: 6 17 20
16: 1 17 18
17: 14 15 16 22
18: 13 16 20 21
19: 10 11 12 20
20: 9 15 18 19
21: 6 7 8 12 14 18
22: 3 4 5 8 11 17

1: 2 4 22
2: 1 3 21
3: 2 5 10
4: 1 5 9
5: 3 4 7
6: 15 21 22
7: 5 12 16
8: 10 17 21
9: 4 14 21
10: 3 8 16
11: 17 18 22
12: 7 13 15
13: 12 20 22
14: 9 19 22
15: 6 12 19
16: 7 10 20
17: 8 11 20
18: 11 19 21
19: 14 15 18 20
20: 13 16 17 19
21: 2 6 8 9 18
22: 1 6 11 13 14

1: 2 3 20
2: 1 18 21
3: 1 17 22
4: 9 10 20
5: 12 13 20
6: 11 14 20
7: 15 18 20
8: 16 17 20
9: 4 12 21
10: 4 11 22
11: 6 10 21
12: 5 9 22
13: 5 16 21
14: 6 15 22
15: 7 14 21
16: 8 13 22
17: 3 8 21
18: 2 7 22
19: 20 21 22
20: 1 4 5 6 7 8 19
21: 2 9 11 13 15 17 19
22: 3 10 12 14 16 18 19

1: 2 3 18
2: 1 16 22
3: 1 13 17
4: 10 21 22
5: 9 12 22
6: 8 11 22
7: 11 13 21
8: 6 12 21
9: 5 15 21
10: 4 11 16
11: 6 7 10
12: 5 8 14
13: 3 7 22
14: 12 15 20
15: 9 14 19
16: 2 10 20
17: 3 19 21
18: 1 19 20
19: 15 17 18 22
20: 14 16 18 21
21: 4 7 8 9 17 20
22: 2 4 5 6 13 19

1: 2 3 18
2: 1 13 16
3: 1 14 15
4: 8 9 12
5: 7 9 11
6: 7 10 13
7: 5 6 12
8: 4 11 17
9: 4 5 22
10: 6 15 21
11: 5 8 21
12: 4 7 21
13: 2 6 19
14: 3 16 19
15: 3 10 20
16: 2 14 20
17: 8 19 22
18: 1 19 20
19: 13 14 17 18
20: 15 16 18 22
21: 10 11 12 22
22: 9 17 20 21

1: 2 3 20
2: 1 10 19
3: 1 11 18
4: 7 13 14
5: 6 12 15
6: 5 9 19
7: 4 8 18
8: 7 11 16
9: 6 10 17
10: 2 9 11
11: 3 8 10
12: 5 17 21
13: 4 16 22
14: 4 15 21
15: 5 14 22
16: 8 13 21
17: 9 12 22
18: 3 7 21
19: 2 6 22
20: 1 21 22
21: 12 14 16 18 20
22: 13 15 17 19 20

1: 2 3 20
2: 1 11 19
3: 1 17 18
4: 6 10 11
5: 8 9 11
6: 4 7 19
7: 6 13 16
8: 5 10 14
9: 5 12 15
10: 4 8 13
11: 2 4 5
12: 9 18 22
13: 7 10 22
14: 8 15 22
15: 9 14 21
16: 7 17 21
17: 3 16 22
18: 3 12 21
19: 2 6 21
20: 1 21 22
21: 15 16 18 19 20
22: 12 13 14 17 20

1: 2 3 20
2: 1 11 18
3: 1 17 19
4: 5 11 12
5: 4 6 18
6: 5 7 14
7: 6 8 19
8: 7 9 15
9: 8 10 14
10: 9 13 16
11: 2 4 17
12: 4 16 22
13: 10 15 22
14: 6 9 21
15: 8 13 21
16: 10 12 21
17: 3 11 22
18: 2 5 22
19: 3 7 21
20: 1 21 22
21: 14 15 16 19 20
22: 12 13 17 18 20

1: 2 3 20
2: 1 16 18
3: 1 17 19
4: 5 6 11
5: 4 8 10
6: 4 7 9
7: 6 8 18
8: 5 7 19
9: 6 10 13
10: 5 9 12
11: 4 12 13
12: 10 11 15
13: 9 11 14
14: 13 15 22
15: 12 14 21
16: 2 17 22
17: 3 16 21
18: 2 7 21
19: 3 8 22
20: 1 21 22
21: 15 17 18 20
22: 14 16 19 20

1: 2 3 22
2: 1 5 11
3: 1 4 21
4: 3 5 6
5: 2 4 7
6: 4 18 22
7: 5 17 22
8: 10 11 13
9: 10 16 21
10: 8 9 14
11: 2 8 17
12: 13 14 21
13: 8 12 20
14: 10 12 19
15: 20 21 22
16: 9 19 22
17: 7 11 20
18: 6 19 21
19: 14 16 18 20
20: 13 15 17 19
21: 3 9 12 15 18
22: 1 6 7 15 16

1: 2 3 4
2: 1 21 26
3: 1 22 25
4: 1 23 24
5: 9 11 12
6: 10 11 12
7: 8 9 14
8: 7 10 13
9: 5 7 15
10: 6 8 16
11: 5 6 14
12: 5 6 13
13: 8 12 18
14: 7 11 17
15: 9 18 20
16: 10 17 19
17: 14 16 21
18: 13 15 22
19: 16 22 24
20: 15 21 23
21: 2 17 20
22: 3 18 19
23: 4 20 26
24: 4 19 25
25: 3 24 26
26: 2 23 25

1: 2 3 4
2: 1 25 26
3: 1 24 26
4: 1 23 25
5: 8 9 12
6: 7 9 11
7: 6 8 10
8: 5 7 15
9: 5 6 16
10: 7 11 14
11: 6 10 13
12: 5 13 14
13: 11 12 20
14: 10 12 19
15: 8 17 19
16: 9 18 20
17: 15 22 25
18: 16 21 26
19: 14 15 24
20: 13 16 23
21: 18 22 24
22: 17 21 23
23: 4 20 22
24: 3 19 21
25: 2 4 17
26: 2 3 18

1: 2 3 4
2: 1 24 26
3: 1 23 25
4: 1 21 22
5: 7 11 17
6: 8 12 18
7: 5 9 10
8: 6 9 10
9: 7 8 14
10: 7 8 13
11: 5 12 14
12: 6 11 13
13: 10 12 24
14: 9 11 23
15: 16 20 26
16: 15 19 25
17: 5 22 24
18: 6 21 23
19: 16 22 26
20: 15 21 25
21: 4 18 20
22: 4 17 19
23: 3 14 18
24: 2 13 17
25: 3 16 20
26: 2 15 19

1: 2 3 4
2: 1 25 26
3: 1 22 26
4: 1 23 24
5: 6 7 26
6: 5 19 21
7: 5 18 20
8: 10 22 24
9: 13 22 23
10: 8 11 13
11: 10 12 24
12: 11 14 23
13: 9 10 15
14: 12 15 16
15: 13 14 21
16: 14 17 19
17: 16 18 20
18: 7 17 25
19: 6 16 25
20: 7 17 21
21: 6 15 20
22: 3 8 9
23: 4 9 12
24: 4 8 11
25: 2 18 19
26: 2 3 5

1: 2 3 4
2: 1 24 28
3: 1 23 27
4: 1 25 26
5: 17 19 21
6: 18 20 22
7: 9 14 20
8: 10 13 19
9: 7 16 22
10: 8 15 21
11: 12 16 28
12: 11 15 27
13: 8 17 24
14: 7 18 23
15: 10 12 26
16: 9 11 25
17: 5 13 28
18: 6 14 27
19: 5 8 26
20: 6 7 25
21: 5 10 24
22: 6 9 23
23: 3 14 22
24: 2 13 21
25: 4 16 20
26: 4 15 19
27: 3 12 18
28: 2 11 17

1: 2 3 4
2: 1 24 27
3: 1 23 28
4: 1 25 26
5: 10 13 14
6: 11 12 14
7: 9 16 17
8: 9 15 22
9: 7 8 18
10: 5 12 20
11: 6 13 21
12: 6 10 19
13: 5 11 19
14: 5 6 17
15: 8 18 20
16: 7 21 22
17: 7 14 23
18: 9 15 24
19: 12 13 24
20: 10 15 26
21: 11 16 25
22: 8 16 23
23: 3 17 22
24: 2 18 19
25: 4 21 28
26: 4 20 27
27: 2 26 28
28: 3 25 27

1: 2 3 4
2: 1 23 26
3: 1 25 28
4: 1 24 27
5: 14 15 20
6: 15 19 20
7: 8 9 15
8: 7 17 18
9: 7 12 13
10: 11 14 16
11: 10 12 13
12: 9 11 16
13: 9 11 18
14: 5 10 17
15: 5 6 7
16: 10 12 26
17: 8 14 26
18: 8 13 23
19: 6 21 24
20: 5 6 27
21: 19 25 28
22: 23 24 25
23: 2 18 22
24: 4 19 22
25: 3 21 22
26: 2 16 17
27: 4 20 28
28: 3 21 27

1: 2 3 4
2: 1 24 28
3: 1 23 25
4: 1 26 27
5: 9 11 22
6: 8 10 20
7: 10 12 16
8: 6 9 19
9: 5 8 16
10: 6 7 15
11: 5 18 21
12: 7 14 17
13: 14 15 17
14: 12 13 28
15: 10 13 28
16: 7 9 24
17: 12 13 25
18: 11 19 27
19: 8 18 26
20: 6 24 25
21: 11 23 27
22: 5 23 26
23: 3 21 22
24: 2 16 20
25: 3 17 20
26: 4 19 22
27: 4 18 21
28: 2 14 15

1: 2 3 4
2: 1 23 26
3: 1 25 28
4: 1 24 27
5: 9 10 17
6: 8 10 17
7: 8 13 19
8: 6 7 11
9: 5 12 18
10: 5 6 11
11: 8 10 15
12: 9 14 19
13: 7 15 18
14: 12 20 24
15: 11 13 25
16: 20 21 27
17: 5 6 28
18: 9 13 28
19: 7 12 27
20: 14 16 26
21: 16 23 26
22: 23 24 25
23: 2 21 22
24: 4 14 22
25: 3 15 22
26: 2 20 21
27: 4 16 19
28: 3 17 18

1: 2 3 4
2: 1 27 28
3: 1 26 28
4: 1 25 27
5: 10 11 14
6: 7 9 13
7: 6 8 12
8: 7 9 11
9: 6 8 10
10: 5 9 19
11: 5 8 20
12: 7 13 16
13: 6 12 15
14: 5 15 16
15: 13 14 22
16: 12 14 21
17: 19 23 27
18: 20 24 28
19: 10 17 21
20: 11 18 22
21: 16 19 26
22: 15 20 25
23: 17 24 25
24: 18 23 26
25: 4 22 23
26: 3 21 24
27: 2 4 17
28: 2 3 18

1: 2 3 4
2: 1 25 26
3: 1 27 28
4: 1 23 24
5: 8 11 22
6: 7 12 21
7: 6 8 13
8: 5 7 14
9: 10 15 20
10: 9 12 16
11: 5 17 19
12: 6 10 15
13: 7 14 16
14: 8 13 18
15: 9 12 25
16: 10 13 26
17: 11 18 28
18: 14 17 27
19: 11 24 28
20: 9 23 25
21: 6 23 26
22: 5 24 27
23: 4 20 21
24: 4 19 22
25: 2 15 20
26: 2 16 21
27: 3 18 22
28: 3 17 19

1: 2 3 4
2: 1 26 28
3: 1 25 27
4: 1 23 24
5: 7 13 14
6: 8 13 14
7: 5 11 21
8: 6 12 22
9: 10 18 20
10: 9 17 19
11: 7 12 16
12: 8 11 15
13: 5 6 16
14: 5 6 15
15: 12 14 26
16: 11 13 25
17: 10 18 28
18: 9 17 27
19: 10 24 28
20: 9 23 27
21: 7 24 26
22: 8 23 25
23: 4 20 22
24: 4 19 21
25: 3 16 22
26: 2 15 21
27: 3 18 20
28: 2 17 19

1: 2 3 4
2: 1 23 24
3: 1 26 28
4: 1 25 27
5: 7 11 21
6: 8 12 22
7: 5 9 10
8: 6 9 10
9: 7 8 16
10: 7 8 15
11: 5 12 16
12: 6 11 15
13: 14 18 20
14: 13 17 19
15: 10 12 26
16: 9 11 25
17: 14 20 24
18: 13 19 23
19: 14 18 28
20: 13 17 27
21: 5 24 26
22: 6 23 25
23: 2 18 22
24: 2 17 21
25: 4 16 22
26: 3 15 21
27: 4 20 28
28: 3 19 27

1: 2 3 4
2: 1 23 28
3: 1 26 27
4: 1 24 25
5: 6 8 22
6: 5 11 12
7: 10 11 12
8: 5 9 15
9: 8 10 18
10: 7 9 16
11: 6 7 18
12: 6 7 15
13: 17 19 21
14: 16 17 20
15: 8 12 26
16: 10 14 26
17: 13 14 25
18: 9 11 24
19: 13 20 28
20: 14 19 23
21: 13 23 27
22: 5 24 25
23: 2 20 21
24: 4 18 22
25: 4 17 22
26: 3 15 16
27: 3 21 28
28: 2 19 27

1: 2 3 4
2: 1 27 28
3: 1 24 28
4: 1 25 26
5: 6 7 28
6: 5 21 23
7: 5 20 22
8: 12 24 26
9: 11 24 25
10: 11 15 16
11: 9 10 12
12: 8 11 13
13: 12 14 26
14: 13 15 25
15: 10 14 17
16: 10 17 18
17: 15 16 23
18: 16 19 21
19: 18 20 22
20: 7 19 27
21: 6 18 27
22: 7 19 23
23: 6 17 22
24: 3 8 9
25: 4 9 14
26: 4 8 13
27: 2 20 21
28: 2 3 5

1: 2 3 4
2: 1 26 28
3: 1 25 27
4: 1 23 24
5: 6 7 22
6: 5 14 21
7: 5 15 20
8: 10 16 18
9: 11 17 19
10: 8 13 20
11: 9 12 21
12: 11 14 16
13: 10 15 17
14: 6 12 19
15: 7 13 18
16: 8 12 28
17: 9 13 27
18: 8 15 24
19: 9 14 23
20: 7 10 24
21: 6 11 23
22: 5 25 26
23: 4 19 21
24: 4 18 20
25: 3 22 28
26: 2 22 27
27: 3 17 26
28: 2 16 25

1: 2 3 4
2: 1 25 28
3: 1 27 28
4: 1 24 26
5: 6 7 28
6: 5 26 27
7: 5 22 23
8: 9 24 27
9: 8 10 11
10: 9 20 21
11: 9 17 18
12: 14 15 19
13: 15 16 19
14: 12 20 24
15: 12 13 18
16: 13 17 18
17: 11 16 21
18: 11 15 16
19: 12 13 23
20: 10 14 23
21: 10 17 22
22: 7 21 25
23: 7 19 20
24: 4 8 14
25: 2 22 26
26: 4 6 25
27: 3 6 8
28: 2 3 5

1: 2 3 4
2: 1 25 28
3: 1 27 28
4: 1 24 26
5: 6 7 28
6: 5 26 27
7: 5 22 23
8: 9 24 27
9: 8 10 11
10: 9 18 24
11: 9 17 18
12: 13 18 19
13: 12 14 20
14: 13 15 17
15: 14 20 21
16: 17 19 21
17: 11 14 16
18: 10 11 12
19: 12 16 23
20: 13 15 23
21: 15 16 22
22: 7 21 25
23: 7 19 20
24: 4 8 10
25: 2 22 26
26: 4 6 25
27: 3 6 8
28: 2 3 5

1: 2 3 4
2: 1 25 26
3: 1 23 28
4: 1 24 27
5: 6 7 22
6: 5 17 21
7: 5 15 16
8: 9 15 17
9: 8 10 11
10: 9 14 20
11: 9 18 19
12: 13 14 20
13: 12 16 19
14: 10 12 18
15: 7 8 21
16: 7 13 17
17: 6 8 16
18: 11 14 26
19: 11 13 24
20: 10 12 24
21: 6 15 23
22: 5 23 25
23: 3 21 22
24: 4 19 20
25: 2 22 28
26: 2 18 27
27: 4 26 28
28: 3 25 27

1: 2 3 4
2: 1 23 24
3: 1 26 28
4: 1 25 27
5: 6 7 12
6: 5 9 11
7: 5 8 10
8: 7 9 21
9: 6 8 22
10: 7 11 14
11: 6 10 13
12: 5 13 14
13: 11 12 16
14: 10 12 15
15: 14 16 26
16: 13 15 25
17: 18 20 24
18: 17 19 23
19: 18 20 28
20: 17 19 27
21: 8 23 25
22: 9 24 26
23: 2 18 21
24: 2 17 22
25: 4 16 21
26: 3 15 22
27: 4 20 28
28: 3 19 27

1: 2 3 4
2: 1 27 28
3: 1 26 28
4: 1 25 27
5: 6 7 10
6: 5 9 13
7: 5 8 14
8: 7 9 12
9: 6 8 11
10: 5 11 12
11: 9 10 15
12: 8 10 16
13: 6 15 19
14: 7 16 20
15: 11 13 21
16: 12 14 22
17: 20 24 28
18: 19 23 27
19: 13 18 22
20: 14 17 21
21: 15 20 26
22: 16 19 25
23: 18 24 26
24: 17 23 25
25: 4 22 24
26: 3 21 23
27: 2 4 18
28: 2 3 17

1: 2 3 4
2: 1 23 26
3: 1 25 28
4: 1 24 27
5: 6 7 10
6: 5 9 17
7: 5 8 9
8: 7 13 19
9: 6 7 12
10: 5 11 18
11: 10 15 19
12: 9 15 17
13: 8 14 18
14: 13 20 25
15: 11 12 24
16: 20 21 28
17: 6 12 27
18: 10 13 28
19: 8 11 27
20: 14 16 26
21: 16 23 26
22: 23 24 25
23: 2 21 22
24: 4 15 22
25: 3 14 22
26: 2 20 21
27: 4 17 19
28: 3 16 18

1: 2 3 4
2: 1 25 28
3: 1 26 27
4: 1 23 24
5: 6 7 10
6: 5 8 9
7: 5 11 19
8: 6 12 20
9: 6 10 14
10: 5 9 13
11: 7 16 22
12: 8 15 21
13: 10 14 18
14: 9 13 17
15: 12 18 26
16: 11 17 25
17: 14 16 28
18: 13 15 27
19: 7 24 28
20: 8 23 27
21: 12 23 26
22: 11 24 25
23: 4 20 21
24: 4 19 22
25: 2 16 22
26: 3 15 21
27: 3 18 20
28: 2 17 19

1: 2 3 4
2: 1 29 30
3: 1 28 30
4: 1 27 29
5: 18 20 29
6: 16 17 19
7: 15 18 19
8: 14 17 22
9: 13 21 22
10: 13 15 17
11: 12 15 16
12: 11 13 14
13: 9 10 12
14: 8 12 16
15: 7 10 11
16: 6 11 14
17: 6 8 10
18: 5 7 24
19: 6 7 24
20: 5 21 26
21: 9 20 23
22: 8 9 25
23: 21 28 30
24: 18 19 27
25: 22 26 28
26: 20 25 27
27: 4 24 26
28: 3 23 25
29: 2 4 5
30: 2 3 23

1: 2 3 4
2: 1 25 30
3: 1 26 28
4: 1 27 29
5: 16 17 24
6: 17 18 22
7: 13 14 23
8: 13 19 21
9: 11 14 21
10: 11 12 22
11: 9 10 15
12: 10 19 20
13: 7 8 15
14: 7 9 15
15: 11 13 14
16: 5 18 30
17: 5 6 26
18: 6 16 25
19: 8 12 26
20: 12 23 28
21: 8 9 28
22: 6 10 27
23: 7 20 27
24: 5 25 29
25: 2 18 24
26: 3 17 19
27: 4 22 23
28: 3 20 21
29: 4 24 30
30: 2 16 29

1: 2 3 4
2: 1 25 30
3: 1 26 28
4: 1 27 29
5: 16 17 24
6: 17 18 22
7: 11 13 23
8: 14 19 21
9: 13 14 21
10: 11 12 22
11: 7 10 15
12: 10 19 20
13: 7 9 15
14: 8 9 15
15: 11 13 14
16: 5 18 30
17: 5 6 26
18: 6 16 25
19: 8 12 26
20: 12 23 28
21: 8 9 28
22: 6 10 27
23: 7 20 27
24: 5 25 29
25: 2 18 24
26: 3 17 19
27: 4 22 23
28: 3 20 21
29: 4 24 30
30: 2 16 29

1: 2 3 4
2: 1 25 30
3: 1 26 28
4: 1 27 29
5: 16 17 24
6: 17 18 22
7: 14 22 23
8: 13 15 23
9: 10 19 20
10: 9 11 12
11: 10 15 20
12: 10 14 15
13: 8 19 21
14: 7 12 21
15: 8 11 12
16: 5 18 30
17: 5 6 26
18: 6 16 25
19: 9 13 26
20: 9 11 28
21: 13 14 28
22: 6 7 27
23: 7 8 27
24: 5 25 29
25: 2 18 24
26: 3 17 19
27: 4 22 23
28: 3 20 21
29: 4 24 30
30: 2 16 29

1: 2 3 4
2: 1 25 30
3: 1 26 28
4: 1 27 29
5: 16 17 24
6: 17 18 22
7: 10 22 23
8: 11 14 21
9: 12 15 21
10: 7 11 19
11: 8 10 12
12: 9 11 13
13: 12 14 19
14: 8 13 15
15: 9 14 20
16: 5 18 30
17: 5 6 26
18: 6 16 25
19: 10 13 26
20: 15 23 28
21: 8 9 28
22: 6 7 27
23: 7 20 27
24: 5 25 29
25: 2 18 24
26: 3 17 19
27: 4 22 23
28: 3 20 21
29: 4 24 30
30: 2 16 29

1: 2 3 4
2: 1 25 28
3: 1 27 30
4: 1 26 29
5: 15 21 22
6: 16 17 22
7: 10 11 14
8: 11 12 13
9: 10 11 13
10: 7 9 20
11: 7 8 9
12: 8 17 18
13: 8 9 17
14: 7 15 18
15: 5 14 19
16: 6 19 20
17: 6 12 13
18: 12 14 28
19: 15 16 28
20: 10 16 25
21: 5 23 26
22: 5 6 29
23: 21 27 30
24: 25 26 27
25: 2 20 24
26: 4 21 24
27: 3 23 24
28: 2 18 19
29: 4 22 30
30: 3 23 29

1: 2 3 4
2: 1 25 30
3: 1 26 28
4: 1 27 29
5: 16 17 24
6: 17 18 22
7: 10 21 23
8: 9 10 21
9: 8 14 15
10: 7 8 15
11: 12 14 15
12: 11 13 22
13: 12 19 20
14: 9 11 19
15: 9 10 11
16: 5 18 30
17: 5 6 26
18: 6 16 25
19: 13 14 26
20: 13 23 28
21: 7 8 28
22: 6 12 27
23: 7 20 27
24: 5 25 29
25: 2 18 24
26: 3 17 19
27: 4 22 23
28: 3 20 21
29: 4 24 30
30: 2 16 29

1: 2 3 4
2: 1 25 28
3: 1 27 30
4: 1 26 29
5: 16 21 22
6: 15 17 22
7: 9 18 20
8: 9 12 18
9: 7 8 10
10: 9 11 12
11: 10 13 14
12: 8 10 13
13: 11 12 17
14: 11 16 17
15: 6 19 20
16: 5 14 19
17: 6 13 14
18: 7 8 28
19: 15 16 28
20: 7 15 25
21: 5 23 26
22: 5 6 29
23: 21 27 30
24: 25 26 27
25: 2 20 24
26: 4 21 24
27: 3 23 24
28: 2 18 19
29: 4 22 30
30: 3 23 29

1: 2 3 4
2: 1 28 30
3: 1 25 29
4: 1 26 27
5: 11 12 13
6: 9 10 13
7: 11 12 15
8: 10 12 16
9: 6 11 14
10: 6 8 15
11: 5 7 9
12: 5 7 8
13: 5 6 18
14: 9 19 23
15: 7 10 20
16: 8 18 21
17: 19 20 22
18: 13 16 30
19: 14 17 27
20: 15 17 26
21: 16 24 28
22: 17 25 28
23: 14 26 27
24: 21 25 29
25: 3 22 24
26: 4 20 23
27: 4 19 23
28: 2 21 22
29: 3 24 30
30: 2 18 29

1: 2 3 4
2: 1 25 30
3: 1 28 29
4: 1 26 27
5: 10 11 12
6: 9 11 12
7: 20 23 24
8: 10 13 15
9: 6 14 18
10: 5 8 17
11: 5 6 16
12: 5 6 17
13: 8 18 19
14: 9 15 16
15: 8 14 30
16: 11 14 25
17: 10 12 30
18: 9 13 29
19: 13 22 28
20: 7 21 26
21: 20 22 29
22: 19 21 27
23: 7 25 28
24: 7 26 27
25: 2 16 23
26: 4 20 24
27: 4 22 24
28: 3 19 23
29: 3 18 21
30: 2 15 17

1: 2 3 4
2: 1 25 26
3: 1 28 30
4: 1 27 29
5: 10 11 12
6: 9 11 12
7: 9 15 23
8: 10 16 24
9: 6 7 13
10: 5 8 14
11: 5 6 14
12: 5 6 13
13: 9 12 18
14: 10 11 17
15: 7 16 18
16: 8 15 17
17: 14 16 28
18: 13 15 27
19: 20 22 26
20: 19 21 25
21: 20 22 30
22: 19 21 29
23: 7 26 28
24: 8 25 27
25: 2 20 24
26: 2 19 23
27: 4 18 24
28: 3 17 23
29: 4 22 30
30: 3 21 29

1: 2 3 4
2: 1 28 30
3: 1 27 29
4: 1 25 26
5: 10 11 12
6: 9 11 12
7: 9 15 21
8: 10 16 22
9: 6 7 13
10: 5 8 14
11: 5 6 14
12: 5 6 13
13: 9 12 18
14: 10 11 17
15: 7 16 18
16: 8 15 17
17: 14 16 28
18: 13 15 27
19: 20 24 30
20: 19 23 29
21: 7 26 28
22: 8 25 27
23: 20 26 30
24: 19 25 29
25: 4 22 24
26: 4 21 23
27: 3 18 22
28: 2 17 21
29: 3 20 24
30: 2 19 23

1: 2 3 4
2: 1 25 28
3: 1 27 30
4: 1 26 29
5: 16 17 22
6: 15 17 22
7: 8 15 17
8: 7 12 14
9: 11 16 19
10: 11 19 20
11: 9 10 12
12: 8 11 13
13: 12 18 20
14: 8 15 21
15: 6 7 14
16: 5 9 18
17: 5 6 7
18: 13 16 28
19: 9 10 28
20: 10 13 25
21: 14 23 26
22: 5 6 29
23: 21 27 30
24: 25 26 27
25: 2 20 24
26: 4 21 24
27: 3 23 24
28: 2 18 19
29: 4 22 30
30: 3 23 29

1: 2 3 4
2: 1 25 28
3: 1 27 30
4: 1 26 29
5: 16 17 22
6: 17 21 22
7: 8 16 17
8: 7 9 18
9: 8 14 15
10: 15 19 20
11: 14 15 19
12: 13 18 20
13: 12 14 16
14: 9 11 13
15: 9 10 11
16: 5 7 13
17: 5 6 7
18: 8 12 28
19: 10 11 28
20: 10 12 25
21: 6 23 26
22: 5 6 29
23: 21 27 30
24: 25 26 27
25: 2 20 24
26: 4 21 24
27: 3 23 24
28: 2 18 19
29: 4 22 30
30: 3 23 29

1: 2 3 4
2: 1 25 28
3: 1 27 30
4: 1 26 29
5: 16 17 22
6: 17 21 22
7: 8 16 17
8: 7 9 10
9: 8 14 16
10: 8 13 15
11: 15 19 20
12: 14 15 19
13: 10 18 20
14: 9 12 18
15: 10 11 12
16: 5 7 9
17: 5 6 7
18: 13 14 28
19: 11 12 28
20: 11 13 25
21: 6 23 26
22: 5 6 29
23: 21 27 30
24: 25 26 27
25: 2 20 24
26: 4 21 24
27: 3 23 24
28: 2 18 19
29: 4 22 30
30: 3 23 29

1: 2 3 4
2: 1 25 28
3: 1 27 30
4: 1 26 29
5: 15 21 22
6: 16 17 22
7: 8 10 14
8: 7 9 18
9: 8 10 12
10: 7 9 11
11: 10 12 13
12: 9 11 17
13: 11 17 20
14: 7 15 18
15: 5 14 19
16: 6 19 20
17: 6 12 13
18: 8 14 28
19: 15 16 28
20: 13 16 25
21: 5 23 26
22: 5 6 29
23: 21 27 30
24: 25 26 27
25: 2 20 24
26: 4 21 24
27: 3 23 24
28: 2 18 19
29: 4 22 30
30: 3 23 29

1: 2 3 4
2: 1 25 28
3: 1 27 30
4: 1 26 29
5: 16 17 22
6: 17 21 22
7: 8 9 17
8: 7 19 20
9: 7 14 15
10: 12 13 18
11: 12 13 20
12: 10 11 15
13: 10 11 14
14: 9 13 16
15: 9 12 18
16: 5 14 19
17: 5 6 7
18: 10 15 28
19: 8 16 28
20: 8 11 25
21: 6 23 26
22: 5 6 29
23: 21 27 30
24: 25 26 27
25: 2 20 24
26: 4 21 24
27: 3 23 24
28: 2 18 19
29: 4 22 30
30: 3 23 29

1: 2 3 4
2: 1 25 26
3: 1 28 30
4: 1 27 29
5: 9 11 12
6: 10 11 12
7: 8 9 14
8: 7 10 13
9: 5 7 15
10: 6 8 16
11: 5 6 14
12: 5 6 13
13: 8 12 18
14: 7 11 17
15: 9 18 24
16: 10 17 23
17: 14 16 28
18: 13 15 27
19: 20 22 26
20: 19 21 25
21: 20 22 30
22: 19 21 29
23: 16 26 28
24: 15 25 27
25: 2 20 24
26: 2 19 23
27: 4 18 24
28: 3 17 23
29: 4 22 30
30: 3 21 29

1: 2 3 4
2: 1 28 30
3: 1 26 27
4: 1 25 29
5: 16 17 24
6: 8 9 11
7: 11 12 13
8: 6 10 12
9: 6 14 18
10: 8 13 19
11: 6 7 19
12: 7 8 18
13: 7 10 22
14: 9 20 21
15: 16 17 23
16: 5 15 30
17: 5 15 28
18: 9 12 26
19: 10 11 27
20: 14 23 25
21: 14 22 29
22: 13 21 27
23: 15 20 28
24: 5 25 26
25: 4 20 24
26: 3 18 24
27: 3 19 22
28: 2 17 23
29: 4 21 30
30: 2 16 29

1: 2 3 4
2: 1 27 29
3: 1 28 30
4: 1 25 26
5: 13 16 24
6: 8 14 23
7: 8 12 15
8: 6 7 11
9: 10 16 18
10: 9 19 21
11: 8 12 17
12: 7 11 20
13: 5 14 17
14: 6 13 18
15: 7 20 22
16: 5 9 19
17: 11 13 27
18: 9 14 28
19: 10 16 30
20: 12 15 29
21: 10 25 30
22: 15 26 29
23: 6 26 27
24: 5 25 28
25: 4 21 24
26: 4 22 23
27: 2 17 23
28: 3 18 24
29: 2 20 22
30: 3 19 21

1: 2 3 4
2: 1 26 30
3: 1 27 28
4: 1 25 29
5: 11 12 15
6: 8 9 15
7: 8 13 14
8: 6 7 23
9: 6 11 22
10: 14 16 18
11: 5 9 20
12: 5 13 17
13: 7 12 18
14: 7 10 17
15: 5 6 19
16: 10 19 21
17: 12 14 28
18: 10 13 28
19: 15 16 27
20: 11 24 26
21: 16 22 30
22: 9 21 27
23: 8 25 26
24: 20 25 29
25: 4 23 24
26: 2 20 23
27: 3 19 22
28: 3 17 18
29: 4 24 30
30: 2 21 29

1: 2 3 4
2: 1 26 30
3: 1 27 29
4: 1 25 28
5: 11 14 22
6: 8 9 24
7: 8 12 13
8: 6 7 10
9: 6 11 21
10: 8 13 17
11: 5 9 17
12: 7 18 23
13: 7 10 18
14: 5 16 19
15: 16 19 20
16: 14 15 30
17: 10 11 27
18: 12 13 29
19: 14 15 28
20: 15 21 30
21: 9 20 26
22: 5 26 28
23: 12 25 29
24: 6 25 27
25: 4 23 24
26: 2 21 22
27: 3 17 24
28: 4 19 22
29: 3 18 23
30: 2 16 20

1: 2 3 4
2: 1 26 30
3: 1 27 29
4: 1 25 28
5: 9 10 14
6: 8 12 16
7: 8 9 12
8: 6 7 11
9: 5 7 15
10: 5 11 17
11: 8 10 20
12: 6 7 19
13: 21 23 24
14: 5 17 22
15: 9 18 20
16: 6 18 19
17: 10 14 30
18: 15 16 25
19: 12 16 28
20: 11 15 28
21: 13 22 27
22: 14 21 26
23: 13 27 29
24: 13 25 26
25: 4 18 24
26: 2 22 24
27: 3 21 23
28: 4 19 20
29: 3 23 30
30: 2 17 29

1: 2 3 4
2: 1 26 29
3: 1 25 30
4: 1 27 28
5: 8 9 12
6: 9 12 15
7: 11 16 17
8: 5 18 21
9: 5 6 21
10: 13 17 22
11: 7 14 22
12: 5 6 24
13: 10 14 24
14: 11 13 23
15: 6 16 19
16: 7 15 20
17: 7 10 23
18: 8 19 20
19: 15 18 26
20: 16 18 28
21: 8 9 25
22: 10 11 26
23: 14 17 25
24: 12 13 27
25: 3 21 23
26: 2 19 22
27: 4 24 30
28: 4 20 29
29: 2 28 30
30: 3 27 29

1: 2 3 4
2: 1 28 30
3: 1 26 29
4: 1 25 27
5: 16 17 24
6: 7 8 13
7: 6 10 14
8: 6 9 12
9: 8 11 19
10: 7 11 20
11: 9 10 18
12: 8 19 21
13: 6 18 21
14: 7 20 22
15: 16 17 23
16: 5 15 30
17: 5 15 28
18: 11 13 27
19: 9 12 27
20: 10 14 29
21: 12 13 25
22: 14 23 26
23: 15 22 28
24: 5 25 26
25: 4 21 24
26: 3 22 24
27: 4 18 19
28: 2 17 23
29: 3 20 30
30: 2 16 29

1: 2 3 4
2: 1 27 30
3: 1 25 26
4: 1 28 29
5: 8 12 24
6: 7 11 23
7: 6 9 10
8: 5 9 10
9: 7 8 16
10: 7 8 15
11: 6 12 16
12: 5 11 15
13: 14 18 20
14: 13 17 19
15: 10 12 28
16: 9 11 27
17: 14 18 30
18: 13 17 29
19: 14 22 25
20: 13 21 29
21: 20 22 30
22: 19 21 26
23: 6 26 28
24: 5 25 27
25: 3 19 24
26: 3 22 23
27: 2 16 24
28: 4 15 23
29: 4 18 20
30: 2 17 21

1: 2 3 4
2: 1 25 29
3: 1 27 28
4: 1 26 30
5: 7 11 24
6: 9 10 23
7: 5 9 22
8: 12 13 20
9: 6 7 20
10: 6 15 16
11: 5 17 19
12: 8 18 19
13: 8 17 18
14: 15 16 21
15: 10 14 28
16: 10 14 29
17: 11 13 30
18: 12 13 30
19: 11 12 27
20: 8 9 26
21: 14 22 29
22: 7 21 25
23: 6 25 28
24: 5 26 27
25: 2 22 23
26: 4 20 24
27: 3 19 24
28: 3 15 23
29: 2 16 21
30: 4 17 18

1: 2 3 4
2: 1 26 29
3: 1 25 30
4: 1 27 28
5: 7 11 15
6: 8 12 16
7: 5 9 10
8: 6 9 10
9: 7 8 14
10: 7 8 13
11: 5 12 14
12: 6 11 13
13: 10 12 20
14: 9 11 19
15: 5 18 20
16: 6 17 19
17: 16 22 23
18: 15 21 24
19: 14 16 22
20: 13 15 21
21: 18 20 26
22: 17 19 25
23: 17 26 28
24: 18 25 27
25: 3 22 24
26: 2 21 23
27: 4 24 30
28: 4 23 29
29: 2 28 30
30: 3 27 29

1: 2 3 4
2: 1 26 29
3: 1 25 30
4: 1 27 28
5: 7 11 13
6: 8 12 14
7: 5 8 16
8: 6 7 15
9: 14 19 24
10: 13 20 23
11: 5 15 20
12: 6 16 19
13: 5 10 18
14: 6 9 17
15: 8 11 18
16: 7 12 17
17: 14 16 22
18: 13 15 21
19: 9 12 22
20: 10 11 21
21: 18 20 26
22: 17 19 25
23: 10 26 28
24: 9 25 27
25: 3 22 24
26: 2 21 23
27: 4 24 30
28: 4 23 29
29: 2 28 30
30: 3 27 29

1: 2 3 4
2: 1 27 28
3: 1 26 29
4: 1 25 30
5: 7 11 13
6: 8 12 14
7: 5 8 14
8: 6 7 13
9: 10 11 16
10: 9 12 15
11: 5 9 17
12: 6 10 18
13: 5 8 16
14: 6 7 15
15: 10 14 20
16: 9 13 19
17: 11 21 24
18: 12 22 23
19: 16 22 26
20: 15 21 25
21: 17 20 30
22: 18 19 29
23: 18 26 28
24: 17 25 27
25: 4 20 24
26: 3 19 23
27: 2 24 30
28: 2 23 29
29: 3 22 28
30: 4 21 27

1: 2 3 4
2: 1 28 30
3: 1 25 26
4: 1 27 29
5: 7 10 13
6: 8 10 12
7: 5 8 17
8: 6 7 9
9: 8 11 12
10: 5 6 22
11: 9 13 18
12: 6 9 19
13: 5 11 19
14: 15 16 20
15: 14 21 24
16: 14 21 23
17: 7 18 20
18: 11 17 30
19: 12 13 26
20: 14 17 28
21: 15 16 27
22: 10 25 26
23: 16 25 28
24: 15 27 29
25: 3 22 23
26: 3 19 22
27: 4 21 24
28: 2 20 23
29: 4 24 30
30: 2 18 29

1: 2 3 4
2: 1 28 30
3: 1 27 29
4: 1 25 26
5: 6 14 22
6: 5 13 21
7: 9 15 23
8: 10 16 24
9: 7 11 12
10: 8 11 12
11: 9 10 18
12: 9 10 17
13: 6 14 20
14: 5 13 19
15: 7 16 18
16: 8 15 17
17: 12 16 28
18: 11 15 27
19: 14 20 30
20: 13 19 29
21: 6 26 30
22: 5 25 29
23: 7 26 28
24: 8 25 27
25: 4 22 24
26: 4 21 23
27: 3 18 24
28: 2 17 23
29: 3 20 22
30: 2 19 21

1: 2 3 4
2: 1 26 29
3: 1 27 28
4: 1 25 30
5: 6 12 16
6: 5 7 13
7: 6 8 14
8: 7 9 11
9: 8 14 15
10: 11 13 15
11: 8 10 12
12: 5 11 17
13: 6 10 20
14: 7 9 20
15: 9 10 19
16: 5 17 18
17: 12 16 22
18: 16 22 23
19: 15 21 24
20: 13 14 21
21: 19 20 26
22: 17 18 25
23: 18 26 28
24: 19 25 27
25: 4 22 24
26: 2 21 23
27: 3 24 30
28: 3 23 29
29: 2 28 30
30: 4 27 29

1: 2 3 4
2: 1 26 30
3: 1 28 30
4: 1 27 29
5: 6 26 30
6: 5 7 27
7: 6 8 9
8: 7 24 25
9: 7 23 25
10: 11 23 25
11: 10 14 26
12: 16 22 24
13: 20 21 24
14: 11 27 28
15: 17 28 29
16: 12 20 29
17: 15 19 22
18: 21 22 23
19: 17 20 21
20: 13 16 19
21: 13 18 19
22: 12 17 18
23: 9 10 18
24: 8 12 13
25: 8 9 10
26: 2 5 11
27: 4 6 14
28: 3 14 15
29: 4 15 16
30: 2 3 5

1: 2 3 4
2: 1 26 30
3: 1 28 30
4: 1 27 29
5: 6 26 30
6: 5 7 27
7: 6 8 9
8: 7 24 25
9: 7 23 25
10: 11 12 25
11: 10 20 22
12: 10 19 21
13: 15 28 29
14: 23 27 28
15: 13 16 17
16: 15 22 29
17: 15 18 20
18: 17 19 21
19: 12 18 24
20: 11 17 24
21: 12 18 22
22: 11 16 21
23: 9 14 26
24: 8 19 20
25: 8 9 10
26: 2 5 23
27: 4 6 14
28: 3 13 14
29: 4 13 16
30: 2 3 5

1: 2 3 4
2: 1 26 30
3: 1 27 30
4: 1 28 29
5: 6 26 30
6: 5 7 8
7: 6 25 29
8: 6 24 28
9: 10 26 27
10: 9 11 12
11: 10 17 18
12: 10 15 16
13: 17 18 20
14: 16 18 27
15: 12 17 19
16: 12 14 20
17: 11 13 15
18: 11 13 14
19: 15 21 23
20: 13 16 23
21: 19 22 28
22: 21 25 29
23: 19 20 24
24: 8 23 25
25: 7 22 24
26: 2 5 9
27: 3 9 14
28: 4 8 21
29: 4 7 22
30: 2 3 5

1: 2 3 4
2: 1 29 30
3: 1 26 30
4: 1 27 28
5: 6 26 30
6: 5 7 8
7: 6 24 29
8: 6 25 26
9: 10 11 29
10: 9 25 28
11: 9 22 23
12: 13 25 27
13: 12 14 18
14: 13 15 17
15: 14 16 20
16: 15 19 27
17: 14 20 21
18: 13 19 21
19: 16 18 23
20: 15 17 23
21: 17 18 22
22: 11 21 24
23: 11 19 20
24: 7 22 28
25: 8 10 12
26: 3 5 8
27: 4 12 16
28: 4 10 24
29: 2 7 9
30: 2 3 5

1: 2 3 4
2: 1 28 30
3: 1 27 29
4: 1 25 26
5: 6 8 12
6: 5 7 11
7: 6 8 9
8: 5 7 14
9: 7 10 13
10: 9 16 22
11: 6 15 21
12: 5 13 14
13: 9 12 18
14: 8 12 17
15: 11 16 18
16: 10 15 17
17: 14 16 28
18: 13 15 27
19: 20 24 30
20: 19 23 29
21: 11 26 28
22: 10 25 27
23: 20 26 30
24: 19 25 29
25: 4 22 24
26: 4 21 23
27: 3 18 22
28: 2 17 21
29: 3 20 24
30: 2 19 23

1: 2 3 4
2: 1 28 30
3: 1 27 29
4: 1 25 26
5: 6 8 12
6: 5 7 11
7: 6 8 9
8: 5 7 14
9: 7 10 13
10: 9 15 21
11: 6 16 22
12: 5 13 14
13: 9 12 18
14: 8 12 17
15: 10 16 18
16: 11 15 17
17: 14 16 28
18: 13 15 27
19: 20 24 30
20: 19 23 29
21: 10 26 28
22: 11 25 27
23: 20 26 30
24: 19 25 29
25: 4 22 24
26: 4 21 23
27: 3 18 22
28: 2 17 21
29: 3 20 24
30: 2 19 23

1: 2 3 4
2: 1 29 30
3: 1 26 30
4: 1 27 28
5: 6 7 30
6: 5 23 25
7: 5 22 24
8: 14 26 28
9: 13 26 27
10: 11 12 15
11: 10 17 18
12: 10 14 17
13: 9 14 16
14: 8 12 13
15: 10 16 28
16: 13 15 27
17: 11 12 19
18: 11 19 20
19: 17 18 25
20: 18 21 23
21: 20 22 24
22: 7 21 29
23: 6 20 29
24: 7 21 25
25: 6 19 24
26: 3 8 9
27: 4 9 16
28: 4 8 15
29: 2 22 23
30: 2 3 5

1: 2 3 4
2: 1 29 30
3: 1 26 30
4: 1 27 28
5: 6 7 30
6: 5 23 25
7: 5 22 24
8: 12 26 28
9: 15 26 27
10: 11 12 14
11: 10 13 15
12: 8 10 13
13: 11 12 28
14: 10 16 27
15: 9 11 17
16: 14 17 19
17: 15 16 25
18: 20 21 25
19: 16 20 23
20: 18 19 24
21: 18 22 24
22: 7 21 29
23: 6 19 29
24: 7 20 21
25: 6 17 18
26: 3 8 9
27: 4 9 14
28: 4 8 13
29: 2 22 23
30: 2 3 5

1: 2 3 4
2: 1 26 30
3: 1 28 30
4: 1 27 29
5: 6 7 30
6: 5 28 29
7: 5 24 25
8: 21 23 26
9: 11 12 27
10: 11 27 28
11: 9 10 16
12: 9 13 14
13: 12 20 22
14: 12 18 19
15: 17 20 21
16: 11 19 20
17: 15 18 19
18: 14 17 22
19: 14 16 17
20: 13 15 16
21: 8 15 24
22: 13 18 25
23: 8 24 25
24: 7 21 23
25: 7 22 23
26: 2 8 29
27: 4 9 10
28: 3 6 10
29: 4 6 26
30: 2 3 5

1: 2 3 4
2: 1 29 30
3: 1 26 30
4: 1 27 28
5: 6 7 30
6: 5 23 25
7: 5 22 24
8: 18 21 29
9: 10 17 20
10: 9 14 16
11: 13 14 16
12: 15 19 20
13: 11 15 28
14: 10 11 28
15: 12 13 27
16: 10 11 26
17: 9 26 27
18: 8 19 23
19: 12 18 22
20: 9 12 24
21: 8 23 25
22: 7 19 29
23: 6 18 21
24: 7 20 25
25: 6 21 24
26: 3 16 17
27: 4 15 17
28: 4 13 14
29: 2 8 22
30: 2 3 5

1: 2 3 4
2: 1 28 30
3: 1 26 30
4: 1 27 29
5: 6 7 30
6: 5 28 29
7: 5 24 25
8: 9 13 28
9: 8 11 15
10: 11 14 15
11: 9 10 27
12: 13 14 27
13: 8 12 16
14: 10 12 17
15: 9 10 16
16: 13 15 23
17: 14 19 21
18: 20 21 26
19: 17 20 22
20: 18 19 25
21: 17 18 24
22: 19 23 25
23: 16 22 24
24: 7 21 23
25: 7 20 22
26: 3 18 29
27: 4 11 12
28: 2 6 8
29: 4 6 26
30: 2 3 5

1: 2 3 4
2: 1 27 30
3: 1 29 30
4: 1 26 28
5: 6 7 30
6: 5 28 29
7: 5 24 25
8: 9 26 29
9: 8 10 11
10: 9 20 23
11: 9 19 26
12: 19 21 23
13: 16 18 22
14: 17 21 22
15: 16 17 18
16: 13 15 19
17: 14 15 20
18: 13 15 20
19: 11 12 16
20: 10 17 18
21: 12 14 24
22: 13 14 25
23: 10 12 25
24: 7 21 27
25: 7 22 23
26: 4 8 11
27: 2 24 28
28: 4 6 27
29: 3 6 8
30: 2 3 5

1: 2 3 4
2: 1 27 30
3: 1 29 30
4: 1 26 28
5: 6 7 30
6: 5 28 29
7: 5 24 25
8: 9 26 29
9: 8 10 11
10: 9 18 23
11: 9 19 20
12: 18 21 23
13: 16 20 22
14: 15 20 21
15: 14 16 19
16: 13 15 17
17: 16 18 26
18: 10 12 17
19: 11 15 22
20: 11 13 14
21: 12 14 24
22: 13 19 25
23: 10 12 25
24: 7 21 27
25: 7 22 23
26: 4 8 17
27: 2 24 28
28: 4 6 27
29: 3 6 8
30: 2 3 5

1: 2 3 4
2: 1 27 30
3: 1 29 30
4: 1 26 28
5: 6 7 30
6: 5 28 29
7: 5 24 25
8: 9 26 29
9: 8 10 11
10: 9 22 23
11: 9 19 20
12: 17 18 21
13: 16 17 18
14: 15 16 21
15: 14 22 26
16: 13 14 20
17: 12 13 20
18: 12 13 19
19: 11 18 23
20: 11 16 17
21: 12 14 25
22: 10 15 25
23: 10 19 24
24: 7 23 27
25: 7 21 22
26: 4 8 15
27: 2 24 28
28: 4 6 27
29: 3 6 8
30: 2 3 5

1: 2 3 4
2: 1 27 30
3: 1 29 30
4: 1 26 28
5: 6 7 30
6: 5 28 29
7: 5 24 25
8: 9 26 29
9: 8 10 11
10: 9 22 23
11: 9 19 20
12: 16 18 22
13: 14 23 26
14: 13 17 21
15: 16 17 21
16: 12 15 19
17: 14 15 20
18: 12 19 20
19: 11 16 18
20: 11 17 18
21: 14 15 25
22: 10 12 24
23: 10 13 25
24: 7 22 27
25: 7 21 23
26: 4 8 13
27: 2 24 28
28: 4 6 27
29: 3 6 8
30: 2 3 5

1: 2 3 4
2: 1 27 30
3: 1 29 30
4: 1 26 28
5: 6 7 30
6: 5 28 29
7: 5 24 25
8: 9 26 29
9: 8 10 11
10: 9 20 26
11: 9 19 20
12: 13 20 21
13: 12 14 22
14: 13 15 17
15: 14 18 23
16: 19 21 23
17: 14 18 22
18: 15 17 19
19: 11 16 18
20: 10 11 12
21: 12 16 25
22: 13 17 25
23: 15 16 24
24: 7 23 27
25: 7 21 22
26: 4 8 10
27: 2 24 28
28: 4 6 27
29: 3 6 8
30: 2 3 5

1: 2 3 4
2: 1 28 30
3: 1 26 30
4: 1 27 29
5: 6 7 30
6: 5 25 29
7: 5 23 24
8: 9 10 29
9: 8 19 22
10: 8 20 21
11: 26 27 28
12: 13 26 27
13: 12 24 25
14: 15 17 23
15: 14 16 21
16: 15 20 24
17: 14 21 22
18: 20 22 23
19: 9 25 28
20: 10 16 18
21: 10 15 17
22: 9 17 18
23: 7 14 18
24: 7 13 16
25: 6 13 19
26: 3 11 12
27: 4 11 12
28: 2 11 19
29: 4 6 8
30: 2 3 5

1: 2 3 4
2: 1 27 30
3: 1 29 30
4: 1 26 28
5: 6 7 30
6: 5 28 29
7: 5 24 25
8: 9 10 29
9: 8 19 20
10: 8 18 20
11: 14 16 17
12: 13 16 18
13: 12 14 15
14: 11 13 23
15: 13 17 22
16: 11 12 22
17: 11 15 21
18: 10 12 23
19: 9 21 26
20: 9 10 26
21: 17 19 25
22: 15 16 25
23: 14 18 24
24: 7 23 27
25: 7 21 22
26: 4 19 20
27: 2 24 28
28: 4 6 27
29: 3 6 8
30: 2 3 5

1: 2 3 4
2: 1 27 30
3: 1 29 30
4: 1 26 28
5: 6 7 30
6: 5 28 29
7: 5 24 25
8: 9 10 29
9: 8 19 20
10: 8 18 20
11: 13 15 16
12: 14 15 16
13: 11 17 18
14: 12 19 22
15: 11 12 23
16: 11 12 22
17: 13 21 23
18: 10 13 26
19: 9 14 21
20: 9 10 26
21: 17 19 25
22: 14 16 25
23: 15 17 24
24: 7 23 27
25: 7 21 22
26: 4 18 20
27: 2 24 28
28: 4 6 27
29: 3 6 8
30: 2 3 5

1: 2 3 4
2: 1 29 30
3: 1 26 30
4: 1 27 28
5: 6 7 30
6: 5 24 25
7: 5 22 23
8: 9 10 27
9: 8 14 18
10: 8 13 17
11: 12 16 18
12: 11 13 17
13: 10 12 14
14: 9 13 15
15: 14 16 21
16: 11 15 19
17: 10 12 20
18: 9 11 20
19: 16 23 28
20: 17 18 25
21: 15 24 26
22: 7 26 29
23: 7 19 29
24: 6 21 28
25: 6 20 27
26: 3 21 22
27: 4 8 25
28: 4 19 24
29: 2 22 23
30: 2 3 5

1: 2 3 4
2: 1 25 26
3: 1 28 30
4: 1 27 29
5: 6 7 24
6: 5 14 17
7: 5 15 16
8: 9 10 23
9: 8 20 21
10: 8 11 22
11: 10 15 21
12: 14 18 19
13: 14 16 18
14: 6 12 13
15: 7 11 23
16: 7 13 17
17: 6 16 22
18: 12 13 26
19: 12 20 26
20: 9 19 29
21: 9 11 25
22: 10 17 30
23: 8 15 25
24: 5 27 28
25: 2 21 23
26: 2 18 19
27: 4 24 30
28: 3 24 29
29: 4 20 28
30: 3 22 27

1: 2 3 4
2: 1 26 29
3: 1 27 28
4: 1 25 30
5: 6 7 16
6: 5 14 15
7: 5 10 11
8: 9 12 13
9: 8 10 11
10: 7 9 15
11: 7 9 13
12: 8 14 17
13: 8 11 20
14: 6 12 20
15: 6 10 19
16: 5 17 18
17: 12 16 22
18: 16 22 23
19: 15 21 24
20: 13 14 21
21: 19 20 26
22: 17 18 25
23: 18 26 28
24: 19 25 27
25: 4 22 24
26: 2 21 23
27: 3 24 30
28: 3 23 29
29: 2 28 30
30: 4 27 29

1: 2 3 4
2: 1 28 30
3: 1 25 27
4: 1 26 29
5: 6 7 10
6: 5 14 19
7: 5 8 15
8: 7 13 17
9: 18 23 24
10: 5 15 16
11: 12 18 21
12: 11 20 22
13: 8 19 20
14: 6 16 17
15: 7 10 30
16: 10 14 28
17: 8 14 30
18: 9 11 25
19: 6 13 29
20: 12 13 26
21: 11 22 27
22: 12 21 29
23: 9 25 27
24: 9 26 28
25: 3 18 23
26: 4 20 24
27: 3 21 23
28: 2 16 24
29: 4 19 22
30: 2 15 17

1: 2 3 4
2: 1 28 30
3: 1 25 29
4: 1 26 27
5: 6 7 10
6: 5 14 20
7: 5 8 15
8: 7 13 17
9: 11 18 23
10: 5 15 16
11: 9 19 22
12: 18 21 24
13: 8 19 20
14: 6 16 17
15: 7 10 30
16: 10 14 28
17: 8 14 30
18: 9 12 26
19: 11 13 25
20: 6 13 29
21: 12 22 27
22: 11 21 29
23: 9 26 27
24: 12 25 28
25: 3 19 24
26: 4 18 23
27: 4 21 23
28: 2 16 24
29: 3 20 22
30: 2 15 17

1: 2 3 4
2: 1 26 30
3: 1 25 29
4: 1 27 28
5: 6 7 10
6: 5 8 9
7: 5 11 13
8: 6 12 14
9: 6 11 16
10: 5 12 15
11: 7 9 21
12: 8 10 22
13: 7 16 20
14: 8 15 19
15: 10 14 29
16: 9 13 30
17: 18 24 26
18: 17 23 25
19: 14 22 28
20: 13 21 27
21: 11 20 30
22: 12 19 29
23: 18 26 28
24: 17 25 27
25: 3 18 24
26: 2 17 23
27: 4 20 24
28: 4 19 23
29: 3 15 22
30: 2 16 21

1: 2 3 4
2: 1 27 30
3: 1 29 32
4: 1 28 31
5: 18 19 24
6: 17 19 24
7: 17 19 23
8: 13 14 18
9: 14 16 21
10: 13 16 21
11: 14 16 22
12: 15 20 22
13: 8 10 15
14: 8 9 11
15: 12 13 17
16: 9 10 11
17: 6 7 15
18: 5 8 20
19: 5 6 7
20: 12 18 30
21: 9 10 30
22: 11 12 27
23: 7 25 28
24: 5 6 31
25: 23 29 32
26: 27 28 29
27: 2 22 26
28: 4 23 26
29: 3 25 26
30: 2 20 21
31: 4 24 32
32: 3 25 31

1: 2 3 4
2: 1 27 32
3: 1 28 30
4: 1 29 31
5: 18 19 26
6: 19 20 24
7: 17 24 25
8: 16 17 25
9: 13 15 23
10: 12 14 23
11: 12 13 21
12: 10 11 15
13: 9 11 14
14: 10 13 16
15: 9 12 22
16: 8 14 21
17: 7 8 22
18: 5 20 32
19: 5 6 28
20: 6 18 27
21: 11 16 28
22: 15 17 30
23: 9 10 30
24: 6 7 29
25: 7 8 29
26: 5 27 31
27: 2 20 26
28: 3 19 21
29: 4 24 25
30: 3 22 23
31: 4 26 32
32: 2 18 31

1: 2 3 4
2: 1 31 32
3: 1 28 32
4: 1 29 30
5: 28 29 32
6: 20 21 27
7: 18 19 27
8: 14 25 26
9: 12 13 25
10: 11 17 24
11: 10 15 16
12: 9 21 23
13: 9 17 20
14: 8 15 18
15: 11 14 19
16: 11 18 22
17: 10 13 21
18: 7 14 16
19: 7 15 22
20: 6 13 23
21: 6 12 17
22: 16 19 31
23: 12 20 31
24: 10 26 30
25: 8 9 30
26: 8 24 29
27: 6 7 28
28: 3 5 27
29: 4 5 26
30: 4 24 25
31: 2 22 23
32: 2 3 5

1: 2 3 4
2: 1 27 30
3: 1 29 32
4: 1 28 31
5: 18 19 24
6: 17 19 24
7: 17 19 23
8: 11 18 21
9: 10 11 21
10: 9 15 16
11: 8 9 16
12: 13 15 16
13: 12 14 17
14: 13 20 22
15: 10 12 22
16: 10 11 12
17: 6 7 13
18: 5 8 20
19: 5 6 7
20: 14 18 30
21: 8 9 30
22: 14 15 27
23: 7 25 28
24: 5 6 31
25: 23 29 32
26: 27 28 29
27: 2 22 26
28: 4 23 26
29: 3 25 26
30: 2 20 21
31: 4 24 32
32: 3 25 31

1: 2 3 4
2: 1 27 30
3: 1 29 32
4: 1 28 31
5: 17 23 24
6: 18 19 24
7: 11 15 16
8: 11 13 16
9: 10 12 20
10: 9 11 15
11: 7 8 10
12: 9 13 14
13: 8 12 22
14: 12 19 20
15: 7 10 19
16: 7 8 17
17: 5 16 21
18: 6 21 22
19: 6 14 15
20: 9 14 30
21: 17 18 30
22: 13 18 27
23: 5 25 28
24: 5 6 31
25: 23 29 32
26: 27 28 29
27: 2 22 26
28: 4 23 26
29: 3 25 26
30: 2 20 21
31: 4 24 32
32: 3 25 31

1: 2 3 4
2: 1 27 30
3: 1 29 32
4: 1 28 31
5: 19 23 24
6: 17 18 24
7: 12 14 16
8: 10 13 15
9: 11 13 21
10: 8 14 21
11: 9 12 20
12: 7 11 19
13: 8 9 19
14: 7 10 18
15: 8 17 22
16: 7 17 20
17: 6 15 16
18: 6 14 22
19: 5 12 13
20: 11 16 30
21: 9 10 30
22: 15 18 27
23: 5 25 28
24: 5 6 31
25: 23 29 32
26: 27 28 29
27: 2 22 26
28: 4 23 26
29: 3 25 26
30: 2 20 21
31: 4 24 32
32: 3 25 31

1: 2 3 4
2: 1 29 30
3: 1 28 32
4: 1 27 31
5: 18 20 21
6: 17 19 21
7: 11 22 23
8: 10 12 15
9: 12 14 15
10: 8 11 13
11: 7 10 18
12: 8 9 17
13: 10 14 20
14: 9 13 19
15: 8 9 19
16: 17 18 24
17: 6 12 16
18: 5 11 16
19: 6 14 15
20: 5 13 23
21: 5 6 30
22: 7 25 28
23: 7 20 32
24: 16 29 30
25: 22 27 31
26: 27 28 29
27: 4 25 26
28: 3 22 26
29: 2 24 26
30: 2 21 24
31: 4 25 32
32: 3 23 31

1: 2 3 4
2: 1 31 32
3: 1 29 32
4: 1 30 31
5: 20 21 31
6: 12 19 24
7: 11 14 23
8: 10 15 23
9: 10 11 21
10: 8 9 18
11: 7 9 17
12: 6 13 20
13: 12 14 16
14: 7 13 15
15: 8 14 18
16: 13 17 22
17: 11 16 18
18: 10 15 17
19: 6 22 28
20: 5 12 27
21: 5 9 26
22: 16 19 27
23: 7 8 26
24: 6 25 28
25: 24 29 32
26: 21 23 30
27: 20 22 30
28: 19 24 29
29: 3 25 28
30: 4 26 27
31: 2 4 5
32: 2 3 25

1: 2 3 4
2: 1 27 30
3: 1 29 32
4: 1 28 31
5: 17 23 24
6: 18 19 24
7: 10 12 16
8: 12 15 16
9: 13 20 22
10: 7 11 20
11: 10 14 15
12: 7 8 13
13: 9 12 14
14: 11 13 19
15: 8 11 19
16: 7 8 17
17: 5 16 21
18: 6 21 22
19: 6 14 15
20: 9 10 30
21: 17 18 30
22: 9 18 27
23: 5 25 28
24: 5 6 31
25: 23 29 32
26: 27 28 29
27: 2 22 26
28: 4 23 26
29: 3 25 26
30: 2 20 21
31: 4 24 32
32: 3 25 31

1: 2 3 4
2: 1 27 30
3: 1 29 32
4: 1 28 31
5: 17 23 24
6: 18 19 24
7: 10 13 16
8: 13 15 16
9: 11 20 22
10: 7 11 20
11: 9 10 14
12: 13 14 15
13: 7 8 12
14: 11 12 19
15: 8 12 19
16: 7 8 17
17: 5 16 21
18: 6 21 22
19: 6 14 15
20: 9 10 30
21: 17 18 30
22: 9 18 27
23: 5 25 28
24: 5 6 31
25: 23 29 32
26: 27 28 29
27: 2 22 26
28: 4 23 26
29: 3 25 26
30: 2 20 21
31: 4 24 32
32: 3 25 31

1: 2 3 4
2: 1 27 30
3: 1 29 32
4: 1 28 31
5: 17 23 24
6: 18 19 24
7: 10 11 21
8: 11 12 16
9: 10 15 16
10: 7 9 12
11: 7 8 15
12: 8 10 13
13: 12 17 20
14: 19 20 22
15: 9 11 19
16: 8 9 18
17: 5 13 21
18: 6 16 22
19: 6 14 15
20: 13 14 30
21: 7 17 30
22: 14 18 27
23: 5 25 28
24: 5 6 31
25: 23 29 32
26: 27 28 29
27: 2 22 26
28: 4 23 26
29: 3 25 26
30: 2 20 21
31: 4 24 32
32: 3 25 31

1: 2 3 4
2: 1 27 30
3: 1 29 32
4: 1 28 31
5: 17 23 24
6: 18 19 24
7: 10 11 16
8: 10 14 16
9: 12 13 20
10: 7 8 20
11: 7 12 22
12: 9 11 15
13: 9 14 15
14: 8 13 19
15: 12 13 19
16: 7 8 17
17: 5 16 21
18: 6 21 22
19: 6 14 15
20: 9 10 30
21: 17 18 30
22: 11 18 27
23: 5 25 28
24: 5 6 31
25: 23 29 32
26: 27 28 29
27: 2 22 26
28: 4 23 26
29: 3 25 26
30: 2 20 21
31: 4 24 32
32: 3 25 31

1: 2 3 4
2: 1 31 32
3: 1 29 32
4: 1 30 31
5: 20 21 31
6: 10 11 19
7: 12 13 21
8: 11 13 23
9: 17 18 23
10: 6 14 22
11: 6 8 17
12: 7 15 16
13: 7 8 14
14: 10 13 15
15: 12 14 18
16: 12 17 18
17: 9 11 16
18: 9 15 16
19: 6 20 28
20: 5 19 27
21: 5 7 26
22: 10 24 27
23: 8 9 26
24: 22 25 28
25: 24 29 32
26: 21 23 30
27: 20 22 30
28: 19 24 29
29: 3 25 28
30: 4 26 27
31: 2 4 5
32: 2 3 25

1: 2 3 4
2: 1 28 29
3: 1 27 32
4: 1 30 31
5: 20 21 25
6: 10 11 19
7: 12 13 21
8: 11 13 23
9: 17 18 23
10: 6 14 22
11: 6 8 17
12: 7 15 16
13: 7 8 14
14: 10 13 15
15: 12 14 18
16: 12 17 18
17: 9 11 16
18: 9 15 16
19: 6 20 29
20: 5 19 31
21: 5 7 30
22: 10 24 31
23: 8 9 30
24: 22 27 32
25: 5 28 32
26: 27 28 29
27: 3 24 26
28: 2 25 26
29: 2 19 26
30: 4 21 23
31: 4 20 22
32: 3 24 25

1: 2 3 4
2: 1 31 32
3: 1 30 32
4: 1 29 31
5: 21 22 31
6: 17 18 20
7: 16 18 19
8: 9 11 12
9: 8 10 21
10: 9 22 24
11: 8 13 15
12: 8 15 23
13: 11 14 19
14: 13 17 20
15: 11 12 16
16: 7 15 17
17: 6 14 16
18: 6 7 25
19: 7 13 28
20: 6 14 28
21: 5 9 27
22: 5 10 26
23: 12 24 27
24: 10 23 26
25: 18 29 32
26: 22 24 30
27: 21 23 30
28: 19 20 29
29: 4 25 28
30: 3 26 27
31: 2 4 5
32: 2 3 25

1: 2 3 4
2: 1 30 32
3: 1 29 31
4: 1 27 28
5: 21 22 25
6: 22 24 26
7: 16 21 25
8: 9 10 21
9: 8 19 20
10: 8 17 18
11: 13 14 19
12: 17 23 24
13: 11 18 23
14: 11 15 17
15: 14 19 20
16: 7 18 20
17: 10 12 14
18: 10 13 16
19: 9 11 15
20: 9 15 16
21: 5 7 8
22: 5 6 31
23: 12 13 27
24: 6 12 27
25: 5 7 28
26: 6 29 30
27: 4 23 24
28: 4 25 32
29: 3 26 32
30: 2 26 31
31: 3 22 30
32: 2 28 29

1: 2 3 4
2: 1 27 30
3: 1 29 32
4: 1 28 31
5: 17 23 24
6: 18 19 24
7: 10 11 16
8: 9 14 16
9: 8 13 20
10: 7 12 20
11: 7 12 22
12: 10 11 15
13: 9 14 15
14: 8 13 19
15: 12 13 19
16: 7 8 17
17: 5 16 21
18: 6 21 22
19: 6 14 15
20: 9 10 30
21: 17 18 30
22: 11 18 27
23: 5 25 28
24: 5 6 31
25: 23 29 32
26: 27 28 29
27: 2 22 26
28: 4 23 26
29: 3 25 26
30: 2 20 21
31: 4 24 32
32: 3 25 31

1: 2 3 4
2: 1 27 30
3: 1 29 32
4: 1 28 31
5: 17 23 24
6: 18 19 24
7: 9 11 16
8: 14 15 16
9: 7 13 20
10: 12 13 20
11: 7 12 22
12: 10 11 15
13: 9 10 14
14: 8 13 19
15: 8 12 19
16: 7 8 17
17: 5 16 21
18: 6 21 22
19: 6 14 15
20: 9 10 30
21: 17 18 30
22: 11 18 27
23: 5 25 28
24: 5 6 31
25: 23 29 32
26: 27 28 29
27: 2 22 26
28: 4 23 26
29: 3 25 26
30: 2 20 21
31: 4 24 32
32: 3 25 31

1: 2 3 4
2: 1 27 28
3: 1 30 32
4: 1 29 31
5: 11 15 17
6: 12 16 18
7: 9 14 18
8: 10 13 17
9: 7 10 16
10: 8 9 15
11: 5 13 21
12: 6 14 22
13: 8 11 20
14: 7 12 19
15: 5 10 20
16: 6 9 19
17: 5 8 24
18: 6 7 23
19: 14 16 30
20: 13 15 29
21: 11 24 30
22: 12 23 29
23: 18 22 28
24: 17 21 27
25: 26 28 32
26: 25 27 31
27: 2 24 26
28: 2 23 25
29: 4 20 22
30: 3 19 21
31: 4 26 32
32: 3 25 31

1: 2 3 4
2: 1 30 32
3: 1 28 29
4: 1 27 31
5: 12 13 15
6: 10 11 15
7: 9 12 18
8: 11 12 14
9: 7 10 11
10: 6 9 13
11: 6 8 9
12: 5 7 8
13: 5 10 19
14: 8 17 20
15: 5 6 20
16: 17 23 25
17: 14 16 22
18: 7 19 21
19: 13 18 32
20: 14 15 28
21: 18 26 30
22: 17 24 29
23: 16 24 30
24: 22 23 27
25: 16 27 29
26: 21 28 31
27: 4 24 25
28: 3 20 26
29: 3 22 25
30: 2 21 23
31: 4 26 32
32: 2 19 31

1: 2 3 4
2: 1 28 32
3: 1 29 30
4: 1 27 31
5: 15 16 17
6: 11 15 24
7: 9 10 26
8: 9 13 14
9: 7 8 12
10: 7 11 23
11: 6 10 19
12: 9 13 19
13: 8 12 21
14: 8 21 25
15: 5 6 20
16: 5 18 22
17: 5 18 20
18: 16 17 32
19: 11 12 29
20: 15 17 31
21: 13 14 30
22: 16 23 32
23: 10 22 28
24: 6 28 31
25: 14 27 30
26: 7 27 29
27: 4 25 26
28: 2 23 24
29: 3 19 26
30: 3 21 25
31: 4 20 24
32: 2 18 22

1: 2 3 4
2: 1 28 32
3: 1 29 30
4: 1 27 31
5: 15 16 17
6: 11 15 24
7: 9 10 26
8: 9 13 14
9: 7 8 12
10: 7 11 23
11: 6 10 19
12: 9 13 19
13: 8 12 21
14: 8 21 25
15: 5 6 18
16: 5 20 22
17: 5 18 20
18: 15 17 32
19: 11 12 29
20: 16 17 31
21: 13 14 30
22: 16 23 32
23: 10 22 28
24: 6 28 31
25: 14 27 30
26: 7 27 29
27: 4 25 26
28: 2 23 24
29: 3 19 26
30: 3 21 25
31: 4 20 24
32: 2 18 22

1: 2 3 4
2: 1 31 32
3: 1 28 32
4: 1 29 30
5: 28 29 32
6: 9 26 27
7: 10 14 31
8: 11 12 31
9: 6 10 11
10: 7 9 25
11: 8 9 24
12: 8 15 30
13: 16 18 20
14: 7 17 18
15: 12 19 23
16: 13 17 23
17: 14 16 22
18: 13 14 21
19: 15 20 22
20: 13 19 21
21: 18 20 25
22: 17 19 25
23: 15 16 24
24: 11 23 26
25: 10 21 22
26: 6 24 29
27: 6 28 30
28: 3 5 27
29: 4 5 26
30: 4 12 27
31: 2 7 8
32: 2 3 5

1: 2 3 4
2: 1 27 29
3: 1 28 30
4: 1 31 32
5: 9 10 19
6: 21 23 24
7: 17 18 22
8: 16 21 22
9: 5 15 18
10: 5 14 20
11: 14 16 18
12: 13 16 17
13: 12 14 15
14: 10 11 13
15: 9 13 17
16: 8 11 12
17: 7 12 15
18: 7 9 11
19: 5 25 31
20: 10 23 30
21: 6 8 32
22: 7 8 32
23: 6 20 31
24: 6 28 29
25: 19 27 30
26: 27 28 29
27: 2 25 26
28: 3 24 26
29: 2 24 26
30: 3 20 25
31: 4 19 23
32: 4 21 22

1: 2 3 4
2: 1 31 32
3: 1 28 30
4: 1 27 29
5: 11 21 23
6: 12 22 24
7: 8 14 26
8: 7 13 25
9: 12 14 26
10: 11 13 25
11: 5 10 20
12: 6 9 19
13: 8 10 14
14: 7 9 13
15: 17 24 29
16: 18 23 30
17: 15 18 32
18: 16 17 31
19: 12 21 28
20: 11 22 27
21: 5 19 30
22: 6 20 29
23: 5 16 28
24: 6 15 27
25: 8 10 32
26: 7 9 31
27: 4 20 24
28: 3 19 23
29: 4 15 22
30: 3 16 21
31: 2 18 26
32: 2 17 25

1: 2 3 4
2: 1 27 30
3: 1 29 32
4: 1 28 31
5: 17 19 24
6: 16 18 24
7: 8 13 20
8: 7 11 14
9: 10 14 15
10: 9 11 13
11: 8 10 23
12: 18 20 22
13: 7 10 19
14: 8 9 19
15: 9 17 18
16: 6 21 22
17: 5 15 21
18: 6 12 15
19: 5 13 14
20: 7 12 30
21: 16 17 30
22: 12 16 27
23: 11 25 28
24: 5 6 31
25: 23 29 32
26: 27 28 29
27: 2 22 26
28: 4 23 26
29: 3 25 26
30: 2 20 21
31: 4 24 32
32: 3 25 31

1: 2 3 4
2: 1 27 30
3: 1 29 32
4: 1 28 31
5: 19 23 24
6: 18 19 24
7: 8 18 19
8: 7 9 20
9: 8 12 18
10: 15 17 21
11: 14 16 21
12: 9 17 22
13: 14 15 22
14: 11 13 17
15: 10 13 16
16: 11 15 20
17: 10 12 14
18: 6 7 9
19: 5 6 7
20: 8 16 30
21: 10 11 30
22: 12 13 27
23: 5 25 28
24: 5 6 31
25: 23 29 32
26: 27 28 29
27: 2 22 26
28: 4 23 26
29: 3 25 26
30: 2 20 21
31: 4 24 32
32: 3 25 31

1: 2 3 4
2: 1 27 30
3: 1 29 32
4: 1 28 31
5: 18 19 24
6: 17 19 24
7: 8 17 19
8: 7 9 11
9: 8 18 23
10: 15 16 18
11: 8 12 17
12: 11 13 20
13: 12 15 21
14: 15 21 22
15: 10 13 14
16: 10 20 22
17: 6 7 11
18: 5 9 10
19: 5 6 7
20: 12 16 30
21: 13 14 30
22: 14 16 27
23: 9 25 28
24: 5 6 31
25: 23 29 32
26: 27 28 29
27: 2 22 26
28: 4 23 26
29: 3 25 26
30: 2 20 21
31: 4 24 32
32: 3 25 31

1: 2 3 4
2: 1 27 30
3: 1 29 32
4: 1 28 31
5: 17 23 24
6: 18 19 24
7: 8 12 16
8: 7 9 20
9: 8 10 14
10: 9 11 13
11: 10 12 15
12: 7 11 13
13: 10 12 14
14: 9 13 19
15: 11 19 22
16: 7 17 20
17: 5 16 21
18: 6 21 22
19: 6 14 15
20: 8 16 30
21: 17 18 30
22: 15 18 27
23: 5 25 28
24: 5 6 31
25: 23 29 32
26: 27 28 29
27: 2 22 26
28: 4 23 26
29: 3 25 26
30: 2 20 21
31: 4 24 32
32: 3 25 31

1: 2 3 4
2: 1 27 32
3: 1 29 31
4: 1 28 30
5: 19 21 25
6: 17 18 25
7: 8 17 19
8: 7 9 10
9: 8 16 24
10: 8 14 15
11: 12 20 24
12: 11 13 16
13: 12 14 18
14: 10 13 22
15: 10 22 26
16: 9 12 23
17: 6 7 21
18: 6 13 19
19: 5 7 18
20: 11 23 27
21: 5 17 27
22: 14 15 29
23: 16 20 28
24: 9 11 28
25: 5 6 30
26: 15 29 31
27: 2 20 21
28: 4 23 24
29: 3 22 26
30: 4 25 32
31: 3 26 32
32: 2 30 31

1: 2 3 4
2: 1 28 32
3: 1 29 30
4: 1 27 31
5: 11 13 25
6: 12 14 24
7: 8 14 15
8: 7 9 10
9: 8 16 17
10: 8 15 16
11: 5 12 21
12: 6 11 23
13: 5 22 26
14: 6 7 19
15: 7 10 19
16: 9 10 18
17: 9 18 20
18: 16 17 32
19: 14 15 31
20: 17 21 32
21: 11 20 28
22: 13 23 29
23: 12 22 30
24: 6 28 31
25: 5 27 30
26: 13 27 29
27: 4 25 26
28: 2 21 24
29: 3 22 26
30: 3 23 25
31: 4 19 24
32: 2 18 20

1: 2 3 4
2: 1 31 32
3: 1 30 32
4: 1 29 31
5: 11 13 15
6: 12 14 16
7: 8 10 21
8: 7 9 22
9: 8 13 20
10: 7 14 19
11: 5 20 32
12: 6 19 31
13: 5 9 18
14: 6 10 17
15: 5 18 24
16: 6 17 23
17: 14 16 26
18: 13 15 25
19: 10 12 28
20: 9 11 27
21: 7 24 27
22: 8 23 28
23: 16 22 26
24: 15 21 25
25: 18 24 30
26: 17 23 29
27: 20 21 30
28: 19 22 29
29: 4 26 28
30: 3 25 27
31: 2 4 12
32: 2 3 11

1: 2 3 4
2: 1 30 32
3: 1 29 31
4: 1 27 28
5: 22 25 26
6: 20 21 22
7: 8 9 25
8: 7 19 21
9: 7 17 18
10: 20 21 23
11: 14 16 24
12: 13 15 24
13: 12 18 19
14: 11 15 18
15: 12 14 17
16: 11 20 23
17: 9 15 19
18: 9 13 14
19: 8 13 17
20: 6 10 16
21: 6 8 10
22: 5 6 31
23: 10 16 28
24: 11 12 27
25: 5 7 27
26: 5 29 30
27: 4 24 25
28: 4 23 32
29: 3 26 32
30: 2 26 31
31: 3 22 30
32: 2 28 29

1: 2 3 4
2: 1 27 30
3: 1 29 32
4: 1 28 31
5: 18 19 24
6: 17 19 24
7: 8 9 19
8: 7 15 16
9: 7 14 16
10: 12 18 21
11: 12 21 22
12: 10 11 14
13: 14 20 22
14: 9 12 13
15: 8 17 23
16: 8 9 17
17: 6 15 16
18: 5 10 20
19: 5 6 7
20: 13 18 30
21: 10 11 30
22: 11 13 27
23: 15 25 28
24: 5 6 31
25: 23 29 32
26: 27 28 29
27: 2 22 26
28: 4 23 26
29: 3 25 26
30: 2 20 21
31: 4 24 32
32: 3 25 31

1: 2 3 4
2: 1 27 30
3: 1 29 32
4: 1 28 31
5: 16 19 24
6: 17 18 24
7: 8 9 21
8: 7 12 20
9: 7 10 23
10: 9 13 14
11: 19 20 22
12: 8 13 17
13: 10 12 18
14: 10 15 17
15: 14 18 19
16: 5 21 22
17: 6 12 14
18: 6 13 15
19: 5 11 15
20: 8 11 30
21: 7 16 30
22: 11 16 27
23: 9 25 28
24: 5 6 31
25: 23 29 32
26: 27 28 29
27: 2 22 26
28: 4 23 26
29: 3 25 26
30: 2 20 21
31: 4 24 32
32: 3 25 31

1: 2 3 4
2: 1 30 31
3: 1 28 32
4: 1 27 29
5: 11 14 15
6: 9 10 15
7: 8 13 14
8: 7 9 11
9: 6 8 13
10: 6 12 21
11: 5 8 21
12: 10 17 24
13: 7 9 19
14: 5 7 20
15: 5 6 19
16: 22 25 26
17: 12 22 23
18: 20 23 24
19: 13 15 30
20: 14 18 30
21: 10 11 32
22: 16 17 28
23: 17 18 29
24: 12 18 31
25: 16 27 29
26: 16 27 28
27: 4 25 26
28: 3 22 26
29: 4 23 25
30: 2 19 20
31: 2 24 32
32: 3 21 31

1: 2 3 4
2: 1 30 31
3: 1 27 32
4: 1 28 29
5: 11 14 15
6: 9 10 15
7: 8 13 14
8: 7 9 11
9: 6 8 13
10: 6 12 21
11: 5 8 21
12: 10 17 24
13: 7 9 19
14: 5 7 20
15: 5 6 19
16: 22 25 26
17: 12 22 23
18: 20 23 24
19: 13 15 30
20: 14 18 30
21: 10 11 32
22: 16 17 28
23: 17 18 29
24: 12 18 31
25: 16 27 29
26: 16 27 28
27: 3 25 26
28: 4 22 26
29: 4 23 25
30: 2 19 20
31: 2 24 32
32: 3 21 31

1: 2 3 4
2: 1 30 31
3: 1 28 32
4: 1 27 29
5: 11 14 15
6: 9 10 15
7: 8 13 14
8: 7 9 11
9: 6 8 13
10: 6 12 21
11: 5 8 21
12: 10 16 22
13: 7 9 19
14: 5 7 20
15: 5 6 19
16: 12 23 24
17: 20 22 26
18: 23 24 25
19: 13 15 30
20: 14 17 30
21: 10 11 32
22: 12 17 31
23: 16 18 29
24: 16 18 28
25: 18 27 29
26: 17 27 28
27: 4 25 26
28: 3 24 26
29: 4 23 25
30: 2 19 20
31: 2 22 32
32: 3 21 31

1: 2 3 4
2: 1 29 32
3: 1 30 31
4: 1 27 28
5: 9 18 26
6: 10 16 17
7: 8 10 25
8: 7 9 14
9: 5 8 13
10: 6 7 15
11: 12 18 19
12: 11 21 23
13: 9 14 19
14: 8 13 20
15: 10 16 20
16: 6 15 22
17: 6 22 24
18: 5 11 21
19: 11 13 29
20: 14 15 30
21: 12 18 32
22: 16 17 31
23: 12 27 32
24: 17 28 31
25: 7 28 30
26: 5 27 29
27: 4 23 26
28: 4 24 25
29: 2 19 26
30: 3 20 25
31: 3 22 24
32: 2 21 23

1: 2 3 4
2: 1 27 28
3: 1 30 32
4: 1 29 31
5: 9 11 12
6: 10 11 12
7: 8 9 14
8: 7 10 13
9: 5 7 15
10: 6 8 16
11: 5 6 14
12: 5 6 13
13: 8 12 20
14: 7 11 19
15: 9 20 26
16: 10 19 25
17: 18 22 24
18: 17 21 23
19: 14 16 30
20: 13 15 29
21: 18 24 28
22: 17 23 27
23: 18 22 32
24: 17 21 31
25: 16 28 30
26: 15 27 29
27: 2 22 26
28: 2 21 25
29: 4 20 26
30: 3 19 25
31: 4 24 32
32: 3 23 31

1: 2 3 4
2: 1 28 32
3: 1 27 31
4: 1 29 30
5: 16 17 18
6: 8 12 19
7: 9 13 20
8: 6 10 11
9: 7 10 11
10: 8 9 15
11: 8 9 14
12: 6 13 15
13: 7 12 14
14: 11 13 26
15: 10 12 25
16: 5 22 24
17: 5 21 23
18: 5 23 24
19: 6 22 26
20: 7 21 25
21: 17 20 30
22: 16 19 29
23: 17 18 28
24: 16 18 27
25: 15 20 28
26: 14 19 27
27: 3 24 26
28: 2 23 25
29: 4 22 32
30: 4 21 31
31: 3 30 32
32: 2 29 31

1: 2 3 4
2: 1 28 32
3: 1 27 31
4: 1 29 30
5: 16 17 18
6: 8 12 19
7: 9 13 20
8: 6 10 11
9: 7 10 11
10: 8 9 15
11: 8 9 14
12: 6 13 15
13: 7 12 14
14: 11 13 26
15: 10 12 25
16: 5 21 24
17: 5 22 23
18: 5 23 24
19: 6 22 26
20: 7 21 25
21: 16 20 30
22: 17 19 29
23: 17 18 28
24: 16 18 27
25: 15 20 28
26: 14 19 27
27: 3 24 26
28: 2 23 25
29: 4 22 32
30: 4 21 31
31: 3 30 32
32: 2 29 31

1: 2 3 4
2: 1 27 28
3: 1 30 32
4: 1 29 31
5: 10 17 18
6: 8 15 25
7: 9 16 26
8: 6 10 17
9: 7 10 18
10: 5 8 9
11: 12 14 22
12: 11 13 21
13: 12 14 24
14: 11 13 23
15: 6 16 20
16: 7 15 19
17: 5 8 20
18: 5 9 19
19: 16 18 30
20: 15 17 29
21: 12 22 28
22: 11 21 27
23: 14 24 32
24: 13 23 31
25: 6 28 30
26: 7 27 29
27: 2 22 26
28: 2 21 25
29: 4 20 26
30: 3 19 25
31: 4 24 32
32: 3 23 31

1: 2 3 4
2: 1 29 30
3: 1 27 32
4: 1 28 31
5: 9 10 12
6: 8 9 10
7: 14 18 25
8: 6 11 14
9: 5 6 13
10: 5 6 17
11: 8 15 16
12: 5 13 15
13: 9 12 22
14: 7 8 21
15: 11 12 19
16: 11 17 22
17: 10 16 20
18: 7 20 21
19: 15 23 26
20: 17 18 24
21: 14 18 24
22: 13 16 23
23: 19 22 28
24: 20 21 27
25: 7 28 30
26: 19 27 29
27: 3 24 26
28: 4 23 25
29: 2 26 32
30: 2 25 31
31: 4 30 32
32: 3 29 31

1: 2 3 4
2: 1 31 32
3: 1 29 32
4: 1 30 31
5: 12 14 22
6: 8 10 22
7: 8 9 24
8: 6 7 19
9: 7 17 18
10: 6 11 12
11: 10 15 20
12: 5 10 16
13: 16 17 18
14: 5 16 18
15: 11 19 21
16: 12 13 14
17: 9 13 19
18: 9 13 14
19: 8 15 17
20: 11 23 25
21: 15 27 31
22: 5 6 26
23: 20 27 28
24: 7 26 28
25: 20 29 32
26: 22 24 30
27: 21 23 30
28: 23 24 29
29: 3 25 28
30: 4 26 27
31: 2 4 21
32: 2 3 25

1: 2 3 4
2: 1 27 32
3: 1 28 29
4: 1 30 31
5: 9 12 26
6: 8 12 13
7: 8 11 13
8: 6 7 10
9: 5 22 25
10: 8 11 23
11: 7 10 20
12: 5 6 20
13: 6 7 19
14: 15 18 24
15: 14 17 19
16: 17 18 21
17: 15 16 30
18: 14 16 32
19: 13 15 32
20: 11 12 31
21: 16 24 31
22: 9 23 29
23: 10 22 28
24: 14 21 30
25: 9 27 29
26: 5 27 28
27: 2 25 26
28: 3 23 26
29: 3 22 25
30: 4 17 24
31: 4 20 21
32: 2 18 19

1: 2 3 4
2: 1 27 28
3: 1 30 32
4: 1 29 31
5: 8 10 13
6: 10 12 13
7: 14 15 16
8: 5 11 23
9: 11 12 19
10: 5 6 19
11: 8 9 17
12: 6 9 18
13: 5 6 17
14: 7 20 22
15: 7 21 25
16: 7 18 24
17: 11 13 30
18: 12 16 30
19: 9 10 29
20: 14 26 28
21: 15 26 29
22: 14 23 27
23: 8 22 28
24: 16 25 32
25: 15 24 31
26: 20 21 27
27: 2 22 26
28: 2 20 23
29: 4 19 21
30: 3 17 18
31: 4 25 32
32: 3 24 31

1: 2 3 4
2: 1 29 30
3: 1 27 32
4: 1 28 31
5: 8 10 12
6: 8 9 10
7: 14 18 25
8: 5 6 15
9: 6 11 14
10: 5 6 13
11: 9 15 16
12: 5 13 17
13: 10 12 22
14: 7 9 21
15: 8 11 19
16: 11 17 22
17: 12 16 20
18: 7 20 21
19: 15 23 26
20: 17 18 24
21: 14 18 24
22: 13 16 23
23: 19 22 28
24: 20 21 27
25: 7 28 30
26: 19 27 29
27: 3 24 26
28: 4 23 25
29: 2 26 32
30: 2 25 31
31: 4 30 32
32: 3 29 31

1: 2 3 4
2: 1 30 32
3: 1 29 31
4: 1 27 28
5: 8 13 14
6: 8 12 14
7: 8 11 13
8: 5 6 7
9: 11 17 23
10: 12 18 24
11: 7 9 15
12: 6 10 16
13: 5 7 16
14: 5 6 15
15: 11 14 20
16: 12 13 19
17: 9 18 20
18: 10 17 19
19: 16 18 30
20: 15 17 29
21: 22 26 32
22: 21 25 31
23: 9 28 30
24: 10 27 29
25: 22 28 32
26: 21 27 31
27: 4 24 26
28: 4 23 25
29: 3 20 24
30: 2 19 23
31: 3 22 26
32: 2 21 25

1: 2 3 4
2: 1 27 28
3: 1 30 32
4: 1 29 31
5: 8 13 14
6: 8 11 14
7: 8 12 13
8: 5 6 7
9: 11 17 25
10: 12 18 26
11: 6 9 16
12: 7 10 15
13: 5 7 16
14: 5 6 15
15: 12 14 20
16: 11 13 19
17: 9 18 20
18: 10 17 19
19: 16 18 30
20: 15 17 29
21: 22 24 28
22: 21 23 27
23: 22 24 32
24: 21 23 31
25: 9 28 30
26: 10 27 29
27: 2 22 26
28: 2 21 25
29: 4 20 26
30: 3 19 25
31: 4 24 32
32: 3 23 31

1: 2 3 4
2: 1 30 32
3: 1 29 31
4: 1 27 28
5: 8 13 14
6: 8 11 14
7: 8 12 13
8: 5 6 7
9: 11 17 23
10: 12 18 24
11: 6 9 15
12: 7 10 16
13: 5 7 16
14: 5 6 15
15: 11 14 20
16: 12 13 19
17: 9 18 20
18: 10 17 19
19: 16 18 30
20: 15 17 29
21: 22 26 32
22: 21 25 31
23: 9 28 30
24: 10 27 29
25: 22 28 32
26: 21 27 31
27: 4 24 26
28: 4 23 25
29: 3 20 24
30: 2 19 23
31: 3 22 26
32: 2 21 25

1: 2 3 4
2: 1 30 32
3: 1 29 31
4: 1 27 28
5: 8 13 14
6: 8 11 14
7: 8 12 13
8: 5 6 7
9: 10 11 16
10: 9 12 15
11: 6 9 17
12: 7 10 18
13: 5 7 16
14: 5 6 15
15: 10 14 20
16: 9 13 19
17: 11 20 24
18: 12 19 23
19: 16 18 30
20: 15 17 29
21: 22 26 32
22: 21 25 31
23: 18 28 30
24: 17 27 29
25: 22 28 32
26: 21 27 31
27: 4 24 26
28: 4 23 25
29: 3 20 24
30: 2 19 23
31: 3 22 26
32: 2 21 25

1: 2 3 4
2: 1 27 30
3: 1 29 32
4: 1 28 31
5: 11 13 22
6: 7 12 22
7: 6 13 21
8: 17 20 25
9: 10 15 24
10: 9 16 21
11: 5 12 15
12: 6 11 14
13: 5 7 14
14: 12 13 19
15: 9 11 19
16: 10 18 24
17: 8 18 23
18: 16 17 29
19: 14 15 28
20: 8 23 30
21: 7 10 31
22: 5 6 31
23: 17 20 32
24: 9 16 32
25: 8 27 30
26: 27 28 29
27: 2 25 26
28: 4 19 26
29: 3 18 26
30: 2 20 25
31: 4 21 22
32: 3 23 24

1: 2 3 4
2: 1 28 32
3: 1 29 30
4: 1 27 31
5: 10 12 26
6: 7 14 15
7: 6 16 17
8: 9 15 17
9: 8 13 16
10: 5 13 20
11: 14 21 24
12: 5 23 25
13: 9 10 22
14: 6 11 19
15: 6 8 18
16: 7 9 18
17: 7 8 19
18: 15 16 32
19: 14 17 31
20: 10 21 32
21: 11 20 28
22: 13 23 29
23: 12 22 30
24: 11 28 31
25: 12 27 30
26: 5 27 29
27: 4 25 26
28: 2 21 24
29: 3 22 26
30: 3 23 25
31: 4 19 24
32: 2 18 20

1: 2 3 4
2: 1 31 32
3: 1 28 30
4: 1 27 29
5: 9 14 26
6: 7 12 25
7: 6 10 15
8: 10 13 15
9: 5 10 13
10: 7 8 9
11: 16 23 24
12: 6 14 21
13: 8 9 21
14: 5 12 20
15: 7 8 20
16: 11 18 19
17: 18 19 22
18: 16 17 32
19: 16 17 29
20: 14 15 31
21: 12 13 30
22: 17 23 32
23: 11 22 28
24: 11 27 28
25: 6 29 31
26: 5 27 30
27: 4 24 26
28: 3 23 24
29: 4 19 25
30: 3 21 26
31: 2 20 25
32: 2 18 22

1: 2 3 4
2: 1 28 32
3: 1 27 29
4: 1 30 31
5: 11 12 24
6: 7 13 15
7: 6 8 14
8: 7 10 26
9: 11 16 20
10: 8 12 20
11: 5 9 19
12: 5 10 23
13: 6 14 22
14: 7 13 23
15: 6 22 25
16: 9 18 21
17: 18 19 21
18: 16 17 32
19: 11 17 32
20: 9 10 28
21: 16 17 29
22: 13 15 31
23: 12 14 30
24: 5 28 29
25: 15 27 31
26: 8 27 30
27: 3 25 26
28: 2 20 24
29: 3 21 24
30: 4 23 26
31: 4 22 25
32: 2 18 19

1: 2 3 4
2: 1 28 32
3: 1 27 31
4: 1 29 30
5: 10 11 14
6: 7 9 13
7: 6 8 12
8: 7 9 11
9: 6 8 10
10: 5 9 17
11: 5 8 18
12: 7 13 16
13: 6 12 15
14: 5 15 16
15: 13 14 20
16: 12 14 19
17: 10 19 21
18: 11 20 22
19: 16 17 24
20: 15 18 23
21: 17 24 26
22: 18 23 25
23: 20 22 28
24: 19 21 27
25: 22 26 30
26: 21 25 29
27: 3 24 28
28: 2 23 27
29: 4 26 32
30: 4 25 31
31: 3 30 32
32: 2 29 31

1: 2 3 4
2: 1 27 28
3: 1 29 32
4: 1 30 31
5: 9 10 11
6: 7 9 13
7: 6 8 11
8: 7 10 18
9: 5 6 18
10: 5 8 24
11: 5 7 19
12: 14 16 20
13: 6 15 19
14: 12 17 25
15: 13 20 23
16: 12 17 22
17: 14 16 28
18: 8 9 31
19: 11 13 30
20: 12 15 29
21: 22 26 32
22: 16 21 27
23: 15 24 32
24: 10 23 31
25: 14 29 30
26: 21 27 28
27: 2 22 26
28: 2 17 26
29: 3 20 25
30: 4 19 25
31: 4 18 24
32: 3 21 23

1: 2 3 4
2: 1 27 28
3: 1 31 32
4: 1 29 30
5: 16 17 22
6: 7 8 15
7: 6 14 20
8: 6 12 13
9: 11 14 19
10: 13 14 18
11: 9 12 13
12: 8 11 20
13: 8 10 11
14: 7 9 10
15: 6 16 18
16: 5 15 26
17: 5 21 24
18: 10 15 23
19: 9 21 25
20: 7 12 25
21: 17 19 26
22: 5 23 24
23: 18 22 29
24: 17 22 28
25: 19 20 30
26: 16 21 27
27: 2 26 31
28: 2 24 32
29: 4 23 32
30: 4 25 31
31: 3 27 30
32: 3 28 29

1: 2 3 4
2: 1 31 32
3: 1 30 31
4: 1 29 32
5: 14 15 18
6: 7 8 11
7: 6 9 10
8: 6 10 16
9: 7 11 17
10: 7 8 13
11: 6 9 12
12: 11 13 15
13: 10 12 14
14: 5 13 24
15: 5 12 23
16: 8 17 20
17: 9 16 19
18: 5 19 20
19: 17 18 26
20: 16 18 25
21: 24 28 32
22: 23 27 31
23: 15 22 26
24: 14 21 25
25: 20 24 30
26: 19 23 29
27: 22 28 30
28: 21 27 29
29: 4 26 28
30: 3 25 27
31: 2 3 22
32: 2 4 21

1: 2 3 4
2: 1 27 28
3: 1 30 32
4: 1 29 31
5: 9 10 15
6: 7 8 16
7: 6 11 13
8: 6 12 14
9: 5 12 14
10: 5 11 13
11: 7 10 18
12: 8 9 18
13: 7 10 17
14: 8 9 17
15: 5 19 25
16: 6 20 26
17: 13 14 22
18: 11 12 21
19: 15 20 22
20: 16 19 21
21: 18 20 30
22: 17 19 29
23: 24 28 32
24: 23 27 31
25: 15 28 30
26: 16 27 29
27: 2 24 26
28: 2 23 25
29: 4 22 26
30: 3 21 25
31: 4 24 32
32: 3 23 31

1: 2 3 4
2: 1 29 32
3: 1 27 28
4: 1 30 31
5: 8 15 16
6: 7 15 16
7: 6 14 26
8: 5 13 25
9: 10 11 22
10: 9 12 21
11: 9 12 19
12: 10 11 20
13: 8 14 18
14: 7 13 17
15: 5 6 18
16: 5 6 17
17: 14 16 30
18: 13 15 29
19: 11 20 32
20: 12 19 31
21: 10 24 27
22: 9 23 31
23: 22 24 32
24: 21 23 28
25: 8 28 30
26: 7 27 29
27: 3 21 26
28: 3 24 25
29: 2 18 26
30: 4 17 25
31: 4 20 22
32: 2 19 23

1: 2 3 4
2: 1 29 32
3: 1 27 28
4: 1 30 31
5: 8 13 14
6: 7 13 14
7: 6 12 26
8: 5 11 25
9: 10 16 20
10: 9 15 19
11: 8 12 18
12: 7 11 17
13: 5 6 18
14: 5 6 17
15: 10 22 24
16: 9 21 23
17: 12 14 30
18: 11 13 29
19: 10 24 32
20: 9 23 28
21: 16 22 27
22: 15 21 31
23: 16 20 32
24: 15 19 31
25: 8 28 30
26: 7 27 29
27: 3 21 26
28: 3 20 25
29: 2 18 26
30: 4 17 25
31: 4 22 24
32: 2 19 23

1: 2 3 4
2: 1 28 32
3: 1 27 31
4: 1 29 30
5: 8 9 10
6: 7 9 17
7: 6 8 14
8: 5 7 11
9: 5 6 12
10: 5 12 13
11: 8 16 18
12: 9 10 15
13: 10 14 16
14: 7 13 15
15: 12 14 26
16: 11 13 25
17: 6 24 26
18: 11 21 25
19: 22 23 24
20: 21 22 23
21: 18 20 30
22: 19 20 28
23: 19 20 27
24: 17 19 29
25: 16 18 28
26: 15 17 27
27: 3 23 26
28: 2 22 25
29: 4 24 32
30: 4 21 31
31: 3 30 32
32: 2 29 31

1: 2 3 4
2: 1 28 32
3: 1 27 31
4: 1 29 30
5: 8 9 10
6: 7 9 12
7: 6 8 11
8: 5 7 13
9: 5 6 14
10: 5 11 12
11: 7 10 15
12: 6 10 16
13: 8 15 19
14: 9 16 20
15: 11 13 23
16: 12 14 24
17: 18 22 26
18: 17 21 25
19: 13 22 24
20: 14 21 23
21: 18 20 30
22: 17 19 29
23: 15 20 28
24: 16 19 27
25: 18 26 28
26: 17 25 27
27: 3 24 26
28: 2 23 25
29: 4 22 32
30: 4 21 31
31: 3 30 32
32: 2 29 31

1: 2 3 4
2: 1 27 32
3: 1 30 31
4: 1 28 29
5: 8 9 10
6: 7 8 10
7: 6 11 12
8: 5 6 11
9: 5 14 26
10: 5 6 23
11: 7 8 20
12: 7 20 25
13: 15 17 22
14: 9 19 24
15: 13 18 19
16: 17 18 21
17: 13 16 32
18: 15 16 31
19: 14 15 32
20: 11 12 29
21: 16 22 30
22: 13 21 31
23: 10 24 28
24: 14 23 30
25: 12 27 29
26: 9 27 28
27: 2 25 26
28: 4 23 26
29: 4 20 25
30: 3 21 24
31: 3 18 22
32: 2 17 19

1: 2 3 4
2: 1 28 32
3: 1 27 31
4: 1 29 30
5: 8 9 10
6: 7 8 14
7: 6 9 13
8: 5 6 17
9: 5 7 18
10: 5 13 14
11: 15 16 20
12: 15 16 19
13: 7 10 24
14: 6 10 23
15: 11 12 22
16: 11 12 21
17: 8 19 25
18: 9 20 26
19: 12 17 22
20: 11 18 21
21: 16 20 28
22: 15 19 27
23: 14 24 30
24: 13 23 29
25: 17 26 28
26: 18 25 27
27: 3 22 26
28: 2 21 25
29: 4 24 32
30: 4 23 31
31: 3 30 32
32: 2 29 31

1: 2 3 4
2: 1 28 32
3: 1 27 31
4: 1 29 30
5: 8 9 10
6: 7 8 14
7: 6 9 13
8: 5 6 17
9: 5 7 18
10: 5 13 14
11: 15 16 20
12: 15 16 19
13: 7 10 24
14: 6 10 23
15: 11 12 22
16: 11 12 21
17: 8 19 25
18: 9 20 26
19: 12 17 21
20: 11 18 22
21: 16 19 28
22: 15 20 27
23: 14 24 30
24: 13 23 29
25: 17 26 28
26: 18 25 27
27: 3 22 26
28: 2 21 25
29: 4 24 32
30: 4 23 31
31: 3 30 32
32: 2 29 31

1: 2 3 4
2: 1 27 31
3: 1 30 32
4: 1 28 29
5: 7 10 16
6: 11 12 13
7: 5 8 17
8: 7 9 18
9: 8 10 21
10: 5 9 25
11: 6 14 20
12: 6 15 19
13: 6 17 22
14: 11 18 19
15: 12 20 23
16: 5 21 24
17: 7 13 27
18: 8 14 31
19: 12 14 30
20: 11 15 30
21: 9 16 29
22: 13 26 32
23: 15 26 28
24: 16 25 28
25: 10 24 29
26: 22 23 27
27: 2 17 26
28: 4 23 24
29: 4 21 25
30: 3 19 20
31: 2 18 32
32: 3 22 31

1: 2 3 4
2: 1 27 28
3: 1 30 32
4: 1 29 31
5: 7 15 16
6: 8 15 16
7: 5 13 25
8: 6 14 26
9: 10 12 20
10: 9 11 19
11: 10 18 22
12: 9 17 21
13: 7 14 24
14: 8 13 23
15: 5 6 24
16: 5 6 23
17: 12 20 22
18: 11 19 21
19: 10 18 28
20: 9 17 27
21: 12 18 32
22: 11 17 31
23: 14 16 30
24: 13 15 29
25: 7 28 30
26: 8 27 29
27: 2 20 26
28: 2 19 25
29: 4 24 26
30: 3 23 25
31: 4 22 32
32: 3 21 31

1: 2 3 4
2: 1 27 28
3: 1 30 32
4: 1 29 31
5: 7 15 16
6: 8 15 16
7: 5 13 25
8: 6 14 26
9: 10 12 20
10: 9 11 19
11: 10 12 22
12: 9 11 21
13: 7 14 18
14: 8 13 17
15: 5 6 18
16: 5 6 17
17: 14 16 30
18: 13 15 29
19: 10 20 32
20: 9 19 31
21: 12 24 32
22: 11 23 31
23: 22 24 28
24: 21 23 27
25: 7 28 30
26: 8 27 29
27: 2 24 26
28: 2 23 25
29: 4 18 26
30: 3 17 25
31: 4 20 22
32: 3 19 21

1: 2 3 4
2: 1 27 28
3: 1 30 32
4: 1 29 31
5: 7 15 16
6: 8 15 16
7: 5 13 25
8: 6 14 26
9: 10 12 20
10: 9 11 19
11: 10 12 22
12: 9 11 21
13: 7 14 18
14: 8 13 17
15: 5 6 18
16: 5 6 17
17: 14 16 30
18: 13 15 29
19: 10 20 28
20: 9 19 27
21: 12 24 32
22: 11 23 31
23: 22 24 32
24: 21 23 31
25: 7 28 30
26: 8 27 29
27: 2 20 26
28: 2 19 25
29: 4 18 26
30: 3 17 25
31: 4 22 24
32: 3 21 23

1: 2 3 4
2: 1 27 28
3: 1 30 32
4: 1 29 31
5: 7 13 14
6: 8 13 14
7: 5 11 25
8: 6 12 26
9: 10 16 20
10: 9 15 19
11: 7 12 18
12: 8 11 17
13: 5 6 18
14: 5 6 17
15: 10 22 24
16: 9 21 23
17: 12 14 30
18: 11 13 29
19: 10 24 32
20: 9 23 31
21: 16 22 32
22: 15 21 31
23: 16 20 28
24: 15 19 27
25: 7 28 30
26: 8 27 29
27: 2 24 26
28: 2 23 25
29: 4 18 26
30: 3 17 25
31: 4 20 22
32: 3 19 21

1: 2 3 4
2: 1 27 28
3: 1 30 32
4: 1 29 31
5: 7 13 14
6: 8 13 14
7: 5 11 25
8: 6 12 26
9: 10 16 20
10: 9 15 19
11: 7 12 18
12: 8 11 17
13: 5 6 18
14: 5 6 17
15: 10 22 24
16: 9 21 23
17: 12 14 30
18: 11 13 29
19: 10 24 32
20: 9 23 31
21: 16 22 28
22: 15 21 27
23: 16 20 32
24: 15 19 31
25: 7 28 30
26: 8 27 29
27: 2 22 26
28: 2 21 25
29: 4 18 26
30: 3 17 25
31: 4 20 24
32: 3 19 23

1: 2 3 4
2: 1 27 28
3: 1 30 32
4: 1 29 31
5: 7 13 14
6: 8 13 14
7: 5 11 25
8: 6 12 26
9: 10 16 18
10: 9 15 17
11: 7 12 20
12: 8 11 19
13: 5 6 20
14: 5 6 19
15: 10 18 22
16: 9 17 21
17: 10 16 32
18: 9 15 31
19: 12 14 30
20: 11 13 29
21: 16 24 32
22: 15 23 31
23: 22 24 28
24: 21 23 27
25: 7 28 30
26: 8 27 29
27: 2 24 26
28: 2 23 25
29: 4 20 26
30: 3 19 25
31: 4 18 22
32: 3 17 21

1: 2 3 4
2: 1 27 28
3: 1 30 32
4: 1 29 31
5: 7 11 15
6: 8 12 16
7: 5 9 10
8: 6 9 10
9: 7 8 14
10: 7 8 13
11: 5 12 14
12: 6 11 13
13: 10 12 24
14: 9 11 23
15: 5 20 22
16: 6 19 21
17: 20 22 24
18: 19 21 23
19: 16 18 28
20: 15 17 27
21: 16 18 30
22: 15 17 29
23: 14 18 30
24: 13 17 29
25: 26 28 32
26: 25 27 31
27: 2 20 26
28: 2 19 25
29: 4 22 24
30: 3 21 23
31: 4 26 32
32: 3 25 31

1: 2 3 4
2: 1 27 30
3: 1 29 32
4: 1 28 31
5: 7 10 21
6: 8 9 21
7: 5 9 20
8: 6 10 16
9: 6 7 12
10: 5 8 12
11: 17 22 25
12: 9 10 18
13: 15 17 25
14: 16 19 24
15: 13 19 23
16: 8 14 18
17: 11 13 27
18: 12 16 29
19: 14 15 28
20: 7 24 32
21: 5 6 32
22: 11 23 30
23: 15 22 31
24: 14 20 31
25: 11 13 30
26: 27 28 29
27: 2 17 26
28: 4 19 26
29: 3 18 26
30: 2 22 25
31: 4 23 24
32: 3 20 21

1: 2 3 4
2: 1 31 32
3: 1 30 31
4: 1 29 32
5: 7 9 17
6: 8 10 18
7: 5 8 12
8: 6 7 11
9: 5 14 16
10: 6 13 15
11: 8 14 22
12: 7 13 21
13: 10 12 23
14: 9 11 24
15: 10 19 23
16: 9 20 24
17: 5 20 22
18: 6 19 21
19: 15 18 26
20: 16 17 25
21: 12 18 28
22: 11 17 27
23: 13 15 28
24: 14 16 27
25: 20 30 32
26: 19 29 31
27: 22 24 30
28: 21 23 29
29: 4 26 28
30: 3 25 27
31: 2 3 26
32: 2 4 25

1: 2 3 4
2: 1 28 32
3: 1 27 31
4: 1 29 30
5: 7 9 11
6: 8 10 12
7: 5 8 14
8: 6 7 13
9: 5 10 15
10: 6 9 16
11: 5 12 18
12: 6 11 17
13: 8 14 16
14: 7 13 15
15: 9 14 22
16: 10 13 21
17: 12 20 26
18: 11 19 25
19: 18 20 23
20: 17 19 24
21: 16 22 28
22: 15 21 27
23: 19 24 28
24: 20 23 27
25: 18 26 30
26: 17 25 29
27: 3 22 24
28: 2 21 23
29: 4 26 32
30: 4 25 31
31: 3 30 32
32: 2 29 31

1: 2 3 4
2: 1 29 30
3: 1 27 32
4: 1 28 31
5: 7 8 11
6: 15 18 25
7: 5 12 16
8: 5 9 14
9: 8 10 13
10: 9 15 16
11: 5 14 17
12: 7 13 17
13: 9 12 22
14: 8 11 22
15: 6 10 20
16: 7 10 21
17: 11 12 19
18: 6 20 21
19: 17 23 26
20: 15 18 24
21: 16 18 24
22: 13 14 23
23: 19 22 28
24: 20 21 27
25: 6 28 30
26: 19 27 29
27: 3 24 26
28: 4 23 25
29: 2 26 32
30: 2 25 31
31: 4 30 32
32: 3 29 31

1: 2 3 4
2: 1 28 32
3: 1 27 29
4: 1 30 31
5: 7 12 24
6: 7 16 17
7: 5 6 10
8: 9 13 26
9: 8 12 20
10: 7 15 20
11: 13 14 23
12: 5 9 23
13: 8 11 22
14: 11 22 25
15: 10 19 21
16: 6 18 21
17: 6 18 19
18: 16 17 32
19: 15 17 32
20: 9 10 28
21: 15 16 29
22: 13 14 31
23: 11 12 30
24: 5 28 29
25: 14 27 31
26: 8 27 30
27: 3 25 26
28: 2 20 24
29: 3 21 24
30: 4 23 26
31: 4 22 25
32: 2 18 19

1: 2 3 4
2: 1 27 32
3: 1 29 31
4: 1 28 30
5: 7 8 11
6: 7 10 14
7: 5 6 13
8: 5 12 15
9: 10 11 18
10: 6 9 17
11: 5 9 20
12: 8 19 25
13: 7 16 18
14: 6 16 17
15: 8 21 26
16: 13 14 24
17: 10 14 22
18: 9 13 22
19: 12 20 23
20: 11 19 21
21: 15 20 29
22: 17 18 28
23: 19 24 29
24: 16 23 28
25: 12 27 31
26: 15 27 30
27: 2 25 26
28: 4 22 24
29: 3 21 23
30: 4 26 32
31: 3 25 32
32: 2 30 31

1: 2 3 4
2: 1 29 30
3: 1 27 32
4: 1 28 31
5: 7 8 9
6: 7 11 12
7: 5 6 10
8: 5 14 25
9: 5 14 18
10: 7 15 16
11: 6 13 15
12: 6 13 17
13: 11 12 22
14: 8 9 21
15: 10 11 19
16: 10 17 22
17: 12 16 20
18: 9 20 21
19: 15 23 26
20: 17 18 24
21: 14 18 24
22: 13 16 23
23: 19 22 28
24: 20 21 27
25: 8 28 30
26: 19 27 29
27: 3 24 26
28: 4 23 25
29: 2 26 32
30: 2 25 31
31: 4 30 32
32: 3 29 31

1: 2 3 4
2: 1 27 32
3: 1 30 31
4: 1 28 29
5: 7 8 10
6: 7 8 9
7: 5 6 11
8: 5 6 12
9: 6 14 25
10: 5 11 23
11: 7 10 20
12: 8 20 26
13: 15 17 22
14: 9 19 24
15: 13 18 19
16: 17 18 21
17: 13 16 32
18: 15 16 31
19: 14 15 32
20: 11 12 29
21: 16 22 30
22: 13 21 31
23: 10 24 28
24: 14 23 30
25: 9 27 28
26: 12 27 29
27: 2 25 26
28: 4 23 25
29: 4 20 26
30: 3 21 24
31: 3 18 22
32: 2 17 19

1: 2 3 4
2: 1 28 32
3: 1 27 31
4: 1 29 30
5: 6 10 20
6: 5 12 19
7: 12 15 16
8: 9 11 17
9: 8 13 14
10: 5 18 25
11: 8 15 26
12: 6 7 26
13: 9 17 24
14: 9 16 24
15: 7 11 25
16: 7 14 23
17: 8 13 23
18: 10 19 21
19: 6 18 22
20: 5 21 22
21: 18 20 28
22: 19 20 27
23: 16 17 28
24: 13 14 27
25: 10 15 30
26: 11 12 29
27: 3 22 24
28: 2 21 23
29: 4 26 32
30: 4 25 31
31: 3 30 32
32: 2 29 31

1: 2 3 4
2: 1 31 32
3: 1 30 32
4: 1 29 31
5: 6 26 28
6: 5 13 24
7: 9 15 27
8: 9 10 32
9: 7 8 24
10: 8 23 25
11: 17 20 21
12: 16 19 21
13: 6 14 15
14: 13 18 20
15: 7 13 17
16: 12 17 18
17: 11 15 16
18: 14 16 19
19: 12 18 25
20: 11 14 25
21: 11 12 23
22: 23 24 26
23: 10 21 22
24: 6 9 22
25: 10 19 20
26: 5 22 30
27: 7 29 31
28: 5 29 30
29: 4 27 28
30: 3 26 28
31: 2 4 27
32: 2 3 8

1: 2 3 4
2: 1 31 32
3: 1 29 32
4: 1 30 31
5: 6 26 28
6: 5 13 24
7: 9 15 27
8: 9 10 32
9: 7 8 24
10: 8 23 25
11: 17 20 21
12: 16 19 21
13: 6 14 15
14: 13 18 20
15: 7 13 17
16: 12 17 18
17: 11 15 16
18: 14 16 19
19: 12 18 25
20: 11 14 25
21: 11 12 23
22: 23 24 26
23: 10 21 22
24: 6 9 22
25: 10 19 20
26: 5 22 30
27: 7 29 31
28: 5 29 30
29: 3 27 28
30: 4 26 28
31: 2 4 27
32: 2 3 8

1: 2 3 4
2: 1 27 28
3: 1 30 32
4: 1 29 31
5: 6 17 25
6: 5 11 13
7: 8 12 13
8: 7 10 14
9: 18 19 26
10: 8 15 20
11: 6 14 16
12: 7 15 16
13: 6 7 22
14: 8 11 24
15: 10 12 23
16: 11 12 23
17: 5 19 21
18: 9 20 24
19: 9 17 22
20: 10 18 21
21: 17 20 27
22: 13 19 28
23: 15 16 32
24: 14 18 31
25: 5 29 30
26: 9 27 28
27: 2 21 26
28: 2 22 26
29: 4 25 32
30: 3 25 31
31: 4 24 30
32: 3 23 29

1: 2 3 4
2: 1 31 32
3: 1 30 32
4: 1 29 31
5: 6 9 17
6: 5 8 14
7: 8 10 14
8: 6 7 13
9: 5 12 13
10: 7 11 12
11: 10 16 18
12: 9 10 15
13: 8 9 16
14: 6 7 15
15: 12 14 20
16: 11 13 19
17: 5 20 22
18: 11 19 21
19: 16 18 28
20: 15 17 27
21: 18 24 26
22: 17 23 25
23: 22 24 28
24: 21 23 27
25: 22 30 32
26: 21 29 31
27: 20 24 30
28: 19 23 29
29: 4 26 28
30: 3 25 27
31: 2 4 26
32: 2 3 25

1: 2 3 4
2: 1 27 32
3: 1 29 31
4: 1 28 30
5: 6 9 10
6: 5 8 12
7: 8 9 25
8: 6 7 19
9: 5 7 18
10: 5 13 18
11: 15 17 26
12: 6 16 20
13: 10 19 20
14: 15 16 17
15: 11 14 24
16: 12 14 23
17: 11 14 21
18: 9 10 22
19: 8 13 22
20: 12 13 21
21: 17 20 29
22: 18 19 28
23: 16 24 29
24: 15 23 28
25: 7 27 31
26: 11 27 30
27: 2 25 26
28: 4 22 24
29: 3 21 23
30: 4 26 32
31: 3 25 32
32: 2 30 31

1: 2 3 4
2: 1 27 30
3: 1 29 32
4: 1 28 31
5: 6 8 12
6: 5 10 20
7: 9 22 24
8: 5 10 11
9: 7 16 25
10: 6 8 14
11: 8 15 21
12: 5 13 23
13: 12 19 21
14: 10 19 20
15: 11 18 23
16: 9 17 22
17: 16 25 29
18: 15 24 28
19: 13 14 27
20: 6 14 30
21: 11 13 30
22: 7 16 32
23: 12 15 31
24: 7 18 32
25: 9 17 31
26: 27 28 29
27: 2 19 26
28: 4 18 26
29: 3 17 26
30: 2 20 21
31: 4 23 25
32: 3 22 24

1: 2 3 4
2: 1 28 30
3: 1 29 32
4: 1 27 31
5: 6 24 25
6: 5 7 22
7: 6 10 20
8: 18 19 23
9: 16 17 23
10: 7 11 12
11: 10 17 18
12: 10 14 15
13: 14 17 20
14: 12 13 16
15: 12 16 18
16: 9 14 15
17: 9 11 13
18: 8 11 15
19: 8 21 30
20: 7 13 32
21: 19 22 32
22: 6 21 31
23: 8 9 31
24: 5 28 29
25: 5 27 30
26: 27 28 29
27: 4 25 26
28: 2 24 26
29: 3 24 26
30: 2 19 25
31: 4 22 23
32: 3 20 21

1: 2 3 4
2: 1 28 31
3: 1 27 32
4: 1 29 30
5: 6 14 20
6: 5 7 15
7: 6 14 16
8: 9 10 15
9: 8 13 19
10: 8 11 12
11: 10 18 19
12: 10 13 17
13: 9 12 18
14: 5 7 21
15: 6 8 24
16: 7 17 22
17: 12 16 23
18: 11 13 26
19: 9 11 25
20: 5 21 22
21: 14 20 28
22: 16 20 27
23: 17 24 28
24: 15 23 27
25: 19 26 30
26: 18 25 29
27: 3 22 24
28: 2 21 23
29: 4 26 32
30: 4 25 31
31: 2 30 32
32: 3 29 31

1: 2 3 4
2: 1 29 32
3: 1 30 31
4: 1 27 28
5: 6 10 14
6: 5 7 11
7: 6 8 12
8: 7 9 13
9: 8 10 12
10: 5 9 16
11: 6 18 24
12: 7 9 15
13: 8 17 23
14: 5 15 16
15: 12 14 20
16: 10 14 19
17: 13 18 19
18: 11 17 20
19: 16 17 29
20: 15 18 30
21: 22 26 32
22: 21 25 31
23: 13 28 30
24: 11 27 29
25: 22 27 32
26: 21 28 31
27: 4 24 25
28: 4 23 26
29: 2 19 24
30: 3 20 23
31: 3 22 26
32: 2 21 25

1: 2 3 4
2: 1 29 32
3: 1 30 31
4: 1 27 28
5: 6 10 14
6: 5 7 11
7: 6 8 12
8: 7 9 13
9: 8 10 12
10: 5 9 15
11: 6 18 24
12: 7 9 16
13: 8 17 23
14: 5 15 16
15: 10 14 20
16: 12 14 19
17: 13 18 19
18: 11 17 20
19: 16 17 29
20: 15 18 30
21: 22 26 32
22: 21 25 31
23: 13 28 30
24: 11 27 29
25: 22 27 32
26: 21 28 31
27: 4 24 25
28: 4 23 26
29: 2 19 24
30: 3 20 23
31: 3 22 26
32: 2 21 25

1: 2 3 4
2: 1 31 32
3: 1 28 32
4: 1 29 30
5: 6 28 32
6: 5 7 29
7: 6 8 9
8: 7 24 27
9: 7 25 26
10: 13 28 31
11: 13 21 30
12: 14 23 30
13: 10 11 18
14: 12 15 20
15: 14 16 17
16: 15 19 20
17: 15 19 22
18: 13 24 29
19: 16 17 27
20: 14 16 25
21: 11 22 26
22: 17 21 25
23: 12 26 27
24: 8 18 31
25: 9 20 22
26: 9 21 23
27: 8 19 23
28: 3 5 10
29: 4 6 18
30: 4 11 12
31: 2 10 24
32: 2 3 5

1: 2 3 4
2: 1 31 32
3: 1 28 32
4: 1 29 30
5: 6 28 32
6: 5 7 29
7: 6 8 9
8: 7 24 27
9: 7 25 26
10: 13 28 31
11: 13 22 30
12: 14 23 30
13: 10 11 18
14: 12 15 19
15: 14 16 17
16: 15 19 21
17: 15 20 21
18: 13 24 29
19: 14 16 27
20: 17 22 26
21: 16 17 26
22: 11 20 25
23: 12 25 27
24: 8 18 31
25: 9 22 23
26: 9 20 21
27: 8 19 23
28: 3 5 10
29: 4 6 18
30: 4 11 12
31: 2 10 24
32: 2 3 5

1: 2 3 4
2: 1 28 32
3: 1 30 32
4: 1 29 31
5: 6 28 32
6: 5 7 29
7: 6 8 9
8: 7 24 27
9: 7 25 26
10: 14 23 31
11: 12 15 17
12: 11 16 30
13: 16 21 31
14: 10 20 22
15: 11 18 28
16: 12 13 19
17: 11 18 30
18: 15 17 27
19: 16 27 29
20: 14 21 26
21: 13 20 25
22: 14 24 26
23: 10 24 25
24: 8 22 23
25: 9 21 23
26: 9 20 22
27: 8 18 19
28: 2 5 15
29: 4 6 19
30: 3 12 17
31: 4 10 13
32: 2 3 5

1: 2 3 4
2: 1 31 32
3: 1 28 32
4: 1 29 30
5: 6 28 32
6: 5 7 29
7: 6 8 9
8: 7 24 25
9: 7 26 27
10: 13 16 17
11: 12 13 17
12: 11 14 18
13: 10 11 18
14: 12 22 30
15: 20 30 31
16: 10 21 23
17: 10 11 21
18: 12 13 20
19: 25 29 31
20: 15 18 27
21: 16 17 26
22: 14 24 27
23: 16 24 26
24: 8 22 23
25: 8 19 28
26: 9 21 23
27: 9 20 22
28: 3 5 25
29: 4 6 19
30: 4 14 15
31: 2 15 19
32: 2 3 5

1: 2 3 4
2: 1 28 32
3: 1 30 32
4: 1 29 31
5: 6 28 32
6: 5 7 29
7: 6 8 9
8: 7 26 27
9: 7 25 27
10: 11 25 27
11: 10 15 16
12: 26 29 30
13: 16 24 31
14: 23 30 31
15: 11 21 22
16: 11 13 17
17: 16 18 23
18: 17 21 25
19: 22 23 24
20: 21 22 24
21: 15 18 20
22: 15 19 20
23: 14 17 19
24: 13 19 20
25: 9 10 18
26: 8 12 28
27: 8 9 10
28: 2 5 26
29: 4 6 12
30: 3 12 14
31: 4 13 14
32: 2 3 5

1: 2 3 4
2: 1 28 32
3: 1 30 32
4: 1 29 31
5: 6 28 32
6: 5 7 29
7: 6 8 9
8: 7 26 27
9: 7 25 27
10: 11 25 27
11: 10 15 16
12: 26 29 30
13: 16 24 31
14: 23 30 31
15: 11 20 24
16: 11 13 17
17: 16 18 23
18: 17 21 25
19: 20 21 24
20: 15 19 22
21: 18 19 22
22: 20 21 23
23: 14 17 22
24: 13 15 19
25: 9 10 18
26: 8 12 28
27: 8 9 10
28: 2 5 26
29: 4 6 12
30: 3 12 14
31: 4 13 14
32: 2 3 5

1: 2 3 4
2: 1 31 32
3: 1 28 32
4: 1 29 30
5: 6 28 32
6: 5 7 29
7: 6 8 9
8: 7 25 27
9: 7 24 26
10: 11 18 23
11: 10 12 13
12: 11 17 22
13: 11 30 31
14: 15 20 22
15: 14 16 21
16: 15 18 30
17: 12 20 21
18: 10 16 24
19: 27 29 31
20: 14 17 25
21: 15 17 26
22: 12 14 26
23: 10 24 25
24: 9 18 23
25: 8 20 23
26: 9 21 22
27: 8 19 28
28: 3 5 27
29: 4 6 19
30: 4 13 16
31: 2 13 19
32: 2 3 5

1: 2 3 4
2: 1 31 32
3: 1 28 32
4: 1 29 30
5: 6 28 32
6: 5 7 29
7: 6 8 9
8: 7 25 27
9: 7 24 26
10: 11 30 31
11: 10 12 13
12: 11 16 30
13: 11 15 16
14: 15 18 23
15: 13 14 17
16: 12 13 17
17: 15 16 21
18: 14 20 22
19: 26 29 31
20: 18 21 27
21: 17 20 25
22: 18 24 27
23: 14 24 25
24: 9 22 23
25: 8 21 23
26: 9 19 28
27: 8 20 22
28: 3 5 26
29: 4 6 19
30: 4 10 12
31: 2 10 19
32: 2 3 5

1: 2 3 4
2: 1 31 32
3: 1 28 32
4: 1 29 30
5: 6 28 32
6: 5 7 29
7: 6 8 9
8: 7 24 25
9: 7 26 27
10: 11 12 23
11: 10 16 17
12: 10 13 16
13: 12 14 18
14: 13 22 30
15: 20 30 31
16: 11 12 21
17: 11 18 21
18: 13 17 20
19: 25 29 31
20: 15 18 27
21: 16 17 26
22: 14 24 27
23: 10 24 26
24: 8 22 23
25: 8 19 28
26: 9 21 23
27: 9 20 22
28: 3 5 25
29: 4 6 19
30: 4 14 15
31: 2 15 19
32: 2 3 5

1: 2 3 4
2: 1 31 32
3: 1 28 32
4: 1 29 30
5: 6 28 32
6: 5 7 29
7: 6 8 9
8: 7 24 25
9: 7 26 27
10: 11 12 31
11: 10 14 16
12: 10 13 14
13: 12 18 23
14: 11 12 30
15: 17 18 21
16: 11 21 30
17: 15 20 22
18: 13 15 20
19: 25 29 31
20: 17 18 27
21: 15 16 26
22: 17 24 27
23: 13 24 26
24: 8 22 23
25: 8 19 28
26: 9 21 23
27: 9 20 22
28: 3 5 25
29: 4 6 19
30: 4 14 16
31: 2 10 19
32: 2 3 5

1: 2 3 4
2: 1 28 31
3: 1 29 30
4: 1 27 32
5: 6 14 18
6: 5 7 15
7: 6 8 9
8: 7 12 13
9: 7 11 13
10: 12 15 17
11: 9 16 17
12: 8 10 14
13: 8 9 16
14: 5 12 19
15: 6 10 22
16: 11 13 22
17: 10 11 21
18: 5 19 20
19: 14 18 24
20: 18 24 25
21: 17 23 26
22: 15 16 23
23: 21 22 28
24: 19 20 27
25: 20 28 30
26: 21 27 29
27: 4 24 26
28: 2 23 25
29: 3 26 32
30: 3 25 31
31: 2 30 32
32: 4 29 31

1: 2 3 4
2: 1 31 32
3: 1 29 32
4: 1 28 30
5: 6 28 32
6: 5 7 8
7: 6 24 27
8: 6 25 26
9: 15 19 31
10: 18 28 29
11: 18 29 30
12: 13 14 19
13: 12 21 22
14: 12 16 17
15: 9 16 21
16: 14 15 20
17: 14 20 22
18: 10 11 27
19: 9 12 27
20: 16 17 26
21: 13 15 26
22: 13 17 25
23: 24 25 30
24: 7 23 31
25: 8 22 23
26: 8 20 21
27: 7 18 19
28: 4 5 10
29: 3 10 11
30: 4 11 23
31: 2 9 24
32: 2 3 5

1: 2 3 4
2: 1 31 32
3: 1 30 32
4: 1 28 29
5: 6 28 32
6: 5 7 8
7: 6 25 27
8: 6 24 26
9: 28 29 31
10: 13 22 30
11: 14 17 21
12: 15 18 21
13: 10 14 19
14: 11 13 15
15: 12 14 16
16: 15 17 19
17: 11 16 18
18: 12 17 20
19: 13 16 25
20: 18 22 27
21: 11 12 27
22: 10 20 26
23: 24 25 29
24: 8 23 30
25: 7 19 23
26: 8 22 31
27: 7 20 21
28: 4 5 9
29: 4 9 23
30: 3 10 24
31: 2 9 26
32: 2 3 5

1: 2 3 4
2: 1 31 32
3: 1 28 32
4: 1 29 30
5: 6 28 32
6: 5 7 8
7: 6 25 27
8: 6 24 26
9: 28 29 31
10: 13 22 30
11: 14 17 21
12: 15 18 21
13: 10 14 19
14: 11 13 15
15: 12 14 16
16: 15 17 19
17: 11 16 18
18: 12 17 20
19: 13 16 25
20: 18 22 27
21: 11 12 27
22: 10 20 26
23: 24 25 29
24: 8 23 30
25: 7 19 23
26: 8 22 31
27: 7 20 21
28: 3 5 9
29: 4 9 23
30: 4 10 24
31: 2 9 26
32: 2 3 5

1: 2 3 4
2: 1 28 32
3: 1 29 32
4: 1 30 31
5: 6 28 32
6: 5 7 8
7: 6 27 31
8: 6 26 30
9: 17 18 21
10: 16 18 22
11: 12 19 20
12: 11 13 22
13: 12 15 17
14: 15 17 21
15: 13 14 16
16: 10 15 20
17: 9 13 14
18: 9 10 23
19: 11 25 29
20: 11 16 25
21: 9 14 24
22: 10 12 24
23: 18 27 31
24: 21 22 27
25: 19 20 26
26: 8 25 28
27: 7 23 24
28: 2 5 26
29: 3 19 30
30: 4 8 29
31: 4 7 23
32: 2 3 5

1: 2 3 4
2: 1 28 32
3: 1 29 32
4: 1 30 31
5: 6 28 32
6: 5 7 8
7: 6 27 31
8: 6 26 30
9: 17 18 22
10: 16 18 21
11: 12 15 22
12: 11 13 14
13: 12 15 17
14: 12 17 19
15: 11 13 16
16: 10 15 20
17: 9 13 14
18: 9 10 23
19: 14 21 25
20: 16 25 29
21: 10 19 24
22: 9 11 24
23: 18 27 31
24: 21 22 27
25: 19 20 26
26: 8 25 28
27: 7 23 24
28: 2 5 26
29: 3 20 30
30: 4 8 29
31: 4 7 23
32: 2 3 5

1: 2 3 4
2: 1 28 32
3: 1 29 32
4: 1 30 31
5: 6 28 32
6: 5 7 8
7: 6 27 31
8: 6 25 26
9: 15 26 30
10: 25 26 30
11: 12 13 27
12: 11 24 29
13: 11 22 23
14: 16 17 19
15: 9 16 20
16: 14 15 18
17: 14 18 21
18: 16 17 23
19: 14 22 25
20: 15 22 24
21: 17 23 24
22: 13 19 20
23: 13 18 21
24: 12 20 21
25: 8 10 19
26: 8 9 10
27: 7 11 28
28: 2 5 27
29: 3 12 31
30: 4 9 10
31: 4 7 29
32: 2 3 5

1: 2 3 4
2: 1 28 32
3: 1 29 32
4: 1 30 31
5: 6 28 32
6: 5 7 8
7: 6 25 27
8: 6 24 26
9: 16 17 18
10: 17 18 19
11: 12 13 17
12: 11 29 30
13: 11 14 15
14: 13 16 31
15: 13 29 31
16: 9 14 30
17: 9 10 11
18: 9 10 20
19: 10 20 21
20: 18 19 27
21: 19 23 25
22: 24 25 28
23: 21 24 26
24: 8 22 23
25: 7 21 22
26: 8 23 27
27: 7 20 26
28: 2 5 22
29: 3 12 15
30: 4 12 16
31: 4 14 15
32: 2 3 5

